#-----------------------------------------------------------
# Vivado v2025.1 (64-bit)
# SW Build 6140274 on Wed May 21 22:58:25 MDT 2025
# IP Build 6138677 on Thu May 22 03:10:11 MDT 2025
# SharedData Build 6139179 on Tue May 20 17:58:58 MDT 2025
# Start of session at: Wed Nov 12 15:47:25 2025
# Process ID         : 1528196
# Current directory  : /home/xmen/Desktop/SystolicCore
# Command line       : vivado vivado/SystolicCore/SystolicCore.xpr
# Log file           : /home/xmen/Desktop/SystolicCore/vivado.log
# Journal file       : /home/xmen/Desktop/SystolicCore/vivado.jou
# Running On         : VT0144
# Platform           : Rocky
# Operating System   : Rocky Linux release 8.10 (Green Obsidian)
# Processor Detail   : Intel(R) Core(TM) i9-14900F
# CPU Frequency      : 2000.000 MHz
# CPU Physical cores : 24
# CPU Logical cores  : 32
# Host memory        : 67075 MB
# Swap memory        : 14727 MB
# Total Virtual      : 81802 MB
# Available Virtual  : 39236 MB
#-----------------------------------------------------------
start_gui
WARNING: [Board 49-26] cannot add Board Part xilinx.com:emb-plus-vpr-4616:part0:1.0 available at /home/xmen/amd/2025.1/data/xhub/boards/XilinxBoardStore/boards/Xilinx/emb-plus-vpr-4616/1.0/board.xml as part xcve2302-sfva784-2mp-e-s specified in board_part file is either invalid or not available
WARNING: [Board 49-26] cannot add Board Part xilinx.com:emb-plus-vpr-4616:part0:1.1 available at /home/xmen/amd/2025.1/data/xhub/boards/XilinxBoardStore/boards/Xilinx/emb-plus-vpr-4616/1.1/board.xml as part xcve2302-sfva784-2mp-e-s specified in board_part file is either invalid or not available
WARNING: [Board 49-26] cannot add Board Part xilinx.com:k24c:part0:1.0 available at /home/xmen/amd/2025.1/data/xhub/boards/XilinxBoardStore/boards/Xilinx/k24c/1.0/board.xml as part xck24-ubva530-2lv-c specified in board_part file is either invalid or not available
WARNING: [Board 49-26] cannot add Board Part xilinx.com:k24c:part0:1.1 available at /home/xmen/amd/2025.1/data/xhub/boards/XilinxBoardStore/boards/Xilinx/k24c/1.1/board.xml as part xck24-ubva530-2lv-c specified in board_part file is either invalid or not available
WARNING: [Board 49-26] cannot add Board Part xilinx.com:k24i:part0:1.0 available at /home/xmen/amd/2025.1/data/xhub/boards/XilinxBoardStore/boards/Xilinx/k24i/1.0/board.xml as part xck24-ubva530-2lvi-i specified in board_part file is either invalid or not available
WARNING: [Board 49-26] cannot add Board Part xilinx.com:k26c:part0:1.2 available at /home/xmen/amd/2025.1/data/xhub/boards/XilinxBoardStore/boards/Xilinx/k26c/1.2/board.xml as part xck26-sfvc784-2lv-c specified in board_part file is either invalid or not available
WARNING: [Board 49-26] cannot add Board Part xilinx.com:k26c:part0:1.3 available at /home/xmen/amd/2025.1/data/xhub/boards/XilinxBoardStore/boards/Xilinx/k26c/1.3/board.xml as part xck26-sfvc784-2lv-c specified in board_part file is either invalid or not available
WARNING: [Board 49-26] cannot add Board Part xilinx.com:k26c:part0:1.4 available at /home/xmen/amd/2025.1/data/xhub/boards/XilinxBoardStore/boards/Xilinx/k26c/1.4/board.xml as part xck26-sfvc784-2lv-c specified in board_part file is either invalid or not available
WARNING: [Board 49-26] cannot add Board Part xilinx.com:k26i:part0:1.2 available at /home/xmen/amd/2025.1/data/xhub/boards/XilinxBoardStore/boards/Xilinx/k26i/1.2/board.xml as part xck26-sfvc784-2lvi-i specified in board_part file is either invalid or not available
WARNING: [Board 49-26] cannot add Board Part xilinx.com:k26i:part0:1.3 available at /home/xmen/amd/2025.1/data/xhub/boards/XilinxBoardStore/boards/Xilinx/k26i/1.3/board.xml as part xck26-sfvc784-2lvi-i specified in board_part file is either invalid or not available
WARNING: [Board 49-26] cannot add Board Part xilinx.com:k26i:part0:1.4 available at /home/xmen/amd/2025.1/data/xhub/boards/XilinxBoardStore/boards/Xilinx/k26i/1.4/board.xml as part xck26-sfvc784-2lvi-i specified in board_part file is either invalid or not available
WARNING: [Board 49-26] cannot add Board Part xilinx.com:kcu105:part0:1.6 available at /home/xmen/amd/2025.1/data/xhub/boards/XilinxBoardStore/boards/Xilinx/kcu105/1.6/board.xml as part xcku040-ffva1156-2-e specified in board_part file is either invalid or not available
WARNING: [Board 49-26] cannot add Board Part xilinx.com:kcu105:part0:1.7 available at /home/xmen/amd/2025.1/data/xhub/boards/XilinxBoardStore/boards/Xilinx/kcu105/1.7/board.xml as part xcku040-ffva1156-2-e specified in board_part file is either invalid or not available
WARNING: [Board 49-26] cannot add Board Part xilinx.com:kcu116:part0:1.4 available at /home/xmen/amd/2025.1/data/xhub/boards/XilinxBoardStore/boards/Xilinx/kcu116/1.4/board.xml as part xcku5p-ffvb676-2-e specified in board_part file is either invalid or not available
WARNING: [Board 49-26] cannot add Board Part xilinx.com:kcu116:part0:1.5 available at /home/xmen/amd/2025.1/data/xhub/boards/XilinxBoardStore/boards/Xilinx/kcu116/1.5/board.xml as part xcku5p-ffvb676-2-e specified in board_part file is either invalid or not available
WARNING: [Board 49-26] cannot add Board Part xilinx.com:kcu1500:part0:1.2 available at /home/xmen/amd/2025.1/data/xhub/boards/XilinxBoardStore/boards/Xilinx/kcu1500/1.2/board.xml as part xcku115-flvb2104-2-e specified in board_part file is either invalid or not available
WARNING: [Board 49-26] cannot add Board Part xilinx.com:kd240_som:part0:1.0 available at /home/xmen/amd/2025.1/data/xhub/boards/XilinxBoardStore/boards/Xilinx/kd240_som/1.0/board.xml as part xck24-ubva530-2lv-c specified in board_part file is either invalid or not available
WARNING: [Board 49-26] cannot add Board Part xilinx.com:kd240_som:part0:1.1 available at /home/xmen/amd/2025.1/data/xhub/boards/XilinxBoardStore/boards/Xilinx/kd240_som/1.1/board.xml as part xck24-ubva530-2lv-c specified in board_part file is either invalid or not available
WARNING: [Board 49-26] cannot add Board Part xilinx.com:kr260_som:part0:1.0 available at /home/xmen/amd/2025.1/data/xhub/boards/XilinxBoardStore/boards/Xilinx/kr260_som/1.0/board.xml as part xck26-sfvc784-2lv-c specified in board_part file is either invalid or not available
WARNING: [Board 49-26] cannot add Board Part xilinx.com:kr260_som:part0:1.1 available at /home/xmen/amd/2025.1/data/xhub/boards/XilinxBoardStore/boards/Xilinx/kr260_som/1.1/board.xml as part xck26-sfvc784-2lv-c specified in board_part file is either invalid or not available
WARNING: [Board 49-26] cannot add Board Part xilinx.com:kv260_som:part0:1.2 available at /home/xmen/amd/2025.1/data/xhub/boards/XilinxBoardStore/boards/Xilinx/kv260_som/1.2/board.xml as part xck26-sfvc784-2lv-c specified in board_part file is either invalid or not available
WARNING: [Board 49-26] cannot add Board Part xilinx.com:kv260_som:part0:1.3 available at /home/xmen/amd/2025.1/data/xhub/boards/XilinxBoardStore/boards/Xilinx/kv260_som/1.3/board.xml as part xck26-sfvc784-2lv-c specified in board_part file is either invalid or not available
WARNING: [Board 49-26] cannot add Board Part xilinx.com:kv260_som:part0:1.4 available at /home/xmen/amd/2025.1/data/xhub/boards/XilinxBoardStore/boards/Xilinx/kv260_som/1.4/board.xml as part xck26-sfvc784-2lv-c specified in board_part file is either invalid or not available
WARNING: [Board 49-26] cannot add Board Part xilinx.com:scu35:part0:1.0 available at /home/xmen/amd/2025.1/data/xhub/boards/XilinxBoardStore/boards/Xilinx/scu35/1.0/board.xml as part xcsu35p-sbvb625-2-e specified in board_part file is either invalid or not available
WARNING: [Board 49-26] cannot add Board Part xilinx.com:v80:part0:1.0 available at /home/xmen/amd/2025.1/data/xhub/boards/XilinxBoardStore/boards/Xilinx/v80/1.0/board.xml as part xcv80-lsva4737-2mhp-e-s specified in board_part file is either invalid or not available
WARNING: [Board 49-26] cannot add Board Part xilinx.com:vck190:part0:2.2 available at /home/xmen/amd/2025.1/data/xhub/boards/XilinxBoardStore/boards/Xilinx/vck190/production/2.2/board.xml as part xcvc1902-vsva2197-2mp-e-s specified in board_part file is either invalid or not available
WARNING: [Board 49-26] cannot add Board Part xilinx.com:vck190:part0:3.0 available at /home/xmen/amd/2025.1/data/xhub/boards/XilinxBoardStore/boards/Xilinx/vck190/production/3.0/board.xml as part xcvc1902-vsva2197-2mp-e-s specified in board_part file is either invalid or not available
WARNING: [Board 49-26] cannot add Board Part xilinx.com:vck190:part0:3.1 available at /home/xmen/amd/2025.1/data/xhub/boards/XilinxBoardStore/boards/Xilinx/vck190/production/3.1/board.xml as part xcvc1902-vsva2197-2mp-e-s specified in board_part file is either invalid or not available
WARNING: [Board 49-26] cannot add Board Part xilinx.com:vck190:part0:3.2 available at /home/xmen/amd/2025.1/data/xhub/boards/XilinxBoardStore/boards/Xilinx/vck190/production/3.2/board.xml as part xcvc1902-vsva2197-2mp-e-s specified in board_part file is either invalid or not available
WARNING: [Board 49-26] cannot add Board Part xilinx.com:vck190:part0:3.3 available at /home/xmen/amd/2025.1/data/xhub/boards/XilinxBoardStore/boards/Xilinx/vck190/production/3.3/board.xml as part xcvc1902-vsva2197-2mp-e-s specified in board_part file is either invalid or not available
WARNING: [Board 49-26] cannot add Board Part xilinx.com:vck190:part0:3.4 available at /home/xmen/amd/2025.1/data/xhub/boards/XilinxBoardStore/boards/Xilinx/vck190/production/3.4/board.xml as part xcvc1902-vsva2197-2mp-e-s specified in board_part file is either invalid or not available
WARNING: [Board 49-26] cannot add Board Part xilinx.com:vck190_newl:part0:1.0 available at /home/xmen/amd/2025.1/data/xhub/boards/XilinxBoardStore/boards/Xilinx/vck190_newl/production/1.0/board.xml as part xcvc1902-vsva2197-2mp-e-s specified in board_part file is either invalid or not available
WARNING: [Board 49-26] cannot add Board Part xilinx.com:vck190_newl:part0:1.1 available at /home/xmen/amd/2025.1/data/xhub/boards/XilinxBoardStore/boards/Xilinx/vck190_newl/production/1.1/board.xml as part xcvc1902-vsva2197-2mp-e-s specified in board_part file is either invalid or not available
WARNING: [Board 49-26] cannot add Board Part xilinx.com:vck190_newl:part0:1.2 available at /home/xmen/amd/2025.1/data/xhub/boards/XilinxBoardStore/boards/Xilinx/vck190_newl/production/1.2/board.xml as part xcvc1902-vsva2197-2mp-e-s specified in board_part file is either invalid or not available
WARNING: [Board 49-26] cannot add Board Part xilinx.com:vck190_newl:part0:1.3 available at /home/xmen/amd/2025.1/data/xhub/boards/XilinxBoardStore/boards/Xilinx/vck190_newl/production/1.3/board.xml as part xcvc1902-vsva2197-2mp-e-s specified in board_part file is either invalid or not available
WARNING: [Board 49-26] cannot add Board Part xilinx.com:vcu108:part0:1.6 available at /home/xmen/amd/2025.1/data/xhub/boards/XilinxBoardStore/boards/Xilinx/vcu108/1.6/board.xml as part xcvu095-ffva2104-2-e specified in board_part file is either invalid or not available
WARNING: [Board 49-26] cannot add Board Part xilinx.com:vcu108:part0:1.7 available at /home/xmen/amd/2025.1/data/xhub/boards/XilinxBoardStore/boards/Xilinx/vcu108/1.7/board.xml as part xcvu095-ffva2104-2-e specified in board_part file is either invalid or not available
WARNING: [Board 49-26] cannot add Board Part xilinx.com:vcu110:part0:1.4 available at /home/xmen/amd/2025.1/data/xhub/boards/XilinxBoardStore/boards/Xilinx/vcu110/1.4/board.xml as part xcvu190-flgc2104-2-e specified in board_part file is either invalid or not available
WARNING: [Board 49-26] cannot add Board Part xilinx.com:vcu118:part0:2.0 available at /home/xmen/amd/2025.1/data/xhub/boards/XilinxBoardStore/boards/Xilinx/vcu118/2.0/board.xml as part xcvu9p-flga2104-2l-e specified in board_part file is either invalid or not available
WARNING: [Board 49-26] cannot add Board Part xilinx.com:vcu118:part0:2.3 available at /home/xmen/amd/2025.1/data/xhub/boards/XilinxBoardStore/boards/Xilinx/vcu118/2.3/board.xml as part xcvu9p-flga2104-2l-e specified in board_part file is either invalid or not available
WARNING: [Board 49-26] cannot add Board Part xilinx.com:vcu118:part0:2.4 available at /home/xmen/amd/2025.1/data/xhub/boards/XilinxBoardStore/boards/Xilinx/vcu118/2.4/board.xml as part xcvu9p-flga2104-2l-e specified in board_part file is either invalid or not available
WARNING: [Board 49-26] cannot add Board Part xilinx.com:vcu128:part0:1.0 available at /home/xmen/amd/2025.1/data/xhub/boards/XilinxBoardStore/boards/Xilinx/vcu128/production/1.0/board.xml as part xcvu37p-fsvh2892-2l-e specified in board_part file is either invalid or not available
WARNING: [Board 49-26] cannot add Board Part xilinx.com:vcu129:part0:1.0 available at /home/xmen/amd/2025.1/data/xhub/boards/XilinxBoardStore/boards/Xilinx/vcu129/production/1.0/board.xml as part xcvu29p-fsga2577-2l-e specified in board_part file is either invalid or not available
WARNING: [Board 49-26] cannot add Board Part xilinx.com:vcu1525:part0:1.3 available at /home/xmen/amd/2025.1/data/xhub/boards/XilinxBoardStore/boards/Xilinx/vcu1525/1.3/board.xml as part xcvu9p-fsgd2104-2l-e specified in board_part file is either invalid or not available
WARNING: [Board 49-26] cannot add Board Part xilinx.com:vek280:part0:1.0 available at /home/xmen/amd/2025.1/data/xhub/boards/XilinxBoardStore/boards/Xilinx/vek280/production/1.0/board.xml as part xcve2802-vsvh1760-2mp-e-s specified in board_part file is either invalid or not available
WARNING: [Board 49-26] cannot add Board Part xilinx.com:vek280:part0:1.1 available at /home/xmen/amd/2025.1/data/xhub/boards/XilinxBoardStore/boards/Xilinx/vek280/production/1.1/board.xml as part xcve2802-vsvh1760-2mp-e-s specified in board_part file is either invalid or not available
WARNING: [Board 49-26] cannot add Board Part xilinx.com:vek280:part0:1.2 available at /home/xmen/amd/2025.1/data/xhub/boards/XilinxBoardStore/boards/Xilinx/vek280/production/1.2/board.xml as part xcve2802-vsvh1760-2mp-e-s specified in board_part file is either invalid or not available
WARNING: [Board 49-26] cannot add Board Part xilinx.com:vek385:part0:1.0 available at /home/xmen/amd/2025.1/data/xhub/boards/XilinxBoardStore/boards/Xilinx/vek385/1.0/board.xml as part xc2ve3858-ssva2112-2mp-e-s specified in board_part file is either invalid or not available
WARNING: [Board 49-26] cannot add Board Part xilinx.com:vermeo_t1_mpsoc:part0:1.0 available at /home/xmen/amd/2025.1/data/xhub/boards/XilinxBoardStore/boards/Xilinx/vermeo_t1_mpsoc/1.0/board.xml as part xczu19eg-ffvd1760-2l-e specified in board_part file is either invalid or not available
WARNING: [Board 49-26] cannot add Board Part xilinx.com:vermeo_t1_rfsoc:part0:1.0 available at /home/xmen/amd/2025.1/data/xhub/boards/XilinxBoardStore/boards/Xilinx/vermeo_t1_rfsoc/1.0/board.xml as part xczu21dr-ffvd1156-2l-e specified in board_part file is either invalid or not available
WARNING: [Board 49-26] cannot add Board Part xilinx.com:vhk158:part0:1.0 available at /home/xmen/amd/2025.1/data/xhub/boards/XilinxBoardStore/boards/Xilinx/vhk158/production/1.0/board.xml as part xcvh1582-vsva3697-2mp-e-s specified in board_part file is either invalid or not available
WARNING: [Board 49-26] cannot add Board Part xilinx.com:vhk158:part0:1.1 available at /home/xmen/amd/2025.1/data/xhub/boards/XilinxBoardStore/boards/Xilinx/vhk158/production/1.1/board.xml as part xcvh1582-vsva3697-2mp-e-s specified in board_part file is either invalid or not available
WARNING: [Board 49-26] cannot add Board Part xilinx.com:vhk158:part0:1.2 available at /home/xmen/amd/2025.1/data/xhub/boards/XilinxBoardStore/boards/Xilinx/vhk158/production/1.2/board.xml as part xcvh1582-vsva3697-2mp-e-s specified in board_part file is either invalid or not available
WARNING: [Board 49-26] cannot add Board Part xilinx.com:vmk180:part0:2.2 available at /home/xmen/amd/2025.1/data/xhub/boards/XilinxBoardStore/boards/Xilinx/vmk180/production/2.2/board.xml as part xcvm1802-vsva2197-2mp-e-s specified in board_part file is either invalid or not available
WARNING: [Board 49-26] cannot add Board Part xilinx.com:vmk180:part0:3.0 available at /home/xmen/amd/2025.1/data/xhub/boards/XilinxBoardStore/boards/Xilinx/vmk180/production/3.0/board.xml as part xcvm1802-vsva2197-2mp-e-s specified in board_part file is either invalid or not available
WARNING: [Board 49-26] cannot add Board Part xilinx.com:vmk180:part0:3.1 available at /home/xmen/amd/2025.1/data/xhub/boards/XilinxBoardStore/boards/Xilinx/vmk180/production/3.1/board.xml as part xcvm1802-vsva2197-2mp-e-s specified in board_part file is either invalid or not available
WARNING: [Board 49-26] cannot add Board Part xilinx.com:vmk180:part0:3.2 available at /home/xmen/amd/2025.1/data/xhub/boards/XilinxBoardStore/boards/Xilinx/vmk180/production/3.2/board.xml as part xcvm1802-vsva2197-2mp-e-s specified in board_part file is either invalid or not available
WARNING: [Board 49-26] cannot add Board Part xilinx.com:vmk180:part0:3.3 available at /home/xmen/amd/2025.1/data/xhub/boards/XilinxBoardStore/boards/Xilinx/vmk180/production/3.3/board.xml as part xcvm1802-vsva2197-2mp-e-s specified in board_part file is either invalid or not available
WARNING: [Board 49-26] cannot add Board Part xilinx.com:vmk180_newl:part0:1.0 available at /home/xmen/amd/2025.1/data/xhub/boards/XilinxBoardStore/boards/Xilinx/vmk180_newl/production/1.0/board.xml as part xcvm1802-vsva2197-2mp-e-s specified in board_part file is either invalid or not available
WARNING: [Board 49-26] cannot add Board Part xilinx.com:vmk180_newl:part0:1.1 available at /home/xmen/amd/2025.1/data/xhub/boards/XilinxBoardStore/boards/Xilinx/vmk180_newl/production/1.1/board.xml as part xcvm1802-vsva2197-2mp-e-s specified in board_part file is either invalid or not available
WARNING: [Board 49-26] cannot add Board Part xilinx.com:vpk120:part0:1.0 available at /home/xmen/amd/2025.1/data/xhub/boards/XilinxBoardStore/boards/Xilinx/vpk120/production/1.0/board.xml as part xcvp1202-vsva2785-2mp-e-s specified in board_part file is either invalid or not available
WARNING: [Board 49-26] cannot add Board Part xilinx.com:vpk120:part0:1.1 available at /home/xmen/amd/2025.1/data/xhub/boards/XilinxBoardStore/boards/Xilinx/vpk120/production/1.1/board.xml as part xcvp1202-vsva2785-2mp-e-s specified in board_part file is either invalid or not available
WARNING: [Board 49-26] cannot add Board Part xilinx.com:vpk120:part0:1.2 available at /home/xmen/amd/2025.1/data/xhub/boards/XilinxBoardStore/boards/Xilinx/vpk120/production/1.2/board.xml as part xcvp1202-vsva2785-2mp-e-s specified in board_part file is either invalid or not available
WARNING: [Board 49-26] cannot add Board Part xilinx.com:vpk180:part0:1.0 available at /home/xmen/amd/2025.1/data/xhub/boards/XilinxBoardStore/boards/Xilinx/vpk180/production/1.0/board.xml as part xcvp1802-lsvc4072-2mp-e-s specified in board_part file is either invalid or not available
WARNING: [Board 49-26] cannot add Board Part xilinx.com:vpk180:part0:1.1 available at /home/xmen/amd/2025.1/data/xhub/boards/XilinxBoardStore/boards/Xilinx/vpk180/production/1.1/board.xml as part xcvp1802-lsvc4072-2mp-e-s specified in board_part file is either invalid or not available
WARNING: [Board 49-26] cannot add Board Part xilinx.com:vpk180:part0:1.2 available at /home/xmen/amd/2025.1/data/xhub/boards/XilinxBoardStore/boards/Xilinx/vpk180/production/1.2/board.xml as part xcvp1802-lsvc4072-2mp-e-s specified in board_part file is either invalid or not available
WARNING: [Board 49-26] cannot add Board Part xilinx.com:zc702:part0:1.4 available at /home/xmen/amd/2025.1/data/xhub/boards/XilinxBoardStore/boards/Xilinx/zc702/1.4/board.xml as part xc7z020clg484-1 specified in board_part file is either invalid or not available
WARNING: [Board 49-26] cannot add Board Part xilinx.com:zc706:part0:1.4 available at /home/xmen/amd/2025.1/data/xhub/boards/XilinxBoardStore/boards/Xilinx/zc706/1.4/board.xml as part xc7z045ffg900-2 specified in board_part file is either invalid or not available
WARNING: [Board 49-26] cannot add Board Part xilinx.com:zcu102:part0:3.3 available at /home/xmen/amd/2025.1/data/xhub/boards/XilinxBoardStore/boards/Xilinx/zcu102/3.3/board.xml as part xczu9eg-ffvb1156-2-e specified in board_part file is either invalid or not available
WARNING: [Board 49-26] cannot add Board Part xilinx.com:zcu102:part0:3.4 available at /home/xmen/amd/2025.1/data/xhub/boards/XilinxBoardStore/boards/Xilinx/zcu102/3.4/board.xml as part xczu9eg-ffvb1156-2-e specified in board_part file is either invalid or not available
WARNING: [Board 49-26] cannot add Board Part xilinx.com:zcu104:part0:1.1 available at /home/xmen/amd/2025.1/data/xhub/boards/XilinxBoardStore/boards/Xilinx/zcu104/1.1/board.xml as part xczu7ev-ffvc1156-2-e specified in board_part file is either invalid or not available
WARNING: [Board 49-26] cannot add Board Part xilinx.com:zcu106:part0:2.4 available at /home/xmen/amd/2025.1/data/xhub/boards/XilinxBoardStore/boards/Xilinx/zcu106/2.4/board.xml as part xczu7ev-ffvc1156-2-e specified in board_part file is either invalid or not available
WARNING: [Board 49-26] cannot add Board Part xilinx.com:zcu106:part0:2.5 available at /home/xmen/amd/2025.1/data/xhub/boards/XilinxBoardStore/boards/Xilinx/zcu106/2.5/board.xml as part xczu7ev-ffvc1156-2-e specified in board_part file is either invalid or not available
WARNING: [Board 49-26] cannot add Board Part xilinx.com:zcu106:part0:2.6 available at /home/xmen/amd/2025.1/data/xhub/boards/XilinxBoardStore/boards/Xilinx/zcu106/2.6/board.xml as part xczu7ev-ffvc1156-2-e specified in board_part file is either invalid or not available
WARNING: [Board 49-26] cannot add Board Part xilinx.com:zcu111:part0:1.2 available at /home/xmen/amd/2025.1/data/xhub/boards/XilinxBoardStore/boards/Xilinx/zcu111/1.2/board.xml as part xczu28dr-ffvg1517-2-e specified in board_part file is either invalid or not available
WARNING: [Board 49-26] cannot add Board Part xilinx.com:zcu111:part0:1.3 available at /home/xmen/amd/2025.1/data/xhub/boards/XilinxBoardStore/boards/Xilinx/zcu111/1.3/board.xml as part xczu28dr-ffvg1517-2-e specified in board_part file is either invalid or not available
WARNING: [Board 49-26] cannot add Board Part xilinx.com:zcu111:part0:1.4 available at /home/xmen/amd/2025.1/data/xhub/boards/XilinxBoardStore/boards/Xilinx/zcu111/1.4/board.xml as part xczu28dr-ffvg1517-2-e specified in board_part file is either invalid or not available
WARNING: [Board 49-26] cannot add Board Part xilinx.com:zcu1275:part0:1.0 available at /home/xmen/amd/2025.1/data/xhub/boards/XilinxBoardStore/boards/Xilinx/zcu1275/1.0/board.xml as part xczu29dr-ffvf1760-2-e specified in board_part file is either invalid or not available
WARNING: [Board 49-26] cannot add Board Part xilinx.com:zcu1285:part0:1.0 available at /home/xmen/amd/2025.1/data/xhub/boards/XilinxBoardStore/boards/Xilinx/zcu1285/1.0/board.xml as part xczu39dr-ffvf1760-2-i specified in board_part file is either invalid or not available
WARNING: [Board 49-26] cannot add Board Part xilinx.com:zcu208:part0:2.0 available at /home/xmen/amd/2025.1/data/xhub/boards/XilinxBoardStore/boards/Xilinx/zcu208/production/2.0/board.xml as part xczu48dr-fsvg1517-2-e specified in board_part file is either invalid or not available
WARNING: [Board 49-26] cannot add Board Part xilinx.com:zcu208ld:part0:2.0 available at /home/xmen/amd/2025.1/data/xhub/boards/XilinxBoardStore/boards/Xilinx/zcu208ld/production/2.0/board.xml as part xczu58dr-fsvg1517-2-i specified in board_part file is either invalid or not available
WARNING: [Board 49-26] cannot add Board Part xilinx.com:zcu216:part0:2.0 available at /home/xmen/amd/2025.1/data/xhub/boards/XilinxBoardStore/boards/Xilinx/zcu216/production/2.0/board.xml as part xczu49dr-ffvf1760-2-e specified in board_part file is either invalid or not available
WARNING: [Board 49-26] cannot add Board Part xilinx.com:zcu216ld:part0:2.0 available at /home/xmen/amd/2025.1/data/xhub/boards/XilinxBoardStore/boards/Xilinx/zcu216ld/production/2.0/board.xml as part xczu59dr-ffvf1760-2-i specified in board_part file is either invalid or not available
WARNING: [Board 49-26] cannot add Board Part xilinx.com:zcu670:part0:2.0 available at /home/xmen/amd/2025.1/data/xhub/boards/XilinxBoardStore/boards/Xilinx/zcu670/2.0/board.xml as part xczu67dr-fsve1156-2-i specified in board_part file is either invalid or not available
WARNING: [Board 49-26] cannot add Board Part xilinx.com:zcu670ld:part0:1.0 available at /home/xmen/amd/2025.1/data/xhub/boards/XilinxBoardStore/boards/Xilinx/zcu670ld/1.0/board.xml as part xczu57dr-fsve1156-2-i specified in board_part file is either invalid or not available
open_project vivado/SystolicCore/SystolicCore.xpr
Scanning sources...
Finished scanning sources
WARNING: [Board 49-26] cannot add Board Part xilinx.com:emb-plus-vpr-4616:part0:1.0 available at /home/xmen/amd/2025.1/data/xhub/boards/XilinxBoardStore/boards/Xilinx/emb-plus-vpr-4616/1.0/board.xml as part xcve2302-sfva784-2mp-e-s specified in board_part file is either invalid or not available
WARNING: [Board 49-26] cannot add Board Part xilinx.com:emb-plus-vpr-4616:part0:1.1 available at /home/xmen/amd/2025.1/data/xhub/boards/XilinxBoardStore/boards/Xilinx/emb-plus-vpr-4616/1.1/board.xml as part xcve2302-sfva784-2mp-e-s specified in board_part file is either invalid or not available
WARNING: [Board 49-26] cannot add Board Part xilinx.com:k24c:part0:1.0 available at /home/xmen/amd/2025.1/data/xhub/boards/XilinxBoardStore/boards/Xilinx/k24c/1.0/board.xml as part xck24-ubva530-2lv-c specified in board_part file is either invalid or not available
WARNING: [Board 49-26] cannot add Board Part xilinx.com:k24c:part0:1.1 available at /home/xmen/amd/2025.1/data/xhub/boards/XilinxBoardStore/boards/Xilinx/k24c/1.1/board.xml as part xck24-ubva530-2lv-c specified in board_part file is either invalid or not available
WARNING: [Board 49-26] cannot add Board Part xilinx.com:k24i:part0:1.0 available at /home/xmen/amd/2025.1/data/xhub/boards/XilinxBoardStore/boards/Xilinx/k24i/1.0/board.xml as part xck24-ubva530-2lvi-i specified in board_part file is either invalid or not available
WARNING: [Board 49-26] cannot add Board Part xilinx.com:k26c:part0:1.2 available at /home/xmen/amd/2025.1/data/xhub/boards/XilinxBoardStore/boards/Xilinx/k26c/1.2/board.xml as part xck26-sfvc784-2lv-c specified in board_part file is either invalid or not available
WARNING: [Board 49-26] cannot add Board Part xilinx.com:k26c:part0:1.3 available at /home/xmen/amd/2025.1/data/xhub/boards/XilinxBoardStore/boards/Xilinx/k26c/1.3/board.xml as part xck26-sfvc784-2lv-c specified in board_part file is either invalid or not available
WARNING: [Board 49-26] cannot add Board Part xilinx.com:k26c:part0:1.4 available at /home/xmen/amd/2025.1/data/xhub/boards/XilinxBoardStore/boards/Xilinx/k26c/1.4/board.xml as part xck26-sfvc784-2lv-c specified in board_part file is either invalid or not available
WARNING: [Board 49-26] cannot add Board Part xilinx.com:k26i:part0:1.2 available at /home/xmen/amd/2025.1/data/xhub/boards/XilinxBoardStore/boards/Xilinx/k26i/1.2/board.xml as part xck26-sfvc784-2lvi-i specified in board_part file is either invalid or not available
WARNING: [Board 49-26] cannot add Board Part xilinx.com:k26i:part0:1.3 available at /home/xmen/amd/2025.1/data/xhub/boards/XilinxBoardStore/boards/Xilinx/k26i/1.3/board.xml as part xck26-sfvc784-2lvi-i specified in board_part file is either invalid or not available
WARNING: [Board 49-26] cannot add Board Part xilinx.com:k26i:part0:1.4 available at /home/xmen/amd/2025.1/data/xhub/boards/XilinxBoardStore/boards/Xilinx/k26i/1.4/board.xml as part xck26-sfvc784-2lvi-i specified in board_part file is either invalid or not available
WARNING: [Board 49-26] cannot add Board Part xilinx.com:kcu105:part0:1.6 available at /home/xmen/amd/2025.1/data/xhub/boards/XilinxBoardStore/boards/Xilinx/kcu105/1.6/board.xml as part xcku040-ffva1156-2-e specified in board_part file is either invalid or not available
WARNING: [Board 49-26] cannot add Board Part xilinx.com:kcu105:part0:1.7 available at /home/xmen/amd/2025.1/data/xhub/boards/XilinxBoardStore/boards/Xilinx/kcu105/1.7/board.xml as part xcku040-ffva1156-2-e specified in board_part file is either invalid or not available
WARNING: [Board 49-26] cannot add Board Part xilinx.com:kcu116:part0:1.4 available at /home/xmen/amd/2025.1/data/xhub/boards/XilinxBoardStore/boards/Xilinx/kcu116/1.4/board.xml as part xcku5p-ffvb676-2-e specified in board_part file is either invalid or not available
WARNING: [Board 49-26] cannot add Board Part xilinx.com:kcu116:part0:1.5 available at /home/xmen/amd/2025.1/data/xhub/boards/XilinxBoardStore/boards/Xilinx/kcu116/1.5/board.xml as part xcku5p-ffvb676-2-e specified in board_part file is either invalid or not available
WARNING: [Board 49-26] cannot add Board Part xilinx.com:kcu1500:part0:1.2 available at /home/xmen/amd/2025.1/data/xhub/boards/XilinxBoardStore/boards/Xilinx/kcu1500/1.2/board.xml as part xcku115-flvb2104-2-e specified in board_part file is either invalid or not available
WARNING: [Board 49-26] cannot add Board Part xilinx.com:kd240_som:part0:1.0 available at /home/xmen/amd/2025.1/data/xhub/boards/XilinxBoardStore/boards/Xilinx/kd240_som/1.0/board.xml as part xck24-ubva530-2lv-c specified in board_part file is either invalid or not available
WARNING: [Board 49-26] cannot add Board Part xilinx.com:kd240_som:part0:1.1 available at /home/xmen/amd/2025.1/data/xhub/boards/XilinxBoardStore/boards/Xilinx/kd240_som/1.1/board.xml as part xck24-ubva530-2lv-c specified in board_part file is either invalid or not available
WARNING: [Board 49-26] cannot add Board Part xilinx.com:kr260_som:part0:1.0 available at /home/xmen/amd/2025.1/data/xhub/boards/XilinxBoardStore/boards/Xilinx/kr260_som/1.0/board.xml as part xck26-sfvc784-2lv-c specified in board_part file is either invalid or not available
WARNING: [Board 49-26] cannot add Board Part xilinx.com:kr260_som:part0:1.1 available at /home/xmen/amd/2025.1/data/xhub/boards/XilinxBoardStore/boards/Xilinx/kr260_som/1.1/board.xml as part xck26-sfvc784-2lv-c specified in board_part file is either invalid or not available
WARNING: [Board 49-26] cannot add Board Part xilinx.com:kv260_som:part0:1.2 available at /home/xmen/amd/2025.1/data/xhub/boards/XilinxBoardStore/boards/Xilinx/kv260_som/1.2/board.xml as part xck26-sfvc784-2lv-c specified in board_part file is either invalid or not available
WARNING: [Board 49-26] cannot add Board Part xilinx.com:kv260_som:part0:1.3 available at /home/xmen/amd/2025.1/data/xhub/boards/XilinxBoardStore/boards/Xilinx/kv260_som/1.3/board.xml as part xck26-sfvc784-2lv-c specified in board_part file is either invalid or not available
WARNING: [Board 49-26] cannot add Board Part xilinx.com:kv260_som:part0:1.4 available at /home/xmen/amd/2025.1/data/xhub/boards/XilinxBoardStore/boards/Xilinx/kv260_som/1.4/board.xml as part xck26-sfvc784-2lv-c specified in board_part file is either invalid or not available
WARNING: [Board 49-26] cannot add Board Part xilinx.com:scu35:part0:1.0 available at /home/xmen/amd/2025.1/data/xhub/boards/XilinxBoardStore/boards/Xilinx/scu35/1.0/board.xml as part xcsu35p-sbvb625-2-e specified in board_part file is either invalid or not available
WARNING: [Board 49-26] cannot add Board Part xilinx.com:v80:part0:1.0 available at /home/xmen/amd/2025.1/data/xhub/boards/XilinxBoardStore/boards/Xilinx/v80/1.0/board.xml as part xcv80-lsva4737-2mhp-e-s specified in board_part file is either invalid or not available
WARNING: [Board 49-26] cannot add Board Part xilinx.com:vck190:part0:2.2 available at /home/xmen/amd/2025.1/data/xhub/boards/XilinxBoardStore/boards/Xilinx/vck190/production/2.2/board.xml as part xcvc1902-vsva2197-2mp-e-s specified in board_part file is either invalid or not available
WARNING: [Board 49-26] cannot add Board Part xilinx.com:vck190:part0:3.0 available at /home/xmen/amd/2025.1/data/xhub/boards/XilinxBoardStore/boards/Xilinx/vck190/production/3.0/board.xml as part xcvc1902-vsva2197-2mp-e-s specified in board_part file is either invalid or not available
WARNING: [Board 49-26] cannot add Board Part xilinx.com:vck190:part0:3.1 available at /home/xmen/amd/2025.1/data/xhub/boards/XilinxBoardStore/boards/Xilinx/vck190/production/3.1/board.xml as part xcvc1902-vsva2197-2mp-e-s specified in board_part file is either invalid or not available
WARNING: [Board 49-26] cannot add Board Part xilinx.com:vck190:part0:3.2 available at /home/xmen/amd/2025.1/data/xhub/boards/XilinxBoardStore/boards/Xilinx/vck190/production/3.2/board.xml as part xcvc1902-vsva2197-2mp-e-s specified in board_part file is either invalid or not available
WARNING: [Board 49-26] cannot add Board Part xilinx.com:vck190:part0:3.3 available at /home/xmen/amd/2025.1/data/xhub/boards/XilinxBoardStore/boards/Xilinx/vck190/production/3.3/board.xml as part xcvc1902-vsva2197-2mp-e-s specified in board_part file is either invalid or not available
WARNING: [Board 49-26] cannot add Board Part xilinx.com:vck190:part0:3.4 available at /home/xmen/amd/2025.1/data/xhub/boards/XilinxBoardStore/boards/Xilinx/vck190/production/3.4/board.xml as part xcvc1902-vsva2197-2mp-e-s specified in board_part file is either invalid or not available
WARNING: [Board 49-26] cannot add Board Part xilinx.com:vck190_newl:part0:1.0 available at /home/xmen/amd/2025.1/data/xhub/boards/XilinxBoardStore/boards/Xilinx/vck190_newl/production/1.0/board.xml as part xcvc1902-vsva2197-2mp-e-s specified in board_part file is either invalid or not available
WARNING: [Board 49-26] cannot add Board Part xilinx.com:vck190_newl:part0:1.1 available at /home/xmen/amd/2025.1/data/xhub/boards/XilinxBoardStore/boards/Xilinx/vck190_newl/production/1.1/board.xml as part xcvc1902-vsva2197-2mp-e-s specified in board_part file is either invalid or not available
WARNING: [Board 49-26] cannot add Board Part xilinx.com:vck190_newl:part0:1.2 available at /home/xmen/amd/2025.1/data/xhub/boards/XilinxBoardStore/boards/Xilinx/vck190_newl/production/1.2/board.xml as part xcvc1902-vsva2197-2mp-e-s specified in board_part file is either invalid or not available
WARNING: [Board 49-26] cannot add Board Part xilinx.com:vck190_newl:part0:1.3 available at /home/xmen/amd/2025.1/data/xhub/boards/XilinxBoardStore/boards/Xilinx/vck190_newl/production/1.3/board.xml as part xcvc1902-vsva2197-2mp-e-s specified in board_part file is either invalid or not available
WARNING: [Board 49-26] cannot add Board Part xilinx.com:vcu108:part0:1.6 available at /home/xmen/amd/2025.1/data/xhub/boards/XilinxBoardStore/boards/Xilinx/vcu108/1.6/board.xml as part xcvu095-ffva2104-2-e specified in board_part file is either invalid or not available
WARNING: [Board 49-26] cannot add Board Part xilinx.com:vcu108:part0:1.7 available at /home/xmen/amd/2025.1/data/xhub/boards/XilinxBoardStore/boards/Xilinx/vcu108/1.7/board.xml as part xcvu095-ffva2104-2-e specified in board_part file is either invalid or not available
WARNING: [Board 49-26] cannot add Board Part xilinx.com:vcu110:part0:1.4 available at /home/xmen/amd/2025.1/data/xhub/boards/XilinxBoardStore/boards/Xilinx/vcu110/1.4/board.xml as part xcvu190-flgc2104-2-e specified in board_part file is either invalid or not available
WARNING: [Board 49-26] cannot add Board Part xilinx.com:vcu118:part0:2.0 available at /home/xmen/amd/2025.1/data/xhub/boards/XilinxBoardStore/boards/Xilinx/vcu118/2.0/board.xml as part xcvu9p-flga2104-2l-e specified in board_part file is either invalid or not available
WARNING: [Board 49-26] cannot add Board Part xilinx.com:vcu118:part0:2.3 available at /home/xmen/amd/2025.1/data/xhub/boards/XilinxBoardStore/boards/Xilinx/vcu118/2.3/board.xml as part xcvu9p-flga2104-2l-e specified in board_part file is either invalid or not available
WARNING: [Board 49-26] cannot add Board Part xilinx.com:vcu118:part0:2.4 available at /home/xmen/amd/2025.1/data/xhub/boards/XilinxBoardStore/boards/Xilinx/vcu118/2.4/board.xml as part xcvu9p-flga2104-2l-e specified in board_part file is either invalid or not available
WARNING: [Board 49-26] cannot add Board Part xilinx.com:vcu128:part0:1.0 available at /home/xmen/amd/2025.1/data/xhub/boards/XilinxBoardStore/boards/Xilinx/vcu128/production/1.0/board.xml as part xcvu37p-fsvh2892-2l-e specified in board_part file is either invalid or not available
WARNING: [Board 49-26] cannot add Board Part xilinx.com:vcu129:part0:1.0 available at /home/xmen/amd/2025.1/data/xhub/boards/XilinxBoardStore/boards/Xilinx/vcu129/production/1.0/board.xml as part xcvu29p-fsga2577-2l-e specified in board_part file is either invalid or not available
WARNING: [Board 49-26] cannot add Board Part xilinx.com:vcu1525:part0:1.3 available at /home/xmen/amd/2025.1/data/xhub/boards/XilinxBoardStore/boards/Xilinx/vcu1525/1.3/board.xml as part xcvu9p-fsgd2104-2l-e specified in board_part file is either invalid or not available
WARNING: [Board 49-26] cannot add Board Part xilinx.com:vek280:part0:1.0 available at /home/xmen/amd/2025.1/data/xhub/boards/XilinxBoardStore/boards/Xilinx/vek280/production/1.0/board.xml as part xcve2802-vsvh1760-2mp-e-s specified in board_part file is either invalid or not available
WARNING: [Board 49-26] cannot add Board Part xilinx.com:vek280:part0:1.1 available at /home/xmen/amd/2025.1/data/xhub/boards/XilinxBoardStore/boards/Xilinx/vek280/production/1.1/board.xml as part xcve2802-vsvh1760-2mp-e-s specified in board_part file is either invalid or not available
WARNING: [Board 49-26] cannot add Board Part xilinx.com:vek280:part0:1.2 available at /home/xmen/amd/2025.1/data/xhub/boards/XilinxBoardStore/boards/Xilinx/vek280/production/1.2/board.xml as part xcve2802-vsvh1760-2mp-e-s specified in board_part file is either invalid or not available
WARNING: [Board 49-26] cannot add Board Part xilinx.com:vek385:part0:1.0 available at /home/xmen/amd/2025.1/data/xhub/boards/XilinxBoardStore/boards/Xilinx/vek385/1.0/board.xml as part xc2ve3858-ssva2112-2mp-e-s specified in board_part file is either invalid or not available
WARNING: [Board 49-26] cannot add Board Part xilinx.com:vermeo_t1_mpsoc:part0:1.0 available at /home/xmen/amd/2025.1/data/xhub/boards/XilinxBoardStore/boards/Xilinx/vermeo_t1_mpsoc/1.0/board.xml as part xczu19eg-ffvd1760-2l-e specified in board_part file is either invalid or not available
WARNING: [Board 49-26] cannot add Board Part xilinx.com:vermeo_t1_rfsoc:part0:1.0 available at /home/xmen/amd/2025.1/data/xhub/boards/XilinxBoardStore/boards/Xilinx/vermeo_t1_rfsoc/1.0/board.xml as part xczu21dr-ffvd1156-2l-e specified in board_part file is either invalid or not available
WARNING: [Board 49-26] cannot add Board Part xilinx.com:vhk158:part0:1.0 available at /home/xmen/amd/2025.1/data/xhub/boards/XilinxBoardStore/boards/Xilinx/vhk158/production/1.0/board.xml as part xcvh1582-vsva3697-2mp-e-s specified in board_part file is either invalid or not available
WARNING: [Board 49-26] cannot add Board Part xilinx.com:vhk158:part0:1.1 available at /home/xmen/amd/2025.1/data/xhub/boards/XilinxBoardStore/boards/Xilinx/vhk158/production/1.1/board.xml as part xcvh1582-vsva3697-2mp-e-s specified in board_part file is either invalid or not available
WARNING: [Board 49-26] cannot add Board Part xilinx.com:vhk158:part0:1.2 available at /home/xmen/amd/2025.1/data/xhub/boards/XilinxBoardStore/boards/Xilinx/vhk158/production/1.2/board.xml as part xcvh1582-vsva3697-2mp-e-s specified in board_part file is either invalid or not available
WARNING: [Board 49-26] cannot add Board Part xilinx.com:vmk180:part0:2.2 available at /home/xmen/amd/2025.1/data/xhub/boards/XilinxBoardStore/boards/Xilinx/vmk180/production/2.2/board.xml as part xcvm1802-vsva2197-2mp-e-s specified in board_part file is either invalid or not available
WARNING: [Board 49-26] cannot add Board Part xilinx.com:vmk180:part0:3.0 available at /home/xmen/amd/2025.1/data/xhub/boards/XilinxBoardStore/boards/Xilinx/vmk180/production/3.0/board.xml as part xcvm1802-vsva2197-2mp-e-s specified in board_part file is either invalid or not available
WARNING: [Board 49-26] cannot add Board Part xilinx.com:vmk180:part0:3.1 available at /home/xmen/amd/2025.1/data/xhub/boards/XilinxBoardStore/boards/Xilinx/vmk180/production/3.1/board.xml as part xcvm1802-vsva2197-2mp-e-s specified in board_part file is either invalid or not available
WARNING: [Board 49-26] cannot add Board Part xilinx.com:vmk180:part0:3.2 available at /home/xmen/amd/2025.1/data/xhub/boards/XilinxBoardStore/boards/Xilinx/vmk180/production/3.2/board.xml as part xcvm1802-vsva2197-2mp-e-s specified in board_part file is either invalid or not available
WARNING: [Board 49-26] cannot add Board Part xilinx.com:vmk180:part0:3.3 available at /home/xmen/amd/2025.1/data/xhub/boards/XilinxBoardStore/boards/Xilinx/vmk180/production/3.3/board.xml as part xcvm1802-vsva2197-2mp-e-s specified in board_part file is either invalid or not available
WARNING: [Board 49-26] cannot add Board Part xilinx.com:vmk180_newl:part0:1.0 available at /home/xmen/amd/2025.1/data/xhub/boards/XilinxBoardStore/boards/Xilinx/vmk180_newl/production/1.0/board.xml as part xcvm1802-vsva2197-2mp-e-s specified in board_part file is either invalid or not available
WARNING: [Board 49-26] cannot add Board Part xilinx.com:vmk180_newl:part0:1.1 available at /home/xmen/amd/2025.1/data/xhub/boards/XilinxBoardStore/boards/Xilinx/vmk180_newl/production/1.1/board.xml as part xcvm1802-vsva2197-2mp-e-s specified in board_part file is either invalid or not available
WARNING: [Board 49-26] cannot add Board Part xilinx.com:vpk120:part0:1.0 available at /home/xmen/amd/2025.1/data/xhub/boards/XilinxBoardStore/boards/Xilinx/vpk120/production/1.0/board.xml as part xcvp1202-vsva2785-2mp-e-s specified in board_part file is either invalid or not available
WARNING: [Board 49-26] cannot add Board Part xilinx.com:vpk120:part0:1.1 available at /home/xmen/amd/2025.1/data/xhub/boards/XilinxBoardStore/boards/Xilinx/vpk120/production/1.1/board.xml as part xcvp1202-vsva2785-2mp-e-s specified in board_part file is either invalid or not available
WARNING: [Board 49-26] cannot add Board Part xilinx.com:vpk120:part0:1.2 available at /home/xmen/amd/2025.1/data/xhub/boards/XilinxBoardStore/boards/Xilinx/vpk120/production/1.2/board.xml as part xcvp1202-vsva2785-2mp-e-s specified in board_part file is either invalid or not available
WARNING: [Board 49-26] cannot add Board Part xilinx.com:vpk180:part0:1.0 available at /home/xmen/amd/2025.1/data/xhub/boards/XilinxBoardStore/boards/Xilinx/vpk180/production/1.0/board.xml as part xcvp1802-lsvc4072-2mp-e-s specified in board_part file is either invalid or not available
WARNING: [Board 49-26] cannot add Board Part xilinx.com:vpk180:part0:1.1 available at /home/xmen/amd/2025.1/data/xhub/boards/XilinxBoardStore/boards/Xilinx/vpk180/production/1.1/board.xml as part xcvp1802-lsvc4072-2mp-e-s specified in board_part file is either invalid or not available
WARNING: [Board 49-26] cannot add Board Part xilinx.com:vpk180:part0:1.2 available at /home/xmen/amd/2025.1/data/xhub/boards/XilinxBoardStore/boards/Xilinx/vpk180/production/1.2/board.xml as part xcvp1802-lsvc4072-2mp-e-s specified in board_part file is either invalid or not available
WARNING: [Board 49-26] cannot add Board Part xilinx.com:zc702:part0:1.4 available at /home/xmen/amd/2025.1/data/xhub/boards/XilinxBoardStore/boards/Xilinx/zc702/1.4/board.xml as part xc7z020clg484-1 specified in board_part file is either invalid or not available
WARNING: [Board 49-26] cannot add Board Part xilinx.com:zc706:part0:1.4 available at /home/xmen/amd/2025.1/data/xhub/boards/XilinxBoardStore/boards/Xilinx/zc706/1.4/board.xml as part xc7z045ffg900-2 specified in board_part file is either invalid or not available
WARNING: [Board 49-26] cannot add Board Part xilinx.com:zcu102:part0:3.3 available at /home/xmen/amd/2025.1/data/xhub/boards/XilinxBoardStore/boards/Xilinx/zcu102/3.3/board.xml as part xczu9eg-ffvb1156-2-e specified in board_part file is either invalid or not available
WARNING: [Board 49-26] cannot add Board Part xilinx.com:zcu102:part0:3.4 available at /home/xmen/amd/2025.1/data/xhub/boards/XilinxBoardStore/boards/Xilinx/zcu102/3.4/board.xml as part xczu9eg-ffvb1156-2-e specified in board_part file is either invalid or not available
WARNING: [Board 49-26] cannot add Board Part xilinx.com:zcu104:part0:1.1 available at /home/xmen/amd/2025.1/data/xhub/boards/XilinxBoardStore/boards/Xilinx/zcu104/1.1/board.xml as part xczu7ev-ffvc1156-2-e specified in board_part file is either invalid or not available
WARNING: [Board 49-26] cannot add Board Part xilinx.com:zcu106:part0:2.4 available at /home/xmen/amd/2025.1/data/xhub/boards/XilinxBoardStore/boards/Xilinx/zcu106/2.4/board.xml as part xczu7ev-ffvc1156-2-e specified in board_part file is either invalid or not available
WARNING: [Board 49-26] cannot add Board Part xilinx.com:zcu106:part0:2.5 available at /home/xmen/amd/2025.1/data/xhub/boards/XilinxBoardStore/boards/Xilinx/zcu106/2.5/board.xml as part xczu7ev-ffvc1156-2-e specified in board_part file is either invalid or not available
WARNING: [Board 49-26] cannot add Board Part xilinx.com:zcu106:part0:2.6 available at /home/xmen/amd/2025.1/data/xhub/boards/XilinxBoardStore/boards/Xilinx/zcu106/2.6/board.xml as part xczu7ev-ffvc1156-2-e specified in board_part file is either invalid or not available
WARNING: [Board 49-26] cannot add Board Part xilinx.com:zcu111:part0:1.2 available at /home/xmen/amd/2025.1/data/xhub/boards/XilinxBoardStore/boards/Xilinx/zcu111/1.2/board.xml as part xczu28dr-ffvg1517-2-e specified in board_part file is either invalid or not available
WARNING: [Board 49-26] cannot add Board Part xilinx.com:zcu111:part0:1.3 available at /home/xmen/amd/2025.1/data/xhub/boards/XilinxBoardStore/boards/Xilinx/zcu111/1.3/board.xml as part xczu28dr-ffvg1517-2-e specified in board_part file is either invalid or not available
WARNING: [Board 49-26] cannot add Board Part xilinx.com:zcu111:part0:1.4 available at /home/xmen/amd/2025.1/data/xhub/boards/XilinxBoardStore/boards/Xilinx/zcu111/1.4/board.xml as part xczu28dr-ffvg1517-2-e specified in board_part file is either invalid or not available
WARNING: [Board 49-26] cannot add Board Part xilinx.com:zcu1275:part0:1.0 available at /home/xmen/amd/2025.1/data/xhub/boards/XilinxBoardStore/boards/Xilinx/zcu1275/1.0/board.xml as part xczu29dr-ffvf1760-2-e specified in board_part file is either invalid or not available
WARNING: [Board 49-26] cannot add Board Part xilinx.com:zcu1285:part0:1.0 available at /home/xmen/amd/2025.1/data/xhub/boards/XilinxBoardStore/boards/Xilinx/zcu1285/1.0/board.xml as part xczu39dr-ffvf1760-2-i specified in board_part file is either invalid or not available
WARNING: [Board 49-26] cannot add Board Part xilinx.com:zcu208:part0:2.0 available at /home/xmen/amd/2025.1/data/xhub/boards/XilinxBoardStore/boards/Xilinx/zcu208/production/2.0/board.xml as part xczu48dr-fsvg1517-2-e specified in board_part file is either invalid or not available
WARNING: [Board 49-26] cannot add Board Part xilinx.com:zcu208ld:part0:2.0 available at /home/xmen/amd/2025.1/data/xhub/boards/XilinxBoardStore/boards/Xilinx/zcu208ld/production/2.0/board.xml as part xczu58dr-fsvg1517-2-i specified in board_part file is either invalid or not available
WARNING: [Board 49-26] cannot add Board Part xilinx.com:zcu216:part0:2.0 available at /home/xmen/amd/2025.1/data/xhub/boards/XilinxBoardStore/boards/Xilinx/zcu216/production/2.0/board.xml as part xczu49dr-ffvf1760-2-e specified in board_part file is either invalid or not available
WARNING: [Board 49-26] cannot add Board Part xilinx.com:zcu216ld:part0:2.0 available at /home/xmen/amd/2025.1/data/xhub/boards/XilinxBoardStore/boards/Xilinx/zcu216ld/production/2.0/board.xml as part xczu59dr-ffvf1760-2-i specified in board_part file is either invalid or not available
WARNING: [Board 49-26] cannot add Board Part xilinx.com:zcu670:part0:2.0 available at /home/xmen/amd/2025.1/data/xhub/boards/XilinxBoardStore/boards/Xilinx/zcu670/2.0/board.xml as part xczu67dr-fsve1156-2-i specified in board_part file is either invalid or not available
WARNING: [Board 49-26] cannot add Board Part xilinx.com:zcu670ld:part0:1.0 available at /home/xmen/amd/2025.1/data/xhub/boards/XilinxBoardStore/boards/Xilinx/zcu670ld/1.0/board.xml as part xczu57dr-fsve1156-2-i specified in board_part file is either invalid or not available
WARNING: [Project 1-5713] Board part '' set for the project  is not found. BoardPart property will be unset. Please select board from latest repo build 
INFO: [IP_Flow 19-234] Refreshing IP repositories
INFO: [IP_Flow 19-1704] No user IP repositories specified
INFO: [IP_Flow 19-2313] Loaded Vivado IP repository '/home/xmen/amd/2025.1/Vivado/data/ip'.
reset_run synth_1
INFO: [Project 1-1161] Replacing file /home/xmen/Desktop/SystolicCore/vivado/SystolicCore/SystolicCore.srcs/utils_1/imports/synth_1/Arty7_top_sim.dcp with file /home/xmen/Desktop/SystolicCore/vivado/SystolicCore/SystolicCore.runs/synth_1/Arty7_top_sim.dcp
launch_runs impl_1 -to_step write_bitstream -jobs 32
[Wed Nov 12 15:48:14 2025] Launched synth_1...
Run output will be captured here: /home/xmen/Desktop/SystolicCore/vivado/SystolicCore/SystolicCore.runs/synth_1/runme.log
[Wed Nov 12 15:48:14 2025] Launched impl_1...
Run output will be captured here: /home/xmen/Desktop/SystolicCore/vivado/SystolicCore/SystolicCore.runs/impl_1/runme.log
open_hw_manager
launch_simulation -mode post-implementation -type functional
Command: launch_simulation  -mode post-implementation -type functional
INFO: [Vivado 12-12493] Simulation top is 'tb'
INFO: [Vivado 12-5698] Checking validity of IPs in the design for the 'XSim' simulator...
INFO: [Vivado 12-5682] Launching post-implementation functional simulation in '/home/xmen/Desktop/SystolicCore/vivado/SystolicCore/SystolicCore.sim/sim_1/impl/func/xsim'
INFO: [Vivado 12-4795] Using compiled simulation libraries for IPs
INFO: [SIM-utils-51] Simulation object is 'sim_1'
INFO: [SIM-utils-72] Using boost library from '/home/xmen/amd/2025.1/Vivado/tps/boost_1_72_0'
INFO: [Device 21-403] Loading part xc7a100tcsg324-3
Netlist sorting complete. Time (s): cpu = 00:00:00.06 ; elapsed = 00:00:00.06 . Memory (MB): peak = 10688.141 ; gain = 0.000 ; free physical = 5945 ; free virtual = 36417
INFO: [Netlist 29-17] Analyzing 1700 Unisim elements for replacement
INFO: [Netlist 29-28] Unisim Transformation completed in 0 CPU seconds
INFO: [Project 1-479] Netlist was created with Vivado 2025.1
INFO: [Project 1-570] Preparing netlist for logic optimization
Read ShapeDB Complete: Time (s): cpu = 00:00:00.02 ; elapsed = 00:00:00.02 . Memory (MB): peak = 10792.672 ; gain = 3.000 ; free physical = 5857 ; free virtual = 36329
INFO: [Timing 38-478] Restoring timing data from binary archive.
INFO: [Timing 38-479] Binary timing data restore complete.
INFO: [Project 1-856] Restoring constraints from binary archive.
INFO: [Project 1-853] Binary constraint restore complete.
INFO: [Designutils 20-5722] Start Reading Physical Databases.
Reading placement.
Read Netlist Cache: Time (s): cpu = 00:00:00 ; elapsed = 00:00:00 . Memory (MB): peak = 11410.289 ; gain = 0.000 ; free physical = 5309 ; free virtual = 35781
Reading placer database...
Read Device Cache: Time (s): cpu = 00:00:00.01 ; elapsed = 00:00:00 . Memory (MB): peak = 11410.289 ; gain = 0.000 ; free physical = 5309 ; free virtual = 35781
Read PlaceDB: Time (s): cpu = 00:00:00.21 ; elapsed = 00:00:00.22 . Memory (MB): peak = 11420.297 ; gain = 10.008 ; free physical = 5303 ; free virtual = 35775
Read PulsedLatchDB: Time (s): cpu = 00:00:00 ; elapsed = 00:00:00 . Memory (MB): peak = 11420.297 ; gain = 0.000 ; free physical = 5303 ; free virtual = 35775
Reading routing.
Read RouteStorage: Time (s): cpu = 00:00:00.12 ; elapsed = 00:00:00.05 . Memory (MB): peak = 11426.297 ; gain = 6.000 ; free physical = 5298 ; free virtual = 35770
Read Physdb Files: Time (s): cpu = 00:00:00.34 ; elapsed = 00:00:00.27 . Memory (MB): peak = 11426.297 ; gain = 16.008 ; free physical = 5298 ; free virtual = 35770
Restored from archive | CPU: 0.350000 secs | Memory: 19.823647 MB |
Finished XDEF File Restore: Time (s): cpu = 00:00:00.34 ; elapsed = 00:00:00.27 . Memory (MB): peak = 11426.297 ; gain = 16.008 ; free physical = 5298 ; free virtual = 35770
Netlist sorting complete. Time (s): cpu = 00:00:00 ; elapsed = 00:00:00 . Memory (MB): peak = 11426.297 ; gain = 0.000 ; free physical = 5298 ; free virtual = 35770
INFO: [Project 1-111] Unisim Transformation Summary:
  A total of 866 instances were transformed.
  CFGLUT5 => CFGLUT5 (SRL16E, SRLC32E): 828 instances
  RAM32M => RAM32M (RAMD32(x6), RAMS32(x2)): 6 instances
  RAM64M => RAM64M (RAMD64E(x4)): 32 instances

open_run: Time (s): cpu = 00:00:13 ; elapsed = 00:00:07 . Memory (MB): peak = 12000.551 ; gain = 1449.520 ; free physical = 4827 ; free virtual = 35299
INFO: [SIM-utils-31] Writing simulation netlist file for design 'impl_1'...
INFO: [SIM-utils-32] write_verilog -mode funcsim -nolib -force -file "/home/xmen/Desktop/SystolicCore/vivado/SystolicCore/SystolicCore.sim/sim_1/impl/func/xsim/tb_func_impl.v"
INFO: [SIM-utils-36] Netlist generated:/home/xmen/Desktop/SystolicCore/vivado/SystolicCore/SystolicCore.sim/sim_1/impl/func/xsim/tb_func_impl.v
INFO: [USF-XSim-7] Finding pre-compiled libraries...
INFO: [USF-XSim-11] File '/home/xmen/amd/2025.1/data/xsim/xsim.ini' copied to run dir:'/home/xmen/Desktop/SystolicCore/vivado/SystolicCore/SystolicCore.sim/sim_1/impl/func/xsim'
INFO: [SIM-utils-54] Inspecting design source files for 'tb' in fileset 'sim_1'...
INFO: [SIM-utils-43] Exported '/home/xmen/Desktop/SystolicCore/vivado/SystolicCore/SystolicCore.sim/sim_1/impl/func/xsim/testeINPUT_B.mem'
INFO: [SIM-utils-43] Exported '/home/xmen/Desktop/SystolicCore/vivado/SystolicCore/SystolicCore.sim/sim_1/impl/func/xsim/testeINPUT_A.mem'
INFO: [SIM-utils-43] Exported '/home/xmen/Desktop/SystolicCore/vivado/SystolicCore/SystolicCore.sim/sim_1/impl/func/xsim/testeINPUT_B.mem'
INFO: [SIM-utils-43] Exported '/home/xmen/Desktop/SystolicCore/vivado/SystolicCore/SystolicCore.sim/sim_1/impl/func/xsim/testeINPUT_A.mem'
INFO: [USF-XSim-2] XSim::Compile design
INFO: [USF-XSim-61] Executing 'COMPILE and ANALYZE' step in '/home/xmen/Desktop/SystolicCore/vivado/SystolicCore/SystolicCore.sim/sim_1/impl/func/xsim'
xvlog --incr --relax -L uvm -prj tb_vlog.prj
INFO: [VRFC 10-2263] Analyzing Verilog file "/home/xmen/Desktop/SystolicCore/vivado/SystolicCore/SystolicCore.sim/sim_1/impl/func/xsim/tb_func_impl.v" into library xil_defaultlib
INFO: [VRFC 10-311] analyzing module clk_x_pntrs
INFO: [VRFC 10-311] analyzing module clk_x_pntrs_7
INFO: [VRFC 10-311] analyzing module dbg_hub
INFO: [VRFC 10-311] analyzing module dmem
INFO: [VRFC 10-311] analyzing module dmem_13
INFO: [VRFC 10-311] analyzing module fifo_generator_ramfifo
INFO: [VRFC 10-311] analyzing module fifo_generator_ramfifo__parameterized0
INFO: [VRFC 10-311] analyzing module fifo_generator_top
INFO: [VRFC 10-311] analyzing module fifo_generator_top__parameterized0
INFO: [VRFC 10-311] analyzing module fifo_generator_v13_1_5
INFO: [VRFC 10-311] analyzing module fifo_generator_v13_1_5__parameterized0
INFO: [VRFC 10-311] analyzing module fifo_generator_v13_1_5_synth
INFO: [VRFC 10-311] analyzing module fifo_generator_v13_1_5_synth__parameterized0
INFO: [VRFC 10-311] analyzing module ltlib_v1_0_3_bscan
INFO: [VRFC 10-311] analyzing module ltlib_v1_0_3_generic_mux
INFO: [VRFC 10-311] analyzing module memory
INFO: [VRFC 10-311] analyzing module memory__parameterized0
INFO: [VRFC 10-311] analyzing module rd_bin_cntr
INFO: [VRFC 10-311] analyzing module rd_bin_cntr_18
INFO: [VRFC 10-311] analyzing module rd_fwft
INFO: [VRFC 10-311] analyzing module rd_handshaking_flags
INFO: [VRFC 10-311] analyzing module rd_handshaking_flags__parameterized0
INFO: [VRFC 10-311] analyzing module rd_logic
INFO: [VRFC 10-311] analyzing module rd_logic__parameterized0
INFO: [VRFC 10-311] analyzing module rd_status_flags_as
INFO: [VRFC 10-311] analyzing module rd_status_flags_as_17
INFO: [VRFC 10-311] analyzing module reset_blk_ramfifo
INFO: [VRFC 10-311] analyzing module reset_blk_ramfifo_8
INFO: [VRFC 10-311] analyzing module synchronizer_ff
INFO: [VRFC 10-311] analyzing module synchronizer_ff_1
INFO: [VRFC 10-311] analyzing module synchronizer_ff_10
INFO: [VRFC 10-311] analyzing module synchronizer_ff_11
INFO: [VRFC 10-311] analyzing module synchronizer_ff_12
INFO: [VRFC 10-311] analyzing module synchronizer_ff_2
INFO: [VRFC 10-311] analyzing module synchronizer_ff_3
INFO: [VRFC 10-311] analyzing module synchronizer_ff_9
INFO: [VRFC 10-311] analyzing module synchronizer_ff__parameterized0
INFO: [VRFC 10-311] analyzing module synchronizer_ff__parameterized0_19
INFO: [VRFC 10-311] analyzing module synchronizer_ff__parameterized0_20
INFO: [VRFC 10-311] analyzing module synchronizer_ff__parameterized0_21
INFO: [VRFC 10-311] analyzing module synchronizer_ff__parameterized0_22
INFO: [VRFC 10-311] analyzing module synchronizer_ff__parameterized0_4
INFO: [VRFC 10-311] analyzing module synchronizer_ff__parameterized0_5
INFO: [VRFC 10-311] analyzing module synchronizer_ff__parameterized0_6
INFO: [VRFC 10-311] analyzing module wr_bin_cntr
INFO: [VRFC 10-311] analyzing module wr_bin_cntr_16
INFO: [VRFC 10-311] analyzing module wr_handshaking_flags
INFO: [VRFC 10-311] analyzing module wr_handshaking_flags_15
INFO: [VRFC 10-311] analyzing module wr_logic
INFO: [VRFC 10-311] analyzing module wr_logic__parameterized0
INFO: [VRFC 10-311] analyzing module wr_status_flags_as
INFO: [VRFC 10-311] analyzing module wr_status_flags_as_14
INFO: [VRFC 10-311] analyzing module xsdbm_v3_0_4_addr_ctl
INFO: [VRFC 10-311] analyzing module xsdbm_v3_0_4_bscan_switch
INFO: [VRFC 10-311] analyzing module xsdbm_v3_0_4_burst_wdlen_ctl
INFO: [VRFC 10-311] analyzing module xsdbm_v3_0_4_bus_ctl
INFO: [VRFC 10-311] analyzing module xsdbm_v3_0_4_bus_ctl_cnt
INFO: [VRFC 10-311] analyzing module xsdbm_v3_0_4_bus_ctl_flg
INFO: [VRFC 10-311] analyzing module xsdbm_v3_0_4_bus_ctl_flg__parameterized0
INFO: [VRFC 10-311] analyzing module xsdbm_v3_0_4_bus_mstr2sl_if
INFO: [VRFC 10-311] analyzing module xsdbm_v3_0_4_cmd_decode
INFO: [VRFC 10-311] analyzing module xsdbm_v3_0_4_ctl_reg
INFO: [VRFC 10-311] analyzing module xsdbm_v3_0_4_ctl_reg__parameterized0
INFO: [VRFC 10-311] analyzing module xsdbm_v3_0_4_ctl_reg__parameterized1
INFO: [VRFC 10-311] analyzing module xsdbm_v3_0_4_ctl_reg__parameterized2
INFO: [VRFC 10-311] analyzing module xsdbm_v3_0_4_icon
INFO: [VRFC 10-311] analyzing module xsdbm_v3_0_4_icon2xsdb
INFO: [VRFC 10-311] analyzing module xsdbm_v3_0_4_if
INFO: [VRFC 10-311] analyzing module xsdbm_v3_0_4_if_static_status
INFO: [VRFC 10-311] analyzing module xsdbm_v3_0_4_rdfifo
INFO: [VRFC 10-311] analyzing module xsdbm_v3_0_4_rdreg
INFO: [VRFC 10-311] analyzing module xsdbm_v3_0_4_stat
INFO: [VRFC 10-311] analyzing module xsdbm_v3_0_4_stat_reg
INFO: [VRFC 10-311] analyzing module xsdbm_v3_0_4_stat_reg__parameterized0
INFO: [VRFC 10-311] analyzing module xsdbm_v3_0_4_stat_reg__parameterized0_0
INFO: [VRFC 10-311] analyzing module xsdbm_v3_0_4_sync
INFO: [VRFC 10-311] analyzing module xsdbm_v3_0_4_wrfifo
INFO: [VRFC 10-311] analyzing module xsdbm_v3_0_4_wrreg
INFO: [VRFC 10-311] analyzing module xsdbm_v3_0_4_xsdbm
INFO: [VRFC 10-311] analyzing module xsdbm_v3_0_4_xsdbm_id
INFO: [VRFC 10-311] analyzing module Arty7_top_sim
INFO: [VRFC 10-311] analyzing module SystolicCoreTop
INFO: [VRFC 10-311] analyzing module accumulator_cells
INFO: [VRFC 10-311] analyzing module accumulator_cells__1
INFO: [VRFC 10-311] analyzing module accumulator_cells__10
INFO: [VRFC 10-311] analyzing module accumulator_cells__11
INFO: [VRFC 10-311] analyzing module accumulator_cells__12
INFO: [VRFC 10-311] analyzing module accumulator_cells__13
INFO: [VRFC 10-311] analyzing module accumulator_cells__14
INFO: [VRFC 10-311] analyzing module accumulator_cells__15
INFO: [VRFC 10-311] analyzing module accumulator_cells__2
INFO: [VRFC 10-311] analyzing module accumulator_cells__3
INFO: [VRFC 10-311] analyzing module accumulator_cells__4
INFO: [VRFC 10-311] analyzing module accumulator_cells__5
INFO: [VRFC 10-311] analyzing module accumulator_cells__6
INFO: [VRFC 10-311] analyzing module accumulator_cells__7
INFO: [VRFC 10-311] analyzing module accumulator_cells__8
INFO: [VRFC 10-311] analyzing module accumulator_cells__9
INFO: [VRFC 10-311] analyzing module baudRateGenerator
INFO: [VRFC 10-311] analyzing module baudRateGenerator__parameterized0
INFO: [VRFC 10-311] analyzing module counter
INFO: [VRFC 10-311] analyzing module counter__4
INFO: [VRFC 10-311] analyzing module counter__parameterized0
INFO: [VRFC 10-311] analyzing module counter__parameterized1
INFO: [VRFC 10-311] analyzing module counter__parameterized2
INFO: [VRFC 10-311] analyzing module counter__parameterized3
INFO: [VRFC 10-311] analyzing module counter__parameterized4
INFO: [VRFC 10-311] analyzing module ila_0
INFO: [VRFC 10-311] analyzing module mem2seriala
INFO: [VRFC 10-311] analyzing module ram_single_port
INFO: [VRFC 10-311] analyzing module ram_single_port_HD2
INFO: [VRFC 10-311] analyzing module ref_clock
INFO: [VRFC 10-311] analyzing module ref_clock__1
INFO: [VRFC 10-311] analyzing module ref_clock__parameterized0
INFO: [VRFC 10-311] analyzing module serial2mem
INFO: [VRFC 10-311] analyzing module serial2mem__xdcDup__1
INFO: [VRFC 10-311] analyzing module systolicControlUnitTop
INFO: [VRFC 10-311] analyzing module systolicMatrixMultiply
INFO: [VRFC 10-311] analyzing module uart_rx
INFO: [VRFC 10-311] analyzing module uart_top
INFO: [VRFC 10-311] analyzing module uart_tx
INFO: [VRFC 10-311] analyzing module ila_0_ila_v6_2_18_generic_counter
INFO: [VRFC 10-311] analyzing module ila_0_ila_v6_2_18_generic_counter__1
INFO: [VRFC 10-311] analyzing module ila_0_ila_v6_2_18_generic_counter__2
INFO: [VRFC 10-311] analyzing module ila_0_ila_v6_2_18_generic_counter__3
INFO: [VRFC 10-311] analyzing module ila_0_ila_v6_2_18_ila
INFO: [VRFC 10-311] analyzing module ila_0_ila_v6_2_18_ila_adv_trigger_sequencer
INFO: [VRFC 10-311] analyzing module ila_0_ila_v6_2_18_ila_cap_addrgen
INFO: [VRFC 10-311] analyzing module ila_0_ila_v6_2_18_ila_cap_ctrl_legacy
INFO: [VRFC 10-311] analyzing module ila_0_ila_v6_2_18_ila_cap_sample_counter
INFO: [VRFC 10-311] analyzing module ila_0_ila_v6_2_18_ila_cap_window_counter
INFO: [VRFC 10-311] analyzing module ila_0_ila_v6_2_18_ila_core
INFO: [VRFC 10-311] analyzing module ila_0_ila_v6_2_18_ila_counter
INFO: [VRFC 10-311] analyzing module ila_0_ila_v6_2_18_ila_fsm_memory_read
INFO: [VRFC 10-311] analyzing module ila_0_ila_v6_2_18_ila_register
INFO: [VRFC 10-311] analyzing module ila_0_ila_v6_2_18_ila_reset_ctrl
INFO: [VRFC 10-311] analyzing module ila_0_ila_v6_2_18_ila_trace_memory
INFO: [VRFC 10-311] analyzing module ila_0_ila_v6_2_18_ila_trig_match
INFO: [VRFC 10-311] analyzing module ila_0_ila_v6_2_18_ila_trigger
INFO: [VRFC 10-311] analyzing module ila_0_ltlib_v1_0_3_all_typeA
INFO: [VRFC 10-311] analyzing module ila_0_ltlib_v1_0_3_all_typeA_109
INFO: [VRFC 10-311] analyzing module ila_0_ltlib_v1_0_3_all_typeA_116
INFO: [VRFC 10-311] analyzing module ila_0_ltlib_v1_0_3_all_typeA_123
INFO: [VRFC 10-311] analyzing module ila_0_ltlib_v1_0_3_all_typeA_130
INFO: [VRFC 10-311] analyzing module ila_0_ltlib_v1_0_3_all_typeA_137
INFO: [VRFC 10-311] analyzing module ila_0_ltlib_v1_0_3_all_typeA_144
INFO: [VRFC 10-311] analyzing module ila_0_ltlib_v1_0_3_all_typeA_151
INFO: [VRFC 10-311] analyzing module ila_0_ltlib_v1_0_3_all_typeA_158
INFO: [VRFC 10-311] analyzing module ila_0_ltlib_v1_0_3_all_typeA_165
INFO: [VRFC 10-311] analyzing module ila_0_ltlib_v1_0_3_all_typeA_172
INFO: [VRFC 10-311] analyzing module ila_0_ltlib_v1_0_3_all_typeA_179
INFO: [VRFC 10-311] analyzing module ila_0_ltlib_v1_0_3_all_typeA_186
INFO: [VRFC 10-311] analyzing module ila_0_ltlib_v1_0_3_all_typeA_193
INFO: [VRFC 10-311] analyzing module ila_0_ltlib_v1_0_3_all_typeA_200
INFO: [VRFC 10-311] analyzing module ila_0_ltlib_v1_0_3_all_typeA_207
INFO: [VRFC 10-311] analyzing module ila_0_ltlib_v1_0_3_all_typeA_214
INFO: [VRFC 10-311] analyzing module ila_0_ltlib_v1_0_3_all_typeA_221
INFO: [VRFC 10-311] analyzing module ila_0_ltlib_v1_0_3_all_typeA_228
INFO: [VRFC 10-311] analyzing module ila_0_ltlib_v1_0_3_all_typeA_235
INFO: [VRFC 10-311] analyzing module ila_0_ltlib_v1_0_3_all_typeA_242
INFO: [VRFC 10-311] analyzing module ila_0_ltlib_v1_0_3_all_typeA_249
INFO: [VRFC 10-311] analyzing module ila_0_ltlib_v1_0_3_all_typeA_256
INFO: [VRFC 10-311] analyzing module ila_0_ltlib_v1_0_3_all_typeA_263
INFO: [VRFC 10-311] analyzing module ila_0_ltlib_v1_0_3_all_typeA_270
INFO: [VRFC 10-311] analyzing module ila_0_ltlib_v1_0_3_all_typeA_277
INFO: [VRFC 10-311] analyzing module ila_0_ltlib_v1_0_3_all_typeA_284
INFO: [VRFC 10-311] analyzing module ila_0_ltlib_v1_0_3_all_typeA_291
INFO: [VRFC 10-311] analyzing module ila_0_ltlib_v1_0_3_all_typeA_298
INFO: [VRFC 10-311] analyzing module ila_0_ltlib_v1_0_3_all_typeA_305
INFO: [VRFC 10-311] analyzing module ila_0_ltlib_v1_0_3_all_typeA_312
INFO: [VRFC 10-311] analyzing module ila_0_ltlib_v1_0_3_all_typeA_319
INFO: [VRFC 10-311] analyzing module ila_0_ltlib_v1_0_3_all_typeA_326
INFO: [VRFC 10-311] analyzing module ila_0_ltlib_v1_0_3_all_typeA__parameterized0
INFO: [VRFC 10-311] analyzing module ila_0_ltlib_v1_0_3_all_typeA__parameterized0_1
INFO: [VRFC 10-311] analyzing module ila_0_ltlib_v1_0_3_all_typeA__parameterized0_102
INFO: [VRFC 10-311] analyzing module ila_0_ltlib_v1_0_3_all_typeA__parameterized0_12
INFO: [VRFC 10-311] analyzing module ila_0_ltlib_v1_0_3_all_typeA__parameterized0_15
INFO: [VRFC 10-311] analyzing module ila_0_ltlib_v1_0_3_all_typeA__parameterized0_18
INFO: [VRFC 10-311] analyzing module ila_0_ltlib_v1_0_3_all_typeA__parameterized0_21
INFO: [VRFC 10-311] analyzing module ila_0_ltlib_v1_0_3_all_typeA__parameterized0_24
INFO: [VRFC 10-311] analyzing module ila_0_ltlib_v1_0_3_all_typeA__parameterized0_27
INFO: [VRFC 10-311] analyzing module ila_0_ltlib_v1_0_3_all_typeA__parameterized0_3
INFO: [VRFC 10-311] analyzing module ila_0_ltlib_v1_0_3_all_typeA__parameterized0_30
INFO: [VRFC 10-311] analyzing module ila_0_ltlib_v1_0_3_all_typeA__parameterized0_33
INFO: [VRFC 10-311] analyzing module ila_0_ltlib_v1_0_3_all_typeA__parameterized0_36
INFO: [VRFC 10-311] analyzing module ila_0_ltlib_v1_0_3_all_typeA__parameterized0_39
INFO: [VRFC 10-311] analyzing module ila_0_ltlib_v1_0_3_all_typeA__parameterized0_42
INFO: [VRFC 10-311] analyzing module ila_0_ltlib_v1_0_3_all_typeA__parameterized0_45
INFO: [VRFC 10-311] analyzing module ila_0_ltlib_v1_0_3_all_typeA__parameterized0_48
INFO: [VRFC 10-311] analyzing module ila_0_ltlib_v1_0_3_all_typeA__parameterized0_51
INFO: [VRFC 10-311] analyzing module ila_0_ltlib_v1_0_3_all_typeA__parameterized0_54
INFO: [VRFC 10-311] analyzing module ila_0_ltlib_v1_0_3_all_typeA__parameterized0_57
INFO: [VRFC 10-311] analyzing module ila_0_ltlib_v1_0_3_all_typeA__parameterized0_6
INFO: [VRFC 10-311] analyzing module ila_0_ltlib_v1_0_3_all_typeA__parameterized0_60
INFO: [VRFC 10-311] analyzing module ila_0_ltlib_v1_0_3_all_typeA__parameterized0_63
INFO: [VRFC 10-311] analyzing module ila_0_ltlib_v1_0_3_all_typeA__parameterized0_66
INFO: [VRFC 10-311] analyzing module ila_0_ltlib_v1_0_3_all_typeA__parameterized0_69
INFO: [VRFC 10-311] analyzing module ila_0_ltlib_v1_0_3_all_typeA__parameterized0_72
INFO: [VRFC 10-311] analyzing module ila_0_ltlib_v1_0_3_all_typeA__parameterized0_75
INFO: [VRFC 10-311] analyzing module ila_0_ltlib_v1_0_3_all_typeA__parameterized0_78
INFO: [VRFC 10-311] analyzing module ila_0_ltlib_v1_0_3_all_typeA__parameterized0_81
INFO: [VRFC 10-311] analyzing module ila_0_ltlib_v1_0_3_all_typeA__parameterized0_84
INFO: [VRFC 10-311] analyzing module ila_0_ltlib_v1_0_3_all_typeA__parameterized0_87
INFO: [VRFC 10-311] analyzing module ila_0_ltlib_v1_0_3_all_typeA__parameterized0_9
INFO: [VRFC 10-311] analyzing module ila_0_ltlib_v1_0_3_all_typeA__parameterized0_90
INFO: [VRFC 10-311] analyzing module ila_0_ltlib_v1_0_3_all_typeA__parameterized0_93
INFO: [VRFC 10-311] analyzing module ila_0_ltlib_v1_0_3_all_typeA__parameterized0_96
INFO: [VRFC 10-311] analyzing module ila_0_ltlib_v1_0_3_all_typeA__parameterized0_99
INFO: [VRFC 10-311] analyzing module ila_0_ltlib_v1_0_3_all_typeA__parameterized1
INFO: [VRFC 10-311] analyzing module ila_0_ltlib_v1_0_3_all_typeA__parameterized1_353
INFO: [VRFC 10-311] analyzing module ila_0_ltlib_v1_0_3_all_typeA__parameterized1_357
INFO: [VRFC 10-311] analyzing module ila_0_ltlib_v1_0_3_all_typeA_slice
INFO: [VRFC 10-311] analyzing module ila_0_ltlib_v1_0_3_all_typeA_slice_104
INFO: [VRFC 10-311] analyzing module ila_0_ltlib_v1_0_3_all_typeA_slice_105
INFO: [VRFC 10-311] analyzing module ila_0_ltlib_v1_0_3_all_typeA_slice_106
INFO: [VRFC 10-311] analyzing module ila_0_ltlib_v1_0_3_all_typeA_slice_110
INFO: [VRFC 10-311] analyzing module ila_0_ltlib_v1_0_3_all_typeA_slice_111
INFO: [VRFC 10-311] analyzing module ila_0_ltlib_v1_0_3_all_typeA_slice_112
INFO: [VRFC 10-311] analyzing module ila_0_ltlib_v1_0_3_all_typeA_slice_113
INFO: [VRFC 10-311] analyzing module ila_0_ltlib_v1_0_3_all_typeA_slice_117
INFO: [VRFC 10-311] analyzing module ila_0_ltlib_v1_0_3_all_typeA_slice_118
INFO: [VRFC 10-311] analyzing module ila_0_ltlib_v1_0_3_all_typeA_slice_119
INFO: [VRFC 10-311] analyzing module ila_0_ltlib_v1_0_3_all_typeA_slice_120
INFO: [VRFC 10-311] analyzing module ila_0_ltlib_v1_0_3_all_typeA_slice_124
INFO: [VRFC 10-311] analyzing module ila_0_ltlib_v1_0_3_all_typeA_slice_125
INFO: [VRFC 10-311] analyzing module ila_0_ltlib_v1_0_3_all_typeA_slice_126
INFO: [VRFC 10-311] analyzing module ila_0_ltlib_v1_0_3_all_typeA_slice_127
INFO: [VRFC 10-311] analyzing module ila_0_ltlib_v1_0_3_all_typeA_slice_131
INFO: [VRFC 10-311] analyzing module ila_0_ltlib_v1_0_3_all_typeA_slice_132
INFO: [VRFC 10-311] analyzing module ila_0_ltlib_v1_0_3_all_typeA_slice_133
INFO: [VRFC 10-311] analyzing module ila_0_ltlib_v1_0_3_all_typeA_slice_134
INFO: [VRFC 10-311] analyzing module ila_0_ltlib_v1_0_3_all_typeA_slice_138
INFO: [VRFC 10-311] analyzing module ila_0_ltlib_v1_0_3_all_typeA_slice_139
INFO: [VRFC 10-311] analyzing module ila_0_ltlib_v1_0_3_all_typeA_slice_140
INFO: [VRFC 10-311] analyzing module ila_0_ltlib_v1_0_3_all_typeA_slice_141
INFO: [VRFC 10-311] analyzing module ila_0_ltlib_v1_0_3_all_typeA_slice_145
INFO: [VRFC 10-311] analyzing module ila_0_ltlib_v1_0_3_all_typeA_slice_146
INFO: [VRFC 10-311] analyzing module ila_0_ltlib_v1_0_3_all_typeA_slice_147
INFO: [VRFC 10-311] analyzing module ila_0_ltlib_v1_0_3_all_typeA_slice_148
INFO: [VRFC 10-311] analyzing module ila_0_ltlib_v1_0_3_all_typeA_slice_152
INFO: [VRFC 10-311] analyzing module ila_0_ltlib_v1_0_3_all_typeA_slice_153
INFO: [VRFC 10-311] analyzing module ila_0_ltlib_v1_0_3_all_typeA_slice_154
INFO: [VRFC 10-311] analyzing module ila_0_ltlib_v1_0_3_all_typeA_slice_155
INFO: [VRFC 10-311] analyzing module ila_0_ltlib_v1_0_3_all_typeA_slice_159
INFO: [VRFC 10-311] analyzing module ila_0_ltlib_v1_0_3_all_typeA_slice_160
INFO: [VRFC 10-311] analyzing module ila_0_ltlib_v1_0_3_all_typeA_slice_161
INFO: [VRFC 10-311] analyzing module ila_0_ltlib_v1_0_3_all_typeA_slice_162
INFO: [VRFC 10-311] analyzing module ila_0_ltlib_v1_0_3_all_typeA_slice_166
INFO: [VRFC 10-311] analyzing module ila_0_ltlib_v1_0_3_all_typeA_slice_167
INFO: [VRFC 10-311] analyzing module ila_0_ltlib_v1_0_3_all_typeA_slice_168
INFO: [VRFC 10-311] analyzing module ila_0_ltlib_v1_0_3_all_typeA_slice_169
INFO: [VRFC 10-311] analyzing module ila_0_ltlib_v1_0_3_all_typeA_slice_173
INFO: [VRFC 10-311] analyzing module ila_0_ltlib_v1_0_3_all_typeA_slice_174
INFO: [VRFC 10-311] analyzing module ila_0_ltlib_v1_0_3_all_typeA_slice_175
INFO: [VRFC 10-311] analyzing module ila_0_ltlib_v1_0_3_all_typeA_slice_176
INFO: [VRFC 10-311] analyzing module ila_0_ltlib_v1_0_3_all_typeA_slice_180
INFO: [VRFC 10-311] analyzing module ila_0_ltlib_v1_0_3_all_typeA_slice_181
INFO: [VRFC 10-311] analyzing module ila_0_ltlib_v1_0_3_all_typeA_slice_182
INFO: [VRFC 10-311] analyzing module ila_0_ltlib_v1_0_3_all_typeA_slice_183
INFO: [VRFC 10-311] analyzing module ila_0_ltlib_v1_0_3_all_typeA_slice_187
INFO: [VRFC 10-311] analyzing module ila_0_ltlib_v1_0_3_all_typeA_slice_188
INFO: [VRFC 10-311] analyzing module ila_0_ltlib_v1_0_3_all_typeA_slice_189
INFO: [VRFC 10-311] analyzing module ila_0_ltlib_v1_0_3_all_typeA_slice_190
INFO: [VRFC 10-311] analyzing module ila_0_ltlib_v1_0_3_all_typeA_slice_194
INFO: [VRFC 10-311] analyzing module ila_0_ltlib_v1_0_3_all_typeA_slice_195
INFO: [VRFC 10-311] analyzing module ila_0_ltlib_v1_0_3_all_typeA_slice_196
INFO: [VRFC 10-311] analyzing module ila_0_ltlib_v1_0_3_all_typeA_slice_197
INFO: [VRFC 10-311] analyzing module ila_0_ltlib_v1_0_3_all_typeA_slice_201
INFO: [VRFC 10-311] analyzing module ila_0_ltlib_v1_0_3_all_typeA_slice_202
INFO: [VRFC 10-311] analyzing module ila_0_ltlib_v1_0_3_all_typeA_slice_203
INFO: [VRFC 10-311] analyzing module ila_0_ltlib_v1_0_3_all_typeA_slice_204
INFO: [VRFC 10-311] analyzing module ila_0_ltlib_v1_0_3_all_typeA_slice_208
INFO: [VRFC 10-311] analyzing module ila_0_ltlib_v1_0_3_all_typeA_slice_209
INFO: [VRFC 10-311] analyzing module ila_0_ltlib_v1_0_3_all_typeA_slice_210
INFO: [VRFC 10-311] analyzing module ila_0_ltlib_v1_0_3_all_typeA_slice_211
INFO: [VRFC 10-311] analyzing module ila_0_ltlib_v1_0_3_all_typeA_slice_215
INFO: [VRFC 10-311] analyzing module ila_0_ltlib_v1_0_3_all_typeA_slice_216
INFO: [VRFC 10-311] analyzing module ila_0_ltlib_v1_0_3_all_typeA_slice_217
INFO: [VRFC 10-311] analyzing module ila_0_ltlib_v1_0_3_all_typeA_slice_218
INFO: [VRFC 10-311] analyzing module ila_0_ltlib_v1_0_3_all_typeA_slice_222
INFO: [VRFC 10-311] analyzing module ila_0_ltlib_v1_0_3_all_typeA_slice_223
INFO: [VRFC 10-311] analyzing module ila_0_ltlib_v1_0_3_all_typeA_slice_224
INFO: [VRFC 10-311] analyzing module ila_0_ltlib_v1_0_3_all_typeA_slice_225
INFO: [VRFC 10-311] analyzing module ila_0_ltlib_v1_0_3_all_typeA_slice_229
INFO: [VRFC 10-311] analyzing module ila_0_ltlib_v1_0_3_all_typeA_slice_230
INFO: [VRFC 10-311] analyzing module ila_0_ltlib_v1_0_3_all_typeA_slice_231
INFO: [VRFC 10-311] analyzing module ila_0_ltlib_v1_0_3_all_typeA_slice_232
INFO: [VRFC 10-311] analyzing module ila_0_ltlib_v1_0_3_all_typeA_slice_236
INFO: [VRFC 10-311] analyzing module ila_0_ltlib_v1_0_3_all_typeA_slice_237
INFO: [VRFC 10-311] analyzing module ila_0_ltlib_v1_0_3_all_typeA_slice_238
INFO: [VRFC 10-311] analyzing module ila_0_ltlib_v1_0_3_all_typeA_slice_239
INFO: [VRFC 10-311] analyzing module ila_0_ltlib_v1_0_3_all_typeA_slice_243
INFO: [VRFC 10-311] analyzing module ila_0_ltlib_v1_0_3_all_typeA_slice_244
INFO: [VRFC 10-311] analyzing module ila_0_ltlib_v1_0_3_all_typeA_slice_245
INFO: [VRFC 10-311] analyzing module ila_0_ltlib_v1_0_3_all_typeA_slice_246
INFO: [VRFC 10-311] analyzing module ila_0_ltlib_v1_0_3_all_typeA_slice_250
INFO: [VRFC 10-311] analyzing module ila_0_ltlib_v1_0_3_all_typeA_slice_251
INFO: [VRFC 10-311] analyzing module ila_0_ltlib_v1_0_3_all_typeA_slice_252
INFO: [VRFC 10-311] analyzing module ila_0_ltlib_v1_0_3_all_typeA_slice_253
INFO: [VRFC 10-311] analyzing module ila_0_ltlib_v1_0_3_all_typeA_slice_257
INFO: [VRFC 10-311] analyzing module ila_0_ltlib_v1_0_3_all_typeA_slice_258
INFO: [VRFC 10-311] analyzing module ila_0_ltlib_v1_0_3_all_typeA_slice_259
INFO: [VRFC 10-311] analyzing module ila_0_ltlib_v1_0_3_all_typeA_slice_260
INFO: [VRFC 10-311] analyzing module ila_0_ltlib_v1_0_3_all_typeA_slice_264
INFO: [VRFC 10-311] analyzing module ila_0_ltlib_v1_0_3_all_typeA_slice_265
INFO: [VRFC 10-311] analyzing module ila_0_ltlib_v1_0_3_all_typeA_slice_266
INFO: [VRFC 10-311] analyzing module ila_0_ltlib_v1_0_3_all_typeA_slice_267
INFO: [VRFC 10-311] analyzing module ila_0_ltlib_v1_0_3_all_typeA_slice_271
INFO: [VRFC 10-311] analyzing module ila_0_ltlib_v1_0_3_all_typeA_slice_272
INFO: [VRFC 10-311] analyzing module ila_0_ltlib_v1_0_3_all_typeA_slice_273
INFO: [VRFC 10-311] analyzing module ila_0_ltlib_v1_0_3_all_typeA_slice_274
INFO: [VRFC 10-311] analyzing module ila_0_ltlib_v1_0_3_all_typeA_slice_278
INFO: [VRFC 10-311] analyzing module ila_0_ltlib_v1_0_3_all_typeA_slice_279
INFO: [VRFC 10-311] analyzing module ila_0_ltlib_v1_0_3_all_typeA_slice_280
INFO: [VRFC 10-311] analyzing module ila_0_ltlib_v1_0_3_all_typeA_slice_281
INFO: [VRFC 10-311] analyzing module ila_0_ltlib_v1_0_3_all_typeA_slice_285
INFO: [VRFC 10-311] analyzing module ila_0_ltlib_v1_0_3_all_typeA_slice_286
INFO: [VRFC 10-311] analyzing module ila_0_ltlib_v1_0_3_all_typeA_slice_287
INFO: [VRFC 10-311] analyzing module ila_0_ltlib_v1_0_3_all_typeA_slice_288
INFO: [VRFC 10-311] analyzing module ila_0_ltlib_v1_0_3_all_typeA_slice_292
INFO: [VRFC 10-311] analyzing module ila_0_ltlib_v1_0_3_all_typeA_slice_293
INFO: [VRFC 10-311] analyzing module ila_0_ltlib_v1_0_3_all_typeA_slice_294
INFO: [VRFC 10-311] analyzing module ila_0_ltlib_v1_0_3_all_typeA_slice_295
INFO: [VRFC 10-311] analyzing module ila_0_ltlib_v1_0_3_all_typeA_slice_299
INFO: [VRFC 10-311] analyzing module ila_0_ltlib_v1_0_3_all_typeA_slice_300
INFO: [VRFC 10-311] analyzing module ila_0_ltlib_v1_0_3_all_typeA_slice_301
INFO: [VRFC 10-311] analyzing module ila_0_ltlib_v1_0_3_all_typeA_slice_302
INFO: [VRFC 10-311] analyzing module ila_0_ltlib_v1_0_3_all_typeA_slice_306
INFO: [VRFC 10-311] analyzing module ila_0_ltlib_v1_0_3_all_typeA_slice_307
INFO: [VRFC 10-311] analyzing module ila_0_ltlib_v1_0_3_all_typeA_slice_308
INFO: [VRFC 10-311] analyzing module ila_0_ltlib_v1_0_3_all_typeA_slice_309
INFO: [VRFC 10-311] analyzing module ila_0_ltlib_v1_0_3_all_typeA_slice_313
INFO: [VRFC 10-311] analyzing module ila_0_ltlib_v1_0_3_all_typeA_slice_314
INFO: [VRFC 10-311] analyzing module ila_0_ltlib_v1_0_3_all_typeA_slice_315
INFO: [VRFC 10-311] analyzing module ila_0_ltlib_v1_0_3_all_typeA_slice_316
INFO: [VRFC 10-311] analyzing module ila_0_ltlib_v1_0_3_all_typeA_slice_320
INFO: [VRFC 10-311] analyzing module ila_0_ltlib_v1_0_3_all_typeA_slice_321
INFO: [VRFC 10-311] analyzing module ila_0_ltlib_v1_0_3_all_typeA_slice_322
INFO: [VRFC 10-311] analyzing module ila_0_ltlib_v1_0_3_all_typeA_slice_323
INFO: [VRFC 10-311] analyzing module ila_0_ltlib_v1_0_3_all_typeA_slice_327
INFO: [VRFC 10-311] analyzing module ila_0_ltlib_v1_0_3_all_typeA_slice_328
INFO: [VRFC 10-311] analyzing module ila_0_ltlib_v1_0_3_all_typeA_slice_329
INFO: [VRFC 10-311] analyzing module ila_0_ltlib_v1_0_3_all_typeA_slice_330
INFO: [VRFC 10-311] analyzing module ila_0_ltlib_v1_0_3_all_typeA_slice__parameterized0
INFO: [VRFC 10-311] analyzing module ila_0_ltlib_v1_0_3_all_typeA_slice__parameterized0_10
INFO: [VRFC 10-311] analyzing module ila_0_ltlib_v1_0_3_all_typeA_slice__parameterized0_100
INFO: [VRFC 10-311] analyzing module ila_0_ltlib_v1_0_3_all_typeA_slice__parameterized0_103
INFO: [VRFC 10-311] analyzing module ila_0_ltlib_v1_0_3_all_typeA_slice__parameterized0_107
INFO: [VRFC 10-311] analyzing module ila_0_ltlib_v1_0_3_all_typeA_slice__parameterized0_114
INFO: [VRFC 10-311] analyzing module ila_0_ltlib_v1_0_3_all_typeA_slice__parameterized0_121
INFO: [VRFC 10-311] analyzing module ila_0_ltlib_v1_0_3_all_typeA_slice__parameterized0_128
INFO: [VRFC 10-311] analyzing module ila_0_ltlib_v1_0_3_all_typeA_slice__parameterized0_13
INFO: [VRFC 10-311] analyzing module ila_0_ltlib_v1_0_3_all_typeA_slice__parameterized0_135
INFO: [VRFC 10-311] analyzing module ila_0_ltlib_v1_0_3_all_typeA_slice__parameterized0_142
INFO: [VRFC 10-311] analyzing module ila_0_ltlib_v1_0_3_all_typeA_slice__parameterized0_149
INFO: [VRFC 10-311] analyzing module ila_0_ltlib_v1_0_3_all_typeA_slice__parameterized0_156
INFO: [VRFC 10-311] analyzing module ila_0_ltlib_v1_0_3_all_typeA_slice__parameterized0_16
INFO: [VRFC 10-311] analyzing module ila_0_ltlib_v1_0_3_all_typeA_slice__parameterized0_163
INFO: [VRFC 10-311] analyzing module ila_0_ltlib_v1_0_3_all_typeA_slice__parameterized0_170
INFO: [VRFC 10-311] analyzing module ila_0_ltlib_v1_0_3_all_typeA_slice__parameterized0_177
INFO: [VRFC 10-311] analyzing module ila_0_ltlib_v1_0_3_all_typeA_slice__parameterized0_184
INFO: [VRFC 10-311] analyzing module ila_0_ltlib_v1_0_3_all_typeA_slice__parameterized0_19
INFO: [VRFC 10-311] analyzing module ila_0_ltlib_v1_0_3_all_typeA_slice__parameterized0_191
INFO: [VRFC 10-311] analyzing module ila_0_ltlib_v1_0_3_all_typeA_slice__parameterized0_198
INFO: [VRFC 10-311] analyzing module ila_0_ltlib_v1_0_3_all_typeA_slice__parameterized0_2
INFO: [VRFC 10-311] analyzing module ila_0_ltlib_v1_0_3_all_typeA_slice__parameterized0_205
INFO: [VRFC 10-311] analyzing module ila_0_ltlib_v1_0_3_all_typeA_slice__parameterized0_212
INFO: [VRFC 10-311] analyzing module ila_0_ltlib_v1_0_3_all_typeA_slice__parameterized0_219
INFO: [VRFC 10-311] analyzing module ila_0_ltlib_v1_0_3_all_typeA_slice__parameterized0_22
INFO: [VRFC 10-311] analyzing module ila_0_ltlib_v1_0_3_all_typeA_slice__parameterized0_226
INFO: [VRFC 10-311] analyzing module ila_0_ltlib_v1_0_3_all_typeA_slice__parameterized0_233
INFO: [VRFC 10-311] analyzing module ila_0_ltlib_v1_0_3_all_typeA_slice__parameterized0_240
INFO: [VRFC 10-311] analyzing module ila_0_ltlib_v1_0_3_all_typeA_slice__parameterized0_247
INFO: [VRFC 10-311] analyzing module ila_0_ltlib_v1_0_3_all_typeA_slice__parameterized0_25
INFO: [VRFC 10-311] analyzing module ila_0_ltlib_v1_0_3_all_typeA_slice__parameterized0_254
INFO: [VRFC 10-311] analyzing module ila_0_ltlib_v1_0_3_all_typeA_slice__parameterized0_261
INFO: [VRFC 10-311] analyzing module ila_0_ltlib_v1_0_3_all_typeA_slice__parameterized0_268
INFO: [VRFC 10-311] analyzing module ila_0_ltlib_v1_0_3_all_typeA_slice__parameterized0_275
INFO: [VRFC 10-311] analyzing module ila_0_ltlib_v1_0_3_all_typeA_slice__parameterized0_28
INFO: [VRFC 10-311] analyzing module ila_0_ltlib_v1_0_3_all_typeA_slice__parameterized0_282
INFO: [VRFC 10-311] analyzing module ila_0_ltlib_v1_0_3_all_typeA_slice__parameterized0_289
INFO: [VRFC 10-311] analyzing module ila_0_ltlib_v1_0_3_all_typeA_slice__parameterized0_296
INFO: [VRFC 10-311] analyzing module ila_0_ltlib_v1_0_3_all_typeA_slice__parameterized0_303
INFO: [VRFC 10-311] analyzing module ila_0_ltlib_v1_0_3_all_typeA_slice__parameterized0_31
INFO: [VRFC 10-311] analyzing module ila_0_ltlib_v1_0_3_all_typeA_slice__parameterized0_310
INFO: [VRFC 10-311] analyzing module ila_0_ltlib_v1_0_3_all_typeA_slice__parameterized0_317
INFO: [VRFC 10-311] analyzing module ila_0_ltlib_v1_0_3_all_typeA_slice__parameterized0_324
INFO: [VRFC 10-311] analyzing module ila_0_ltlib_v1_0_3_all_typeA_slice__parameterized0_331
INFO: [VRFC 10-311] analyzing module ila_0_ltlib_v1_0_3_all_typeA_slice__parameterized0_34
INFO: [VRFC 10-311] analyzing module ila_0_ltlib_v1_0_3_all_typeA_slice__parameterized0_37
INFO: [VRFC 10-311] analyzing module ila_0_ltlib_v1_0_3_all_typeA_slice__parameterized0_4
INFO: [VRFC 10-311] analyzing module ila_0_ltlib_v1_0_3_all_typeA_slice__parameterized0_40
INFO: [VRFC 10-311] analyzing module ila_0_ltlib_v1_0_3_all_typeA_slice__parameterized0_43
INFO: [VRFC 10-311] analyzing module ila_0_ltlib_v1_0_3_all_typeA_slice__parameterized0_46
INFO: [VRFC 10-311] analyzing module ila_0_ltlib_v1_0_3_all_typeA_slice__parameterized0_49
INFO: [VRFC 10-311] analyzing module ila_0_ltlib_v1_0_3_all_typeA_slice__parameterized0_52
INFO: [VRFC 10-311] analyzing module ila_0_ltlib_v1_0_3_all_typeA_slice__parameterized0_55
INFO: [VRFC 10-311] analyzing module ila_0_ltlib_v1_0_3_all_typeA_slice__parameterized0_58
INFO: [VRFC 10-311] analyzing module ila_0_ltlib_v1_0_3_all_typeA_slice__parameterized0_61
INFO: [VRFC 10-311] analyzing module ila_0_ltlib_v1_0_3_all_typeA_slice__parameterized0_64
INFO: [VRFC 10-311] analyzing module ila_0_ltlib_v1_0_3_all_typeA_slice__parameterized0_67
INFO: [VRFC 10-311] analyzing module ila_0_ltlib_v1_0_3_all_typeA_slice__parameterized0_7
INFO: [VRFC 10-311] analyzing module ila_0_ltlib_v1_0_3_all_typeA_slice__parameterized0_70
INFO: [VRFC 10-311] analyzing module ila_0_ltlib_v1_0_3_all_typeA_slice__parameterized0_73
INFO: [VRFC 10-311] analyzing module ila_0_ltlib_v1_0_3_all_typeA_slice__parameterized0_76
INFO: [VRFC 10-311] analyzing module ila_0_ltlib_v1_0_3_all_typeA_slice__parameterized0_79
INFO: [VRFC 10-311] analyzing module ila_0_ltlib_v1_0_3_all_typeA_slice__parameterized0_82
INFO: [VRFC 10-311] analyzing module ila_0_ltlib_v1_0_3_all_typeA_slice__parameterized0_85
INFO: [VRFC 10-311] analyzing module ila_0_ltlib_v1_0_3_all_typeA_slice__parameterized0_88
INFO: [VRFC 10-311] analyzing module ila_0_ltlib_v1_0_3_all_typeA_slice__parameterized0_91
INFO: [VRFC 10-311] analyzing module ila_0_ltlib_v1_0_3_all_typeA_slice__parameterized0_94
INFO: [VRFC 10-311] analyzing module ila_0_ltlib_v1_0_3_all_typeA_slice__parameterized0_97
INFO: [VRFC 10-311] analyzing module ila_0_ltlib_v1_0_3_all_typeA_slice__parameterized1
INFO: [VRFC 10-311] analyzing module ila_0_ltlib_v1_0_3_all_typeA_slice__parameterized1_354
INFO: [VRFC 10-311] analyzing module ila_0_ltlib_v1_0_3_all_typeA_slice__parameterized1_358
INFO: [VRFC 10-311] analyzing module ila_0_ltlib_v1_0_3_all_typeA_slice__parameterized2
INFO: [VRFC 10-311] analyzing module ila_0_ltlib_v1_0_3_all_typeA_slice__parameterized2_355
INFO: [VRFC 10-311] analyzing module ila_0_ltlib_v1_0_3_all_typeA_slice__parameterized2_359
INFO: [VRFC 10-311] analyzing module ila_0_ltlib_v1_0_3_allx_typeA
INFO: [VRFC 10-311] analyzing module ila_0_ltlib_v1_0_3_allx_typeA_108
INFO: [VRFC 10-311] analyzing module ila_0_ltlib_v1_0_3_allx_typeA_115
INFO: [VRFC 10-311] analyzing module ila_0_ltlib_v1_0_3_allx_typeA_122
INFO: [VRFC 10-311] analyzing module ila_0_ltlib_v1_0_3_allx_typeA_129
INFO: [VRFC 10-311] analyzing module ila_0_ltlib_v1_0_3_allx_typeA_136
INFO: [VRFC 10-311] analyzing module ila_0_ltlib_v1_0_3_allx_typeA_143
INFO: [VRFC 10-311] analyzing module ila_0_ltlib_v1_0_3_allx_typeA_150
INFO: [VRFC 10-311] analyzing module ila_0_ltlib_v1_0_3_allx_typeA_157
INFO: [VRFC 10-311] analyzing module ila_0_ltlib_v1_0_3_allx_typeA_164
INFO: [VRFC 10-311] analyzing module ila_0_ltlib_v1_0_3_allx_typeA_171
INFO: [VRFC 10-311] analyzing module ila_0_ltlib_v1_0_3_allx_typeA_178
INFO: [VRFC 10-311] analyzing module ila_0_ltlib_v1_0_3_allx_typeA_185
INFO: [VRFC 10-311] analyzing module ila_0_ltlib_v1_0_3_allx_typeA_192
INFO: [VRFC 10-311] analyzing module ila_0_ltlib_v1_0_3_allx_typeA_199
INFO: [VRFC 10-311] analyzing module ila_0_ltlib_v1_0_3_allx_typeA_206
INFO: [VRFC 10-311] analyzing module ila_0_ltlib_v1_0_3_allx_typeA_213
INFO: [VRFC 10-311] analyzing module ila_0_ltlib_v1_0_3_allx_typeA_220
INFO: [VRFC 10-311] analyzing module ila_0_ltlib_v1_0_3_allx_typeA_227
INFO: [VRFC 10-311] analyzing module ila_0_ltlib_v1_0_3_allx_typeA_234
INFO: [VRFC 10-311] analyzing module ila_0_ltlib_v1_0_3_allx_typeA_241
INFO: [VRFC 10-311] analyzing module ila_0_ltlib_v1_0_3_allx_typeA_248
INFO: [VRFC 10-311] analyzing module ila_0_ltlib_v1_0_3_allx_typeA_255
INFO: [VRFC 10-311] analyzing module ila_0_ltlib_v1_0_3_allx_typeA_262
INFO: [VRFC 10-311] analyzing module ila_0_ltlib_v1_0_3_allx_typeA_269
INFO: [VRFC 10-311] analyzing module ila_0_ltlib_v1_0_3_allx_typeA_276
INFO: [VRFC 10-311] analyzing module ila_0_ltlib_v1_0_3_allx_typeA_283
INFO: [VRFC 10-311] analyzing module ila_0_ltlib_v1_0_3_allx_typeA_290
INFO: [VRFC 10-311] analyzing module ila_0_ltlib_v1_0_3_allx_typeA_297
INFO: [VRFC 10-311] analyzing module ila_0_ltlib_v1_0_3_allx_typeA_304
INFO: [VRFC 10-311] analyzing module ila_0_ltlib_v1_0_3_allx_typeA_311
INFO: [VRFC 10-311] analyzing module ila_0_ltlib_v1_0_3_allx_typeA_318
INFO: [VRFC 10-311] analyzing module ila_0_ltlib_v1_0_3_allx_typeA_325
INFO: [VRFC 10-311] analyzing module ila_0_ltlib_v1_0_3_allx_typeA__parameterized0
INFO: [VRFC 10-311] analyzing module ila_0_ltlib_v1_0_3_allx_typeA__parameterized0_101
INFO: [VRFC 10-311] analyzing module ila_0_ltlib_v1_0_3_allx_typeA__parameterized0_11
INFO: [VRFC 10-311] analyzing module ila_0_ltlib_v1_0_3_allx_typeA__parameterized0_14
INFO: [VRFC 10-311] analyzing module ila_0_ltlib_v1_0_3_allx_typeA__parameterized0_17
INFO: [VRFC 10-311] analyzing module ila_0_ltlib_v1_0_3_allx_typeA__parameterized0_20
INFO: [VRFC 10-311] analyzing module ila_0_ltlib_v1_0_3_allx_typeA__parameterized0_23
INFO: [VRFC 10-311] analyzing module ila_0_ltlib_v1_0_3_allx_typeA__parameterized0_26
INFO: [VRFC 10-311] analyzing module ila_0_ltlib_v1_0_3_allx_typeA__parameterized0_29
INFO: [VRFC 10-311] analyzing module ila_0_ltlib_v1_0_3_allx_typeA__parameterized0_32
INFO: [VRFC 10-311] analyzing module ila_0_ltlib_v1_0_3_allx_typeA__parameterized0_35
INFO: [VRFC 10-311] analyzing module ila_0_ltlib_v1_0_3_allx_typeA__parameterized0_38
INFO: [VRFC 10-311] analyzing module ila_0_ltlib_v1_0_3_allx_typeA__parameterized0_41
INFO: [VRFC 10-311] analyzing module ila_0_ltlib_v1_0_3_allx_typeA__parameterized0_44
INFO: [VRFC 10-311] analyzing module ila_0_ltlib_v1_0_3_allx_typeA__parameterized0_47
INFO: [VRFC 10-311] analyzing module ila_0_ltlib_v1_0_3_allx_typeA__parameterized0_5
INFO: [VRFC 10-311] analyzing module ila_0_ltlib_v1_0_3_allx_typeA__parameterized0_50
INFO: [VRFC 10-311] analyzing module ila_0_ltlib_v1_0_3_allx_typeA__parameterized0_53
INFO: [VRFC 10-311] analyzing module ila_0_ltlib_v1_0_3_allx_typeA__parameterized0_56
INFO: [VRFC 10-311] analyzing module ila_0_ltlib_v1_0_3_allx_typeA__parameterized0_59
INFO: [VRFC 10-311] analyzing module ila_0_ltlib_v1_0_3_allx_typeA__parameterized0_62
INFO: [VRFC 10-311] analyzing module ila_0_ltlib_v1_0_3_allx_typeA__parameterized0_65
INFO: [VRFC 10-311] analyzing module ila_0_ltlib_v1_0_3_allx_typeA__parameterized0_68
INFO: [VRFC 10-311] analyzing module ila_0_ltlib_v1_0_3_allx_typeA__parameterized0_71
INFO: [VRFC 10-311] analyzing module ila_0_ltlib_v1_0_3_allx_typeA__parameterized0_74
INFO: [VRFC 10-311] analyzing module ila_0_ltlib_v1_0_3_allx_typeA__parameterized0_77
INFO: [VRFC 10-311] analyzing module ila_0_ltlib_v1_0_3_allx_typeA__parameterized0_8
INFO: [VRFC 10-311] analyzing module ila_0_ltlib_v1_0_3_allx_typeA__parameterized0_80
INFO: [VRFC 10-311] analyzing module ila_0_ltlib_v1_0_3_allx_typeA__parameterized0_83
INFO: [VRFC 10-311] analyzing module ila_0_ltlib_v1_0_3_allx_typeA__parameterized0_86
INFO: [VRFC 10-311] analyzing module ila_0_ltlib_v1_0_3_allx_typeA__parameterized0_89
INFO: [VRFC 10-311] analyzing module ila_0_ltlib_v1_0_3_allx_typeA__parameterized0_92
INFO: [VRFC 10-311] analyzing module ila_0_ltlib_v1_0_3_allx_typeA__parameterized0_95
INFO: [VRFC 10-311] analyzing module ila_0_ltlib_v1_0_3_allx_typeA__parameterized0_98
INFO: [VRFC 10-311] analyzing module ila_0_ltlib_v1_0_3_allx_typeA__parameterized1
INFO: [VRFC 10-311] analyzing module ila_0_ltlib_v1_0_3_allx_typeA__parameterized1_0
INFO: [VRFC 10-311] analyzing module ila_0_ltlib_v1_0_3_allx_typeA_nodelay
INFO: [VRFC 10-311] analyzing module ila_0_ltlib_v1_0_3_allx_typeA_nodelay_352
INFO: [VRFC 10-311] analyzing module ila_0_ltlib_v1_0_3_allx_typeA_nodelay_356
INFO: [VRFC 10-311] analyzing module ila_0_ltlib_v1_0_3_async_edge_xfer
INFO: [VRFC 10-311] analyzing module ila_0_ltlib_v1_0_3_async_edge_xfer__1
INFO: [VRFC 10-311] analyzing module ila_0_ltlib_v1_0_3_async_edge_xfer__2
INFO: [VRFC 10-311] analyzing module ila_0_ltlib_v1_0_3_async_edge_xfer__3
INFO: [VRFC 10-311] analyzing module ila_0_ltlib_v1_0_3_cfglut4
INFO: [VRFC 10-311] analyzing module ila_0_ltlib_v1_0_3_cfglut4__1
INFO: [VRFC 10-311] analyzing module ila_0_ltlib_v1_0_3_cfglut5
INFO: [VRFC 10-311] analyzing module ila_0_ltlib_v1_0_3_cfglut5__1
INFO: [VRFC 10-311] analyzing module ila_0_ltlib_v1_0_3_cfglut5__2
INFO: [VRFC 10-311] analyzing module ila_0_ltlib_v1_0_3_cfglut6
INFO: [VRFC 10-311] analyzing module ila_0_ltlib_v1_0_3_cfglut6__1
INFO: [VRFC 10-311] analyzing module ila_0_ltlib_v1_0_3_cfglut6__parameterized0
INFO: [VRFC 10-311] analyzing module ila_0_ltlib_v1_0_3_cfglut7
INFO: [VRFC 10-311] analyzing module ila_0_ltlib_v1_0_3_cfglut7__1
INFO: [VRFC 10-311] analyzing module ila_0_ltlib_v1_0_3_generic_memrd
INFO: [VRFC 10-311] analyzing module ila_0_ltlib_v1_0_3_match
INFO: [VRFC 10-311] analyzing module ila_0_ltlib_v1_0_3_match__1
INFO: [VRFC 10-311] analyzing module ila_0_ltlib_v1_0_3_match__10
INFO: [VRFC 10-311] analyzing module ila_0_ltlib_v1_0_3_match__11
INFO: [VRFC 10-311] analyzing module ila_0_ltlib_v1_0_3_match__12
INFO: [VRFC 10-311] analyzing module ila_0_ltlib_v1_0_3_match__13
INFO: [VRFC 10-311] analyzing module ila_0_ltlib_v1_0_3_match__14
INFO: [VRFC 10-311] analyzing module ila_0_ltlib_v1_0_3_match__15
INFO: [VRFC 10-311] analyzing module ila_0_ltlib_v1_0_3_match__16
INFO: [VRFC 10-311] analyzing module ila_0_ltlib_v1_0_3_match__17
INFO: [VRFC 10-311] analyzing module ila_0_ltlib_v1_0_3_match__18
INFO: [VRFC 10-311] analyzing module ila_0_ltlib_v1_0_3_match__19
INFO: [VRFC 10-311] analyzing module ila_0_ltlib_v1_0_3_match__2
INFO: [VRFC 10-311] analyzing module ila_0_ltlib_v1_0_3_match__20
INFO: [VRFC 10-311] analyzing module ila_0_ltlib_v1_0_3_match__21
INFO: [VRFC 10-311] analyzing module ila_0_ltlib_v1_0_3_match__22
INFO: [VRFC 10-311] analyzing module ila_0_ltlib_v1_0_3_match__23
INFO: [VRFC 10-311] analyzing module ila_0_ltlib_v1_0_3_match__24
INFO: [VRFC 10-311] analyzing module ila_0_ltlib_v1_0_3_match__25
INFO: [VRFC 10-311] analyzing module ila_0_ltlib_v1_0_3_match__26
INFO: [VRFC 10-311] analyzing module ila_0_ltlib_v1_0_3_match__27
INFO: [VRFC 10-311] analyzing module ila_0_ltlib_v1_0_3_match__28
INFO: [VRFC 10-311] analyzing module ila_0_ltlib_v1_0_3_match__29
INFO: [VRFC 10-311] analyzing module ila_0_ltlib_v1_0_3_match__3
INFO: [VRFC 10-311] analyzing module ila_0_ltlib_v1_0_3_match__30
INFO: [VRFC 10-311] analyzing module ila_0_ltlib_v1_0_3_match__31
INFO: [VRFC 10-311] analyzing module ila_0_ltlib_v1_0_3_match__32
INFO: [VRFC 10-311] analyzing module ila_0_ltlib_v1_0_3_match__4
INFO: [VRFC 10-311] analyzing module ila_0_ltlib_v1_0_3_match__5
INFO: [VRFC 10-311] analyzing module ila_0_ltlib_v1_0_3_match__6
INFO: [VRFC 10-311] analyzing module ila_0_ltlib_v1_0_3_match__7
INFO: [VRFC 10-311] analyzing module ila_0_ltlib_v1_0_3_match__8
INFO: [VRFC 10-311] analyzing module ila_0_ltlib_v1_0_3_match__9
INFO: [VRFC 10-311] analyzing module ila_0_ltlib_v1_0_3_match__parameterized0
INFO: [VRFC 10-311] analyzing module ila_0_ltlib_v1_0_3_match__parameterized0__1
INFO: [VRFC 10-311] analyzing module ila_0_ltlib_v1_0_3_match__parameterized0__10
INFO: [VRFC 10-311] analyzing module ila_0_ltlib_v1_0_3_match__parameterized0__11
INFO: [VRFC 10-311] analyzing module ila_0_ltlib_v1_0_3_match__parameterized0__12
INFO: [VRFC 10-311] analyzing module ila_0_ltlib_v1_0_3_match__parameterized0__13
INFO: [VRFC 10-311] analyzing module ila_0_ltlib_v1_0_3_match__parameterized0__14
INFO: [VRFC 10-311] analyzing module ila_0_ltlib_v1_0_3_match__parameterized0__15
INFO: [VRFC 10-311] analyzing module ila_0_ltlib_v1_0_3_match__parameterized0__16
INFO: [VRFC 10-311] analyzing module ila_0_ltlib_v1_0_3_match__parameterized0__17
INFO: [VRFC 10-311] analyzing module ila_0_ltlib_v1_0_3_match__parameterized0__18
INFO: [VRFC 10-311] analyzing module ila_0_ltlib_v1_0_3_match__parameterized0__19
INFO: [VRFC 10-311] analyzing module ila_0_ltlib_v1_0_3_match__parameterized0__2
INFO: [VRFC 10-311] analyzing module ila_0_ltlib_v1_0_3_match__parameterized0__20
INFO: [VRFC 10-311] analyzing module ila_0_ltlib_v1_0_3_match__parameterized0__21
INFO: [VRFC 10-311] analyzing module ila_0_ltlib_v1_0_3_match__parameterized0__22
INFO: [VRFC 10-311] analyzing module ila_0_ltlib_v1_0_3_match__parameterized0__23
INFO: [VRFC 10-311] analyzing module ila_0_ltlib_v1_0_3_match__parameterized0__24
INFO: [VRFC 10-311] analyzing module ila_0_ltlib_v1_0_3_match__parameterized0__25
INFO: [VRFC 10-311] analyzing module ila_0_ltlib_v1_0_3_match__parameterized0__26
INFO: [VRFC 10-311] analyzing module ila_0_ltlib_v1_0_3_match__parameterized0__27
INFO: [VRFC 10-311] analyzing module ila_0_ltlib_v1_0_3_match__parameterized0__28
INFO: [VRFC 10-311] analyzing module ila_0_ltlib_v1_0_3_match__parameterized0__29
INFO: [VRFC 10-311] analyzing module ila_0_ltlib_v1_0_3_match__parameterized0__3
INFO: [VRFC 10-311] analyzing module ila_0_ltlib_v1_0_3_match__parameterized0__30
INFO: [VRFC 10-311] analyzing module ila_0_ltlib_v1_0_3_match__parameterized0__31
INFO: [VRFC 10-311] analyzing module ila_0_ltlib_v1_0_3_match__parameterized0__32
INFO: [VRFC 10-311] analyzing module ila_0_ltlib_v1_0_3_match__parameterized0__33
INFO: [VRFC 10-311] analyzing module ila_0_ltlib_v1_0_3_match__parameterized0__4
INFO: [VRFC 10-311] analyzing module ila_0_ltlib_v1_0_3_match__parameterized0__5
INFO: [VRFC 10-311] analyzing module ila_0_ltlib_v1_0_3_match__parameterized0__6
INFO: [VRFC 10-311] analyzing module ila_0_ltlib_v1_0_3_match__parameterized0__7
INFO: [VRFC 10-311] analyzing module ila_0_ltlib_v1_0_3_match__parameterized0__8
INFO: [VRFC 10-311] analyzing module ila_0_ltlib_v1_0_3_match__parameterized0__9
INFO: [VRFC 10-311] analyzing module ila_0_ltlib_v1_0_3_match__parameterized1
INFO: [VRFC 10-311] analyzing module ila_0_ltlib_v1_0_3_match__parameterized1__1
INFO: [VRFC 10-311] analyzing module ila_0_ltlib_v1_0_3_match_nodelay
INFO: [VRFC 10-311] analyzing module ila_0_ltlib_v1_0_3_match_nodelay__1
INFO: [VRFC 10-311] analyzing module ila_0_ltlib_v1_0_3_match_nodelay__2
INFO: [VRFC 10-311] analyzing module ila_0_ltlib_v1_0_3_rising_edge_detection
INFO: [VRFC 10-311] analyzing module ila_0_ltlib_v1_0_3_rising_edge_detection__1
INFO: [VRFC 10-311] analyzing module ila_0_xsdbs_v1_0_5_reg__parameterized63
INFO: [VRFC 10-311] analyzing module ila_0_xsdbs_v1_0_5_reg__parameterized64
INFO: [VRFC 10-311] analyzing module ila_0_xsdbs_v1_0_5_reg__parameterized65
INFO: [VRFC 10-311] analyzing module ila_0_xsdbs_v1_0_5_reg__parameterized66
INFO: [VRFC 10-311] analyzing module ila_0_xsdbs_v1_0_5_reg__parameterized78
INFO: [VRFC 10-311] analyzing module ila_0_xsdbs_v1_0_5_reg__parameterized79
INFO: [VRFC 10-311] analyzing module ila_0_xsdbs_v1_0_5_reg__parameterized80
INFO: [VRFC 10-311] analyzing module ila_0_xsdbs_v1_0_5_reg__parameterized81
INFO: [VRFC 10-311] analyzing module ila_0_xsdbs_v1_0_5_reg__parameterized82
INFO: [VRFC 10-311] analyzing module ila_0_xsdbs_v1_0_5_reg__parameterized83
INFO: [VRFC 10-311] analyzing module ila_0_xsdbs_v1_0_5_reg__parameterized84
INFO: [VRFC 10-311] analyzing module ila_0_xsdbs_v1_0_5_reg__parameterized85
INFO: [VRFC 10-311] analyzing module ila_0_xsdbs_v1_0_5_reg__parameterized86
INFO: [VRFC 10-311] analyzing module ila_0_xsdbs_v1_0_5_reg__parameterized87
INFO: [VRFC 10-311] analyzing module ila_0_xsdbs_v1_0_5_reg__parameterized88
INFO: [VRFC 10-311] analyzing module ila_0_xsdbs_v1_0_5_reg__parameterized89
INFO: [VRFC 10-311] analyzing module ila_0_xsdbs_v1_0_5_reg__parameterized91
INFO: [VRFC 10-311] analyzing module ila_0_xsdbs_v1_0_5_reg__parameterized93
INFO: [VRFC 10-311] analyzing module ila_0_xsdbs_v1_0_5_reg__parameterized94
INFO: [VRFC 10-311] analyzing module ila_0_xsdbs_v1_0_5_reg__parameterized95
INFO: [VRFC 10-311] analyzing module ila_0_xsdbs_v1_0_5_reg__parameterized96
INFO: [VRFC 10-311] analyzing module ila_0_xsdbs_v1_0_5_reg_ctl
INFO: [VRFC 10-311] analyzing module ila_0_xsdbs_v1_0_5_reg_ctl_337
INFO: [VRFC 10-311] analyzing module ila_0_xsdbs_v1_0_5_reg_ctl_338
INFO: [VRFC 10-311] analyzing module ila_0_xsdbs_v1_0_5_reg_ctl_339
INFO: [VRFC 10-311] analyzing module ila_0_xsdbs_v1_0_5_reg_ctl_340
INFO: [VRFC 10-311] analyzing module ila_0_xsdbs_v1_0_5_reg_ctl_342
INFO: [VRFC 10-311] analyzing module ila_0_xsdbs_v1_0_5_reg_ctl_343
INFO: [VRFC 10-311] analyzing module ila_0_xsdbs_v1_0_5_reg_ctl_344
INFO: [VRFC 10-311] analyzing module ila_0_xsdbs_v1_0_5_reg_ctl_345
INFO: [VRFC 10-311] analyzing module ila_0_xsdbs_v1_0_5_reg_ctl_346
INFO: [VRFC 10-311] analyzing module ila_0_xsdbs_v1_0_5_reg_ctl_349
INFO: [VRFC 10-311] analyzing module ila_0_xsdbs_v1_0_5_reg_ctl_350
INFO: [VRFC 10-311] analyzing module ila_0_xsdbs_v1_0_5_reg_ctl__parameterized0
INFO: [VRFC 10-311] analyzing module ila_0_xsdbs_v1_0_5_reg_ctl__parameterized1
INFO: [VRFC 10-311] analyzing module ila_0_xsdbs_v1_0_5_reg_ctl__parameterized2
INFO: [VRFC 10-311] analyzing module ila_0_xsdbs_v1_0_5_reg_ctl__parameterized2_341
INFO: [VRFC 10-311] analyzing module ila_0_xsdbs_v1_0_5_reg_p2s
INFO: [VRFC 10-311] analyzing module ila_0_xsdbs_v1_0_5_reg_p2s__parameterized0
INFO: [VRFC 10-311] analyzing module ila_0_xsdbs_v1_0_5_reg_p2s__parameterized1
INFO: [VRFC 10-311] analyzing module ila_0_xsdbs_v1_0_5_reg_p2s__parameterized10
INFO: [VRFC 10-311] analyzing module ila_0_xsdbs_v1_0_5_reg_p2s__parameterized11
INFO: [VRFC 10-311] analyzing module ila_0_xsdbs_v1_0_5_reg_p2s__parameterized12
INFO: [VRFC 10-311] analyzing module ila_0_xsdbs_v1_0_5_reg_p2s__parameterized13
INFO: [VRFC 10-311] analyzing module ila_0_xsdbs_v1_0_5_reg_p2s__parameterized14
INFO: [VRFC 10-311] analyzing module ila_0_xsdbs_v1_0_5_reg_p2s__parameterized15
INFO: [VRFC 10-311] analyzing module ila_0_xsdbs_v1_0_5_reg_p2s__parameterized16
INFO: [VRFC 10-311] analyzing module ila_0_xsdbs_v1_0_5_reg_p2s__parameterized17
INFO: [VRFC 10-311] analyzing module ila_0_xsdbs_v1_0_5_reg_p2s__parameterized18
INFO: [VRFC 10-311] analyzing module ila_0_xsdbs_v1_0_5_reg_p2s__parameterized19
INFO: [VRFC 10-311] analyzing module ila_0_xsdbs_v1_0_5_reg_p2s__parameterized2
INFO: [VRFC 10-311] analyzing module ila_0_xsdbs_v1_0_5_reg_p2s__parameterized20
INFO: [VRFC 10-311] analyzing module ila_0_xsdbs_v1_0_5_reg_p2s__parameterized21
INFO: [VRFC 10-311] analyzing module ila_0_xsdbs_v1_0_5_reg_p2s__parameterized22
INFO: [VRFC 10-311] analyzing module ila_0_xsdbs_v1_0_5_reg_p2s__parameterized23
INFO: [VRFC 10-311] analyzing module ila_0_xsdbs_v1_0_5_reg_p2s__parameterized24
INFO: [VRFC 10-311] analyzing module ila_0_xsdbs_v1_0_5_reg_p2s__parameterized25
INFO: [VRFC 10-311] analyzing module ila_0_xsdbs_v1_0_5_reg_p2s__parameterized26
INFO: [VRFC 10-311] analyzing module ila_0_xsdbs_v1_0_5_reg_p2s__parameterized27
INFO: [VRFC 10-311] analyzing module ila_0_xsdbs_v1_0_5_reg_p2s__parameterized28
INFO: [VRFC 10-311] analyzing module ila_0_xsdbs_v1_0_5_reg_p2s__parameterized29
INFO: [VRFC 10-311] analyzing module ila_0_xsdbs_v1_0_5_reg_p2s__parameterized3
INFO: [VRFC 10-311] analyzing module ila_0_xsdbs_v1_0_5_reg_p2s__parameterized30
INFO: [VRFC 10-311] analyzing module ila_0_xsdbs_v1_0_5_reg_p2s__parameterized31
INFO: [VRFC 10-311] analyzing module ila_0_xsdbs_v1_0_5_reg_p2s__parameterized32
INFO: [VRFC 10-311] analyzing module ila_0_xsdbs_v1_0_5_reg_p2s__parameterized33
INFO: [VRFC 10-311] analyzing module ila_0_xsdbs_v1_0_5_reg_p2s__parameterized34
INFO: [VRFC 10-311] analyzing module ila_0_xsdbs_v1_0_5_reg_p2s__parameterized35
INFO: [VRFC 10-311] analyzing module ila_0_xsdbs_v1_0_5_reg_p2s__parameterized36
INFO: [VRFC 10-311] analyzing module ila_0_xsdbs_v1_0_5_reg_p2s__parameterized37
INFO: [VRFC 10-311] analyzing module ila_0_xsdbs_v1_0_5_reg_p2s__parameterized38
INFO: [VRFC 10-311] analyzing module ila_0_xsdbs_v1_0_5_reg_p2s__parameterized39
INFO: [VRFC 10-311] analyzing module ila_0_xsdbs_v1_0_5_reg_p2s__parameterized4
INFO: [VRFC 10-311] analyzing module ila_0_xsdbs_v1_0_5_reg_p2s__parameterized40
INFO: [VRFC 10-311] analyzing module ila_0_xsdbs_v1_0_5_reg_p2s__parameterized41
INFO: [VRFC 10-311] analyzing module ila_0_xsdbs_v1_0_5_reg_p2s__parameterized42
INFO: [VRFC 10-311] analyzing module ila_0_xsdbs_v1_0_5_reg_p2s__parameterized43
INFO: [VRFC 10-311] analyzing module ila_0_xsdbs_v1_0_5_reg_p2s__parameterized44
INFO: [VRFC 10-311] analyzing module ila_0_xsdbs_v1_0_5_reg_p2s__parameterized45
INFO: [VRFC 10-311] analyzing module ila_0_xsdbs_v1_0_5_reg_p2s__parameterized46
INFO: [VRFC 10-311] analyzing module ila_0_xsdbs_v1_0_5_reg_p2s__parameterized47
INFO: [VRFC 10-311] analyzing module ila_0_xsdbs_v1_0_5_reg_p2s__parameterized48
INFO: [VRFC 10-311] analyzing module ila_0_xsdbs_v1_0_5_reg_p2s__parameterized49
INFO: [VRFC 10-311] analyzing module ila_0_xsdbs_v1_0_5_reg_p2s__parameterized5
INFO: [VRFC 10-311] analyzing module ila_0_xsdbs_v1_0_5_reg_p2s__parameterized50
INFO: [VRFC 10-311] analyzing module ila_0_xsdbs_v1_0_5_reg_p2s__parameterized51
INFO: [VRFC 10-311] analyzing module ila_0_xsdbs_v1_0_5_reg_p2s__parameterized52
INFO: [VRFC 10-311] analyzing module ila_0_xsdbs_v1_0_5_reg_p2s__parameterized53
INFO: [VRFC 10-311] analyzing module ila_0_xsdbs_v1_0_5_reg_p2s__parameterized54
INFO: [VRFC 10-311] analyzing module ila_0_xsdbs_v1_0_5_reg_p2s__parameterized55
INFO: [VRFC 10-311] analyzing module ila_0_xsdbs_v1_0_5_reg_p2s__parameterized56
INFO: [VRFC 10-311] analyzing module ila_0_xsdbs_v1_0_5_reg_p2s__parameterized57
INFO: [VRFC 10-311] analyzing module ila_0_xsdbs_v1_0_5_reg_p2s__parameterized58
INFO: [VRFC 10-311] analyzing module ila_0_xsdbs_v1_0_5_reg_p2s__parameterized59
INFO: [VRFC 10-311] analyzing module ila_0_xsdbs_v1_0_5_reg_p2s__parameterized6
INFO: [VRFC 10-311] analyzing module ila_0_xsdbs_v1_0_5_reg_p2s__parameterized60
INFO: [VRFC 10-311] analyzing module ila_0_xsdbs_v1_0_5_reg_p2s__parameterized61
INFO: [VRFC 10-311] analyzing module ila_0_xsdbs_v1_0_5_reg_p2s__parameterized62
INFO: [VRFC 10-311] analyzing module ila_0_xsdbs_v1_0_5_reg_p2s__parameterized63
INFO: [VRFC 10-311] analyzing module ila_0_xsdbs_v1_0_5_reg_p2s__parameterized64
INFO: [VRFC 10-311] analyzing module ila_0_xsdbs_v1_0_5_reg_p2s__parameterized65
INFO: [VRFC 10-311] analyzing module ila_0_xsdbs_v1_0_5_reg_p2s__parameterized66
INFO: [VRFC 10-311] analyzing module ila_0_xsdbs_v1_0_5_reg_p2s__parameterized67
INFO: [VRFC 10-311] analyzing module ila_0_xsdbs_v1_0_5_reg_p2s__parameterized68
INFO: [VRFC 10-311] analyzing module ila_0_xsdbs_v1_0_5_reg_p2s__parameterized69
INFO: [VRFC 10-311] analyzing module ila_0_xsdbs_v1_0_5_reg_p2s__parameterized7
INFO: [VRFC 10-311] analyzing module ila_0_xsdbs_v1_0_5_reg_p2s__parameterized70
INFO: [VRFC 10-311] analyzing module ila_0_xsdbs_v1_0_5_reg_p2s__parameterized71
INFO: [VRFC 10-311] analyzing module ila_0_xsdbs_v1_0_5_reg_p2s__parameterized72
INFO: [VRFC 10-311] analyzing module ila_0_xsdbs_v1_0_5_reg_p2s__parameterized8
INFO: [VRFC 10-311] analyzing module ila_0_xsdbs_v1_0_5_reg_p2s__parameterized9
INFO: [VRFC 10-311] analyzing module ila_0_xsdbs_v1_0_5_reg_stat
INFO: [VRFC 10-311] analyzing module ila_0_xsdbs_v1_0_5_reg_stat_332
INFO: [VRFC 10-311] analyzing module ila_0_xsdbs_v1_0_5_reg_stat_333
INFO: [VRFC 10-311] analyzing module ila_0_xsdbs_v1_0_5_reg_stat_334
INFO: [VRFC 10-311] analyzing module ila_0_xsdbs_v1_0_5_reg_stat_335
INFO: [VRFC 10-311] analyzing module ila_0_xsdbs_v1_0_5_reg_stat_336
INFO: [VRFC 10-311] analyzing module ila_0_xsdbs_v1_0_5_reg_stat_347
INFO: [VRFC 10-311] analyzing module ila_0_xsdbs_v1_0_5_reg_stat_348
INFO: [VRFC 10-311] analyzing module ila_0_xsdbs_v1_0_5_reg_stat_351
INFO: [VRFC 10-311] analyzing module ila_0_xsdbs_v1_0_5_reg_stream
INFO: [VRFC 10-311] analyzing module ila_0_xsdbs_v1_0_5_reg_stream__parameterized0
INFO: [VRFC 10-311] analyzing module ila_0_xsdbs_v1_0_5_reg_stream__parameterized1
INFO: [VRFC 10-311] analyzing module ila_0_xsdbs_v1_0_5_reg_stream__parameterized2
INFO: [VRFC 10-311] analyzing module ila_0_xsdbs_v1_0_5_xsdbs
INFO: [VRFC 10-311] analyzing module ila_0_blk_mem_gen_v8_4_11
INFO: [VRFC 10-311] analyzing module ila_0_blk_mem_gen_v8_4_11_bindec
INFO: [VRFC 10-311] analyzing module ila_0_blk_mem_gen_v8_4_11_bindec_360
INFO: [VRFC 10-311] analyzing module ila_0_blk_mem_gen_v8_4_11_blk_mem_gen_generic_cstr
INFO: [VRFC 10-311] analyzing module ila_0_blk_mem_gen_v8_4_11_blk_mem_gen_mux__parameterized0
INFO: [VRFC 10-311] analyzing module ila_0_blk_mem_gen_v8_4_11_blk_mem_gen_prim_width
INFO: [VRFC 10-311] analyzing module ila_0_blk_mem_gen_v8_4_11_blk_mem_gen_prim_width__parameterized0
INFO: [VRFC 10-311] analyzing module ila_0_blk_mem_gen_v8_4_11_blk_mem_gen_prim_width__parameterized1
INFO: [VRFC 10-311] analyzing module ila_0_blk_mem_gen_v8_4_11_blk_mem_gen_prim_width__parameterized10
INFO: [VRFC 10-311] analyzing module ila_0_blk_mem_gen_v8_4_11_blk_mem_gen_prim_width__parameterized100
INFO: [VRFC 10-311] analyzing module ila_0_blk_mem_gen_v8_4_11_blk_mem_gen_prim_width__parameterized101
INFO: [VRFC 10-311] analyzing module ila_0_blk_mem_gen_v8_4_11_blk_mem_gen_prim_width__parameterized102
INFO: [VRFC 10-311] analyzing module ila_0_blk_mem_gen_v8_4_11_blk_mem_gen_prim_width__parameterized103
INFO: [VRFC 10-311] analyzing module ila_0_blk_mem_gen_v8_4_11_blk_mem_gen_prim_width__parameterized104
INFO: [VRFC 10-311] analyzing module ila_0_blk_mem_gen_v8_4_11_blk_mem_gen_prim_width__parameterized105
INFO: [VRFC 10-311] analyzing module ila_0_blk_mem_gen_v8_4_11_blk_mem_gen_prim_width__parameterized106
INFO: [VRFC 10-311] analyzing module ila_0_blk_mem_gen_v8_4_11_blk_mem_gen_prim_width__parameterized107
INFO: [VRFC 10-311] analyzing module ila_0_blk_mem_gen_v8_4_11_blk_mem_gen_prim_width__parameterized108
INFO: [VRFC 10-311] analyzing module ila_0_blk_mem_gen_v8_4_11_blk_mem_gen_prim_width__parameterized109
INFO: [VRFC 10-311] analyzing module ila_0_blk_mem_gen_v8_4_11_blk_mem_gen_prim_width__parameterized11
INFO: [VRFC 10-311] analyzing module ila_0_blk_mem_gen_v8_4_11_blk_mem_gen_prim_width__parameterized110
INFO: [VRFC 10-311] analyzing module ila_0_blk_mem_gen_v8_4_11_blk_mem_gen_prim_width__parameterized111
INFO: [VRFC 10-311] analyzing module ila_0_blk_mem_gen_v8_4_11_blk_mem_gen_prim_width__parameterized112
INFO: [VRFC 10-311] analyzing module ila_0_blk_mem_gen_v8_4_11_blk_mem_gen_prim_width__parameterized113
INFO: [VRFC 10-311] analyzing module ila_0_blk_mem_gen_v8_4_11_blk_mem_gen_prim_width__parameterized114
INFO: [VRFC 10-311] analyzing module ila_0_blk_mem_gen_v8_4_11_blk_mem_gen_prim_width__parameterized115
INFO: [VRFC 10-311] analyzing module ila_0_blk_mem_gen_v8_4_11_blk_mem_gen_prim_width__parameterized116
INFO: [VRFC 10-311] analyzing module ila_0_blk_mem_gen_v8_4_11_blk_mem_gen_prim_width__parameterized117
INFO: [VRFC 10-311] analyzing module ila_0_blk_mem_gen_v8_4_11_blk_mem_gen_prim_width__parameterized118
INFO: [VRFC 10-311] analyzing module ila_0_blk_mem_gen_v8_4_11_blk_mem_gen_prim_width__parameterized119
INFO: [VRFC 10-311] analyzing module ila_0_blk_mem_gen_v8_4_11_blk_mem_gen_prim_width__parameterized12
INFO: [VRFC 10-311] analyzing module ila_0_blk_mem_gen_v8_4_11_blk_mem_gen_prim_width__parameterized120
INFO: [VRFC 10-311] analyzing module ila_0_blk_mem_gen_v8_4_11_blk_mem_gen_prim_width__parameterized121
INFO: [VRFC 10-311] analyzing module ila_0_blk_mem_gen_v8_4_11_blk_mem_gen_prim_width__parameterized13
INFO: [VRFC 10-311] analyzing module ila_0_blk_mem_gen_v8_4_11_blk_mem_gen_prim_width__parameterized14
INFO: [VRFC 10-311] analyzing module ila_0_blk_mem_gen_v8_4_11_blk_mem_gen_prim_width__parameterized15
INFO: [VRFC 10-311] analyzing module ila_0_blk_mem_gen_v8_4_11_blk_mem_gen_prim_width__parameterized16
INFO: [VRFC 10-311] analyzing module ila_0_blk_mem_gen_v8_4_11_blk_mem_gen_prim_width__parameterized17
INFO: [VRFC 10-311] analyzing module ila_0_blk_mem_gen_v8_4_11_blk_mem_gen_prim_width__parameterized18
INFO: [VRFC 10-311] analyzing module ila_0_blk_mem_gen_v8_4_11_blk_mem_gen_prim_width__parameterized19
INFO: [VRFC 10-311] analyzing module ila_0_blk_mem_gen_v8_4_11_blk_mem_gen_prim_width__parameterized2
INFO: [VRFC 10-311] analyzing module ila_0_blk_mem_gen_v8_4_11_blk_mem_gen_prim_width__parameterized20
INFO: [VRFC 10-311] analyzing module ila_0_blk_mem_gen_v8_4_11_blk_mem_gen_prim_width__parameterized21
INFO: [VRFC 10-311] analyzing module ila_0_blk_mem_gen_v8_4_11_blk_mem_gen_prim_width__parameterized22
INFO: [VRFC 10-311] analyzing module ila_0_blk_mem_gen_v8_4_11_blk_mem_gen_prim_width__parameterized23
INFO: [VRFC 10-311] analyzing module ila_0_blk_mem_gen_v8_4_11_blk_mem_gen_prim_width__parameterized24
INFO: [VRFC 10-311] analyzing module ila_0_blk_mem_gen_v8_4_11_blk_mem_gen_prim_width__parameterized25
INFO: [VRFC 10-311] analyzing module ila_0_blk_mem_gen_v8_4_11_blk_mem_gen_prim_width__parameterized26
INFO: [VRFC 10-311] analyzing module ila_0_blk_mem_gen_v8_4_11_blk_mem_gen_prim_width__parameterized27
INFO: [VRFC 10-311] analyzing module ila_0_blk_mem_gen_v8_4_11_blk_mem_gen_prim_width__parameterized28
INFO: [VRFC 10-311] analyzing module ila_0_blk_mem_gen_v8_4_11_blk_mem_gen_prim_width__parameterized29
INFO: [VRFC 10-311] analyzing module ila_0_blk_mem_gen_v8_4_11_blk_mem_gen_prim_width__parameterized3
INFO: [VRFC 10-311] analyzing module ila_0_blk_mem_gen_v8_4_11_blk_mem_gen_prim_width__parameterized30
INFO: [VRFC 10-311] analyzing module ila_0_blk_mem_gen_v8_4_11_blk_mem_gen_prim_width__parameterized31
INFO: [VRFC 10-311] analyzing module ila_0_blk_mem_gen_v8_4_11_blk_mem_gen_prim_width__parameterized32
INFO: [VRFC 10-311] analyzing module ila_0_blk_mem_gen_v8_4_11_blk_mem_gen_prim_width__parameterized33
INFO: [VRFC 10-311] analyzing module ila_0_blk_mem_gen_v8_4_11_blk_mem_gen_prim_width__parameterized34
INFO: [VRFC 10-311] analyzing module ila_0_blk_mem_gen_v8_4_11_blk_mem_gen_prim_width__parameterized35
INFO: [VRFC 10-311] analyzing module ila_0_blk_mem_gen_v8_4_11_blk_mem_gen_prim_width__parameterized36
INFO: [VRFC 10-311] analyzing module ila_0_blk_mem_gen_v8_4_11_blk_mem_gen_prim_width__parameterized37
INFO: [VRFC 10-311] analyzing module ila_0_blk_mem_gen_v8_4_11_blk_mem_gen_prim_width__parameterized38
INFO: [VRFC 10-311] analyzing module ila_0_blk_mem_gen_v8_4_11_blk_mem_gen_prim_width__parameterized39
INFO: [VRFC 10-311] analyzing module ila_0_blk_mem_gen_v8_4_11_blk_mem_gen_prim_width__parameterized4
INFO: [VRFC 10-311] analyzing module ila_0_blk_mem_gen_v8_4_11_blk_mem_gen_prim_width__parameterized40
INFO: [VRFC 10-311] analyzing module ila_0_blk_mem_gen_v8_4_11_blk_mem_gen_prim_width__parameterized41
INFO: [VRFC 10-311] analyzing module ila_0_blk_mem_gen_v8_4_11_blk_mem_gen_prim_width__parameterized42
INFO: [VRFC 10-311] analyzing module ila_0_blk_mem_gen_v8_4_11_blk_mem_gen_prim_width__parameterized43
INFO: [VRFC 10-311] analyzing module ila_0_blk_mem_gen_v8_4_11_blk_mem_gen_prim_width__parameterized44
INFO: [VRFC 10-311] analyzing module ila_0_blk_mem_gen_v8_4_11_blk_mem_gen_prim_width__parameterized45
INFO: [VRFC 10-311] analyzing module ila_0_blk_mem_gen_v8_4_11_blk_mem_gen_prim_width__parameterized46
INFO: [VRFC 10-311] analyzing module ila_0_blk_mem_gen_v8_4_11_blk_mem_gen_prim_width__parameterized47
INFO: [VRFC 10-311] analyzing module ila_0_blk_mem_gen_v8_4_11_blk_mem_gen_prim_width__parameterized48
INFO: [VRFC 10-311] analyzing module ila_0_blk_mem_gen_v8_4_11_blk_mem_gen_prim_width__parameterized49
INFO: [VRFC 10-311] analyzing module ila_0_blk_mem_gen_v8_4_11_blk_mem_gen_prim_width__parameterized5
INFO: [VRFC 10-311] analyzing module ila_0_blk_mem_gen_v8_4_11_blk_mem_gen_prim_width__parameterized50
INFO: [VRFC 10-311] analyzing module ila_0_blk_mem_gen_v8_4_11_blk_mem_gen_prim_width__parameterized51
INFO: [VRFC 10-311] analyzing module ila_0_blk_mem_gen_v8_4_11_blk_mem_gen_prim_width__parameterized52
INFO: [VRFC 10-311] analyzing module ila_0_blk_mem_gen_v8_4_11_blk_mem_gen_prim_width__parameterized53
INFO: [VRFC 10-311] analyzing module ila_0_blk_mem_gen_v8_4_11_blk_mem_gen_prim_width__parameterized54
INFO: [VRFC 10-311] analyzing module ila_0_blk_mem_gen_v8_4_11_blk_mem_gen_prim_width__parameterized55
INFO: [VRFC 10-311] analyzing module ila_0_blk_mem_gen_v8_4_11_blk_mem_gen_prim_width__parameterized56
INFO: [VRFC 10-311] analyzing module ila_0_blk_mem_gen_v8_4_11_blk_mem_gen_prim_width__parameterized57
INFO: [VRFC 10-311] analyzing module ila_0_blk_mem_gen_v8_4_11_blk_mem_gen_prim_width__parameterized58
INFO: [VRFC 10-311] analyzing module ila_0_blk_mem_gen_v8_4_11_blk_mem_gen_prim_width__parameterized59
INFO: [VRFC 10-311] analyzing module ila_0_blk_mem_gen_v8_4_11_blk_mem_gen_prim_width__parameterized6
INFO: [VRFC 10-311] analyzing module ila_0_blk_mem_gen_v8_4_11_blk_mem_gen_prim_width__parameterized60
INFO: [VRFC 10-311] analyzing module ila_0_blk_mem_gen_v8_4_11_blk_mem_gen_prim_width__parameterized61
INFO: [VRFC 10-311] analyzing module ila_0_blk_mem_gen_v8_4_11_blk_mem_gen_prim_width__parameterized62
INFO: [VRFC 10-311] analyzing module ila_0_blk_mem_gen_v8_4_11_blk_mem_gen_prim_width__parameterized63
INFO: [VRFC 10-311] analyzing module ila_0_blk_mem_gen_v8_4_11_blk_mem_gen_prim_width__parameterized64
INFO: [VRFC 10-311] analyzing module ila_0_blk_mem_gen_v8_4_11_blk_mem_gen_prim_width__parameterized65
INFO: [VRFC 10-311] analyzing module ila_0_blk_mem_gen_v8_4_11_blk_mem_gen_prim_width__parameterized66
INFO: [VRFC 10-311] analyzing module ila_0_blk_mem_gen_v8_4_11_blk_mem_gen_prim_width__parameterized67
INFO: [VRFC 10-311] analyzing module ila_0_blk_mem_gen_v8_4_11_blk_mem_gen_prim_width__parameterized68
INFO: [VRFC 10-311] analyzing module ila_0_blk_mem_gen_v8_4_11_blk_mem_gen_prim_width__parameterized69
INFO: [VRFC 10-311] analyzing module ila_0_blk_mem_gen_v8_4_11_blk_mem_gen_prim_width__parameterized7
INFO: [VRFC 10-311] analyzing module ila_0_blk_mem_gen_v8_4_11_blk_mem_gen_prim_width__parameterized70
INFO: [VRFC 10-311] analyzing module ila_0_blk_mem_gen_v8_4_11_blk_mem_gen_prim_width__parameterized71
INFO: [VRFC 10-311] analyzing module ila_0_blk_mem_gen_v8_4_11_blk_mem_gen_prim_width__parameterized72
INFO: [VRFC 10-311] analyzing module ila_0_blk_mem_gen_v8_4_11_blk_mem_gen_prim_width__parameterized73
INFO: [VRFC 10-311] analyzing module ila_0_blk_mem_gen_v8_4_11_blk_mem_gen_prim_width__parameterized74
INFO: [VRFC 10-311] analyzing module ila_0_blk_mem_gen_v8_4_11_blk_mem_gen_prim_width__parameterized75
INFO: [VRFC 10-311] analyzing module ila_0_blk_mem_gen_v8_4_11_blk_mem_gen_prim_width__parameterized76
INFO: [VRFC 10-311] analyzing module ila_0_blk_mem_gen_v8_4_11_blk_mem_gen_prim_width__parameterized77
INFO: [VRFC 10-311] analyzing module ila_0_blk_mem_gen_v8_4_11_blk_mem_gen_prim_width__parameterized78
INFO: [VRFC 10-311] analyzing module ila_0_blk_mem_gen_v8_4_11_blk_mem_gen_prim_width__parameterized79
INFO: [VRFC 10-311] analyzing module ila_0_blk_mem_gen_v8_4_11_blk_mem_gen_prim_width__parameterized8
INFO: [VRFC 10-311] analyzing module ila_0_blk_mem_gen_v8_4_11_blk_mem_gen_prim_width__parameterized80
INFO: [VRFC 10-311] analyzing module ila_0_blk_mem_gen_v8_4_11_blk_mem_gen_prim_width__parameterized81
INFO: [VRFC 10-311] analyzing module ila_0_blk_mem_gen_v8_4_11_blk_mem_gen_prim_width__parameterized82
INFO: [VRFC 10-311] analyzing module ila_0_blk_mem_gen_v8_4_11_blk_mem_gen_prim_width__parameterized83
INFO: [VRFC 10-311] analyzing module ila_0_blk_mem_gen_v8_4_11_blk_mem_gen_prim_width__parameterized84
INFO: [VRFC 10-311] analyzing module ila_0_blk_mem_gen_v8_4_11_blk_mem_gen_prim_width__parameterized85
INFO: [VRFC 10-311] analyzing module ila_0_blk_mem_gen_v8_4_11_blk_mem_gen_prim_width__parameterized86
INFO: [VRFC 10-311] analyzing module ila_0_blk_mem_gen_v8_4_11_blk_mem_gen_prim_width__parameterized87
INFO: [VRFC 10-311] analyzing module ila_0_blk_mem_gen_v8_4_11_blk_mem_gen_prim_width__parameterized88
INFO: [VRFC 10-311] analyzing module ila_0_blk_mem_gen_v8_4_11_blk_mem_gen_prim_width__parameterized89
INFO: [VRFC 10-311] analyzing module ila_0_blk_mem_gen_v8_4_11_blk_mem_gen_prim_width__parameterized9
INFO: [VRFC 10-311] analyzing module ila_0_blk_mem_gen_v8_4_11_blk_mem_gen_prim_width__parameterized90
INFO: [VRFC 10-311] analyzing module ila_0_blk_mem_gen_v8_4_11_blk_mem_gen_prim_width__parameterized91
INFO: [VRFC 10-311] analyzing module ila_0_blk_mem_gen_v8_4_11_blk_mem_gen_prim_width__parameterized92
INFO: [VRFC 10-311] analyzing module ila_0_blk_mem_gen_v8_4_11_blk_mem_gen_prim_width__parameterized93
INFO: [VRFC 10-311] analyzing module ila_0_blk_mem_gen_v8_4_11_blk_mem_gen_prim_width__parameterized94
INFO: [VRFC 10-311] analyzing module ila_0_blk_mem_gen_v8_4_11_blk_mem_gen_prim_width__parameterized95
INFO: [VRFC 10-311] analyzing module ila_0_blk_mem_gen_v8_4_11_blk_mem_gen_prim_width__parameterized96
INFO: [VRFC 10-311] analyzing module ila_0_blk_mem_gen_v8_4_11_blk_mem_gen_prim_width__parameterized97
INFO: [VRFC 10-311] analyzing module ila_0_blk_mem_gen_v8_4_11_blk_mem_gen_prim_width__parameterized98
INFO: [VRFC 10-311] analyzing module ila_0_blk_mem_gen_v8_4_11_blk_mem_gen_prim_width__parameterized99
INFO: [VRFC 10-311] analyzing module ila_0_blk_mem_gen_v8_4_11_blk_mem_gen_prim_wrapper
INFO: [VRFC 10-311] analyzing module ila_0_blk_mem_gen_v8_4_11_blk_mem_gen_prim_wrapper__parameterized0
INFO: [VRFC 10-311] analyzing module ila_0_blk_mem_gen_v8_4_11_blk_mem_gen_prim_wrapper__parameterized1
INFO: [VRFC 10-311] analyzing module ila_0_blk_mem_gen_v8_4_11_blk_mem_gen_prim_wrapper__parameterized10
INFO: [VRFC 10-311] analyzing module ila_0_blk_mem_gen_v8_4_11_blk_mem_gen_prim_wrapper__parameterized100
INFO: [VRFC 10-311] analyzing module ila_0_blk_mem_gen_v8_4_11_blk_mem_gen_prim_wrapper__parameterized101
INFO: [VRFC 10-311] analyzing module ila_0_blk_mem_gen_v8_4_11_blk_mem_gen_prim_wrapper__parameterized102
INFO: [VRFC 10-311] analyzing module ila_0_blk_mem_gen_v8_4_11_blk_mem_gen_prim_wrapper__parameterized103
INFO: [VRFC 10-311] analyzing module ila_0_blk_mem_gen_v8_4_11_blk_mem_gen_prim_wrapper__parameterized104
INFO: [VRFC 10-311] analyzing module ila_0_blk_mem_gen_v8_4_11_blk_mem_gen_prim_wrapper__parameterized105
INFO: [VRFC 10-311] analyzing module ila_0_blk_mem_gen_v8_4_11_blk_mem_gen_prim_wrapper__parameterized106
INFO: [VRFC 10-311] analyzing module ila_0_blk_mem_gen_v8_4_11_blk_mem_gen_prim_wrapper__parameterized107
INFO: [VRFC 10-311] analyzing module ila_0_blk_mem_gen_v8_4_11_blk_mem_gen_prim_wrapper__parameterized108
INFO: [VRFC 10-311] analyzing module ila_0_blk_mem_gen_v8_4_11_blk_mem_gen_prim_wrapper__parameterized109
INFO: [VRFC 10-311] analyzing module ila_0_blk_mem_gen_v8_4_11_blk_mem_gen_prim_wrapper__parameterized11
INFO: [VRFC 10-311] analyzing module ila_0_blk_mem_gen_v8_4_11_blk_mem_gen_prim_wrapper__parameterized110
INFO: [VRFC 10-311] analyzing module ila_0_blk_mem_gen_v8_4_11_blk_mem_gen_prim_wrapper__parameterized111
INFO: [VRFC 10-311] analyzing module ila_0_blk_mem_gen_v8_4_11_blk_mem_gen_prim_wrapper__parameterized112
INFO: [VRFC 10-311] analyzing module ila_0_blk_mem_gen_v8_4_11_blk_mem_gen_prim_wrapper__parameterized113
INFO: [VRFC 10-311] analyzing module ila_0_blk_mem_gen_v8_4_11_blk_mem_gen_prim_wrapper__parameterized114
INFO: [VRFC 10-311] analyzing module ila_0_blk_mem_gen_v8_4_11_blk_mem_gen_prim_wrapper__parameterized115
INFO: [VRFC 10-311] analyzing module ila_0_blk_mem_gen_v8_4_11_blk_mem_gen_prim_wrapper__parameterized116
INFO: [VRFC 10-311] analyzing module ila_0_blk_mem_gen_v8_4_11_blk_mem_gen_prim_wrapper__parameterized117
INFO: [VRFC 10-311] analyzing module ila_0_blk_mem_gen_v8_4_11_blk_mem_gen_prim_wrapper__parameterized118
INFO: [VRFC 10-311] analyzing module ila_0_blk_mem_gen_v8_4_11_blk_mem_gen_prim_wrapper__parameterized119
INFO: [VRFC 10-311] analyzing module ila_0_blk_mem_gen_v8_4_11_blk_mem_gen_prim_wrapper__parameterized12
INFO: [VRFC 10-311] analyzing module ila_0_blk_mem_gen_v8_4_11_blk_mem_gen_prim_wrapper__parameterized120
INFO: [VRFC 10-311] analyzing module ila_0_blk_mem_gen_v8_4_11_blk_mem_gen_prim_wrapper__parameterized121
INFO: [VRFC 10-311] analyzing module ila_0_blk_mem_gen_v8_4_11_blk_mem_gen_prim_wrapper__parameterized13
INFO: [VRFC 10-311] analyzing module ila_0_blk_mem_gen_v8_4_11_blk_mem_gen_prim_wrapper__parameterized14
INFO: [VRFC 10-311] analyzing module ila_0_blk_mem_gen_v8_4_11_blk_mem_gen_prim_wrapper__parameterized15
INFO: [VRFC 10-311] analyzing module ila_0_blk_mem_gen_v8_4_11_blk_mem_gen_prim_wrapper__parameterized16
INFO: [VRFC 10-311] analyzing module ila_0_blk_mem_gen_v8_4_11_blk_mem_gen_prim_wrapper__parameterized17
INFO: [VRFC 10-311] analyzing module ila_0_blk_mem_gen_v8_4_11_blk_mem_gen_prim_wrapper__parameterized18
INFO: [VRFC 10-311] analyzing module ila_0_blk_mem_gen_v8_4_11_blk_mem_gen_prim_wrapper__parameterized19
INFO: [VRFC 10-311] analyzing module ila_0_blk_mem_gen_v8_4_11_blk_mem_gen_prim_wrapper__parameterized2
INFO: [VRFC 10-311] analyzing module ila_0_blk_mem_gen_v8_4_11_blk_mem_gen_prim_wrapper__parameterized20
INFO: [VRFC 10-311] analyzing module ila_0_blk_mem_gen_v8_4_11_blk_mem_gen_prim_wrapper__parameterized21
INFO: [VRFC 10-311] analyzing module ila_0_blk_mem_gen_v8_4_11_blk_mem_gen_prim_wrapper__parameterized22
INFO: [VRFC 10-311] analyzing module ila_0_blk_mem_gen_v8_4_11_blk_mem_gen_prim_wrapper__parameterized23
INFO: [VRFC 10-311] analyzing module ila_0_blk_mem_gen_v8_4_11_blk_mem_gen_prim_wrapper__parameterized24
INFO: [VRFC 10-311] analyzing module ila_0_blk_mem_gen_v8_4_11_blk_mem_gen_prim_wrapper__parameterized25
INFO: [VRFC 10-311] analyzing module ila_0_blk_mem_gen_v8_4_11_blk_mem_gen_prim_wrapper__parameterized26
INFO: [VRFC 10-311] analyzing module ila_0_blk_mem_gen_v8_4_11_blk_mem_gen_prim_wrapper__parameterized27
INFO: [VRFC 10-311] analyzing module ila_0_blk_mem_gen_v8_4_11_blk_mem_gen_prim_wrapper__parameterized28
INFO: [VRFC 10-311] analyzing module ila_0_blk_mem_gen_v8_4_11_blk_mem_gen_prim_wrapper__parameterized29
INFO: [VRFC 10-311] analyzing module ila_0_blk_mem_gen_v8_4_11_blk_mem_gen_prim_wrapper__parameterized3
INFO: [VRFC 10-311] analyzing module ila_0_blk_mem_gen_v8_4_11_blk_mem_gen_prim_wrapper__parameterized30
INFO: [VRFC 10-311] analyzing module ila_0_blk_mem_gen_v8_4_11_blk_mem_gen_prim_wrapper__parameterized31
INFO: [VRFC 10-311] analyzing module ila_0_blk_mem_gen_v8_4_11_blk_mem_gen_prim_wrapper__parameterized32
INFO: [VRFC 10-311] analyzing module ila_0_blk_mem_gen_v8_4_11_blk_mem_gen_prim_wrapper__parameterized33
INFO: [VRFC 10-311] analyzing module ila_0_blk_mem_gen_v8_4_11_blk_mem_gen_prim_wrapper__parameterized34
INFO: [VRFC 10-311] analyzing module ila_0_blk_mem_gen_v8_4_11_blk_mem_gen_prim_wrapper__parameterized35
INFO: [VRFC 10-311] analyzing module ila_0_blk_mem_gen_v8_4_11_blk_mem_gen_prim_wrapper__parameterized36
INFO: [VRFC 10-311] analyzing module ila_0_blk_mem_gen_v8_4_11_blk_mem_gen_prim_wrapper__parameterized37
INFO: [VRFC 10-311] analyzing module ila_0_blk_mem_gen_v8_4_11_blk_mem_gen_prim_wrapper__parameterized38
INFO: [VRFC 10-311] analyzing module ila_0_blk_mem_gen_v8_4_11_blk_mem_gen_prim_wrapper__parameterized39
INFO: [VRFC 10-311] analyzing module ila_0_blk_mem_gen_v8_4_11_blk_mem_gen_prim_wrapper__parameterized4
INFO: [VRFC 10-311] analyzing module ila_0_blk_mem_gen_v8_4_11_blk_mem_gen_prim_wrapper__parameterized40
INFO: [VRFC 10-311] analyzing module ila_0_blk_mem_gen_v8_4_11_blk_mem_gen_prim_wrapper__parameterized41
INFO: [VRFC 10-311] analyzing module ila_0_blk_mem_gen_v8_4_11_blk_mem_gen_prim_wrapper__parameterized42
INFO: [VRFC 10-311] analyzing module ila_0_blk_mem_gen_v8_4_11_blk_mem_gen_prim_wrapper__parameterized43
INFO: [VRFC 10-311] analyzing module ila_0_blk_mem_gen_v8_4_11_blk_mem_gen_prim_wrapper__parameterized44
INFO: [VRFC 10-311] analyzing module ila_0_blk_mem_gen_v8_4_11_blk_mem_gen_prim_wrapper__parameterized45
INFO: [VRFC 10-311] analyzing module ila_0_blk_mem_gen_v8_4_11_blk_mem_gen_prim_wrapper__parameterized46
INFO: [VRFC 10-311] analyzing module ila_0_blk_mem_gen_v8_4_11_blk_mem_gen_prim_wrapper__parameterized47
INFO: [VRFC 10-311] analyzing module ila_0_blk_mem_gen_v8_4_11_blk_mem_gen_prim_wrapper__parameterized48
INFO: [VRFC 10-311] analyzing module ila_0_blk_mem_gen_v8_4_11_blk_mem_gen_prim_wrapper__parameterized49
INFO: [VRFC 10-311] analyzing module ila_0_blk_mem_gen_v8_4_11_blk_mem_gen_prim_wrapper__parameterized5
INFO: [VRFC 10-311] analyzing module ila_0_blk_mem_gen_v8_4_11_blk_mem_gen_prim_wrapper__parameterized50
INFO: [VRFC 10-311] analyzing module ila_0_blk_mem_gen_v8_4_11_blk_mem_gen_prim_wrapper__parameterized51
INFO: [VRFC 10-311] analyzing module ila_0_blk_mem_gen_v8_4_11_blk_mem_gen_prim_wrapper__parameterized52
INFO: [VRFC 10-311] analyzing module ila_0_blk_mem_gen_v8_4_11_blk_mem_gen_prim_wrapper__parameterized53
INFO: [VRFC 10-311] analyzing module ila_0_blk_mem_gen_v8_4_11_blk_mem_gen_prim_wrapper__parameterized54
INFO: [VRFC 10-311] analyzing module ila_0_blk_mem_gen_v8_4_11_blk_mem_gen_prim_wrapper__parameterized55
INFO: [VRFC 10-311] analyzing module ila_0_blk_mem_gen_v8_4_11_blk_mem_gen_prim_wrapper__parameterized56
INFO: [VRFC 10-311] analyzing module ila_0_blk_mem_gen_v8_4_11_blk_mem_gen_prim_wrapper__parameterized57
INFO: [VRFC 10-311] analyzing module ila_0_blk_mem_gen_v8_4_11_blk_mem_gen_prim_wrapper__parameterized58
INFO: [VRFC 10-311] analyzing module ila_0_blk_mem_gen_v8_4_11_blk_mem_gen_prim_wrapper__parameterized59
INFO: [VRFC 10-311] analyzing module ila_0_blk_mem_gen_v8_4_11_blk_mem_gen_prim_wrapper__parameterized6
INFO: [VRFC 10-311] analyzing module ila_0_blk_mem_gen_v8_4_11_blk_mem_gen_prim_wrapper__parameterized60
INFO: [VRFC 10-311] analyzing module ila_0_blk_mem_gen_v8_4_11_blk_mem_gen_prim_wrapper__parameterized61
INFO: [VRFC 10-311] analyzing module ila_0_blk_mem_gen_v8_4_11_blk_mem_gen_prim_wrapper__parameterized62
INFO: [VRFC 10-311] analyzing module ila_0_blk_mem_gen_v8_4_11_blk_mem_gen_prim_wrapper__parameterized63
INFO: [VRFC 10-311] analyzing module ila_0_blk_mem_gen_v8_4_11_blk_mem_gen_prim_wrapper__parameterized64
INFO: [VRFC 10-311] analyzing module ila_0_blk_mem_gen_v8_4_11_blk_mem_gen_prim_wrapper__parameterized65
INFO: [VRFC 10-311] analyzing module ila_0_blk_mem_gen_v8_4_11_blk_mem_gen_prim_wrapper__parameterized66
INFO: [VRFC 10-311] analyzing module ila_0_blk_mem_gen_v8_4_11_blk_mem_gen_prim_wrapper__parameterized67
INFO: [VRFC 10-311] analyzing module ila_0_blk_mem_gen_v8_4_11_blk_mem_gen_prim_wrapper__parameterized68
INFO: [VRFC 10-311] analyzing module ila_0_blk_mem_gen_v8_4_11_blk_mem_gen_prim_wrapper__parameterized69
INFO: [VRFC 10-311] analyzing module ila_0_blk_mem_gen_v8_4_11_blk_mem_gen_prim_wrapper__parameterized7
INFO: [VRFC 10-311] analyzing module ila_0_blk_mem_gen_v8_4_11_blk_mem_gen_prim_wrapper__parameterized70
INFO: [VRFC 10-311] analyzing module ila_0_blk_mem_gen_v8_4_11_blk_mem_gen_prim_wrapper__parameterized71
INFO: [VRFC 10-311] analyzing module ila_0_blk_mem_gen_v8_4_11_blk_mem_gen_prim_wrapper__parameterized72
INFO: [VRFC 10-311] analyzing module ila_0_blk_mem_gen_v8_4_11_blk_mem_gen_prim_wrapper__parameterized73
INFO: [VRFC 10-311] analyzing module ila_0_blk_mem_gen_v8_4_11_blk_mem_gen_prim_wrapper__parameterized74
INFO: [VRFC 10-311] analyzing module ila_0_blk_mem_gen_v8_4_11_blk_mem_gen_prim_wrapper__parameterized75
INFO: [VRFC 10-311] analyzing module ila_0_blk_mem_gen_v8_4_11_blk_mem_gen_prim_wrapper__parameterized76
INFO: [VRFC 10-311] analyzing module ila_0_blk_mem_gen_v8_4_11_blk_mem_gen_prim_wrapper__parameterized77
INFO: [VRFC 10-311] analyzing module ila_0_blk_mem_gen_v8_4_11_blk_mem_gen_prim_wrapper__parameterized78
INFO: [VRFC 10-311] analyzing module ila_0_blk_mem_gen_v8_4_11_blk_mem_gen_prim_wrapper__parameterized79
INFO: [VRFC 10-311] analyzing module ila_0_blk_mem_gen_v8_4_11_blk_mem_gen_prim_wrapper__parameterized8
INFO: [VRFC 10-311] analyzing module ila_0_blk_mem_gen_v8_4_11_blk_mem_gen_prim_wrapper__parameterized80
INFO: [VRFC 10-311] analyzing module ila_0_blk_mem_gen_v8_4_11_blk_mem_gen_prim_wrapper__parameterized81
INFO: [VRFC 10-311] analyzing module ila_0_blk_mem_gen_v8_4_11_blk_mem_gen_prim_wrapper__parameterized82
INFO: [VRFC 10-311] analyzing module ila_0_blk_mem_gen_v8_4_11_blk_mem_gen_prim_wrapper__parameterized83
INFO: [VRFC 10-311] analyzing module ila_0_blk_mem_gen_v8_4_11_blk_mem_gen_prim_wrapper__parameterized84
INFO: [VRFC 10-311] analyzing module ila_0_blk_mem_gen_v8_4_11_blk_mem_gen_prim_wrapper__parameterized85
INFO: [VRFC 10-311] analyzing module ila_0_blk_mem_gen_v8_4_11_blk_mem_gen_prim_wrapper__parameterized86
INFO: [VRFC 10-311] analyzing module ila_0_blk_mem_gen_v8_4_11_blk_mem_gen_prim_wrapper__parameterized87
INFO: [VRFC 10-311] analyzing module ila_0_blk_mem_gen_v8_4_11_blk_mem_gen_prim_wrapper__parameterized88
INFO: [VRFC 10-311] analyzing module ila_0_blk_mem_gen_v8_4_11_blk_mem_gen_prim_wrapper__parameterized89
INFO: [VRFC 10-311] analyzing module ila_0_blk_mem_gen_v8_4_11_blk_mem_gen_prim_wrapper__parameterized9
INFO: [VRFC 10-311] analyzing module ila_0_blk_mem_gen_v8_4_11_blk_mem_gen_prim_wrapper__parameterized90
INFO: [VRFC 10-311] analyzing module ila_0_blk_mem_gen_v8_4_11_blk_mem_gen_prim_wrapper__parameterized91
INFO: [VRFC 10-311] analyzing module ila_0_blk_mem_gen_v8_4_11_blk_mem_gen_prim_wrapper__parameterized92
INFO: [VRFC 10-311] analyzing module ila_0_blk_mem_gen_v8_4_11_blk_mem_gen_prim_wrapper__parameterized93
INFO: [VRFC 10-311] analyzing module ila_0_blk_mem_gen_v8_4_11_blk_mem_gen_prim_wrapper__parameterized94
INFO: [VRFC 10-311] analyzing module ila_0_blk_mem_gen_v8_4_11_blk_mem_gen_prim_wrapper__parameterized95
INFO: [VRFC 10-311] analyzing module ila_0_blk_mem_gen_v8_4_11_blk_mem_gen_prim_wrapper__parameterized96
INFO: [VRFC 10-311] analyzing module ila_0_blk_mem_gen_v8_4_11_blk_mem_gen_prim_wrapper__parameterized97
INFO: [VRFC 10-311] analyzing module ila_0_blk_mem_gen_v8_4_11_blk_mem_gen_prim_wrapper__parameterized98
INFO: [VRFC 10-311] analyzing module ila_0_blk_mem_gen_v8_4_11_blk_mem_gen_prim_wrapper__parameterized99
INFO: [VRFC 10-311] analyzing module ila_0_blk_mem_gen_v8_4_11_blk_mem_gen_top
INFO: [VRFC 10-311] analyzing module ila_0_blk_mem_gen_v8_4_11_synth
INFO: [VRFC 10-311] analyzing module ram_single_port_blk_mem_gen_generic_cstr
INFO: [VRFC 10-311] analyzing module ram_single_port_blk_mem_gen_generic_cstr_HD6
INFO: [VRFC 10-311] analyzing module ram_single_port_blk_mem_gen_prim_width
INFO: [VRFC 10-311] analyzing module ram_single_port_blk_mem_gen_prim_width_HD7
INFO: [VRFC 10-311] analyzing module ram_single_port_blk_mem_gen_prim_wrapper
INFO: [VRFC 10-311] analyzing module ram_single_port_blk_mem_gen_prim_wrapper_HD8
INFO: [VRFC 10-311] analyzing module ram_single_port_blk_mem_gen_top
INFO: [VRFC 10-311] analyzing module ram_single_port_blk_mem_gen_top_HD5
INFO: [VRFC 10-311] analyzing module ram_single_port_blk_mem_gen_v8_4_11
INFO: [VRFC 10-311] analyzing module ram_single_port_blk_mem_gen_v8_4_11_HD3
INFO: [VRFC 10-311] analyzing module ram_single_port_blk_mem_gen_v8_4_11_synth
INFO: [VRFC 10-311] analyzing module ram_single_port_blk_mem_gen_v8_4_11_synth_HD4
INFO: [VRFC 10-311] analyzing module glbl
Waiting for jobs to finish...
No pending jobs, compilation finished.
INFO: [USF-XSim-69] 'compile' step finished in '2' seconds
INFO: [USF-XSim-3] XSim::Elaborate design
INFO: [USF-XSim-61] Executing 'ELABORATE' step in '/home/xmen/Desktop/SystolicCore/vivado/SystolicCore/SystolicCore.sim/sim_1/impl/func/xsim'
xelab --incr --debug typical --relax --mt 8 -L xil_defaultlib -L uvm -L unisims_ver -L secureip --snapshot tb_func_impl xil_defaultlib.tb xil_defaultlib.glbl -log elaborate.log
Vivado Simulator v2025.1.0
Copyright 1986-2022 Xilinx, Inc. All Rights Reserved.
Copyright 2022-2025 Advanced Micro Devices, Inc. All Rights Reserved.
Running: /home/xmen/amd/2025.1/Vivado/bin/unwrapped/lnx64.o/xelab --incr --debug typical --relax --mt 8 -L xil_defaultlib -L uvm -L unisims_ver -L secureip --snapshot tb_func_impl xil_defaultlib.tb xil_defaultlib.glbl -log elaborate.log 
Using 8 slave threads.
Starting static elaboration
Pass Through NonSizing Optimizer
WARNING: [VRFC 10-3091] actual bit length 32 differs from formal bit length 1 for port 'valid_rx_in' [/home/xmen/Desktop/SystolicCore/tb/tb_fpga.sv:32]
WARNING: [VRFC 10-3091] actual bit length 1 differs from formal bit length 8 for port 'data_rx_out' [/home/xmen/Desktop/SystolicCore/tb/tb_fpga.sv:34]
WARNING: [VRFC 10-3091] actual bit length 12 differs from formal bit length 8 for port 'data_tx_in' [/home/xmen/Desktop/SystolicCore/tb/tb_fpga.sv:37]
Completed static elaboration
Starting simulation data flow analysis
Completed simulation data flow analysis
Time Resolution for simulation is 1ps
Compiling module unisims_ver.LUT4
Compiling module unisims_ver.FDCE_default
Compiling module unisims_ver.x_lut3_mux8
Compiling module unisims_ver.LUT3
Compiling module unisims_ver.x_lut1_mux2
Compiling module unisims_ver.LUT1
Compiling module xil_defaultlib.counter__parameterized0
Compiling module xil_defaultlib.counter__4
Compiling module xil_defaultlib.ref_clock__1
Compiling module unisims_ver.LUT5
Compiling module xil_defaultlib.counter__parameterized1
Compiling module xil_defaultlib.baudRateGenerator
Compiling module unisims_ver.LUT6
Compiling module unisims_ver.x_lut2_mux4
Compiling module unisims_ver.LUT2
Compiling module unisims_ver.FDSE_default
Compiling module unisims_ver.FDPE_default
Compiling module xil_defaultlib.uart_rx
Compiling module xil_defaultlib.counter__parameterized2
Compiling module xil_defaultlib.counter
Compiling module xil_defaultlib.ref_clock
Compiling module xil_defaultlib.counter__parameterized3
Compiling module xil_defaultlib.baudRateGenerator__parameterized...
Compiling module xil_defaultlib.uart_tx
Compiling module xil_defaultlib.uart_top
Compiling module unisims_ver.CARRY4
Compiling module xil_defaultlib.accumulator_cells__1
Compiling module xil_defaultlib.accumulator_cells__2
Compiling module xil_defaultlib.accumulator_cells__3
Compiling module xil_defaultlib.accumulator_cells__4
Compiling module xil_defaultlib.accumulator_cells__5
Compiling module xil_defaultlib.accumulator_cells__6
Compiling module xil_defaultlib.accumulator_cells__7
Compiling module xil_defaultlib.accumulator_cells__8
Compiling module xil_defaultlib.accumulator_cells__9
Compiling module xil_defaultlib.accumulator_cells__10
Compiling module xil_defaultlib.accumulator_cells__11
Compiling module xil_defaultlib.accumulator_cells__12
Compiling module xil_defaultlib.accumulator_cells__13
Compiling module xil_defaultlib.accumulator_cells__14
Compiling module xil_defaultlib.accumulator_cells__15
Compiling module xil_defaultlib.accumulator_cells
Compiling module xil_defaultlib.systolicMatrixMultiply
Compiling module unisims_ver.GND
Compiling module unisims_ver.FDRE_default
Compiling module unisims_ver.RAM64M
Compiling module unisims_ver.SRL16E_default
Compiling module unisims_ver.MUXF7
Compiling module unisims_ver.RB36_INTERNAL_VLOG(DOA_REG=1,DOB...
Compiling module unisims_ver.RAMB36E1(DOA_REG=1,DOB_REG=1,REA...
Compiling module unisims_ver.RB36_INTERNAL_VLOG(DOA_REG=1,DOB...
Compiling module unisims_ver.RAMB36E1(DOA_REG=1,DOB_REG=1,REA...
Compiling module unisims_ver.SRLC32E_default
Compiling module unisims_ver.SRLC16E_default
Compiling module unisims_ver.CFGLUT5_default
Compiling module unisims_ver.MUXF8
Compiling module xil_defaultlib.ila_0
Compiling module xil_defaultlib.counter__parameterized4
Compiling module xil_defaultlib.ref_clock__parameterized0
Compiling module unisims_ver.latchsre_ldce
Compiling module unisims_ver.LDCE
Compiling module xil_defaultlib.mem2seriala
Compiling module unisims_ver.RB18_INTERNAL_VLOG(READ_WIDTH_A=...
Compiling module unisims_ver.RAMB18E1(READ_WIDTH_A=18,READ_WI...
Compiling module xil_defaultlib.ram_single_port_HD2
Compiling module xil_defaultlib.serial2mem__xdcDup__1
Compiling module xil_defaultlib.ram_single_port
Compiling module xil_defaultlib.serial2mem
Compiling module unisims_ver.BUFG
Compiling module xil_defaultlib.systolicControlUnitTop
Compiling module xil_defaultlib.SystolicCoreTop
Compiling module unisims_ver.IBUF
Compiling module xil_defaultlib.xsdbm_v3_0_4_ctl_reg
Compiling module xil_defaultlib.xsdbm_v3_0_4_stat_reg
Compiling module xil_defaultlib.xsdbm_v3_0_4_stat_reg__parameter...
Compiling module xil_defaultlib.xsdbm_v3_0_4_ctl_reg__parameteri...
Compiling module xil_defaultlib.xsdbm_v3_0_4_ctl_reg__parameteri...
Compiling module unisims_ver.VCC
Compiling module xil_defaultlib.synchronizer_ff__parameterized0_...
Compiling module xil_defaultlib.synchronizer_ff__parameterized0_...
Compiling module xil_defaultlib.synchronizer_ff__parameterized0_...
Compiling module xil_defaultlib.synchronizer_ff__parameterized0_...
Compiling module xil_defaultlib.clk_x_pntrs_7
Compiling module xil_defaultlib.rd_fwft
Compiling module xil_defaultlib.rd_status_flags_as_17
Compiling module xil_defaultlib.rd_handshaking_flags__parameteri...
Compiling module xil_defaultlib.rd_bin_cntr_18
Compiling module xil_defaultlib.rd_logic__parameterized0
Compiling module xil_defaultlib.wr_status_flags_as_14
Compiling module xil_defaultlib.wr_handshaking_flags_15
Compiling module xil_defaultlib.wr_bin_cntr_16
Compiling module xil_defaultlib.wr_logic__parameterized0
Compiling module unisims_ver.RAM32M
Compiling module xil_defaultlib.dmem_13
Compiling module xil_defaultlib.memory__parameterized0
Compiling module xil_defaultlib.synchronizer_ff_9
Compiling module xil_defaultlib.synchronizer_ff_10
Compiling module xil_defaultlib.synchronizer_ff_11
Compiling module xil_defaultlib.synchronizer_ff_12
Compiling module xil_defaultlib.reset_blk_ramfifo_8
Compiling module xil_defaultlib.fifo_generator_ramfifo__paramete...
Compiling module xil_defaultlib.fifo_generator_top__parameterize...
Compiling module xil_defaultlib.fifo_generator_v13_1_5_synth__pa...
Compiling module xil_defaultlib.fifo_generator_v13_1_5__paramete...
Compiling module xil_defaultlib.xsdbm_v3_0_4_rdfifo
Compiling module xil_defaultlib.xsdbm_v3_0_4_rdreg
Compiling module xil_defaultlib.synchronizer_ff__parameterized0
Compiling module xil_defaultlib.synchronizer_ff__parameterized0_...
Compiling module xil_defaultlib.synchronizer_ff__parameterized0_...
Compiling module xil_defaultlib.synchronizer_ff__parameterized0_...
Compiling module xil_defaultlib.clk_x_pntrs
Compiling module xil_defaultlib.rd_status_flags_as
Compiling module xil_defaultlib.rd_handshaking_flags
Compiling module xil_defaultlib.rd_bin_cntr
Compiling module xil_defaultlib.rd_logic
Compiling module xil_defaultlib.wr_status_flags_as
Compiling module xil_defaultlib.wr_handshaking_flags
Compiling module xil_defaultlib.wr_bin_cntr
Compiling module xil_defaultlib.wr_logic
Compiling module xil_defaultlib.dmem
Compiling module xil_defaultlib.memory
Compiling module xil_defaultlib.synchronizer_ff
Compiling module xil_defaultlib.synchronizer_ff_1
Compiling module xil_defaultlib.synchronizer_ff_2
Compiling module xil_defaultlib.synchronizer_ff_3
Compiling module xil_defaultlib.reset_blk_ramfifo
Compiling module xil_defaultlib.fifo_generator_ramfifo
Compiling module xil_defaultlib.fifo_generator_top
Compiling module xil_defaultlib.fifo_generator_v13_1_5_synth
Compiling module xil_defaultlib.fifo_generator_v13_1_5
Compiling module xil_defaultlib.xsdbm_v3_0_4_wrfifo
Compiling module xil_defaultlib.xsdbm_v3_0_4_wrreg
Compiling module xil_defaultlib.xsdbm_v3_0_4_ctl_reg__parameteri...
Compiling module xil_defaultlib.xsdbm_v3_0_4_stat_reg__parameter...
Compiling module xil_defaultlib.xsdbm_v3_0_4_if_static_status
Compiling module xil_defaultlib.xsdbm_v3_0_4_if
Compiling module xil_defaultlib.xsdbm_v3_0_4_addr_ctl
Compiling module xil_defaultlib.xsdbm_v3_0_4_burst_wdlen_ctl
Compiling module xil_defaultlib.xsdbm_v3_0_4_bus_ctl_flg__parame...
Compiling module xil_defaultlib.xsdbm_v3_0_4_bus_ctl_flg
Compiling module xil_defaultlib.xsdbm_v3_0_4_bus_ctl_cnt
Compiling module xil_defaultlib.xsdbm_v3_0_4_bus_ctl
Compiling module xil_defaultlib.ltlib_v1_0_3_generic_mux
Compiling module xil_defaultlib.xsdbm_v3_0_4_bus_mstr2sl_if
Compiling module xil_defaultlib.xsdbm_v3_0_4_icon2xsdb
Compiling module xil_defaultlib.xsdbm_v3_0_4_cmd_decode
Compiling module xil_defaultlib.xsdbm_v3_0_4_stat
Compiling module xil_defaultlib.xsdbm_v3_0_4_sync
Compiling module xil_defaultlib.xsdbm_v3_0_4_icon
Compiling module unisims_ver.BSCANE2
Compiling module xil_defaultlib.ltlib_v1_0_3_bscan
Compiling module xil_defaultlib.xsdbm_v3_0_4_bscan_switch
Compiling module xil_defaultlib.xsdbm_v3_0_4_xsdbm_id
Compiling module xil_defaultlib.xsdbm_v3_0_4_xsdbm
Compiling module xil_defaultlib.dbg_hub
Compiling module unisims_ver.OBUF
Compiling module xil_defaultlib.Arty7_top_sim
Compiling module xil_defaultlib.tb
Compiling module xil_defaultlib.glbl
Built simulation snapshot tb_func_impl
execute_script: Time (s): cpu = 00:00:55 ; elapsed = 00:00:15 . Memory (MB): peak = 12000.551 ; gain = 0.000 ; free physical = 4742 ; free virtual = 35224
INFO: [USF-XSim-69] 'elaborate' step finished in '14' seconds
INFO: [USF-XSim-4] XSim::Simulate design
INFO: [USF-XSim-61] Executing 'SIMULATE' step in '/home/xmen/Desktop/SystolicCore/vivado/SystolicCore/SystolicCore.sim/sim_1/impl/func/xsim'
INFO: [USF-XSim-98] *** Running xsim
   with args "tb_func_impl -key {Post-Implementation:sim_1:Functional:tb} -tclbatch {tb.tcl} -view {/home/xmen/Desktop/tb_behav.wcfg} -log {simulate.log}"
INFO: [USF-XSim-8] Loading simulator feature
Time resolution is 1 ps
open_wave_config /home/xmen/Desktop/tb_behav.wcfg
WARNING: Simulation object /tb/a/SystolicCore0/serial2mem_opA/\\mem_fsm[0]_i_2_n_0   was not found in the design.
WARNING: Simulation object /tb/a/SystolicCore0/serial2mem_opA/\\mem_fsm[1]_i_2_n_0   was not found in the design.
WARNING: Simulation object /tb/a/SystolicCore0/serial2mem_opB/\\mem_fsm[0]_i_2_n_0   was not found in the design.
WARNING: Simulation object /tb/a/SystolicCore0/serial2mem_opB/\\mem_fsm[1]_i_2_n_0   was not found in the design.
WARNING: Simulation object /tb/a/SystolicCore0/DUT_MatrixMultiplyM0/\\FSM_sequential_currentStateSystolicControlUnit[0]_i_2_n_0   was not found in the design.
WARNING: Simulation object /tb/a/SystolicCore0/DUT_MatrixMultiplyM0/\\FSM_sequential_currentStateSystolicControlUnit[0]_i_3_n_0   was not found in the design.
source tb.tcl
# set curr_wave [current_wave_config]
# if { [string length $curr_wave] == 0 } {
#   if { [llength [get_objects]] > 0} {
#     add_wave /
#     set_property needs_save false [current_wave_config]
#   } else {
#      send_msg_id Add_Wave-1 WARNING "No top level signals found. Simulator will start without a wave window. If you want to open a wave window go to 'File->New Waveform Configuration' or type 'create_wave_config' in the TCL console."
#   }
# }
# run 1000ns
INFO: [USF-XSim-96] XSim completed. Design snapshot 'tb_func_impl' loaded.
INFO: [USF-XSim-97] XSim simulation ran for 1000ns
launch_simulation: Time (s): cpu = 00:01:14 ; elapsed = 00:00:28 . Memory (MB): peak = 12000.551 ; gain = 1449.520 ; free physical = 4549 ; free virtual = 35015
run all
run: Time (s): cpu = 00:01:03 ; elapsed = 00:11:24 . Memory (MB): peak = 12000.551 ; gain = 0.000 ; free physical = 4368 ; free virtual = 34867
connect_hw_server -allow_non_jtag
INFO: [Labtools 27-2285] Connecting to hw_server url TCP:localhost:3121
INFO: [Labtools 27-2222] Launching hw_server...
INFO: [Labtools 27-2221] Launch Output:

****** Xilinx hw_server v2025.1
  **** Build date : May  6 2025 at 15:14:51
    ** Copyright 1986-2022 Xilinx, Inc. All Rights Reserved.


INFO: [Labtools 27-3415] Connecting to cs_server url TCP:localhost:0
INFO: [Labtools 27-3417] Launching cs_server...
INFO: [Labtools 27-2221] Launch Output:


******** Xilinx cs_server v2025.1.0
  ****** Build date   : May 13 2025-16:15:27
    **** Build number : 2025.1.1747163727
      ** Copyright 2017-2022 Xilinx, Inc. All Rights Reserved.
      ** Copyright 2022-2025 Advanced Micro Devices, Inc. All Rights Reserved.



open_hw_target
INFO: [Labtoolstcl 44-466] Opening hw_target localhost:3121/xilinx_tcf/Digilent/210319B9B255A
set_property PROGRAM.FILE {/home/xmen/Desktop/SystolicCore/vivado/SystolicCore/SystolicCore.runs/impl_1/Arty7_top_sim.bit} [get_hw_devices xc7a100t_0]
set_property PROBES.FILE {/home/xmen/Desktop/SystolicCore/vivado/SystolicCore/SystolicCore.runs/impl_1/Arty7_top_sim.ltx} [get_hw_devices xc7a100t_0]
set_property FULL_PROBES.FILE {/home/xmen/Desktop/SystolicCore/vivado/SystolicCore/SystolicCore.runs/impl_1/Arty7_top_sim.ltx} [get_hw_devices xc7a100t_0]
current_hw_device [get_hw_devices xc7a100t_0]
refresh_hw_device [lindex [get_hw_devices xc7a100t_0] 0]
INFO: [Labtools 27-2302] Device xc7a100t (JTAG device index = 0) is programmed with a design that has 1 ILA core(s).
display_hw_ila_data [ get_hw_ila_data hw_ila_data_1 -of_objects [get_hw_ilas -of_objects [get_hw_devices xc7a100t_0] -filter {CELL_NAME=~"SystolicCore0/ILA"}]]
set_property PROBES.FILE {/home/xmen/Desktop/SystolicCore/vivado/SystolicCore/SystolicCore.runs/impl_1/Arty7_top_sim.ltx} [get_hw_devices xc7a100t_0]
set_property FULL_PROBES.FILE {/home/xmen/Desktop/SystolicCore/vivado/SystolicCore/SystolicCore.runs/impl_1/Arty7_top_sim.ltx} [get_hw_devices xc7a100t_0]
set_property PROGRAM.FILE {/home/xmen/Desktop/SystolicCore/vivado/SystolicCore/SystolicCore.runs/impl_1/Arty7_top_sim.bit} [get_hw_devices xc7a100t_0]
program_hw_devices [get_hw_devices xc7a100t_0]
INFO: [Labtools 27-3164] End of startup status: HIGH
refresh_hw_device [lindex [get_hw_devices xc7a100t_0] 0]
INFO: [Labtools 27-2302] Device xc7a100t (JTAG device index = 0) is programmed with a design that has 1 ILA core(s).
run_hw_ila [get_hw_ilas -of_objects [get_hw_devices xc7a100t_0] -filter {CELL_NAME=~"SystolicCore0/ILA"}]
INFO: [Labtools 27-1964] The ILA core 'hw_ila_1' trigger was armed at 2025-Nov-12 16:15:24
wait_on_hw_ila [get_hw_ilas -of_objects [get_hw_devices xc7a100t_0] -filter {CELL_NAME=~"SystolicCore0/ILA"}]
display_hw_ila_data [upload_hw_ila_data [get_hw_ilas -of_objects [get_hw_devices xc7a100t_0] -filter {CELL_NAME=~"SystolicCore0/ILA"}]]
INFO: [Labtools 27-1966] The ILA core 'hw_ila_1' triggered at 2025-Nov-12 16:16:02
INFO: [Labtools 27-3304] ILA Waveform data saved to file /home/xmen/Desktop/SystolicCore/vivado/SystolicCore/SystolicCore.hw/backup/hw_ila_data_1.ila. Use Tcl command 'read_hw_ila_data' or Vivado File->Import->Import ILA Data menu item to import the previously saved data.
run_hw_ila [get_hw_ilas -of_objects [get_hw_devices xc7a100t_0] -filter {CELL_NAME=~"SystolicCore0/ILA"}]
INFO: [Labtools 27-1964] The ILA core 'hw_ila_1' trigger was armed at 2025-Nov-12 16:16:05
wait_on_hw_ila [get_hw_ilas -of_objects [get_hw_devices xc7a100t_0] -filter {CELL_NAME=~"SystolicCore0/ILA"}]
display_hw_ila_data [upload_hw_ila_data [get_hw_ilas -of_objects [get_hw_devices xc7a100t_0] -filter {CELL_NAME=~"SystolicCore0/ILA"}]]
INFO: [Labtools 27-1966] The ILA core 'hw_ila_1' triggered at 2025-Nov-12 16:16:10
INFO: [Labtools 27-3304] ILA Waveform data saved to file /home/xmen/Desktop/SystolicCore/vivado/SystolicCore/SystolicCore.hw/backup/hw_ila_data_1.ila. Use Tcl command 'read_hw_ila_data' or Vivado File->Import->Import ILA Data menu item to import the previously saved data.
run_hw_ila [get_hw_ilas -of_objects [get_hw_devices xc7a100t_0] -filter {CELL_NAME=~"SystolicCore0/ILA"}]
INFO: [Labtools 27-1964] The ILA core 'hw_ila_1' trigger was armed at 2025-Nov-12 16:16:13
wait_on_hw_ila [get_hw_ilas -of_objects [get_hw_devices xc7a100t_0] -filter {CELL_NAME=~"SystolicCore0/ILA"}]
display_hw_ila_data [upload_hw_ila_data [get_hw_ilas -of_objects [get_hw_devices xc7a100t_0] -filter {CELL_NAME=~"SystolicCore0/ILA"}]]
INFO: [Labtools 27-1966] The ILA core 'hw_ila_1' triggered at 2025-Nov-12 16:16:13
INFO: [Labtools 27-3304] ILA Waveform data saved to file /home/xmen/Desktop/SystolicCore/vivado/SystolicCore/SystolicCore.hw/backup/hw_ila_data_1.ila. Use Tcl command 'read_hw_ila_data' or Vivado File->Import->Import ILA Data menu item to import the previously saved data.
run_hw_ila [get_hw_ilas -of_objects [get_hw_devices xc7a100t_0] -filter {CELL_NAME=~"SystolicCore0/ILA"}]
INFO: [Labtools 27-1964] The ILA core 'hw_ila_1' trigger was armed at 2025-Nov-12 16:16:16
save_wave_config {/home/xmen/Desktop/SystolicCore/vivado/SystolicCore/SystolicCore.hw/hw_1/wave/hw_ila_data_1/hw_ila_data_1.wcfg}
WARNING: [IP_Flow 19-4067] Ignoring invalid widget type specified checkbox.Providing a default widget
WARNING: [IP_Flow 19-4331] Invalid usage of property - Setting value property on PARAM_VALUE.ALL_PROBE_SAME_MU is not allowed in procedure update_gui_for_PARAM_VALUE.C_ADV_TRIGGER
set_property CONFIG.C_NUM_OF_PROBES {19} [get_ips ila_0]
generate_target all [get_files  /home/xmen/Desktop/SystolicCore/vivado/SystolicCore/SystolicCore.srcs/sources_1/ip/ila_0_1/ila_0.xci]
INFO: [IP_Flow 19-1686] Generating 'Instantiation Template' target for IP 'ila_0'...
INFO: [IP_Flow 19-1686] Generating 'Synthesis' target for IP 'ila_0'...
WARNING: [IP_Flow 19-4994] Overwriting existing constraint file '/home/xmen/Desktop/SystolicCore/vivado/SystolicCore/SystolicCore.gen/sources_1/ip/ila_0_1/ila_0_ooc.xdc'
INFO: [IP_Flow 19-1686] Generating 'Simulation' target for IP 'ila_0'...
INFO: [IP_Flow 19-1686] Generating 'Implementation' target for IP 'ila_0'...
INFO: [IP_Flow 19-1686] Generating 'Change Log' target for IP 'ila_0'...
catch { config_ip_cache -export [get_ips -all ila_0] }
export_ip_user_files -of_objects [get_files /home/xmen/Desktop/SystolicCore/vivado/SystolicCore/SystolicCore.srcs/sources_1/ip/ila_0_1/ila_0.xci] -no_script -sync -force -quiet
reset_run ila_0_synth_1
launch_runs ila_0_synth_1 -jobs 32
[Wed Nov 12 16:22:59 2025] Launched ila_0_synth_1...
Run output will be captured here: /home/xmen/Desktop/SystolicCore/vivado/SystolicCore/SystolicCore.runs/ila_0_synth_1/runme.log
export_simulation -lib_map_path [list {modelsim=/home/xmen/Desktop/SystolicCore/vivado/SystolicCore/SystolicCore.cache/compile_simlib/modelsim} {questa=/home/xmen/Desktop/SystolicCore/vivado/SystolicCore/SystolicCore.cache/compile_simlib/questa} {xcelium=/home/xmen/Desktop/SystolicCore/vivado/SystolicCore/SystolicCore.cache/compile_simlib/xcelium} {vcs=/home/xmen/Desktop/SystolicCore/vivado/SystolicCore/SystolicCore.cache/compile_simlib/vcs} {riviera=/home/xmen/Desktop/SystolicCore/vivado/SystolicCore/SystolicCore.cache/compile_simlib/riviera}] -of_objects [get_files /home/xmen/Desktop/SystolicCore/vivado/SystolicCore/SystolicCore.srcs/sources_1/ip/ila_0_1/ila_0.xci] -directory /home/xmen/Desktop/SystolicCore/vivado/SystolicCore/SystolicCore.ip_user_files/sim_scripts -ip_user_files_dir /home/xmen/Desktop/SystolicCore/vivado/SystolicCore/SystolicCore.ip_user_files -ipstatic_source_dir /home/xmen/Desktop/SystolicCore/vivado/SystolicCore/SystolicCore.ip_user_files/ipstatic -use_ip_compiled_libs -force -quiet
reset_run synth_1
INFO: [Project 1-1161] Replacing file /home/xmen/Desktop/SystolicCore/vivado/SystolicCore/SystolicCore.srcs/utils_1/imports/synth_1/Arty7_top_sim.dcp with file /home/xmen/Desktop/SystolicCore/vivado/SystolicCore/SystolicCore.runs/synth_1/Arty7_top_sim.dcp
launch_runs impl_1 -to_step write_bitstream -jobs 32
[Wed Nov 12 16:25:29 2025] Launched synth_1...
Run output will be captured here: /home/xmen/Desktop/SystolicCore/vivado/SystolicCore/SystolicCore.runs/synth_1/runme.log
[Wed Nov 12 16:25:29 2025] Launched impl_1...
Run output will be captured here: /home/xmen/Desktop/SystolicCore/vivado/SystolicCore/SystolicCore.runs/impl_1/runme.log
set_property PROBES.FILE {/home/xmen/Desktop/SystolicCore/vivado/SystolicCore/SystolicCore.runs/impl_1/Arty7_top_sim.ltx} [get_hw_devices xc7a100t_0]
set_property FULL_PROBES.FILE {/home/xmen/Desktop/SystolicCore/vivado/SystolicCore/SystolicCore.runs/impl_1/Arty7_top_sim.ltx} [get_hw_devices xc7a100t_0]
set_property PROGRAM.FILE {/home/xmen/Desktop/SystolicCore/vivado/SystolicCore/SystolicCore.runs/impl_1/Arty7_top_sim.bit} [get_hw_devices xc7a100t_0]
program_hw_devices [get_hw_devices xc7a100t_0]
INFO: [Labtools 27-3164] End of startup status: HIGH
refresh_hw_device [lindex [get_hw_devices xc7a100t_0] 0]
INFO: [Labtools 27-2302] Device xc7a100t (JTAG device index = 0) is programmed with a design that has 1 ILA core(s).
display_hw_ila_data [ get_hw_ila_data hw_ila_data_1 -of_objects [get_hw_ilas -of_objects [get_hw_devices xc7a100t_0] -filter {CELL_NAME=~"SystolicCore0/ILA"}]]
set_property PROBES.FILE {/home/xmen/Desktop/SystolicCore/vivado/SystolicCore/SystolicCore.runs/impl_1/Arty7_top_sim.ltx} [get_hw_devices xc7a100t_0]
set_property FULL_PROBES.FILE {/home/xmen/Desktop/SystolicCore/vivado/SystolicCore/SystolicCore.runs/impl_1/Arty7_top_sim.ltx} [get_hw_devices xc7a100t_0]
set_property PROGRAM.FILE {/home/xmen/Desktop/SystolicCore/vivado/SystolicCore/SystolicCore.runs/impl_1/Arty7_top_sim.bit} [get_hw_devices xc7a100t_0]
program_hw_devices [get_hw_devices xc7a100t_0]
INFO: [Labtools 27-3164] End of startup status: HIGH
refresh_hw_device [lindex [get_hw_devices xc7a100t_0] 0]
INFO: [Labtools 27-2302] Device xc7a100t (JTAG device index = 0) is programmed with a design that has 1 ILA core(s).
set_property PROBES.FILE {/home/xmen/Desktop/SystolicCore/vivado/SystolicCore/SystolicCore.runs/impl_1/Arty7_top_sim.ltx} [get_hw_devices xc7a100t_0]
set_property FULL_PROBES.FILE {/home/xmen/Desktop/SystolicCore/vivado/SystolicCore/SystolicCore.runs/impl_1/Arty7_top_sim.ltx} [get_hw_devices xc7a100t_0]
set_property PROGRAM.FILE {/home/xmen/Desktop/SystolicCore/vivado/SystolicCore/SystolicCore.runs/impl_1/Arty7_top_sim.bit} [get_hw_devices xc7a100t_0]
program_hw_devices [get_hw_devices xc7a100t_0]
INFO: [Labtools 27-3164] End of startup status: HIGH
refresh_hw_device [lindex [get_hw_devices xc7a100t_0] 0]
INFO: [Labtools 27-2302] Device xc7a100t (JTAG device index = 0) is programmed with a design that has 1 ILA core(s).
set_property TRIGGER_COMPARE_VALUE eq1'bX [get_hw_probes SystolicCore0/uart_sdata_rx_in -of_objects [get_hw_ilas -of_objects [get_hw_devices xc7a100t_0] -filter {CELL_NAME=~"SystolicCore0/ILA"}]]
run_hw_ila [get_hw_ilas -of_objects [get_hw_devices xc7a100t_0] -filter {CELL_NAME=~"SystolicCore0/ILA"}]
INFO: [Labtools 27-1964] The ILA core 'hw_ila_1' trigger was armed at 2025-Nov-12 16:30:03
wait_on_hw_ila [get_hw_ilas -of_objects [get_hw_devices xc7a100t_0] -filter {CELL_NAME=~"SystolicCore0/ILA"}]
display_hw_ila_data [upload_hw_ila_data [get_hw_ilas -of_objects [get_hw_devices xc7a100t_0] -filter {CELL_NAME=~"SystolicCore0/ILA"}]]
INFO: [Labtools 27-1966] The ILA core 'hw_ila_1' triggered at 2025-Nov-12 16:30:03
INFO: [Labtools 27-3304] ILA Waveform data saved to file /home/xmen/Desktop/SystolicCore/vivado/SystolicCore/SystolicCore.hw/backup/hw_ila_data_1.ila. Use Tcl command 'read_hw_ila_data' or Vivado File->Import->Import ILA Data menu item to import the previously saved data.
run_hw_ila [get_hw_ilas -of_objects [get_hw_devices xc7a100t_0] -filter {CELL_NAME=~"SystolicCore0/ILA"}]
INFO: [Labtools 27-1964] The ILA core 'hw_ila_1' trigger was armed at 2025-Nov-12 16:30:06
wait_on_hw_ila [get_hw_ilas -of_objects [get_hw_devices xc7a100t_0] -filter {CELL_NAME=~"SystolicCore0/ILA"}]
display_hw_ila_data [upload_hw_ila_data [get_hw_ilas -of_objects [get_hw_devices xc7a100t_0] -filter {CELL_NAME=~"SystolicCore0/ILA"}]]
INFO: [Labtools 27-1966] The ILA core 'hw_ila_1' triggered at 2025-Nov-12 16:30:06
INFO: [Labtools 27-3304] ILA Waveform data saved to file /home/xmen/Desktop/SystolicCore/vivado/SystolicCore/SystolicCore.hw/backup/hw_ila_data_1.ila. Use Tcl command 'read_hw_ila_data' or Vivado File->Import->Import ILA Data menu item to import the previously saved data.
run_hw_ila [get_hw_ilas -of_objects [get_hw_devices xc7a100t_0] -filter {CELL_NAME=~"SystolicCore0/ILA"}]
INFO: [Labtools 27-1964] The ILA core 'hw_ila_1' trigger was armed at 2025-Nov-12 16:30:09
wait_on_hw_ila [get_hw_ilas -of_objects [get_hw_devices xc7a100t_0] -filter {CELL_NAME=~"SystolicCore0/ILA"}]
display_hw_ila_data [upload_hw_ila_data [get_hw_ilas -of_objects [get_hw_devices xc7a100t_0] -filter {CELL_NAME=~"SystolicCore0/ILA"}]]
INFO: [Labtools 27-1966] The ILA core 'hw_ila_1' triggered at 2025-Nov-12 16:30:09
INFO: [Labtools 27-3304] ILA Waveform data saved to file /home/xmen/Desktop/SystolicCore/vivado/SystolicCore/SystolicCore.hw/backup/hw_ila_data_1.ila. Use Tcl command 'read_hw_ila_data' or Vivado File->Import->Import ILA Data menu item to import the previously saved data.
run_hw_ila [get_hw_ilas -of_objects [get_hw_devices xc7a100t_0] -filter {CELL_NAME=~"SystolicCore0/ILA"}]
INFO: [Labtools 27-1964] The ILA core 'hw_ila_1' trigger was armed at 2025-Nov-12 16:30:12
wait_on_hw_ila [get_hw_ilas -of_objects [get_hw_devices xc7a100t_0] -filter {CELL_NAME=~"SystolicCore0/ILA"}]
display_hw_ila_data [upload_hw_ila_data [get_hw_ilas -of_objects [get_hw_devices xc7a100t_0] -filter {CELL_NAME=~"SystolicCore0/ILA"}]]
INFO: [Labtools 27-1966] The ILA core 'hw_ila_1' triggered at 2025-Nov-12 16:30:12
INFO: [Labtools 27-3304] ILA Waveform data saved to file /home/xmen/Desktop/SystolicCore/vivado/SystolicCore/SystolicCore.hw/backup/hw_ila_data_1.ila. Use Tcl command 'read_hw_ila_data' or Vivado File->Import->Import ILA Data menu item to import the previously saved data.
run_hw_ila [get_hw_ilas -of_objects [get_hw_devices xc7a100t_0] -filter {CELL_NAME=~"SystolicCore0/ILA"}]
INFO: [Labtools 27-1964] The ILA core 'hw_ila_1' trigger was armed at 2025-Nov-12 16:30:16
wait_on_hw_ila [get_hw_ilas -of_objects [get_hw_devices xc7a100t_0] -filter {CELL_NAME=~"SystolicCore0/ILA"}]
display_hw_ila_data [upload_hw_ila_data [get_hw_ilas -of_objects [get_hw_devices xc7a100t_0] -filter {CELL_NAME=~"SystolicCore0/ILA"}]]
INFO: [Labtools 27-1966] The ILA core 'hw_ila_1' triggered at 2025-Nov-12 16:30:16
INFO: [Labtools 27-3304] ILA Waveform data saved to file /home/xmen/Desktop/SystolicCore/vivado/SystolicCore/SystolicCore.hw/backup/hw_ila_data_1.ila. Use Tcl command 'read_hw_ila_data' or Vivado File->Import->Import ILA Data menu item to import the previously saved data.
run_hw_ila [get_hw_ilas -of_objects [get_hw_devices xc7a100t_0] -filter {CELL_NAME=~"SystolicCore0/ILA"}]
INFO: [Labtools 27-1964] The ILA core 'hw_ila_1' trigger was armed at 2025-Nov-12 16:30:19
wait_on_hw_ila [get_hw_ilas -of_objects [get_hw_devices xc7a100t_0] -filter {CELL_NAME=~"SystolicCore0/ILA"}]
display_hw_ila_data [upload_hw_ila_data [get_hw_ilas -of_objects [get_hw_devices xc7a100t_0] -filter {CELL_NAME=~"SystolicCore0/ILA"}]]
INFO: [Labtools 27-1966] The ILA core 'hw_ila_1' triggered at 2025-Nov-12 16:30:19
INFO: [Labtools 27-3304] ILA Waveform data saved to file /home/xmen/Desktop/SystolicCore/vivado/SystolicCore/SystolicCore.hw/backup/hw_ila_data_1.ila. Use Tcl command 'read_hw_ila_data' or Vivado File->Import->Import ILA Data menu item to import the previously saved data.
run_hw_ila [get_hw_ilas -of_objects [get_hw_devices xc7a100t_0] -filter {CELL_NAME=~"SystolicCore0/ILA"}]
INFO: [Labtools 27-1964] The ILA core 'hw_ila_1' trigger was armed at 2025-Nov-12 16:30:22
wait_on_hw_ila [get_hw_ilas -of_objects [get_hw_devices xc7a100t_0] -filter {CELL_NAME=~"SystolicCore0/ILA"}]
display_hw_ila_data [upload_hw_ila_data [get_hw_ilas -of_objects [get_hw_devices xc7a100t_0] -filter {CELL_NAME=~"SystolicCore0/ILA"}]]
INFO: [Labtools 27-1966] The ILA core 'hw_ila_1' triggered at 2025-Nov-12 16:30:22
INFO: [Labtools 27-3304] ILA Waveform data saved to file /home/xmen/Desktop/SystolicCore/vivado/SystolicCore/SystolicCore.hw/backup/hw_ila_data_1.ila. Use Tcl command 'read_hw_ila_data' or Vivado File->Import->Import ILA Data menu item to import the previously saved data.
run_hw_ila [get_hw_ilas -of_objects [get_hw_devices xc7a100t_0] -filter {CELL_NAME=~"SystolicCore0/ILA"}]
INFO: [Labtools 27-1964] The ILA core 'hw_ila_1' trigger was armed at 2025-Nov-12 16:30:26
wait_on_hw_ila [get_hw_ilas -of_objects [get_hw_devices xc7a100t_0] -filter {CELL_NAME=~"SystolicCore0/ILA"}]
display_hw_ila_data [upload_hw_ila_data [get_hw_ilas -of_objects [get_hw_devices xc7a100t_0] -filter {CELL_NAME=~"SystolicCore0/ILA"}]]
INFO: [Labtools 27-1966] The ILA core 'hw_ila_1' triggered at 2025-Nov-12 16:30:26
INFO: [Labtools 27-3304] ILA Waveform data saved to file /home/xmen/Desktop/SystolicCore/vivado/SystolicCore/SystolicCore.hw/backup/hw_ila_data_1.ila. Use Tcl command 'read_hw_ila_data' or Vivado File->Import->Import ILA Data menu item to import the previously saved data.
run_hw_ila [get_hw_ilas -of_objects [get_hw_devices xc7a100t_0] -filter {CELL_NAME=~"SystolicCore0/ILA"}]
INFO: [Labtools 27-1964] The ILA core 'hw_ila_1' trigger was armed at 2025-Nov-12 16:30:29
wait_on_hw_ila [get_hw_ilas -of_objects [get_hw_devices xc7a100t_0] -filter {CELL_NAME=~"SystolicCore0/ILA"}]
display_hw_ila_data [upload_hw_ila_data [get_hw_ilas -of_objects [get_hw_devices xc7a100t_0] -filter {CELL_NAME=~"SystolicCore0/ILA"}]]
INFO: [Labtools 27-1966] The ILA core 'hw_ila_1' triggered at 2025-Nov-12 16:30:29
INFO: [Labtools 27-3304] ILA Waveform data saved to file /home/xmen/Desktop/SystolicCore/vivado/SystolicCore/SystolicCore.hw/backup/hw_ila_data_1.ila. Use Tcl command 'read_hw_ila_data' or Vivado File->Import->Import ILA Data menu item to import the previously saved data.
set_property TRIGGER_COMPARE_VALUE eq1'bF [get_hw_probes SystolicCore0/systolicControlUnit_syst_rvalid_o -of_objects [get_hw_ilas -of_objects [get_hw_devices xc7a100t_0] -filter {CELL_NAME=~"SystolicCore0/ILA"}]]
run_hw_ila [get_hw_ilas -of_objects [get_hw_devices xc7a100t_0] -filter {CELL_NAME=~"SystolicCore0/ILA"}]
INFO: [Labtools 27-1964] The ILA core 'hw_ila_1' trigger was armed at 2025-Nov-12 16:30:32
add_wave -into {hw_ila_data_1.wcfg} -radix hex { {SystolicCore0/systolicControlUnit_syst_rvalid_o} {SystolicCore0/uart_sdata_rx_in} }
add_wave -into {hw_ila_data_1.wcfg} -radix unsigned { {SystolicCore0/mem2serial_pmatrix_in[0][0]} {SystolicCore0/mem2serial_pmatrix_in[0][1]} {SystolicCore0/mem2serial_pmatrix_in[0][2]} {SystolicCore0/mem2serial_pmatrix_in[0][3]} {SystolicCore0/mem2serial_pmatrix_in[1][0]} {SystolicCore0/mem2serial_pmatrix_in[1][1]} {SystolicCore0/mem2serial_pmatrix_in[1][2]} {SystolicCore0/mem2serial_pmatrix_in[1][3]} {SystolicCore0/mem2serial_pmatrix_in[2][0]} {SystolicCore0/mem2serial_pmatrix_in[2][1]} {SystolicCore0/mem2serial_pmatrix_in[2][2]} {SystolicCore0/mem2serial_pmatrix_in[2][3]} {SystolicCore0/mem2serial_pmatrix_in[3][0]} {SystolicCore0/mem2serial_pmatrix_in[3][1]} {SystolicCore0/mem2serial_pmatrix_in[3][2]} {SystolicCore0/mem2serial_pmatrix_in[3][3]} {SystolicCore0/uart_data_rx_out} }
wait_on_hw_ila [get_hw_ilas -of_objects [get_hw_devices xc7a100t_0] -filter {CELL_NAME=~"SystolicCore0/ILA"}]
display_hw_ila_data [upload_hw_ila_data [get_hw_ilas -of_objects [get_hw_devices xc7a100t_0] -filter {CELL_NAME=~"SystolicCore0/ILA"}]]
INFO: [Labtools 27-1966] The ILA core 'hw_ila_1' triggered at 2025-Nov-12 16:32:13
INFO: [Labtools 27-3304] ILA Waveform data saved to file /home/xmen/Desktop/SystolicCore/vivado/SystolicCore/SystolicCore.hw/backup/hw_ila_data_1.ila. Use Tcl command 'read_hw_ila_data' or Vivado File->Import->Import ILA Data menu item to import the previously saved data.
run_hw_ila [get_hw_ilas -of_objects [get_hw_devices xc7a100t_0] -filter {CELL_NAME=~"SystolicCore0/ILA"}]
INFO: [Labtools 27-1964] The ILA core 'hw_ila_1' trigger was armed at 2025-Nov-12 16:32:16
set_property PROBES.FILE {/home/xmen/Desktop/SystolicCore/vivado/SystolicCore/SystolicCore.runs/impl_1/Arty7_top_sim.ltx} [get_hw_devices xc7a100t_0]
set_property FULL_PROBES.FILE {/home/xmen/Desktop/SystolicCore/vivado/SystolicCore/SystolicCore.runs/impl_1/Arty7_top_sim.ltx} [get_hw_devices xc7a100t_0]
set_property PROGRAM.FILE {/home/xmen/Desktop/SystolicCore/vivado/SystolicCore/SystolicCore.runs/impl_1/Arty7_top_sim.bit} [get_hw_devices xc7a100t_0]
program_hw_devices [get_hw_devices xc7a100t_0]
INFO: [Labtools 27-3164] End of startup status: HIGH
refresh_hw_device [lindex [get_hw_devices xc7a100t_0] 0]
INFO: [Labtools 27-2302] Device xc7a100t (JTAG device index = 0) is programmed with a design that has 1 ILA core(s).
run_hw_ila [get_hw_ilas -of_objects [get_hw_devices xc7a100t_0] -filter {CELL_NAME=~"SystolicCore0/ILA"}]
INFO: [Labtools 27-1964] The ILA core 'hw_ila_1' trigger was armed at 2025-Nov-12 16:37:44
set_property TRIGGER_COMPARE_VALUE eq1'bR [get_hw_probes SystolicCore0/systolicControlUnit_syst_rvalid_o -of_objects [get_hw_ilas -of_objects [get_hw_devices xc7a100t_0] -filter {CELL_NAME=~"SystolicCore0/ILA"}]]
set_property PROBES.FILE {/home/xmen/Desktop/SystolicCore/vivado/SystolicCore/SystolicCore.runs/impl_1/Arty7_top_sim.ltx} [get_hw_devices xc7a100t_0]
set_property FULL_PROBES.FILE {/home/xmen/Desktop/SystolicCore/vivado/SystolicCore/SystolicCore.runs/impl_1/Arty7_top_sim.ltx} [get_hw_devices xc7a100t_0]
set_property PROGRAM.FILE {/home/xmen/Desktop/SystolicCore/vivado/SystolicCore/SystolicCore.runs/impl_1/Arty7_top_sim.bit} [get_hw_devices xc7a100t_0]
program_hw_devices [get_hw_devices xc7a100t_0]
INFO: [Labtools 27-3164] End of startup status: HIGH
refresh_hw_device [lindex [get_hw_devices xc7a100t_0] 0]
INFO: [Labtools 27-2302] Device xc7a100t (JTAG device index = 0) is programmed with a design that has 1 ILA core(s).
run_hw_ila [get_hw_ilas -of_objects [get_hw_devices xc7a100t_0] -filter {CELL_NAME=~"SystolicCore0/ILA"}]
INFO: [Labtools 27-1964] The ILA core 'hw_ila_1' trigger was armed at 2025-Nov-12 16:39:51
wait_on_hw_ila [get_hw_ilas -of_objects [get_hw_devices xc7a100t_0] -filter {CELL_NAME=~"SystolicCore0/ILA"}]
display_hw_ila_data [upload_hw_ila_data [get_hw_ilas -of_objects [get_hw_devices xc7a100t_0] -filter {CELL_NAME=~"SystolicCore0/ILA"}]]
INFO: [Labtools 27-1966] The ILA core 'hw_ila_1' triggered at 2025-Nov-12 16:41:25
INFO: [Labtools 27-3304] ILA Waveform data saved to file /home/xmen/Desktop/SystolicCore/vivado/SystolicCore/SystolicCore.hw/backup/hw_ila_data_1.ila. Use Tcl command 'read_hw_ila_data' or Vivado File->Import->Import ILA Data menu item to import the previously saved data.
run_hw_ila [get_hw_ilas -of_objects [get_hw_devices xc7a100t_0] -filter {CELL_NAME=~"SystolicCore0/ILA"}]
INFO: [Labtools 27-1964] The ILA core 'hw_ila_1' trigger was armed at 2025-Nov-12 16:41:28
set_property PROBES.FILE {/home/xmen/Desktop/SystolicCore/vivado/SystolicCore/SystolicCore.runs/impl_1/Arty7_top_sim.ltx} [get_hw_devices xc7a100t_0]
set_property FULL_PROBES.FILE {/home/xmen/Desktop/SystolicCore/vivado/SystolicCore/SystolicCore.runs/impl_1/Arty7_top_sim.ltx} [get_hw_devices xc7a100t_0]
set_property PROGRAM.FILE {/home/xmen/Desktop/SystolicCore/vivado/SystolicCore/SystolicCore.runs/impl_1/Arty7_top_sim.bit} [get_hw_devices xc7a100t_0]
program_hw_devices [get_hw_devices xc7a100t_0]
INFO: [Labtools 27-3164] End of startup status: HIGH
refresh_hw_device [lindex [get_hw_devices xc7a100t_0] 0]
INFO: [Labtools 27-2302] Device xc7a100t (JTAG device index = 0) is programmed with a design that has 1 ILA core(s).
run_hw_ila [get_hw_ilas -of_objects [get_hw_devices xc7a100t_0] -filter {CELL_NAME=~"SystolicCore0/ILA"}]
INFO: [Labtools 27-1964] The ILA core 'hw_ila_1' trigger was armed at 2025-Nov-12 16:44:14
wait_on_hw_ila [get_hw_ilas -of_objects [get_hw_devices xc7a100t_0] -filter {CELL_NAME=~"SystolicCore0/ILA"}]
display_hw_ila_data [upload_hw_ila_data [get_hw_ilas -of_objects [get_hw_devices xc7a100t_0] -filter {CELL_NAME=~"SystolicCore0/ILA"}]]
INFO: [Labtools 27-1966] The ILA core 'hw_ila_1' triggered at 2025-Nov-12 16:44:16
INFO: [Labtools 27-3304] ILA Waveform data saved to file /home/xmen/Desktop/SystolicCore/vivado/SystolicCore/SystolicCore.hw/backup/hw_ila_data_1.ila. Use Tcl command 'read_hw_ila_data' or Vivado File->Import->Import ILA Data menu item to import the previously saved data.
run_hw_ila [get_hw_ilas -of_objects [get_hw_devices xc7a100t_0] -filter {CELL_NAME=~"SystolicCore0/ILA"}]
INFO: [Labtools 27-1964] The ILA core 'hw_ila_1' trigger was armed at 2025-Nov-12 16:44:19
WARNING: [IP_Flow 19-4067] Ignoring invalid widget type specified checkbox.Providing a default widget
WARNING: [IP_Flow 19-4331] Invalid usage of property - Setting value property on PARAM_VALUE.ALL_PROBE_SAME_MU is not allowed in procedure update_gui_for_PARAM_VALUE.C_ADV_TRIGGER
set_property CONFIG.C_DATA_DEPTH {65536} [get_ips ila_0]
generate_target all [get_files  /home/xmen/Desktop/SystolicCore/vivado/SystolicCore/SystolicCore.srcs/sources_1/ip/ila_0_1/ila_0.xci]
INFO: [IP_Flow 19-1686] Generating 'Instantiation Template' target for IP 'ila_0'...
INFO: [IP_Flow 19-1686] Generating 'Synthesis' target for IP 'ila_0'...
WARNING: [IP_Flow 19-4994] Overwriting existing constraint file '/home/xmen/Desktop/SystolicCore/vivado/SystolicCore/SystolicCore.gen/sources_1/ip/ila_0_1/ila_0_ooc.xdc'
INFO: [IP_Flow 19-1686] Generating 'Simulation' target for IP 'ila_0'...
INFO: [IP_Flow 19-1686] Generating 'Implementation' target for IP 'ila_0'...
INFO: [IP_Flow 19-1686] Generating 'Change Log' target for IP 'ila_0'...
catch { config_ip_cache -export [get_ips -all ila_0] }
export_ip_user_files -of_objects [get_files /home/xmen/Desktop/SystolicCore/vivado/SystolicCore/SystolicCore.srcs/sources_1/ip/ila_0_1/ila_0.xci] -no_script -sync -force -quiet
reset_run ila_0_synth_1
launch_runs ila_0_synth_1 -jobs 32
[Wed Nov 12 16:45:12 2025] Launched ila_0_synth_1...
Run output will be captured here: /home/xmen/Desktop/SystolicCore/vivado/SystolicCore/SystolicCore.runs/ila_0_synth_1/runme.log
export_simulation -lib_map_path [list {modelsim=/home/xmen/Desktop/SystolicCore/vivado/SystolicCore/SystolicCore.cache/compile_simlib/modelsim} {questa=/home/xmen/Desktop/SystolicCore/vivado/SystolicCore/SystolicCore.cache/compile_simlib/questa} {xcelium=/home/xmen/Desktop/SystolicCore/vivado/SystolicCore/SystolicCore.cache/compile_simlib/xcelium} {vcs=/home/xmen/Desktop/SystolicCore/vivado/SystolicCore/SystolicCore.cache/compile_simlib/vcs} {riviera=/home/xmen/Desktop/SystolicCore/vivado/SystolicCore/SystolicCore.cache/compile_simlib/riviera}] -of_objects [get_files /home/xmen/Desktop/SystolicCore/vivado/SystolicCore/SystolicCore.srcs/sources_1/ip/ila_0_1/ila_0.xci] -directory /home/xmen/Desktop/SystolicCore/vivado/SystolicCore/SystolicCore.ip_user_files/sim_scripts -ip_user_files_dir /home/xmen/Desktop/SystolicCore/vivado/SystolicCore/SystolicCore.ip_user_files -ipstatic_source_dir /home/xmen/Desktop/SystolicCore/vivado/SystolicCore/SystolicCore.ip_user_files/ipstatic -use_ip_compiled_libs -force -quiet
WARNING: [IP_Flow 19-4067] Ignoring invalid widget type specified checkbox.Providing a default widget
WARNING: [IP_Flow 19-4067] Ignoring invalid widget type specified checkbox.Providing a default widget
WARNING: [IP_Flow 19-4067] Ignoring invalid widget type specified checkbox.Providing a default widget
WARNING: [IP_Flow 19-4331] Invalid usage of property - Setting value property on PARAM_VALUE.ALL_PROBE_SAME_MU is not allowed in procedure update_gui_for_PARAM_VALUE.C_ADV_TRIGGER
set_property CONFIG.C_DATA_DEPTH {32768} [get_ips ila_0]
generate_target all [get_files  /home/xmen/Desktop/SystolicCore/vivado/SystolicCore/SystolicCore.srcs/sources_1/ip/ila_0_1/ila_0.xci]
INFO: [IP_Flow 19-1686] Generating 'Instantiation Template' target for IP 'ila_0'...
INFO: [IP_Flow 19-1686] Generating 'Synthesis' target for IP 'ila_0'...
WARNING: [IP_Flow 19-4994] Overwriting existing constraint file '/home/xmen/Desktop/SystolicCore/vivado/SystolicCore/SystolicCore.gen/sources_1/ip/ila_0_1/ila_0_ooc.xdc'
INFO: [IP_Flow 19-1686] Generating 'Simulation' target for IP 'ila_0'...
INFO: [IP_Flow 19-1686] Generating 'Implementation' target for IP 'ila_0'...
INFO: [IP_Flow 19-1686] Generating 'Change Log' target for IP 'ila_0'...
catch { config_ip_cache -export [get_ips -all ila_0] }
INFO: [IP_Flow 19-4993] Using cached IP synthesis design for IP ila_0, cache-ID = 7a826deda4d0e49a; cache size = 150.049 MB.
catch { [ delete_ip_run [get_ips -all ila_0] ] }
INFO: [Project 1-386] Moving file '/home/xmen/Desktop/SystolicCore/vivado/SystolicCore/SystolicCore.srcs/sources_1/ip/ila_0_1/ila_0.xci' from fileset 'ila_0' to fileset 'sources_1'.
export_ip_user_files -of_objects [get_files /home/xmen/Desktop/SystolicCore/vivado/SystolicCore/SystolicCore.srcs/sources_1/ip/ila_0_1/ila_0.xci] -no_script -sync -force -quiet
create_ip_run [get_files -of_objects [get_fileset sources_1] /home/xmen/Desktop/SystolicCore/vivado/SystolicCore/SystolicCore.srcs/sources_1/ip/ila_0_1/ila_0.xci]
INFO: [Vivado 12-3453] The given sub-design is up-to-date, no action was taken.  If a run is still desired, use the '-force' option for the file:'/home/xmen/Desktop/SystolicCore/vivado/SystolicCore/SystolicCore.srcs/sources_1/ip/ila_0_1/ila_0.xci'
export_simulation -lib_map_path [list {modelsim=/home/xmen/Desktop/SystolicCore/vivado/SystolicCore/SystolicCore.cache/compile_simlib/modelsim} {questa=/home/xmen/Desktop/SystolicCore/vivado/SystolicCore/SystolicCore.cache/compile_simlib/questa} {xcelium=/home/xmen/Desktop/SystolicCore/vivado/SystolicCore/SystolicCore.cache/compile_simlib/xcelium} {vcs=/home/xmen/Desktop/SystolicCore/vivado/SystolicCore/SystolicCore.cache/compile_simlib/vcs} {riviera=/home/xmen/Desktop/SystolicCore/vivado/SystolicCore/SystolicCore.cache/compile_simlib/riviera}] -of_objects [get_files /home/xmen/Desktop/SystolicCore/vivado/SystolicCore/SystolicCore.srcs/sources_1/ip/ila_0_1/ila_0.xci] -directory /home/xmen/Desktop/SystolicCore/vivado/SystolicCore/SystolicCore.ip_user_files/sim_scripts -ip_user_files_dir /home/xmen/Desktop/SystolicCore/vivado/SystolicCore/SystolicCore.ip_user_files -ipstatic_source_dir /home/xmen/Desktop/SystolicCore/vivado/SystolicCore/SystolicCore.ip_user_files/ipstatic -use_ip_compiled_libs -force -quiet
set_property needs_refresh false [get_runs synth_1]
set_property needs_refresh false [get_runs impl_1]
set_property needs_refresh false [get_runs ram_single_port_synth_1]
WARNING: [IP_Flow 19-4067] Ignoring invalid widget type specified checkbox.Providing a default widget
WARNING: [IP_Flow 19-4331] Invalid usage of property - Setting value property on PARAM_VALUE.ALL_PROBE_SAME_MU is not allowed in procedure update_gui_for_PARAM_VALUE.C_ADV_TRIGGER
reset_run impl_1 -prev_step 
launch_runs impl_1 -to_step write_bitstream -jobs 32
INFO: [Vivado 12-4149] The synthesis checkpoint for IP '/home/xmen/Desktop/SystolicCore/vivado/SystolicCore/SystolicCore.srcs/sources_1/ip/ila_0_1/ila_0.xci' is already up-to-date
[Wed Nov 12 16:49:31 2025] Launched impl_1...
Run output will be captured here: /home/xmen/Desktop/SystolicCore/vivado/SystolicCore/SystolicCore.runs/impl_1/runme.log
set_property PROBES.FILE {/home/xmen/Desktop/SystolicCore/vivado/SystolicCore/SystolicCore.runs/impl_1/Arty7_top_sim.ltx} [get_hw_devices xc7a100t_0]
set_property FULL_PROBES.FILE {/home/xmen/Desktop/SystolicCore/vivado/SystolicCore/SystolicCore.runs/impl_1/Arty7_top_sim.ltx} [get_hw_devices xc7a100t_0]
set_property PROGRAM.FILE {/home/xmen/Desktop/SystolicCore/vivado/SystolicCore/SystolicCore.runs/impl_1/Arty7_top_sim.bit} [get_hw_devices xc7a100t_0]
program_hw_devices [get_hw_devices xc7a100t_0]
INFO: [Labtools 27-3164] End of startup status: HIGH
refresh_hw_device [lindex [get_hw_devices xc7a100t_0] 0]
INFO: [Labtools 27-2302] Device xc7a100t (JTAG device index = 0) is programmed with a design that has 1 ILA core(s).
run_hw_ila [get_hw_ilas -of_objects [get_hw_devices xc7a100t_0] -filter {CELL_NAME=~"SystolicCore0/ILA"}]
INFO: [Labtools 27-1964] The ILA core 'hw_ila_1' trigger was armed at 2025-Nov-12 16:50:52
set_property TRIGGER_COMPARE_VALUE eq1'bB [get_hw_probes SystolicCore0/systolicControlUnit_syst_rvalid_o -of_objects [get_hw_ilas -of_objects [get_hw_devices xc7a100t_0] -filter {CELL_NAME=~"SystolicCore0/ILA"}]]
wait_on_hw_ila [get_hw_ilas -of_objects [get_hw_devices xc7a100t_0] -filter {CELL_NAME=~"SystolicCore0/ILA"}]
display_hw_ila_data [upload_hw_ila_data [get_hw_ilas -of_objects [get_hw_devices xc7a100t_0] -filter {CELL_NAME=~"SystolicCore0/ILA"}]]
INFO: [Labtools 27-1966] The ILA core 'hw_ila_1' triggered at 2025-Nov-12 16:51:25
INFO: [Labtools 27-3304] ILA Waveform data saved to file /home/xmen/Desktop/SystolicCore/vivado/SystolicCore/SystolicCore.hw/backup/hw_ila_data_1.ila. Use Tcl command 'read_hw_ila_data' or Vivado File->Import->Import ILA Data menu item to import the previously saved data.
run_hw_ila [get_hw_ilas -of_objects [get_hw_devices xc7a100t_0] -filter {CELL_NAME=~"SystolicCore0/ILA"}]
INFO: [Labtools 27-1964] The ILA core 'hw_ila_1' trigger was armed at 2025-Nov-12 16:51:28
set_property TRIGGER_COMPARE_VALUE eq1'bF [get_hw_probes SystolicCore0/systolicControlUnit_syst_rvalid_o -of_objects [get_hw_ilas -of_objects [get_hw_devices xc7a100t_0] -filter {CELL_NAME=~"SystolicCore0/ILA"}]]
set_property PROBES.FILE {/home/xmen/Desktop/SystolicCore/vivado/SystolicCore/SystolicCore.runs/impl_1/Arty7_top_sim.ltx} [get_hw_devices xc7a100t_0]
set_property FULL_PROBES.FILE {/home/xmen/Desktop/SystolicCore/vivado/SystolicCore/SystolicCore.runs/impl_1/Arty7_top_sim.ltx} [get_hw_devices xc7a100t_0]
set_property PROGRAM.FILE {/home/xmen/Desktop/SystolicCore/vivado/SystolicCore/SystolicCore.runs/impl_1/Arty7_top_sim.bit} [get_hw_devices xc7a100t_0]
program_hw_devices [get_hw_devices xc7a100t_0]
INFO: [Labtools 27-3164] End of startup status: HIGH
refresh_hw_device [lindex [get_hw_devices xc7a100t_0] 0]
INFO: [Labtools 27-2302] Device xc7a100t (JTAG device index = 0) is programmed with a design that has 1 ILA core(s).
set_property TRIGGER_COMPARE_VALUE eq1'bX [get_hw_probes SystolicCore0/systolicControlUnit_syst_rvalid_o -of_objects [get_hw_ilas -of_objects [get_hw_devices xc7a100t_0] -filter {CELL_NAME=~"SystolicCore0/ILA"}]]
set_property TRIGGER_COMPARE_VALUE eq1'bB [get_hw_probes SystolicCore0/uart_sdata_rx_in -of_objects [get_hw_ilas -of_objects [get_hw_devices xc7a100t_0] -filter {CELL_NAME=~"SystolicCore0/ILA"}]]
run_hw_ila [get_hw_ilas -of_objects [get_hw_devices xc7a100t_0] -filter {CELL_NAME=~"SystolicCore0/ILA"}]
INFO: [Labtools 27-1964] The ILA core 'hw_ila_1' trigger was armed at 2025-Nov-12 16:52:34
wait_on_hw_ila [get_hw_ilas -of_objects [get_hw_devices xc7a100t_0] -filter {CELL_NAME=~"SystolicCore0/ILA"}]
display_hw_ila_data [upload_hw_ila_data [get_hw_ilas -of_objects [get_hw_devices xc7a100t_0] -filter {CELL_NAME=~"SystolicCore0/ILA"}]]
INFO: [Labtools 27-1966] The ILA core 'hw_ila_1' triggered at 2025-Nov-12 16:55:32
INFO: [Labtools 27-3304] ILA Waveform data saved to file /home/xmen/Desktop/SystolicCore/vivado/SystolicCore/SystolicCore.hw/backup/hw_ila_data_1.ila. Use Tcl command 'read_hw_ila_data' or Vivado File->Import->Import ILA Data menu item to import the previously saved data.
run_hw_ila [get_hw_ilas -of_objects [get_hw_devices xc7a100t_0] -filter {CELL_NAME=~"SystolicCore0/ILA"}]
INFO: [Labtools 27-1964] The ILA core 'hw_ila_1' trigger was armed at 2025-Nov-12 16:55:35
wait_on_hw_ila [get_hw_ilas -of_objects [get_hw_devices xc7a100t_0] -filter {CELL_NAME=~"SystolicCore0/ILA"}]
display_hw_ila_data [upload_hw_ila_data [get_hw_ilas -of_objects [get_hw_devices xc7a100t_0] -filter {CELL_NAME=~"SystolicCore0/ILA"}]]
INFO: [Labtools 27-1966] The ILA core 'hw_ila_1' triggered at 2025-Nov-12 16:55:37
INFO: [Labtools 27-3304] ILA Waveform data saved to file /home/xmen/Desktop/SystolicCore/vivado/SystolicCore/SystolicCore.hw/backup/hw_ila_data_1.ila. Use Tcl command 'read_hw_ila_data' or Vivado File->Import->Import ILA Data menu item to import the previously saved data.
run_hw_ila [get_hw_ilas -of_objects [get_hw_devices xc7a100t_0] -filter {CELL_NAME=~"SystolicCore0/ILA"}]
INFO: [Labtools 27-1964] The ILA core 'hw_ila_1' trigger was armed at 2025-Nov-12 16:55:40
wait_on_hw_ila [get_hw_ilas -of_objects [get_hw_devices xc7a100t_0] -filter {CELL_NAME=~"SystolicCore0/ILA"}]
display_hw_ila_data [upload_hw_ila_data [get_hw_ilas -of_objects [get_hw_devices xc7a100t_0] -filter {CELL_NAME=~"SystolicCore0/ILA"}]]
INFO: [Labtools 27-1966] The ILA core 'hw_ila_1' triggered at 2025-Nov-12 16:55:42
INFO: [Labtools 27-3304] ILA Waveform data saved to file /home/xmen/Desktop/SystolicCore/vivado/SystolicCore/SystolicCore.hw/backup/hw_ila_data_1.ila. Use Tcl command 'read_hw_ila_data' or Vivado File->Import->Import ILA Data menu item to import the previously saved data.
run_hw_ila [get_hw_ilas -of_objects [get_hw_devices xc7a100t_0] -filter {CELL_NAME=~"SystolicCore0/ILA"}]
INFO: [Labtools 27-1964] The ILA core 'hw_ila_1' trigger was armed at 2025-Nov-12 16:55:45
wait_on_hw_ila [get_hw_ilas -of_objects [get_hw_devices xc7a100t_0] -filter {CELL_NAME=~"SystolicCore0/ILA"}]
display_hw_ila_data [upload_hw_ila_data [get_hw_ilas -of_objects [get_hw_devices xc7a100t_0] -filter {CELL_NAME=~"SystolicCore0/ILA"}]]
INFO: [Labtools 27-1966] The ILA core 'hw_ila_1' triggered at 2025-Nov-12 16:55:47
INFO: [Labtools 27-3304] ILA Waveform data saved to file /home/xmen/Desktop/SystolicCore/vivado/SystolicCore/SystolicCore.hw/backup/hw_ila_data_1.ila. Use Tcl command 'read_hw_ila_data' or Vivado File->Import->Import ILA Data menu item to import the previously saved data.
run_hw_ila [get_hw_ilas -of_objects [get_hw_devices xc7a100t_0] -filter {CELL_NAME=~"SystolicCore0/ILA"}]
INFO: [Labtools 27-1964] The ILA core 'hw_ila_1' trigger was armed at 2025-Nov-12 16:55:50
wait_on_hw_ila [get_hw_ilas -of_objects [get_hw_devices xc7a100t_0] -filter {CELL_NAME=~"SystolicCore0/ILA"}]
display_hw_ila_data [upload_hw_ila_data [get_hw_ilas -of_objects [get_hw_devices xc7a100t_0] -filter {CELL_NAME=~"SystolicCore0/ILA"}]]
INFO: [Labtools 27-1966] The ILA core 'hw_ila_1' triggered at 2025-Nov-12 16:55:52
INFO: [Labtools 27-3304] ILA Waveform data saved to file /home/xmen/Desktop/SystolicCore/vivado/SystolicCore/SystolicCore.hw/backup/hw_ila_data_1.ila. Use Tcl command 'read_hw_ila_data' or Vivado File->Import->Import ILA Data menu item to import the previously saved data.
run_hw_ila [get_hw_ilas -of_objects [get_hw_devices xc7a100t_0] -filter {CELL_NAME=~"SystolicCore0/ILA"}]
INFO: [Labtools 27-1964] The ILA core 'hw_ila_1' trigger was armed at 2025-Nov-12 16:55:55
wait_on_hw_ila [get_hw_ilas -of_objects [get_hw_devices xc7a100t_0] -filter {CELL_NAME=~"SystolicCore0/ILA"}]
display_hw_ila_data [upload_hw_ila_data [get_hw_ilas -of_objects [get_hw_devices xc7a100t_0] -filter {CELL_NAME=~"SystolicCore0/ILA"}]]
INFO: [Labtools 27-1966] The ILA core 'hw_ila_1' triggered at 2025-Nov-12 16:55:57
INFO: [Labtools 27-3304] ILA Waveform data saved to file /home/xmen/Desktop/SystolicCore/vivado/SystolicCore/SystolicCore.hw/backup/hw_ila_data_1.ila. Use Tcl command 'read_hw_ila_data' or Vivado File->Import->Import ILA Data menu item to import the previously saved data.
run_hw_ila [get_hw_ilas -of_objects [get_hw_devices xc7a100t_0] -filter {CELL_NAME=~"SystolicCore0/ILA"}]
INFO: [Labtools 27-1964] The ILA core 'hw_ila_1' trigger was armed at 2025-Nov-12 16:56:00
wait_on_hw_ila [get_hw_ilas -of_objects [get_hw_devices xc7a100t_0] -filter {CELL_NAME=~"SystolicCore0/ILA"}]
display_hw_ila_data [upload_hw_ila_data [get_hw_ilas -of_objects [get_hw_devices xc7a100t_0] -filter {CELL_NAME=~"SystolicCore0/ILA"}]]
INFO: [Labtools 27-1966] The ILA core 'hw_ila_1' triggered at 2025-Nov-12 16:56:02
INFO: [Labtools 27-3304] ILA Waveform data saved to file /home/xmen/Desktop/SystolicCore/vivado/SystolicCore/SystolicCore.hw/backup/hw_ila_data_1.ila. Use Tcl command 'read_hw_ila_data' or Vivado File->Import->Import ILA Data menu item to import the previously saved data.
run_hw_ila [get_hw_ilas -of_objects [get_hw_devices xc7a100t_0] -filter {CELL_NAME=~"SystolicCore0/ILA"}]
INFO: [Labtools 27-1964] The ILA core 'hw_ila_1' trigger was armed at 2025-Nov-12 16:56:05
wait_on_hw_ila [get_hw_ilas -of_objects [get_hw_devices xc7a100t_0] -filter {CELL_NAME=~"SystolicCore0/ILA"}]
display_hw_ila_data [upload_hw_ila_data [get_hw_ilas -of_objects [get_hw_devices xc7a100t_0] -filter {CELL_NAME=~"SystolicCore0/ILA"}]]
INFO: [Labtools 27-1966] The ILA core 'hw_ila_1' triggered at 2025-Nov-12 16:56:07
INFO: [Labtools 27-3304] ILA Waveform data saved to file /home/xmen/Desktop/SystolicCore/vivado/SystolicCore/SystolicCore.hw/backup/hw_ila_data_1.ila. Use Tcl command 'read_hw_ila_data' or Vivado File->Import->Import ILA Data menu item to import the previously saved data.
run_hw_ila [get_hw_ilas -of_objects [get_hw_devices xc7a100t_0] -filter {CELL_NAME=~"SystolicCore0/ILA"}]
INFO: [Labtools 27-1964] The ILA core 'hw_ila_1' trigger was armed at 2025-Nov-12 16:56:10
wait_on_hw_ila [get_hw_ilas -of_objects [get_hw_devices xc7a100t_0] -filter {CELL_NAME=~"SystolicCore0/ILA"}]
display_hw_ila_data [upload_hw_ila_data [get_hw_ilas -of_objects [get_hw_devices xc7a100t_0] -filter {CELL_NAME=~"SystolicCore0/ILA"}]]
INFO: [Labtools 27-1966] The ILA core 'hw_ila_1' triggered at 2025-Nov-12 16:56:12
INFO: [Labtools 27-3304] ILA Waveform data saved to file /home/xmen/Desktop/SystolicCore/vivado/SystolicCore/SystolicCore.hw/backup/hw_ila_data_1.ila. Use Tcl command 'read_hw_ila_data' or Vivado File->Import->Import ILA Data menu item to import the previously saved data.
run_hw_ila [get_hw_ilas -of_objects [get_hw_devices xc7a100t_0] -filter {CELL_NAME=~"SystolicCore0/ILA"}]
INFO: [Labtools 27-1964] The ILA core 'hw_ila_1' trigger was armed at 2025-Nov-12 16:56:15
wait_on_hw_ila [get_hw_ilas -of_objects [get_hw_devices xc7a100t_0] -filter {CELL_NAME=~"SystolicCore0/ILA"}]
display_hw_ila_data [upload_hw_ila_data [get_hw_ilas -of_objects [get_hw_devices xc7a100t_0] -filter {CELL_NAME=~"SystolicCore0/ILA"}]]
INFO: [Labtools 27-1966] The ILA core 'hw_ila_1' triggered at 2025-Nov-12 16:56:17
INFO: [Labtools 27-3304] ILA Waveform data saved to file /home/xmen/Desktop/SystolicCore/vivado/SystolicCore/SystolicCore.hw/backup/hw_ila_data_1.ila. Use Tcl command 'read_hw_ila_data' or Vivado File->Import->Import ILA Data menu item to import the previously saved data.
run_hw_ila [get_hw_ilas -of_objects [get_hw_devices xc7a100t_0] -filter {CELL_NAME=~"SystolicCore0/ILA"}]
INFO: [Labtools 27-1964] The ILA core 'hw_ila_1' trigger was armed at 2025-Nov-12 16:56:20
wait_on_hw_ila [get_hw_ilas -of_objects [get_hw_devices xc7a100t_0] -filter {CELL_NAME=~"SystolicCore0/ILA"}]
display_hw_ila_data [upload_hw_ila_data [get_hw_ilas -of_objects [get_hw_devices xc7a100t_0] -filter {CELL_NAME=~"SystolicCore0/ILA"}]]
INFO: [Labtools 27-1966] The ILA core 'hw_ila_1' triggered at 2025-Nov-12 16:56:22
INFO: [Labtools 27-3304] ILA Waveform data saved to file /home/xmen/Desktop/SystolicCore/vivado/SystolicCore/SystolicCore.hw/backup/hw_ila_data_1.ila. Use Tcl command 'read_hw_ila_data' or Vivado File->Import->Import ILA Data menu item to import the previously saved data.
run_hw_ila [get_hw_ilas -of_objects [get_hw_devices xc7a100t_0] -filter {CELL_NAME=~"SystolicCore0/ILA"}]
INFO: [Labtools 27-1964] The ILA core 'hw_ila_1' trigger was armed at 2025-Nov-12 16:56:25
wait_on_hw_ila [get_hw_ilas -of_objects [get_hw_devices xc7a100t_0] -filter {CELL_NAME=~"SystolicCore0/ILA"}]
display_hw_ila_data [upload_hw_ila_data [get_hw_ilas -of_objects [get_hw_devices xc7a100t_0] -filter {CELL_NAME=~"SystolicCore0/ILA"}]]
INFO: [Labtools 27-1966] The ILA core 'hw_ila_1' triggered at 2025-Nov-12 16:56:27
INFO: [Labtools 27-3304] ILA Waveform data saved to file /home/xmen/Desktop/SystolicCore/vivado/SystolicCore/SystolicCore.hw/backup/hw_ila_data_1.ila. Use Tcl command 'read_hw_ila_data' or Vivado File->Import->Import ILA Data menu item to import the previously saved data.
run_hw_ila [get_hw_ilas -of_objects [get_hw_devices xc7a100t_0] -filter {CELL_NAME=~"SystolicCore0/ILA"}]
INFO: [Labtools 27-1964] The ILA core 'hw_ila_1' trigger was armed at 2025-Nov-12 16:56:30
wait_on_hw_ila [get_hw_ilas -of_objects [get_hw_devices xc7a100t_0] -filter {CELL_NAME=~"SystolicCore0/ILA"}]
display_hw_ila_data [upload_hw_ila_data [get_hw_ilas -of_objects [get_hw_devices xc7a100t_0] -filter {CELL_NAME=~"SystolicCore0/ILA"}]]
INFO: [Labtools 27-1966] The ILA core 'hw_ila_1' triggered at 2025-Nov-12 16:56:32
INFO: [Labtools 27-3304] ILA Waveform data saved to file /home/xmen/Desktop/SystolicCore/vivado/SystolicCore/SystolicCore.hw/backup/hw_ila_data_1.ila. Use Tcl command 'read_hw_ila_data' or Vivado File->Import->Import ILA Data menu item to import the previously saved data.
run_hw_ila [get_hw_ilas -of_objects [get_hw_devices xc7a100t_0] -filter {CELL_NAME=~"SystolicCore0/ILA"}]
INFO: [Labtools 27-1964] The ILA core 'hw_ila_1' trigger was armed at 2025-Nov-12 16:56:35
wait_on_hw_ila [get_hw_ilas -of_objects [get_hw_devices xc7a100t_0] -filter {CELL_NAME=~"SystolicCore0/ILA"}]
display_hw_ila_data [upload_hw_ila_data [get_hw_ilas -of_objects [get_hw_devices xc7a100t_0] -filter {CELL_NAME=~"SystolicCore0/ILA"}]]
INFO: [Labtools 27-1966] The ILA core 'hw_ila_1' triggered at 2025-Nov-12 16:56:37
INFO: [Labtools 27-3304] ILA Waveform data saved to file /home/xmen/Desktop/SystolicCore/vivado/SystolicCore/SystolicCore.hw/backup/hw_ila_data_1.ila. Use Tcl command 'read_hw_ila_data' or Vivado File->Import->Import ILA Data menu item to import the previously saved data.
run_hw_ila [get_hw_ilas -of_objects [get_hw_devices xc7a100t_0] -filter {CELL_NAME=~"SystolicCore0/ILA"}]
INFO: [Labtools 27-1964] The ILA core 'hw_ila_1' trigger was armed at 2025-Nov-12 16:56:40
wait_on_hw_ila [get_hw_ilas -of_objects [get_hw_devices xc7a100t_0] -filter {CELL_NAME=~"SystolicCore0/ILA"}]
display_hw_ila_data [upload_hw_ila_data [get_hw_ilas -of_objects [get_hw_devices xc7a100t_0] -filter {CELL_NAME=~"SystolicCore0/ILA"}]]
INFO: [Labtools 27-1966] The ILA core 'hw_ila_1' triggered at 2025-Nov-12 16:56:42
INFO: [Labtools 27-3304] ILA Waveform data saved to file /home/xmen/Desktop/SystolicCore/vivado/SystolicCore/SystolicCore.hw/backup/hw_ila_data_1.ila. Use Tcl command 'read_hw_ila_data' or Vivado File->Import->Import ILA Data menu item to import the previously saved data.
run_hw_ila [get_hw_ilas -of_objects [get_hw_devices xc7a100t_0] -filter {CELL_NAME=~"SystolicCore0/ILA"}]
INFO: [Labtools 27-1964] The ILA core 'hw_ila_1' trigger was armed at 2025-Nov-12 16:56:45
wait_on_hw_ila [get_hw_ilas -of_objects [get_hw_devices xc7a100t_0] -filter {CELL_NAME=~"SystolicCore0/ILA"}]
display_hw_ila_data [upload_hw_ila_data [get_hw_ilas -of_objects [get_hw_devices xc7a100t_0] -filter {CELL_NAME=~"SystolicCore0/ILA"}]]
INFO: [Labtools 27-1966] The ILA core 'hw_ila_1' triggered at 2025-Nov-12 16:56:47
INFO: [Labtools 27-3304] ILA Waveform data saved to file /home/xmen/Desktop/SystolicCore/vivado/SystolicCore/SystolicCore.hw/backup/hw_ila_data_1.ila. Use Tcl command 'read_hw_ila_data' or Vivado File->Import->Import ILA Data menu item to import the previously saved data.
run_hw_ila [get_hw_ilas -of_objects [get_hw_devices xc7a100t_0] -filter {CELL_NAME=~"SystolicCore0/ILA"}]
INFO: [Labtools 27-1964] The ILA core 'hw_ila_1' trigger was armed at 2025-Nov-12 16:56:50
wait_on_hw_ila [get_hw_ilas -of_objects [get_hw_devices xc7a100t_0] -filter {CELL_NAME=~"SystolicCore0/ILA"}]
display_hw_ila_data [upload_hw_ila_data [get_hw_ilas -of_objects [get_hw_devices xc7a100t_0] -filter {CELL_NAME=~"SystolicCore0/ILA"}]]
INFO: [Labtools 27-1966] The ILA core 'hw_ila_1' triggered at 2025-Nov-12 16:56:52
INFO: [Labtools 27-3304] ILA Waveform data saved to file /home/xmen/Desktop/SystolicCore/vivado/SystolicCore/SystolicCore.hw/backup/hw_ila_data_1.ila. Use Tcl command 'read_hw_ila_data' or Vivado File->Import->Import ILA Data menu item to import the previously saved data.
run_hw_ila [get_hw_ilas -of_objects [get_hw_devices xc7a100t_0] -filter {CELL_NAME=~"SystolicCore0/ILA"}]
INFO: [Labtools 27-1964] The ILA core 'hw_ila_1' trigger was armed at 2025-Nov-12 16:56:55
wait_on_hw_ila [get_hw_ilas -of_objects [get_hw_devices xc7a100t_0] -filter {CELL_NAME=~"SystolicCore0/ILA"}]
display_hw_ila_data [upload_hw_ila_data [get_hw_ilas -of_objects [get_hw_devices xc7a100t_0] -filter {CELL_NAME=~"SystolicCore0/ILA"}]]
INFO: [Labtools 27-1966] The ILA core 'hw_ila_1' triggered at 2025-Nov-12 16:56:57
INFO: [Labtools 27-3304] ILA Waveform data saved to file /home/xmen/Desktop/SystolicCore/vivado/SystolicCore/SystolicCore.hw/backup/hw_ila_data_1.ila. Use Tcl command 'read_hw_ila_data' or Vivado File->Import->Import ILA Data menu item to import the previously saved data.
run_hw_ila [get_hw_ilas -of_objects [get_hw_devices xc7a100t_0] -filter {CELL_NAME=~"SystolicCore0/ILA"}]
INFO: [Labtools 27-1964] The ILA core 'hw_ila_1' trigger was armed at 2025-Nov-12 16:57:00
wait_on_hw_ila [get_hw_ilas -of_objects [get_hw_devices xc7a100t_0] -filter {CELL_NAME=~"SystolicCore0/ILA"}]
display_hw_ila_data [upload_hw_ila_data [get_hw_ilas -of_objects [get_hw_devices xc7a100t_0] -filter {CELL_NAME=~"SystolicCore0/ILA"}]]
INFO: [Labtools 27-1966] The ILA core 'hw_ila_1' triggered at 2025-Nov-12 16:57:02
INFO: [Labtools 27-3304] ILA Waveform data saved to file /home/xmen/Desktop/SystolicCore/vivado/SystolicCore/SystolicCore.hw/backup/hw_ila_data_1.ila. Use Tcl command 'read_hw_ila_data' or Vivado File->Import->Import ILA Data menu item to import the previously saved data.
run_hw_ila [get_hw_ilas -of_objects [get_hw_devices xc7a100t_0] -filter {CELL_NAME=~"SystolicCore0/ILA"}]
INFO: [Labtools 27-1964] The ILA core 'hw_ila_1' trigger was armed at 2025-Nov-12 16:57:05
wait_on_hw_ila [get_hw_ilas -of_objects [get_hw_devices xc7a100t_0] -filter {CELL_NAME=~"SystolicCore0/ILA"}]
display_hw_ila_data [upload_hw_ila_data [get_hw_ilas -of_objects [get_hw_devices xc7a100t_0] -filter {CELL_NAME=~"SystolicCore0/ILA"}]]
INFO: [Labtools 27-1966] The ILA core 'hw_ila_1' triggered at 2025-Nov-12 16:57:07
INFO: [Labtools 27-3304] ILA Waveform data saved to file /home/xmen/Desktop/SystolicCore/vivado/SystolicCore/SystolicCore.hw/backup/hw_ila_data_1.ila. Use Tcl command 'read_hw_ila_data' or Vivado File->Import->Import ILA Data menu item to import the previously saved data.
run_hw_ila [get_hw_ilas -of_objects [get_hw_devices xc7a100t_0] -filter {CELL_NAME=~"SystolicCore0/ILA"}]
INFO: [Labtools 27-1964] The ILA core 'hw_ila_1' trigger was armed at 2025-Nov-12 16:57:10
wait_on_hw_ila [get_hw_ilas -of_objects [get_hw_devices xc7a100t_0] -filter {CELL_NAME=~"SystolicCore0/ILA"}]
display_hw_ila_data [upload_hw_ila_data [get_hw_ilas -of_objects [get_hw_devices xc7a100t_0] -filter {CELL_NAME=~"SystolicCore0/ILA"}]]
INFO: [Labtools 27-1966] The ILA core 'hw_ila_1' triggered at 2025-Nov-12 16:57:12
INFO: [Labtools 27-3304] ILA Waveform data saved to file /home/xmen/Desktop/SystolicCore/vivado/SystolicCore/SystolicCore.hw/backup/hw_ila_data_1.ila. Use Tcl command 'read_hw_ila_data' or Vivado File->Import->Import ILA Data menu item to import the previously saved data.
run_hw_ila [get_hw_ilas -of_objects [get_hw_devices xc7a100t_0] -filter {CELL_NAME=~"SystolicCore0/ILA"}]
INFO: [Labtools 27-1964] The ILA core 'hw_ila_1' trigger was armed at 2025-Nov-12 16:57:15
wait_on_hw_ila [get_hw_ilas -of_objects [get_hw_devices xc7a100t_0] -filter {CELL_NAME=~"SystolicCore0/ILA"}]
display_hw_ila_data [upload_hw_ila_data [get_hw_ilas -of_objects [get_hw_devices xc7a100t_0] -filter {CELL_NAME=~"SystolicCore0/ILA"}]]
INFO: [Labtools 27-1966] The ILA core 'hw_ila_1' triggered at 2025-Nov-12 16:57:17
INFO: [Labtools 27-3304] ILA Waveform data saved to file /home/xmen/Desktop/SystolicCore/vivado/SystolicCore/SystolicCore.hw/backup/hw_ila_data_1.ila. Use Tcl command 'read_hw_ila_data' or Vivado File->Import->Import ILA Data menu item to import the previously saved data.
run_hw_ila [get_hw_ilas -of_objects [get_hw_devices xc7a100t_0] -filter {CELL_NAME=~"SystolicCore0/ILA"}]
INFO: [Labtools 27-1964] The ILA core 'hw_ila_1' trigger was armed at 2025-Nov-12 16:57:20
wait_on_hw_ila [get_hw_ilas -of_objects [get_hw_devices xc7a100t_0] -filter {CELL_NAME=~"SystolicCore0/ILA"}]
display_hw_ila_data [upload_hw_ila_data [get_hw_ilas -of_objects [get_hw_devices xc7a100t_0] -filter {CELL_NAME=~"SystolicCore0/ILA"}]]
INFO: [Labtools 27-1966] The ILA core 'hw_ila_1' triggered at 2025-Nov-12 16:57:22
INFO: [Labtools 27-3304] ILA Waveform data saved to file /home/xmen/Desktop/SystolicCore/vivado/SystolicCore/SystolicCore.hw/backup/hw_ila_data_1.ila. Use Tcl command 'read_hw_ila_data' or Vivado File->Import->Import ILA Data menu item to import the previously saved data.
run_hw_ila [get_hw_ilas -of_objects [get_hw_devices xc7a100t_0] -filter {CELL_NAME=~"SystolicCore0/ILA"}]
INFO: [Labtools 27-1964] The ILA core 'hw_ila_1' trigger was armed at 2025-Nov-12 16:57:25
wait_on_hw_ila [get_hw_ilas -of_objects [get_hw_devices xc7a100t_0] -filter {CELL_NAME=~"SystolicCore0/ILA"}]
display_hw_ila_data [upload_hw_ila_data [get_hw_ilas -of_objects [get_hw_devices xc7a100t_0] -filter {CELL_NAME=~"SystolicCore0/ILA"}]]
INFO: [Labtools 27-1966] The ILA core 'hw_ila_1' triggered at 2025-Nov-12 16:57:27
INFO: [Labtools 27-3304] ILA Waveform data saved to file /home/xmen/Desktop/SystolicCore/vivado/SystolicCore/SystolicCore.hw/backup/hw_ila_data_1.ila. Use Tcl command 'read_hw_ila_data' or Vivado File->Import->Import ILA Data menu item to import the previously saved data.
run_hw_ila [get_hw_ilas -of_objects [get_hw_devices xc7a100t_0] -filter {CELL_NAME=~"SystolicCore0/ILA"}]
INFO: [Labtools 27-1964] The ILA core 'hw_ila_1' trigger was armed at 2025-Nov-12 16:57:30
wait_on_hw_ila [get_hw_ilas -of_objects [get_hw_devices xc7a100t_0] -filter {CELL_NAME=~"SystolicCore0/ILA"}]
display_hw_ila_data [upload_hw_ila_data [get_hw_ilas -of_objects [get_hw_devices xc7a100t_0] -filter {CELL_NAME=~"SystolicCore0/ILA"}]]
INFO: [Labtools 27-1966] The ILA core 'hw_ila_1' triggered at 2025-Nov-12 16:57:32
INFO: [Labtools 27-3304] ILA Waveform data saved to file /home/xmen/Desktop/SystolicCore/vivado/SystolicCore/SystolicCore.hw/backup/hw_ila_data_1.ila. Use Tcl command 'read_hw_ila_data' or Vivado File->Import->Import ILA Data menu item to import the previously saved data.
run_hw_ila [get_hw_ilas -of_objects [get_hw_devices xc7a100t_0] -filter {CELL_NAME=~"SystolicCore0/ILA"}]
INFO: [Labtools 27-1964] The ILA core 'hw_ila_1' trigger was armed at 2025-Nov-12 16:57:35
wait_on_hw_ila [get_hw_ilas -of_objects [get_hw_devices xc7a100t_0] -filter {CELL_NAME=~"SystolicCore0/ILA"}]
display_hw_ila_data [upload_hw_ila_data [get_hw_ilas -of_objects [get_hw_devices xc7a100t_0] -filter {CELL_NAME=~"SystolicCore0/ILA"}]]
INFO: [Labtools 27-1966] The ILA core 'hw_ila_1' triggered at 2025-Nov-12 16:57:37
INFO: [Labtools 27-3304] ILA Waveform data saved to file /home/xmen/Desktop/SystolicCore/vivado/SystolicCore/SystolicCore.hw/backup/hw_ila_data_1.ila. Use Tcl command 'read_hw_ila_data' or Vivado File->Import->Import ILA Data menu item to import the previously saved data.
run_hw_ila [get_hw_ilas -of_objects [get_hw_devices xc7a100t_0] -filter {CELL_NAME=~"SystolicCore0/ILA"}]
INFO: [Labtools 27-1964] The ILA core 'hw_ila_1' trigger was armed at 2025-Nov-12 16:57:40
wait_on_hw_ila [get_hw_ilas -of_objects [get_hw_devices xc7a100t_0] -filter {CELL_NAME=~"SystolicCore0/ILA"}]
display_hw_ila_data [upload_hw_ila_data [get_hw_ilas -of_objects [get_hw_devices xc7a100t_0] -filter {CELL_NAME=~"SystolicCore0/ILA"}]]
INFO: [Labtools 27-1966] The ILA core 'hw_ila_1' triggered at 2025-Nov-12 16:57:42
INFO: [Labtools 27-3304] ILA Waveform data saved to file /home/xmen/Desktop/SystolicCore/vivado/SystolicCore/SystolicCore.hw/backup/hw_ila_data_1.ila. Use Tcl command 'read_hw_ila_data' or Vivado File->Import->Import ILA Data menu item to import the previously saved data.
run_hw_ila [get_hw_ilas -of_objects [get_hw_devices xc7a100t_0] -filter {CELL_NAME=~"SystolicCore0/ILA"}]
INFO: [Labtools 27-1964] The ILA core 'hw_ila_1' trigger was armed at 2025-Nov-12 16:57:45
wait_on_hw_ila [get_hw_ilas -of_objects [get_hw_devices xc7a100t_0] -filter {CELL_NAME=~"SystolicCore0/ILA"}]
display_hw_ila_data [upload_hw_ila_data [get_hw_ilas -of_objects [get_hw_devices xc7a100t_0] -filter {CELL_NAME=~"SystolicCore0/ILA"}]]
INFO: [Labtools 27-1966] The ILA core 'hw_ila_1' triggered at 2025-Nov-12 16:57:47
INFO: [Labtools 27-3304] ILA Waveform data saved to file /home/xmen/Desktop/SystolicCore/vivado/SystolicCore/SystolicCore.hw/backup/hw_ila_data_1.ila. Use Tcl command 'read_hw_ila_data' or Vivado File->Import->Import ILA Data menu item to import the previously saved data.
run_hw_ila [get_hw_ilas -of_objects [get_hw_devices xc7a100t_0] -filter {CELL_NAME=~"SystolicCore0/ILA"}]
INFO: [Labtools 27-1964] The ILA core 'hw_ila_1' trigger was armed at 2025-Nov-12 16:57:50
wait_on_hw_ila [get_hw_ilas -of_objects [get_hw_devices xc7a100t_0] -filter {CELL_NAME=~"SystolicCore0/ILA"}]
display_hw_ila_data [upload_hw_ila_data [get_hw_ilas -of_objects [get_hw_devices xc7a100t_0] -filter {CELL_NAME=~"SystolicCore0/ILA"}]]
INFO: [Labtools 27-1966] The ILA core 'hw_ila_1' triggered at 2025-Nov-12 16:57:52
INFO: [Labtools 27-3304] ILA Waveform data saved to file /home/xmen/Desktop/SystolicCore/vivado/SystolicCore/SystolicCore.hw/backup/hw_ila_data_1.ila. Use Tcl command 'read_hw_ila_data' or Vivado File->Import->Import ILA Data menu item to import the previously saved data.
run_hw_ila [get_hw_ilas -of_objects [get_hw_devices xc7a100t_0] -filter {CELL_NAME=~"SystolicCore0/ILA"}]
INFO: [Labtools 27-1964] The ILA core 'hw_ila_1' trigger was armed at 2025-Nov-12 16:57:55
wait_on_hw_ila [get_hw_ilas -of_objects [get_hw_devices xc7a100t_0] -filter {CELL_NAME=~"SystolicCore0/ILA"}]
display_hw_ila_data [upload_hw_ila_data [get_hw_ilas -of_objects [get_hw_devices xc7a100t_0] -filter {CELL_NAME=~"SystolicCore0/ILA"}]]
INFO: [Labtools 27-1966] The ILA core 'hw_ila_1' triggered at 2025-Nov-12 16:57:57
INFO: [Labtools 27-3304] ILA Waveform data saved to file /home/xmen/Desktop/SystolicCore/vivado/SystolicCore/SystolicCore.hw/backup/hw_ila_data_1.ila. Use Tcl command 'read_hw_ila_data' or Vivado File->Import->Import ILA Data menu item to import the previously saved data.
run_hw_ila [get_hw_ilas -of_objects [get_hw_devices xc7a100t_0] -filter {CELL_NAME=~"SystolicCore0/ILA"}]
INFO: [Labtools 27-1964] The ILA core 'hw_ila_1' trigger was armed at 2025-Nov-12 16:58:00
wait_on_hw_ila [get_hw_ilas -of_objects [get_hw_devices xc7a100t_0] -filter {CELL_NAME=~"SystolicCore0/ILA"}]
display_hw_ila_data [upload_hw_ila_data [get_hw_ilas -of_objects [get_hw_devices xc7a100t_0] -filter {CELL_NAME=~"SystolicCore0/ILA"}]]
INFO: [Labtools 27-1966] The ILA core 'hw_ila_1' triggered at 2025-Nov-12 16:58:02
INFO: [Labtools 27-3304] ILA Waveform data saved to file /home/xmen/Desktop/SystolicCore/vivado/SystolicCore/SystolicCore.hw/backup/hw_ila_data_1.ila. Use Tcl command 'read_hw_ila_data' or Vivado File->Import->Import ILA Data menu item to import the previously saved data.
run_hw_ila [get_hw_ilas -of_objects [get_hw_devices xc7a100t_0] -filter {CELL_NAME=~"SystolicCore0/ILA"}]
INFO: [Labtools 27-1964] The ILA core 'hw_ila_1' trigger was armed at 2025-Nov-12 16:58:05
wait_on_hw_ila [get_hw_ilas -of_objects [get_hw_devices xc7a100t_0] -filter {CELL_NAME=~"SystolicCore0/ILA"}]
display_hw_ila_data [upload_hw_ila_data [get_hw_ilas -of_objects [get_hw_devices xc7a100t_0] -filter {CELL_NAME=~"SystolicCore0/ILA"}]]
INFO: [Labtools 27-1966] The ILA core 'hw_ila_1' triggered at 2025-Nov-12 16:58:07
INFO: [Labtools 27-3304] ILA Waveform data saved to file /home/xmen/Desktop/SystolicCore/vivado/SystolicCore/SystolicCore.hw/backup/hw_ila_data_1.ila. Use Tcl command 'read_hw_ila_data' or Vivado File->Import->Import ILA Data menu item to import the previously saved data.
run_hw_ila [get_hw_ilas -of_objects [get_hw_devices xc7a100t_0] -filter {CELL_NAME=~"SystolicCore0/ILA"}]
INFO: [Labtools 27-1964] The ILA core 'hw_ila_1' trigger was armed at 2025-Nov-12 16:58:10
wait_on_hw_ila [get_hw_ilas -of_objects [get_hw_devices xc7a100t_0] -filter {CELL_NAME=~"SystolicCore0/ILA"}]
display_hw_ila_data [upload_hw_ila_data [get_hw_ilas -of_objects [get_hw_devices xc7a100t_0] -filter {CELL_NAME=~"SystolicCore0/ILA"}]]
INFO: [Labtools 27-1966] The ILA core 'hw_ila_1' triggered at 2025-Nov-12 16:58:12
INFO: [Labtools 27-3304] ILA Waveform data saved to file /home/xmen/Desktop/SystolicCore/vivado/SystolicCore/SystolicCore.hw/backup/hw_ila_data_1.ila. Use Tcl command 'read_hw_ila_data' or Vivado File->Import->Import ILA Data menu item to import the previously saved data.
run_hw_ila [get_hw_ilas -of_objects [get_hw_devices xc7a100t_0] -filter {CELL_NAME=~"SystolicCore0/ILA"}]
INFO: [Labtools 27-1964] The ILA core 'hw_ila_1' trigger was armed at 2025-Nov-12 16:58:15
wait_on_hw_ila [get_hw_ilas -of_objects [get_hw_devices xc7a100t_0] -filter {CELL_NAME=~"SystolicCore0/ILA"}]
display_hw_ila_data [upload_hw_ila_data [get_hw_ilas -of_objects [get_hw_devices xc7a100t_0] -filter {CELL_NAME=~"SystolicCore0/ILA"}]]
INFO: [Labtools 27-1966] The ILA core 'hw_ila_1' triggered at 2025-Nov-12 16:58:17
INFO: [Labtools 27-3304] ILA Waveform data saved to file /home/xmen/Desktop/SystolicCore/vivado/SystolicCore/SystolicCore.hw/backup/hw_ila_data_1.ila. Use Tcl command 'read_hw_ila_data' or Vivado File->Import->Import ILA Data menu item to import the previously saved data.
run_hw_ila [get_hw_ilas -of_objects [get_hw_devices xc7a100t_0] -filter {CELL_NAME=~"SystolicCore0/ILA"}]
INFO: [Labtools 27-1964] The ILA core 'hw_ila_1' trigger was armed at 2025-Nov-12 16:58:20
wait_on_hw_ila [get_hw_ilas -of_objects [get_hw_devices xc7a100t_0] -filter {CELL_NAME=~"SystolicCore0/ILA"}]
display_hw_ila_data [upload_hw_ila_data [get_hw_ilas -of_objects [get_hw_devices xc7a100t_0] -filter {CELL_NAME=~"SystolicCore0/ILA"}]]
INFO: [Labtools 27-1966] The ILA core 'hw_ila_1' triggered at 2025-Nov-12 16:58:22
INFO: [Labtools 27-3304] ILA Waveform data saved to file /home/xmen/Desktop/SystolicCore/vivado/SystolicCore/SystolicCore.hw/backup/hw_ila_data_1.ila. Use Tcl command 'read_hw_ila_data' or Vivado File->Import->Import ILA Data menu item to import the previously saved data.
run_hw_ila [get_hw_ilas -of_objects [get_hw_devices xc7a100t_0] -filter {CELL_NAME=~"SystolicCore0/ILA"}]
INFO: [Labtools 27-1964] The ILA core 'hw_ila_1' trigger was armed at 2025-Nov-12 16:58:25
wait_on_hw_ila [get_hw_ilas -of_objects [get_hw_devices xc7a100t_0] -filter {CELL_NAME=~"SystolicCore0/ILA"}]
display_hw_ila_data [upload_hw_ila_data [get_hw_ilas -of_objects [get_hw_devices xc7a100t_0] -filter {CELL_NAME=~"SystolicCore0/ILA"}]]
INFO: [Labtools 27-1966] The ILA core 'hw_ila_1' triggered at 2025-Nov-12 16:58:27
INFO: [Labtools 27-3304] ILA Waveform data saved to file /home/xmen/Desktop/SystolicCore/vivado/SystolicCore/SystolicCore.hw/backup/hw_ila_data_1.ila. Use Tcl command 'read_hw_ila_data' or Vivado File->Import->Import ILA Data menu item to import the previously saved data.
run_hw_ila [get_hw_ilas -of_objects [get_hw_devices xc7a100t_0] -filter {CELL_NAME=~"SystolicCore0/ILA"}]
INFO: [Labtools 27-1964] The ILA core 'hw_ila_1' trigger was armed at 2025-Nov-12 16:58:30
wait_on_hw_ila [get_hw_ilas -of_objects [get_hw_devices xc7a100t_0] -filter {CELL_NAME=~"SystolicCore0/ILA"}]
display_hw_ila_data [upload_hw_ila_data [get_hw_ilas -of_objects [get_hw_devices xc7a100t_0] -filter {CELL_NAME=~"SystolicCore0/ILA"}]]
INFO: [Labtools 27-1966] The ILA core 'hw_ila_1' triggered at 2025-Nov-12 16:58:32
INFO: [Labtools 27-3304] ILA Waveform data saved to file /home/xmen/Desktop/SystolicCore/vivado/SystolicCore/SystolicCore.hw/backup/hw_ila_data_1.ila. Use Tcl command 'read_hw_ila_data' or Vivado File->Import->Import ILA Data menu item to import the previously saved data.
run_hw_ila [get_hw_ilas -of_objects [get_hw_devices xc7a100t_0] -filter {CELL_NAME=~"SystolicCore0/ILA"}]
INFO: [Labtools 27-1964] The ILA core 'hw_ila_1' trigger was armed at 2025-Nov-12 16:58:35
wait_on_hw_ila [get_hw_ilas -of_objects [get_hw_devices xc7a100t_0] -filter {CELL_NAME=~"SystolicCore0/ILA"}]
display_hw_ila_data [upload_hw_ila_data [get_hw_ilas -of_objects [get_hw_devices xc7a100t_0] -filter {CELL_NAME=~"SystolicCore0/ILA"}]]
INFO: [Labtools 27-1966] The ILA core 'hw_ila_1' triggered at 2025-Nov-12 16:58:37
INFO: [Labtools 27-3304] ILA Waveform data saved to file /home/xmen/Desktop/SystolicCore/vivado/SystolicCore/SystolicCore.hw/backup/hw_ila_data_1.ila. Use Tcl command 'read_hw_ila_data' or Vivado File->Import->Import ILA Data menu item to import the previously saved data.
run_hw_ila [get_hw_ilas -of_objects [get_hw_devices xc7a100t_0] -filter {CELL_NAME=~"SystolicCore0/ILA"}]
INFO: [Labtools 27-1964] The ILA core 'hw_ila_1' trigger was armed at 2025-Nov-12 16:58:40
wait_on_hw_ila [get_hw_ilas -of_objects [get_hw_devices xc7a100t_0] -filter {CELL_NAME=~"SystolicCore0/ILA"}]
display_hw_ila_data [upload_hw_ila_data [get_hw_ilas -of_objects [get_hw_devices xc7a100t_0] -filter {CELL_NAME=~"SystolicCore0/ILA"}]]
INFO: [Labtools 27-1966] The ILA core 'hw_ila_1' triggered at 2025-Nov-12 16:58:42
INFO: [Labtools 27-3304] ILA Waveform data saved to file /home/xmen/Desktop/SystolicCore/vivado/SystolicCore/SystolicCore.hw/backup/hw_ila_data_1.ila. Use Tcl command 'read_hw_ila_data' or Vivado File->Import->Import ILA Data menu item to import the previously saved data.
run_hw_ila [get_hw_ilas -of_objects [get_hw_devices xc7a100t_0] -filter {CELL_NAME=~"SystolicCore0/ILA"}]
INFO: [Labtools 27-1964] The ILA core 'hw_ila_1' trigger was armed at 2025-Nov-12 16:58:45
wait_on_hw_ila [get_hw_ilas -of_objects [get_hw_devices xc7a100t_0] -filter {CELL_NAME=~"SystolicCore0/ILA"}]
display_hw_ila_data [upload_hw_ila_data [get_hw_ilas -of_objects [get_hw_devices xc7a100t_0] -filter {CELL_NAME=~"SystolicCore0/ILA"}]]
INFO: [Labtools 27-1966] The ILA core 'hw_ila_1' triggered at 2025-Nov-12 16:58:47
INFO: [Labtools 27-3304] ILA Waveform data saved to file /home/xmen/Desktop/SystolicCore/vivado/SystolicCore/SystolicCore.hw/backup/hw_ila_data_1.ila. Use Tcl command 'read_hw_ila_data' or Vivado File->Import->Import ILA Data menu item to import the previously saved data.
run_hw_ila [get_hw_ilas -of_objects [get_hw_devices xc7a100t_0] -filter {CELL_NAME=~"SystolicCore0/ILA"}]
INFO: [Labtools 27-1964] The ILA core 'hw_ila_1' trigger was armed at 2025-Nov-12 16:58:50
wait_on_hw_ila [get_hw_ilas -of_objects [get_hw_devices xc7a100t_0] -filter {CELL_NAME=~"SystolicCore0/ILA"}]
display_hw_ila_data [upload_hw_ila_data [get_hw_ilas -of_objects [get_hw_devices xc7a100t_0] -filter {CELL_NAME=~"SystolicCore0/ILA"}]]
INFO: [Labtools 27-1966] The ILA core 'hw_ila_1' triggered at 2025-Nov-12 16:58:52
INFO: [Labtools 27-3304] ILA Waveform data saved to file /home/xmen/Desktop/SystolicCore/vivado/SystolicCore/SystolicCore.hw/backup/hw_ila_data_1.ila. Use Tcl command 'read_hw_ila_data' or Vivado File->Import->Import ILA Data menu item to import the previously saved data.
run_hw_ila [get_hw_ilas -of_objects [get_hw_devices xc7a100t_0] -filter {CELL_NAME=~"SystolicCore0/ILA"}]
INFO: [Labtools 27-1964] The ILA core 'hw_ila_1' trigger was armed at 2025-Nov-12 16:58:55
wait_on_hw_ila [get_hw_ilas -of_objects [get_hw_devices xc7a100t_0] -filter {CELL_NAME=~"SystolicCore0/ILA"}]
display_hw_ila_data [upload_hw_ila_data [get_hw_ilas -of_objects [get_hw_devices xc7a100t_0] -filter {CELL_NAME=~"SystolicCore0/ILA"}]]
INFO: [Labtools 27-1966] The ILA core 'hw_ila_1' triggered at 2025-Nov-12 16:58:57
INFO: [Labtools 27-3304] ILA Waveform data saved to file /home/xmen/Desktop/SystolicCore/vivado/SystolicCore/SystolicCore.hw/backup/hw_ila_data_1.ila. Use Tcl command 'read_hw_ila_data' or Vivado File->Import->Import ILA Data menu item to import the previously saved data.
run_hw_ila [get_hw_ilas -of_objects [get_hw_devices xc7a100t_0] -filter {CELL_NAME=~"SystolicCore0/ILA"}]
INFO: [Labtools 27-1964] The ILA core 'hw_ila_1' trigger was armed at 2025-Nov-12 16:59:00
wait_on_hw_ila [get_hw_ilas -of_objects [get_hw_devices xc7a100t_0] -filter {CELL_NAME=~"SystolicCore0/ILA"}]
display_hw_ila_data [upload_hw_ila_data [get_hw_ilas -of_objects [get_hw_devices xc7a100t_0] -filter {CELL_NAME=~"SystolicCore0/ILA"}]]
INFO: [Labtools 27-1966] The ILA core 'hw_ila_1' triggered at 2025-Nov-12 16:59:02
INFO: [Labtools 27-3304] ILA Waveform data saved to file /home/xmen/Desktop/SystolicCore/vivado/SystolicCore/SystolicCore.hw/backup/hw_ila_data_1.ila. Use Tcl command 'read_hw_ila_data' or Vivado File->Import->Import ILA Data menu item to import the previously saved data.
run_hw_ila [get_hw_ilas -of_objects [get_hw_devices xc7a100t_0] -filter {CELL_NAME=~"SystolicCore0/ILA"}]
INFO: [Labtools 27-1964] The ILA core 'hw_ila_1' trigger was armed at 2025-Nov-12 16:59:05
wait_on_hw_ila [get_hw_ilas -of_objects [get_hw_devices xc7a100t_0] -filter {CELL_NAME=~"SystolicCore0/ILA"}]
display_hw_ila_data [upload_hw_ila_data [get_hw_ilas -of_objects [get_hw_devices xc7a100t_0] -filter {CELL_NAME=~"SystolicCore0/ILA"}]]
INFO: [Labtools 27-1966] The ILA core 'hw_ila_1' triggered at 2025-Nov-12 16:59:07
INFO: [Labtools 27-3304] ILA Waveform data saved to file /home/xmen/Desktop/SystolicCore/vivado/SystolicCore/SystolicCore.hw/backup/hw_ila_data_1.ila. Use Tcl command 'read_hw_ila_data' or Vivado File->Import->Import ILA Data menu item to import the previously saved data.
run_hw_ila [get_hw_ilas -of_objects [get_hw_devices xc7a100t_0] -filter {CELL_NAME=~"SystolicCore0/ILA"}]
INFO: [Labtools 27-1964] The ILA core 'hw_ila_1' trigger was armed at 2025-Nov-12 16:59:10
wait_on_hw_ila [get_hw_ilas -of_objects [get_hw_devices xc7a100t_0] -filter {CELL_NAME=~"SystolicCore0/ILA"}]
display_hw_ila_data [upload_hw_ila_data [get_hw_ilas -of_objects [get_hw_devices xc7a100t_0] -filter {CELL_NAME=~"SystolicCore0/ILA"}]]
INFO: [Labtools 27-1966] The ILA core 'hw_ila_1' triggered at 2025-Nov-12 16:59:12
INFO: [Labtools 27-3304] ILA Waveform data saved to file /home/xmen/Desktop/SystolicCore/vivado/SystolicCore/SystolicCore.hw/backup/hw_ila_data_1.ila. Use Tcl command 'read_hw_ila_data' or Vivado File->Import->Import ILA Data menu item to import the previously saved data.
run_hw_ila [get_hw_ilas -of_objects [get_hw_devices xc7a100t_0] -filter {CELL_NAME=~"SystolicCore0/ILA"}]
INFO: [Labtools 27-1964] The ILA core 'hw_ila_1' trigger was armed at 2025-Nov-12 16:59:15
wait_on_hw_ila [get_hw_ilas -of_objects [get_hw_devices xc7a100t_0] -filter {CELL_NAME=~"SystolicCore0/ILA"}]
display_hw_ila_data [upload_hw_ila_data [get_hw_ilas -of_objects [get_hw_devices xc7a100t_0] -filter {CELL_NAME=~"SystolicCore0/ILA"}]]
INFO: [Labtools 27-1966] The ILA core 'hw_ila_1' triggered at 2025-Nov-12 16:59:17
INFO: [Labtools 27-3304] ILA Waveform data saved to file /home/xmen/Desktop/SystolicCore/vivado/SystolicCore/SystolicCore.hw/backup/hw_ila_data_1.ila. Use Tcl command 'read_hw_ila_data' or Vivado File->Import->Import ILA Data menu item to import the previously saved data.
run_hw_ila [get_hw_ilas -of_objects [get_hw_devices xc7a100t_0] -filter {CELL_NAME=~"SystolicCore0/ILA"}]
INFO: [Labtools 27-1964] The ILA core 'hw_ila_1' trigger was armed at 2025-Nov-12 16:59:20
wait_on_hw_ila [get_hw_ilas -of_objects [get_hw_devices xc7a100t_0] -filter {CELL_NAME=~"SystolicCore0/ILA"}]
display_hw_ila_data [upload_hw_ila_data [get_hw_ilas -of_objects [get_hw_devices xc7a100t_0] -filter {CELL_NAME=~"SystolicCore0/ILA"}]]
INFO: [Labtools 27-1966] The ILA core 'hw_ila_1' triggered at 2025-Nov-12 16:59:22
INFO: [Labtools 27-3304] ILA Waveform data saved to file /home/xmen/Desktop/SystolicCore/vivado/SystolicCore/SystolicCore.hw/backup/hw_ila_data_1.ila. Use Tcl command 'read_hw_ila_data' or Vivado File->Import->Import ILA Data menu item to import the previously saved data.
run_hw_ila [get_hw_ilas -of_objects [get_hw_devices xc7a100t_0] -filter {CELL_NAME=~"SystolicCore0/ILA"}]
INFO: [Labtools 27-1964] The ILA core 'hw_ila_1' trigger was armed at 2025-Nov-12 16:59:25
wait_on_hw_ila [get_hw_ilas -of_objects [get_hw_devices xc7a100t_0] -filter {CELL_NAME=~"SystolicCore0/ILA"}]
display_hw_ila_data [upload_hw_ila_data [get_hw_ilas -of_objects [get_hw_devices xc7a100t_0] -filter {CELL_NAME=~"SystolicCore0/ILA"}]]
INFO: [Labtools 27-1966] The ILA core 'hw_ila_1' triggered at 2025-Nov-12 16:59:27
INFO: [Labtools 27-3304] ILA Waveform data saved to file /home/xmen/Desktop/SystolicCore/vivado/SystolicCore/SystolicCore.hw/backup/hw_ila_data_1.ila. Use Tcl command 'read_hw_ila_data' or Vivado File->Import->Import ILA Data menu item to import the previously saved data.
run_hw_ila [get_hw_ilas -of_objects [get_hw_devices xc7a100t_0] -filter {CELL_NAME=~"SystolicCore0/ILA"}]
INFO: [Labtools 27-1964] The ILA core 'hw_ila_1' trigger was armed at 2025-Nov-12 16:59:30
wait_on_hw_ila [get_hw_ilas -of_objects [get_hw_devices xc7a100t_0] -filter {CELL_NAME=~"SystolicCore0/ILA"}]
display_hw_ila_data [upload_hw_ila_data [get_hw_ilas -of_objects [get_hw_devices xc7a100t_0] -filter {CELL_NAME=~"SystolicCore0/ILA"}]]
INFO: [Labtools 27-1966] The ILA core 'hw_ila_1' triggered at 2025-Nov-12 16:59:32
INFO: [Labtools 27-3304] ILA Waveform data saved to file /home/xmen/Desktop/SystolicCore/vivado/SystolicCore/SystolicCore.hw/backup/hw_ila_data_1.ila. Use Tcl command 'read_hw_ila_data' or Vivado File->Import->Import ILA Data menu item to import the previously saved data.
run_hw_ila [get_hw_ilas -of_objects [get_hw_devices xc7a100t_0] -filter {CELL_NAME=~"SystolicCore0/ILA"}]
INFO: [Labtools 27-1964] The ILA core 'hw_ila_1' trigger was armed at 2025-Nov-12 16:59:35
wait_on_hw_ila [get_hw_ilas -of_objects [get_hw_devices xc7a100t_0] -filter {CELL_NAME=~"SystolicCore0/ILA"}]
display_hw_ila_data [upload_hw_ila_data [get_hw_ilas -of_objects [get_hw_devices xc7a100t_0] -filter {CELL_NAME=~"SystolicCore0/ILA"}]]
INFO: [Labtools 27-1966] The ILA core 'hw_ila_1' triggered at 2025-Nov-12 16:59:37
INFO: [Labtools 27-3304] ILA Waveform data saved to file /home/xmen/Desktop/SystolicCore/vivado/SystolicCore/SystolicCore.hw/backup/hw_ila_data_1.ila. Use Tcl command 'read_hw_ila_data' or Vivado File->Import->Import ILA Data menu item to import the previously saved data.
run_hw_ila [get_hw_ilas -of_objects [get_hw_devices xc7a100t_0] -filter {CELL_NAME=~"SystolicCore0/ILA"}]
INFO: [Labtools 27-1964] The ILA core 'hw_ila_1' trigger was armed at 2025-Nov-12 16:59:40
wait_on_hw_ila [get_hw_ilas -of_objects [get_hw_devices xc7a100t_0] -filter {CELL_NAME=~"SystolicCore0/ILA"}]
display_hw_ila_data [upload_hw_ila_data [get_hw_ilas -of_objects [get_hw_devices xc7a100t_0] -filter {CELL_NAME=~"SystolicCore0/ILA"}]]
INFO: [Labtools 27-1966] The ILA core 'hw_ila_1' triggered at 2025-Nov-12 16:59:42
INFO: [Labtools 27-3304] ILA Waveform data saved to file /home/xmen/Desktop/SystolicCore/vivado/SystolicCore/SystolicCore.hw/backup/hw_ila_data_1.ila. Use Tcl command 'read_hw_ila_data' or Vivado File->Import->Import ILA Data menu item to import the previously saved data.
run_hw_ila [get_hw_ilas -of_objects [get_hw_devices xc7a100t_0] -filter {CELL_NAME=~"SystolicCore0/ILA"}]
INFO: [Labtools 27-1964] The ILA core 'hw_ila_1' trigger was armed at 2025-Nov-12 16:59:45
wait_on_hw_ila [get_hw_ilas -of_objects [get_hw_devices xc7a100t_0] -filter {CELL_NAME=~"SystolicCore0/ILA"}]
display_hw_ila_data [upload_hw_ila_data [get_hw_ilas -of_objects [get_hw_devices xc7a100t_0] -filter {CELL_NAME=~"SystolicCore0/ILA"}]]
INFO: [Labtools 27-1966] The ILA core 'hw_ila_1' triggered at 2025-Nov-12 16:59:47
INFO: [Labtools 27-3304] ILA Waveform data saved to file /home/xmen/Desktop/SystolicCore/vivado/SystolicCore/SystolicCore.hw/backup/hw_ila_data_1.ila. Use Tcl command 'read_hw_ila_data' or Vivado File->Import->Import ILA Data menu item to import the previously saved data.
run_hw_ila [get_hw_ilas -of_objects [get_hw_devices xc7a100t_0] -filter {CELL_NAME=~"SystolicCore0/ILA"}]
INFO: [Labtools 27-1964] The ILA core 'hw_ila_1' trigger was armed at 2025-Nov-12 16:59:50
wait_on_hw_ila [get_hw_ilas -of_objects [get_hw_devices xc7a100t_0] -filter {CELL_NAME=~"SystolicCore0/ILA"}]
display_hw_ila_data [upload_hw_ila_data [get_hw_ilas -of_objects [get_hw_devices xc7a100t_0] -filter {CELL_NAME=~"SystolicCore0/ILA"}]]
INFO: [Labtools 27-1966] The ILA core 'hw_ila_1' triggered at 2025-Nov-12 16:59:52
INFO: [Labtools 27-3304] ILA Waveform data saved to file /home/xmen/Desktop/SystolicCore/vivado/SystolicCore/SystolicCore.hw/backup/hw_ila_data_1.ila. Use Tcl command 'read_hw_ila_data' or Vivado File->Import->Import ILA Data menu item to import the previously saved data.
run_hw_ila [get_hw_ilas -of_objects [get_hw_devices xc7a100t_0] -filter {CELL_NAME=~"SystolicCore0/ILA"}]
INFO: [Labtools 27-1964] The ILA core 'hw_ila_1' trigger was armed at 2025-Nov-12 16:59:55
wait_on_hw_ila [get_hw_ilas -of_objects [get_hw_devices xc7a100t_0] -filter {CELL_NAME=~"SystolicCore0/ILA"}]
display_hw_ila_data [upload_hw_ila_data [get_hw_ilas -of_objects [get_hw_devices xc7a100t_0] -filter {CELL_NAME=~"SystolicCore0/ILA"}]]
INFO: [Labtools 27-1966] The ILA core 'hw_ila_1' triggered at 2025-Nov-12 16:59:57
INFO: [Labtools 27-3304] ILA Waveform data saved to file /home/xmen/Desktop/SystolicCore/vivado/SystolicCore/SystolicCore.hw/backup/hw_ila_data_1.ila. Use Tcl command 'read_hw_ila_data' or Vivado File->Import->Import ILA Data menu item to import the previously saved data.
run_hw_ila [get_hw_ilas -of_objects [get_hw_devices xc7a100t_0] -filter {CELL_NAME=~"SystolicCore0/ILA"}]
INFO: [Labtools 27-1964] The ILA core 'hw_ila_1' trigger was armed at 2025-Nov-12 17:00:00
wait_on_hw_ila [get_hw_ilas -of_objects [get_hw_devices xc7a100t_0] -filter {CELL_NAME=~"SystolicCore0/ILA"}]
display_hw_ila_data [upload_hw_ila_data [get_hw_ilas -of_objects [get_hw_devices xc7a100t_0] -filter {CELL_NAME=~"SystolicCore0/ILA"}]]
INFO: [Labtools 27-1966] The ILA core 'hw_ila_1' triggered at 2025-Nov-12 17:00:02
INFO: [Labtools 27-3304] ILA Waveform data saved to file /home/xmen/Desktop/SystolicCore/vivado/SystolicCore/SystolicCore.hw/backup/hw_ila_data_1.ila. Use Tcl command 'read_hw_ila_data' or Vivado File->Import->Import ILA Data menu item to import the previously saved data.
run_hw_ila [get_hw_ilas -of_objects [get_hw_devices xc7a100t_0] -filter {CELL_NAME=~"SystolicCore0/ILA"}]
INFO: [Labtools 27-1964] The ILA core 'hw_ila_1' trigger was armed at 2025-Nov-12 17:00:05
wait_on_hw_ila [get_hw_ilas -of_objects [get_hw_devices xc7a100t_0] -filter {CELL_NAME=~"SystolicCore0/ILA"}]
display_hw_ila_data [upload_hw_ila_data [get_hw_ilas -of_objects [get_hw_devices xc7a100t_0] -filter {CELL_NAME=~"SystolicCore0/ILA"}]]
INFO: [Labtools 27-1966] The ILA core 'hw_ila_1' triggered at 2025-Nov-12 17:00:07
INFO: [Labtools 27-3304] ILA Waveform data saved to file /home/xmen/Desktop/SystolicCore/vivado/SystolicCore/SystolicCore.hw/backup/hw_ila_data_1.ila. Use Tcl command 'read_hw_ila_data' or Vivado File->Import->Import ILA Data menu item to import the previously saved data.
run_hw_ila [get_hw_ilas -of_objects [get_hw_devices xc7a100t_0] -filter {CELL_NAME=~"SystolicCore0/ILA"}]
INFO: [Labtools 27-1964] The ILA core 'hw_ila_1' trigger was armed at 2025-Nov-12 17:00:10
wait_on_hw_ila [get_hw_ilas -of_objects [get_hw_devices xc7a100t_0] -filter {CELL_NAME=~"SystolicCore0/ILA"}]
display_hw_ila_data [upload_hw_ila_data [get_hw_ilas -of_objects [get_hw_devices xc7a100t_0] -filter {CELL_NAME=~"SystolicCore0/ILA"}]]
INFO: [Labtools 27-1966] The ILA core 'hw_ila_1' triggered at 2025-Nov-12 17:00:12
INFO: [Labtools 27-3304] ILA Waveform data saved to file /home/xmen/Desktop/SystolicCore/vivado/SystolicCore/SystolicCore.hw/backup/hw_ila_data_1.ila. Use Tcl command 'read_hw_ila_data' or Vivado File->Import->Import ILA Data menu item to import the previously saved data.
run_hw_ila [get_hw_ilas -of_objects [get_hw_devices xc7a100t_0] -filter {CELL_NAME=~"SystolicCore0/ILA"}]
INFO: [Labtools 27-1964] The ILA core 'hw_ila_1' trigger was armed at 2025-Nov-12 17:00:15
set_property PROBES.FILE {/home/xmen/Desktop/SystolicCore/vivado/SystolicCore/SystolicCore.runs/impl_1/Arty7_top_sim.ltx} [get_hw_devices xc7a100t_0]
set_property FULL_PROBES.FILE {/home/xmen/Desktop/SystolicCore/vivado/SystolicCore/SystolicCore.runs/impl_1/Arty7_top_sim.ltx} [get_hw_devices xc7a100t_0]
set_property PROGRAM.FILE {/home/xmen/Desktop/SystolicCore/vivado/SystolicCore/SystolicCore.runs/impl_1/Arty7_top_sim.bit} [get_hw_devices xc7a100t_0]
program_hw_devices [get_hw_devices xc7a100t_0]
INFO: [Labtools 27-3164] End of startup status: HIGH
refresh_hw_device [lindex [get_hw_devices xc7a100t_0] 0]
INFO: [Labtools 27-2302] Device xc7a100t (JTAG device index = 0) is programmed with a design that has 1 ILA core(s).
run_hw_ila [get_hw_ilas -of_objects [get_hw_devices xc7a100t_0] -filter {CELL_NAME=~"SystolicCore0/ILA"}]
INFO: [Labtools 27-1964] The ILA core 'hw_ila_1' trigger was armed at 2025-Nov-12 17:02:27
wait_on_hw_ila [get_hw_ilas -of_objects [get_hw_devices xc7a100t_0] -filter {CELL_NAME=~"SystolicCore0/ILA"}]
display_hw_ila_data [upload_hw_ila_data [get_hw_ilas -of_objects [get_hw_devices xc7a100t_0] -filter {CELL_NAME=~"SystolicCore0/ILA"}]]
INFO: [Labtools 27-1966] The ILA core 'hw_ila_1' triggered at 2025-Nov-12 17:02:32
INFO: [Labtools 27-3304] ILA Waveform data saved to file /home/xmen/Desktop/SystolicCore/vivado/SystolicCore/SystolicCore.hw/backup/hw_ila_data_1.ila. Use Tcl command 'read_hw_ila_data' or Vivado File->Import->Import ILA Data menu item to import the previously saved data.
run_hw_ila [get_hw_ilas -of_objects [get_hw_devices xc7a100t_0] -filter {CELL_NAME=~"SystolicCore0/ILA"}]
INFO: [Labtools 27-1964] The ILA core 'hw_ila_1' trigger was armed at 2025-Nov-12 17:02:35
wait_on_hw_ila [get_hw_ilas -of_objects [get_hw_devices xc7a100t_0] -filter {CELL_NAME=~"SystolicCore0/ILA"}]
display_hw_ila_data [upload_hw_ila_data [get_hw_ilas -of_objects [get_hw_devices xc7a100t_0] -filter {CELL_NAME=~"SystolicCore0/ILA"}]]
INFO: [Labtools 27-1966] The ILA core 'hw_ila_1' triggered at 2025-Nov-12 17:02:36
INFO: [Labtools 27-3304] ILA Waveform data saved to file /home/xmen/Desktop/SystolicCore/vivado/SystolicCore/SystolicCore.hw/backup/hw_ila_data_1.ila. Use Tcl command 'read_hw_ila_data' or Vivado File->Import->Import ILA Data menu item to import the previously saved data.
run_hw_ila [get_hw_ilas -of_objects [get_hw_devices xc7a100t_0] -filter {CELL_NAME=~"SystolicCore0/ILA"}]
INFO: [Labtools 27-1964] The ILA core 'hw_ila_1' trigger was armed at 2025-Nov-12 17:02:39
wait_on_hw_ila [get_hw_ilas -of_objects [get_hw_devices xc7a100t_0] -filter {CELL_NAME=~"SystolicCore0/ILA"}]
display_hw_ila_data [upload_hw_ila_data [get_hw_ilas -of_objects [get_hw_devices xc7a100t_0] -filter {CELL_NAME=~"SystolicCore0/ILA"}]]
INFO: [Labtools 27-1966] The ILA core 'hw_ila_1' triggered at 2025-Nov-12 17:02:40
INFO: [Labtools 27-3304] ILA Waveform data saved to file /home/xmen/Desktop/SystolicCore/vivado/SystolicCore/SystolicCore.hw/backup/hw_ila_data_1.ila. Use Tcl command 'read_hw_ila_data' or Vivado File->Import->Import ILA Data menu item to import the previously saved data.
run_hw_ila [get_hw_ilas -of_objects [get_hw_devices xc7a100t_0] -filter {CELL_NAME=~"SystolicCore0/ILA"}]
INFO: [Labtools 27-1964] The ILA core 'hw_ila_1' trigger was armed at 2025-Nov-12 17:02:43
wait_on_hw_ila [get_hw_ilas -of_objects [get_hw_devices xc7a100t_0] -filter {CELL_NAME=~"SystolicCore0/ILA"}]
display_hw_ila_data [upload_hw_ila_data [get_hw_ilas -of_objects [get_hw_devices xc7a100t_0] -filter {CELL_NAME=~"SystolicCore0/ILA"}]]
INFO: [Labtools 27-1966] The ILA core 'hw_ila_1' triggered at 2025-Nov-12 17:02:44
INFO: [Labtools 27-3304] ILA Waveform data saved to file /home/xmen/Desktop/SystolicCore/vivado/SystolicCore/SystolicCore.hw/backup/hw_ila_data_1.ila. Use Tcl command 'read_hw_ila_data' or Vivado File->Import->Import ILA Data menu item to import the previously saved data.
run_hw_ila [get_hw_ilas -of_objects [get_hw_devices xc7a100t_0] -filter {CELL_NAME=~"SystolicCore0/ILA"}]
INFO: [Labtools 27-1964] The ILA core 'hw_ila_1' trigger was armed at 2025-Nov-12 17:02:47
wait_on_hw_ila [get_hw_ilas -of_objects [get_hw_devices xc7a100t_0] -filter {CELL_NAME=~"SystolicCore0/ILA"}]
display_hw_ila_data [upload_hw_ila_data [get_hw_ilas -of_objects [get_hw_devices xc7a100t_0] -filter {CELL_NAME=~"SystolicCore0/ILA"}]]
INFO: [Labtools 27-1966] The ILA core 'hw_ila_1' triggered at 2025-Nov-12 17:02:48
INFO: [Labtools 27-3304] ILA Waveform data saved to file /home/xmen/Desktop/SystolicCore/vivado/SystolicCore/SystolicCore.hw/backup/hw_ila_data_1.ila. Use Tcl command 'read_hw_ila_data' or Vivado File->Import->Import ILA Data menu item to import the previously saved data.
run_hw_ila [get_hw_ilas -of_objects [get_hw_devices xc7a100t_0] -filter {CELL_NAME=~"SystolicCore0/ILA"}]
INFO: [Labtools 27-1964] The ILA core 'hw_ila_1' trigger was armed at 2025-Nov-12 17:02:51
wait_on_hw_ila [get_hw_ilas -of_objects [get_hw_devices xc7a100t_0] -filter {CELL_NAME=~"SystolicCore0/ILA"}]
display_hw_ila_data [upload_hw_ila_data [get_hw_ilas -of_objects [get_hw_devices xc7a100t_0] -filter {CELL_NAME=~"SystolicCore0/ILA"}]]
INFO: [Labtools 27-1966] The ILA core 'hw_ila_1' triggered at 2025-Nov-12 17:02:52
INFO: [Labtools 27-3304] ILA Waveform data saved to file /home/xmen/Desktop/SystolicCore/vivado/SystolicCore/SystolicCore.hw/backup/hw_ila_data_1.ila. Use Tcl command 'read_hw_ila_data' or Vivado File->Import->Import ILA Data menu item to import the previously saved data.
run_hw_ila [get_hw_ilas -of_objects [get_hw_devices xc7a100t_0] -filter {CELL_NAME=~"SystolicCore0/ILA"}]
INFO: [Labtools 27-1964] The ILA core 'hw_ila_1' trigger was armed at 2025-Nov-12 17:02:55
wait_on_hw_ila [get_hw_ilas -of_objects [get_hw_devices xc7a100t_0] -filter {CELL_NAME=~"SystolicCore0/ILA"}]
display_hw_ila_data [upload_hw_ila_data [get_hw_ilas -of_objects [get_hw_devices xc7a100t_0] -filter {CELL_NAME=~"SystolicCore0/ILA"}]]
INFO: [Labtools 27-1966] The ILA core 'hw_ila_1' triggered at 2025-Nov-12 17:02:56
INFO: [Labtools 27-3304] ILA Waveform data saved to file /home/xmen/Desktop/SystolicCore/vivado/SystolicCore/SystolicCore.hw/backup/hw_ila_data_1.ila. Use Tcl command 'read_hw_ila_data' or Vivado File->Import->Import ILA Data menu item to import the previously saved data.
run_hw_ila [get_hw_ilas -of_objects [get_hw_devices xc7a100t_0] -filter {CELL_NAME=~"SystolicCore0/ILA"}]
INFO: [Labtools 27-1964] The ILA core 'hw_ila_1' trigger was armed at 2025-Nov-12 17:02:59
wait_on_hw_ila [get_hw_ilas -of_objects [get_hw_devices xc7a100t_0] -filter {CELL_NAME=~"SystolicCore0/ILA"}]
display_hw_ila_data [upload_hw_ila_data [get_hw_ilas -of_objects [get_hw_devices xc7a100t_0] -filter {CELL_NAME=~"SystolicCore0/ILA"}]]
INFO: [Labtools 27-1966] The ILA core 'hw_ila_1' triggered at 2025-Nov-12 17:03:00
INFO: [Labtools 27-3304] ILA Waveform data saved to file /home/xmen/Desktop/SystolicCore/vivado/SystolicCore/SystolicCore.hw/backup/hw_ila_data_1.ila. Use Tcl command 'read_hw_ila_data' or Vivado File->Import->Import ILA Data menu item to import the previously saved data.
run_hw_ila [get_hw_ilas -of_objects [get_hw_devices xc7a100t_0] -filter {CELL_NAME=~"SystolicCore0/ILA"}]
INFO: [Labtools 27-1964] The ILA core 'hw_ila_1' trigger was armed at 2025-Nov-12 17:03:03
wait_on_hw_ila [get_hw_ilas -of_objects [get_hw_devices xc7a100t_0] -filter {CELL_NAME=~"SystolicCore0/ILA"}]
display_hw_ila_data [upload_hw_ila_data [get_hw_ilas -of_objects [get_hw_devices xc7a100t_0] -filter {CELL_NAME=~"SystolicCore0/ILA"}]]
INFO: [Labtools 27-1966] The ILA core 'hw_ila_1' triggered at 2025-Nov-12 17:03:04
INFO: [Labtools 27-3304] ILA Waveform data saved to file /home/xmen/Desktop/SystolicCore/vivado/SystolicCore/SystolicCore.hw/backup/hw_ila_data_1.ila. Use Tcl command 'read_hw_ila_data' or Vivado File->Import->Import ILA Data menu item to import the previously saved data.
run_hw_ila [get_hw_ilas -of_objects [get_hw_devices xc7a100t_0] -filter {CELL_NAME=~"SystolicCore0/ILA"}]
INFO: [Labtools 27-1964] The ILA core 'hw_ila_1' trigger was armed at 2025-Nov-12 17:03:07
wait_on_hw_ila [get_hw_ilas -of_objects [get_hw_devices xc7a100t_0] -filter {CELL_NAME=~"SystolicCore0/ILA"}]
display_hw_ila_data [upload_hw_ila_data [get_hw_ilas -of_objects [get_hw_devices xc7a100t_0] -filter {CELL_NAME=~"SystolicCore0/ILA"}]]
INFO: [Labtools 27-1966] The ILA core 'hw_ila_1' triggered at 2025-Nov-12 17:03:08
INFO: [Labtools 27-3304] ILA Waveform data saved to file /home/xmen/Desktop/SystolicCore/vivado/SystolicCore/SystolicCore.hw/backup/hw_ila_data_1.ila. Use Tcl command 'read_hw_ila_data' or Vivado File->Import->Import ILA Data menu item to import the previously saved data.
run_hw_ila [get_hw_ilas -of_objects [get_hw_devices xc7a100t_0] -filter {CELL_NAME=~"SystolicCore0/ILA"}]
INFO: [Labtools 27-1964] The ILA core 'hw_ila_1' trigger was armed at 2025-Nov-12 17:03:11
wait_on_hw_ila [get_hw_ilas -of_objects [get_hw_devices xc7a100t_0] -filter {CELL_NAME=~"SystolicCore0/ILA"}]
display_hw_ila_data [upload_hw_ila_data [get_hw_ilas -of_objects [get_hw_devices xc7a100t_0] -filter {CELL_NAME=~"SystolicCore0/ILA"}]]
INFO: [Labtools 27-1966] The ILA core 'hw_ila_1' triggered at 2025-Nov-12 17:03:12
INFO: [Labtools 27-3304] ILA Waveform data saved to file /home/xmen/Desktop/SystolicCore/vivado/SystolicCore/SystolicCore.hw/backup/hw_ila_data_1.ila. Use Tcl command 'read_hw_ila_data' or Vivado File->Import->Import ILA Data menu item to import the previously saved data.
run_hw_ila [get_hw_ilas -of_objects [get_hw_devices xc7a100t_0] -filter {CELL_NAME=~"SystolicCore0/ILA"}]
INFO: [Labtools 27-1964] The ILA core 'hw_ila_1' trigger was armed at 2025-Nov-12 17:03:15
wait_on_hw_ila [get_hw_ilas -of_objects [get_hw_devices xc7a100t_0] -filter {CELL_NAME=~"SystolicCore0/ILA"}]
display_hw_ila_data [upload_hw_ila_data [get_hw_ilas -of_objects [get_hw_devices xc7a100t_0] -filter {CELL_NAME=~"SystolicCore0/ILA"}]]
INFO: [Labtools 27-1966] The ILA core 'hw_ila_1' triggered at 2025-Nov-12 17:03:16
INFO: [Labtools 27-3304] ILA Waveform data saved to file /home/xmen/Desktop/SystolicCore/vivado/SystolicCore/SystolicCore.hw/backup/hw_ila_data_1.ila. Use Tcl command 'read_hw_ila_data' or Vivado File->Import->Import ILA Data menu item to import the previously saved data.
run_hw_ila [get_hw_ilas -of_objects [get_hw_devices xc7a100t_0] -filter {CELL_NAME=~"SystolicCore0/ILA"}]
INFO: [Labtools 27-1964] The ILA core 'hw_ila_1' trigger was armed at 2025-Nov-12 17:03:19
wait_on_hw_ila [get_hw_ilas -of_objects [get_hw_devices xc7a100t_0] -filter {CELL_NAME=~"SystolicCore0/ILA"}]
display_hw_ila_data [upload_hw_ila_data [get_hw_ilas -of_objects [get_hw_devices xc7a100t_0] -filter {CELL_NAME=~"SystolicCore0/ILA"}]]
INFO: [Labtools 27-1966] The ILA core 'hw_ila_1' triggered at 2025-Nov-12 17:03:20
INFO: [Labtools 27-3304] ILA Waveform data saved to file /home/xmen/Desktop/SystolicCore/vivado/SystolicCore/SystolicCore.hw/backup/hw_ila_data_1.ila. Use Tcl command 'read_hw_ila_data' or Vivado File->Import->Import ILA Data menu item to import the previously saved data.
run_hw_ila [get_hw_ilas -of_objects [get_hw_devices xc7a100t_0] -filter {CELL_NAME=~"SystolicCore0/ILA"}]
INFO: [Labtools 27-1964] The ILA core 'hw_ila_1' trigger was armed at 2025-Nov-12 17:03:23
wait_on_hw_ila [get_hw_ilas -of_objects [get_hw_devices xc7a100t_0] -filter {CELL_NAME=~"SystolicCore0/ILA"}]
display_hw_ila_data [upload_hw_ila_data [get_hw_ilas -of_objects [get_hw_devices xc7a100t_0] -filter {CELL_NAME=~"SystolicCore0/ILA"}]]
INFO: [Labtools 27-1966] The ILA core 'hw_ila_1' triggered at 2025-Nov-12 17:03:24
INFO: [Labtools 27-3304] ILA Waveform data saved to file /home/xmen/Desktop/SystolicCore/vivado/SystolicCore/SystolicCore.hw/backup/hw_ila_data_1.ila. Use Tcl command 'read_hw_ila_data' or Vivado File->Import->Import ILA Data menu item to import the previously saved data.
run_hw_ila [get_hw_ilas -of_objects [get_hw_devices xc7a100t_0] -filter {CELL_NAME=~"SystolicCore0/ILA"}]
INFO: [Labtools 27-1964] The ILA core 'hw_ila_1' trigger was armed at 2025-Nov-12 17:03:27
wait_on_hw_ila [get_hw_ilas -of_objects [get_hw_devices xc7a100t_0] -filter {CELL_NAME=~"SystolicCore0/ILA"}]
display_hw_ila_data [upload_hw_ila_data [get_hw_ilas -of_objects [get_hw_devices xc7a100t_0] -filter {CELL_NAME=~"SystolicCore0/ILA"}]]
INFO: [Labtools 27-1966] The ILA core 'hw_ila_1' triggered at 2025-Nov-12 17:03:28
INFO: [Labtools 27-3304] ILA Waveform data saved to file /home/xmen/Desktop/SystolicCore/vivado/SystolicCore/SystolicCore.hw/backup/hw_ila_data_1.ila. Use Tcl command 'read_hw_ila_data' or Vivado File->Import->Import ILA Data menu item to import the previously saved data.
run_hw_ila [get_hw_ilas -of_objects [get_hw_devices xc7a100t_0] -filter {CELL_NAME=~"SystolicCore0/ILA"}]
INFO: [Labtools 27-1964] The ILA core 'hw_ila_1' trigger was armed at 2025-Nov-12 17:03:31
set_property PROBES.FILE {/home/xmen/Desktop/SystolicCore/vivado/SystolicCore/SystolicCore.runs/impl_1/Arty7_top_sim.ltx} [get_hw_devices xc7a100t_0]
set_property FULL_PROBES.FILE {/home/xmen/Desktop/SystolicCore/vivado/SystolicCore/SystolicCore.runs/impl_1/Arty7_top_sim.ltx} [get_hw_devices xc7a100t_0]
set_property PROGRAM.FILE {/home/xmen/Desktop/SystolicCore/vivado/SystolicCore/SystolicCore.runs/impl_1/Arty7_top_sim.bit} [get_hw_devices xc7a100t_0]
program_hw_devices [get_hw_devices xc7a100t_0]
INFO: [Labtools 27-3164] End of startup status: HIGH
refresh_hw_device [lindex [get_hw_devices xc7a100t_0] 0]
INFO: [Labtools 27-2302] Device xc7a100t (JTAG device index = 0) is programmed with a design that has 1 ILA core(s).
run_hw_ila [get_hw_ilas -of_objects [get_hw_devices xc7a100t_0] -filter {CELL_NAME=~"SystolicCore0/ILA"}]
INFO: [Labtools 27-1964] The ILA core 'hw_ila_1' trigger was armed at 2025-Nov-12 17:05:18
wait_on_hw_ila [get_hw_ilas -of_objects [get_hw_devices xc7a100t_0] -filter {CELL_NAME=~"SystolicCore0/ILA"}]
display_hw_ila_data [upload_hw_ila_data [get_hw_ilas -of_objects [get_hw_devices xc7a100t_0] -filter {CELL_NAME=~"SystolicCore0/ILA"}]]
INFO: [Labtools 27-1966] The ILA core 'hw_ila_1' triggered at 2025-Nov-12 17:05:19
INFO: [Labtools 27-3304] ILA Waveform data saved to file /home/xmen/Desktop/SystolicCore/vivado/SystolicCore/SystolicCore.hw/backup/hw_ila_data_1.ila. Use Tcl command 'read_hw_ila_data' or Vivado File->Import->Import ILA Data menu item to import the previously saved data.
run_hw_ila [get_hw_ilas -of_objects [get_hw_devices xc7a100t_0] -filter {CELL_NAME=~"SystolicCore0/ILA"}]
INFO: [Labtools 27-1964] The ILA core 'hw_ila_1' trigger was armed at 2025-Nov-12 17:05:22
wait_on_hw_ila [get_hw_ilas -of_objects [get_hw_devices xc7a100t_0] -filter {CELL_NAME=~"SystolicCore0/ILA"}]
display_hw_ila_data [upload_hw_ila_data [get_hw_ilas -of_objects [get_hw_devices xc7a100t_0] -filter {CELL_NAME=~"SystolicCore0/ILA"}]]
INFO: [Labtools 27-1966] The ILA core 'hw_ila_1' triggered at 2025-Nov-12 17:05:23
INFO: [Labtools 27-3304] ILA Waveform data saved to file /home/xmen/Desktop/SystolicCore/vivado/SystolicCore/SystolicCore.hw/backup/hw_ila_data_1.ila. Use Tcl command 'read_hw_ila_data' or Vivado File->Import->Import ILA Data menu item to import the previously saved data.
run_hw_ila [get_hw_ilas -of_objects [get_hw_devices xc7a100t_0] -filter {CELL_NAME=~"SystolicCore0/ILA"}]
INFO: [Labtools 27-1964] The ILA core 'hw_ila_1' trigger was armed at 2025-Nov-12 17:05:26
wait_on_hw_ila [get_hw_ilas -of_objects [get_hw_devices xc7a100t_0] -filter {CELL_NAME=~"SystolicCore0/ILA"}]
display_hw_ila_data [upload_hw_ila_data [get_hw_ilas -of_objects [get_hw_devices xc7a100t_0] -filter {CELL_NAME=~"SystolicCore0/ILA"}]]
INFO: [Labtools 27-1966] The ILA core 'hw_ila_1' triggered at 2025-Nov-12 17:05:27
INFO: [Labtools 27-3304] ILA Waveform data saved to file /home/xmen/Desktop/SystolicCore/vivado/SystolicCore/SystolicCore.hw/backup/hw_ila_data_1.ila. Use Tcl command 'read_hw_ila_data' or Vivado File->Import->Import ILA Data menu item to import the previously saved data.
run_hw_ila [get_hw_ilas -of_objects [get_hw_devices xc7a100t_0] -filter {CELL_NAME=~"SystolicCore0/ILA"}]
INFO: [Labtools 27-1964] The ILA core 'hw_ila_1' trigger was armed at 2025-Nov-12 17:05:31
wait_on_hw_ila [get_hw_ilas -of_objects [get_hw_devices xc7a100t_0] -filter {CELL_NAME=~"SystolicCore0/ILA"}]
display_hw_ila_data [upload_hw_ila_data [get_hw_ilas -of_objects [get_hw_devices xc7a100t_0] -filter {CELL_NAME=~"SystolicCore0/ILA"}]]
INFO: [Labtools 27-1966] The ILA core 'hw_ila_1' triggered at 2025-Nov-12 17:05:31
INFO: [Labtools 27-3304] ILA Waveform data saved to file /home/xmen/Desktop/SystolicCore/vivado/SystolicCore/SystolicCore.hw/backup/hw_ila_data_1.ila. Use Tcl command 'read_hw_ila_data' or Vivado File->Import->Import ILA Data menu item to import the previously saved data.
run_hw_ila [get_hw_ilas -of_objects [get_hw_devices xc7a100t_0] -filter {CELL_NAME=~"SystolicCore0/ILA"}]
INFO: [Labtools 27-1964] The ILA core 'hw_ila_1' trigger was armed at 2025-Nov-12 17:05:34
wait_on_hw_ila [get_hw_ilas -of_objects [get_hw_devices xc7a100t_0] -filter {CELL_NAME=~"SystolicCore0/ILA"}]
display_hw_ila_data [upload_hw_ila_data [get_hw_ilas -of_objects [get_hw_devices xc7a100t_0] -filter {CELL_NAME=~"SystolicCore0/ILA"}]]
INFO: [Labtools 27-1966] The ILA core 'hw_ila_1' triggered at 2025-Nov-12 17:05:35
INFO: [Labtools 27-3304] ILA Waveform data saved to file /home/xmen/Desktop/SystolicCore/vivado/SystolicCore/SystolicCore.hw/backup/hw_ila_data_1.ila. Use Tcl command 'read_hw_ila_data' or Vivado File->Import->Import ILA Data menu item to import the previously saved data.
run_hw_ila [get_hw_ilas -of_objects [get_hw_devices xc7a100t_0] -filter {CELL_NAME=~"SystolicCore0/ILA"}]
INFO: [Labtools 27-1964] The ILA core 'hw_ila_1' trigger was armed at 2025-Nov-12 17:05:38
wait_on_hw_ila [get_hw_ilas -of_objects [get_hw_devices xc7a100t_0] -filter {CELL_NAME=~"SystolicCore0/ILA"}]
display_hw_ila_data [upload_hw_ila_data [get_hw_ilas -of_objects [get_hw_devices xc7a100t_0] -filter {CELL_NAME=~"SystolicCore0/ILA"}]]
INFO: [Labtools 27-1966] The ILA core 'hw_ila_1' triggered at 2025-Nov-12 17:05:39
INFO: [Labtools 27-3304] ILA Waveform data saved to file /home/xmen/Desktop/SystolicCore/vivado/SystolicCore/SystolicCore.hw/backup/hw_ila_data_1.ila. Use Tcl command 'read_hw_ila_data' or Vivado File->Import->Import ILA Data menu item to import the previously saved data.
run_hw_ila [get_hw_ilas -of_objects [get_hw_devices xc7a100t_0] -filter {CELL_NAME=~"SystolicCore0/ILA"}]
INFO: [Labtools 27-1964] The ILA core 'hw_ila_1' trigger was armed at 2025-Nov-12 17:05:42
wait_on_hw_ila [get_hw_ilas -of_objects [get_hw_devices xc7a100t_0] -filter {CELL_NAME=~"SystolicCore0/ILA"}]
display_hw_ila_data [upload_hw_ila_data [get_hw_ilas -of_objects [get_hw_devices xc7a100t_0] -filter {CELL_NAME=~"SystolicCore0/ILA"}]]
INFO: [Labtools 27-1966] The ILA core 'hw_ila_1' triggered at 2025-Nov-12 17:05:43
INFO: [Labtools 27-3304] ILA Waveform data saved to file /home/xmen/Desktop/SystolicCore/vivado/SystolicCore/SystolicCore.hw/backup/hw_ila_data_1.ila. Use Tcl command 'read_hw_ila_data' or Vivado File->Import->Import ILA Data menu item to import the previously saved data.
run_hw_ila [get_hw_ilas -of_objects [get_hw_devices xc7a100t_0] -filter {CELL_NAME=~"SystolicCore0/ILA"}]
INFO: [Labtools 27-1964] The ILA core 'hw_ila_1' trigger was armed at 2025-Nov-12 17:05:46
wait_on_hw_ila [get_hw_ilas -of_objects [get_hw_devices xc7a100t_0] -filter {CELL_NAME=~"SystolicCore0/ILA"}]
display_hw_ila_data [upload_hw_ila_data [get_hw_ilas -of_objects [get_hw_devices xc7a100t_0] -filter {CELL_NAME=~"SystolicCore0/ILA"}]]
INFO: [Labtools 27-1966] The ILA core 'hw_ila_1' triggered at 2025-Nov-12 17:05:47
INFO: [Labtools 27-3304] ILA Waveform data saved to file /home/xmen/Desktop/SystolicCore/vivado/SystolicCore/SystolicCore.hw/backup/hw_ila_data_1.ila. Use Tcl command 'read_hw_ila_data' or Vivado File->Import->Import ILA Data menu item to import the previously saved data.
run_hw_ila [get_hw_ilas -of_objects [get_hw_devices xc7a100t_0] -filter {CELL_NAME=~"SystolicCore0/ILA"}]
INFO: [Labtools 27-1964] The ILA core 'hw_ila_1' trigger was armed at 2025-Nov-12 17:05:50
wait_on_hw_ila [get_hw_ilas -of_objects [get_hw_devices xc7a100t_0] -filter {CELL_NAME=~"SystolicCore0/ILA"}]
display_hw_ila_data [upload_hw_ila_data [get_hw_ilas -of_objects [get_hw_devices xc7a100t_0] -filter {CELL_NAME=~"SystolicCore0/ILA"}]]
INFO: [Labtools 27-1966] The ILA core 'hw_ila_1' triggered at 2025-Nov-12 17:05:51
INFO: [Labtools 27-3304] ILA Waveform data saved to file /home/xmen/Desktop/SystolicCore/vivado/SystolicCore/SystolicCore.hw/backup/hw_ila_data_1.ila. Use Tcl command 'read_hw_ila_data' or Vivado File->Import->Import ILA Data menu item to import the previously saved data.
run_hw_ila [get_hw_ilas -of_objects [get_hw_devices xc7a100t_0] -filter {CELL_NAME=~"SystolicCore0/ILA"}]
INFO: [Labtools 27-1964] The ILA core 'hw_ila_1' trigger was armed at 2025-Nov-12 17:05:54
wait_on_hw_ila [get_hw_ilas -of_objects [get_hw_devices xc7a100t_0] -filter {CELL_NAME=~"SystolicCore0/ILA"}]
display_hw_ila_data [upload_hw_ila_data [get_hw_ilas -of_objects [get_hw_devices xc7a100t_0] -filter {CELL_NAME=~"SystolicCore0/ILA"}]]
INFO: [Labtools 27-1966] The ILA core 'hw_ila_1' triggered at 2025-Nov-12 17:05:55
INFO: [Labtools 27-3304] ILA Waveform data saved to file /home/xmen/Desktop/SystolicCore/vivado/SystolicCore/SystolicCore.hw/backup/hw_ila_data_1.ila. Use Tcl command 'read_hw_ila_data' or Vivado File->Import->Import ILA Data menu item to import the previously saved data.
run_hw_ila [get_hw_ilas -of_objects [get_hw_devices xc7a100t_0] -filter {CELL_NAME=~"SystolicCore0/ILA"}]
INFO: [Labtools 27-1964] The ILA core 'hw_ila_1' trigger was armed at 2025-Nov-12 17:05:58
wait_on_hw_ila [get_hw_ilas -of_objects [get_hw_devices xc7a100t_0] -filter {CELL_NAME=~"SystolicCore0/ILA"}]
display_hw_ila_data [upload_hw_ila_data [get_hw_ilas -of_objects [get_hw_devices xc7a100t_0] -filter {CELL_NAME=~"SystolicCore0/ILA"}]]
INFO: [Labtools 27-1966] The ILA core 'hw_ila_1' triggered at 2025-Nov-12 17:05:59
INFO: [Labtools 27-3304] ILA Waveform data saved to file /home/xmen/Desktop/SystolicCore/vivado/SystolicCore/SystolicCore.hw/backup/hw_ila_data_1.ila. Use Tcl command 'read_hw_ila_data' or Vivado File->Import->Import ILA Data menu item to import the previously saved data.
run_hw_ila [get_hw_ilas -of_objects [get_hw_devices xc7a100t_0] -filter {CELL_NAME=~"SystolicCore0/ILA"}]
INFO: [Labtools 27-1964] The ILA core 'hw_ila_1' trigger was armed at 2025-Nov-12 17:06:02
wait_on_hw_ila [get_hw_ilas -of_objects [get_hw_devices xc7a100t_0] -filter {CELL_NAME=~"SystolicCore0/ILA"}]
display_hw_ila_data [upload_hw_ila_data [get_hw_ilas -of_objects [get_hw_devices xc7a100t_0] -filter {CELL_NAME=~"SystolicCore0/ILA"}]]
INFO: [Labtools 27-1966] The ILA core 'hw_ila_1' triggered at 2025-Nov-12 17:06:03
INFO: [Labtools 27-3304] ILA Waveform data saved to file /home/xmen/Desktop/SystolicCore/vivado/SystolicCore/SystolicCore.hw/backup/hw_ila_data_1.ila. Use Tcl command 'read_hw_ila_data' or Vivado File->Import->Import ILA Data menu item to import the previously saved data.
run_hw_ila [get_hw_ilas -of_objects [get_hw_devices xc7a100t_0] -filter {CELL_NAME=~"SystolicCore0/ILA"}]
INFO: [Labtools 27-1964] The ILA core 'hw_ila_1' trigger was armed at 2025-Nov-12 17:06:07
wait_on_hw_ila [get_hw_ilas -of_objects [get_hw_devices xc7a100t_0] -filter {CELL_NAME=~"SystolicCore0/ILA"}]
display_hw_ila_data [upload_hw_ila_data [get_hw_ilas -of_objects [get_hw_devices xc7a100t_0] -filter {CELL_NAME=~"SystolicCore0/ILA"}]]
INFO: [Labtools 27-1966] The ILA core 'hw_ila_1' triggered at 2025-Nov-12 17:06:07
INFO: [Labtools 27-3304] ILA Waveform data saved to file /home/xmen/Desktop/SystolicCore/vivado/SystolicCore/SystolicCore.hw/backup/hw_ila_data_1.ila. Use Tcl command 'read_hw_ila_data' or Vivado File->Import->Import ILA Data menu item to import the previously saved data.
run_hw_ila [get_hw_ilas -of_objects [get_hw_devices xc7a100t_0] -filter {CELL_NAME=~"SystolicCore0/ILA"}]
INFO: [Labtools 27-1964] The ILA core 'hw_ila_1' trigger was armed at 2025-Nov-12 17:06:10
wait_on_hw_ila [get_hw_ilas -of_objects [get_hw_devices xc7a100t_0] -filter {CELL_NAME=~"SystolicCore0/ILA"}]
display_hw_ila_data [upload_hw_ila_data [get_hw_ilas -of_objects [get_hw_devices xc7a100t_0] -filter {CELL_NAME=~"SystolicCore0/ILA"}]]
INFO: [Labtools 27-1966] The ILA core 'hw_ila_1' triggered at 2025-Nov-12 17:06:11
INFO: [Labtools 27-3304] ILA Waveform data saved to file /home/xmen/Desktop/SystolicCore/vivado/SystolicCore/SystolicCore.hw/backup/hw_ila_data_1.ila. Use Tcl command 'read_hw_ila_data' or Vivado File->Import->Import ILA Data menu item to import the previously saved data.
run_hw_ila [get_hw_ilas -of_objects [get_hw_devices xc7a100t_0] -filter {CELL_NAME=~"SystolicCore0/ILA"}]
INFO: [Labtools 27-1964] The ILA core 'hw_ila_1' trigger was armed at 2025-Nov-12 17:06:14
wait_on_hw_ila [get_hw_ilas -of_objects [get_hw_devices xc7a100t_0] -filter {CELL_NAME=~"SystolicCore0/ILA"}]
display_hw_ila_data [upload_hw_ila_data [get_hw_ilas -of_objects [get_hw_devices xc7a100t_0] -filter {CELL_NAME=~"SystolicCore0/ILA"}]]
INFO: [Labtools 27-1966] The ILA core 'hw_ila_1' triggered at 2025-Nov-12 17:06:15
INFO: [Labtools 27-3304] ILA Waveform data saved to file /home/xmen/Desktop/SystolicCore/vivado/SystolicCore/SystolicCore.hw/backup/hw_ila_data_1.ila. Use Tcl command 'read_hw_ila_data' or Vivado File->Import->Import ILA Data menu item to import the previously saved data.
run_hw_ila [get_hw_ilas -of_objects [get_hw_devices xc7a100t_0] -filter {CELL_NAME=~"SystolicCore0/ILA"}]
INFO: [Labtools 27-1964] The ILA core 'hw_ila_1' trigger was armed at 2025-Nov-12 17:06:19
wait_on_hw_ila [get_hw_ilas -of_objects [get_hw_devices xc7a100t_0] -filter {CELL_NAME=~"SystolicCore0/ILA"}]
display_hw_ila_data [upload_hw_ila_data [get_hw_ilas -of_objects [get_hw_devices xc7a100t_0] -filter {CELL_NAME=~"SystolicCore0/ILA"}]]
INFO: [Labtools 27-1966] The ILA core 'hw_ila_1' triggered at 2025-Nov-12 17:06:19
INFO: [Labtools 27-3304] ILA Waveform data saved to file /home/xmen/Desktop/SystolicCore/vivado/SystolicCore/SystolicCore.hw/backup/hw_ila_data_1.ila. Use Tcl command 'read_hw_ila_data' or Vivado File->Import->Import ILA Data menu item to import the previously saved data.
run_hw_ila [get_hw_ilas -of_objects [get_hw_devices xc7a100t_0] -filter {CELL_NAME=~"SystolicCore0/ILA"}]
INFO: [Labtools 27-1964] The ILA core 'hw_ila_1' trigger was armed at 2025-Nov-12 17:06:22
wait_on_hw_ila [get_hw_ilas -of_objects [get_hw_devices xc7a100t_0] -filter {CELL_NAME=~"SystolicCore0/ILA"}]
display_hw_ila_data [upload_hw_ila_data [get_hw_ilas -of_objects [get_hw_devices xc7a100t_0] -filter {CELL_NAME=~"SystolicCore0/ILA"}]]
INFO: [Labtools 27-1966] The ILA core 'hw_ila_1' triggered at 2025-Nov-12 17:06:23
INFO: [Labtools 27-3304] ILA Waveform data saved to file /home/xmen/Desktop/SystolicCore/vivado/SystolicCore/SystolicCore.hw/backup/hw_ila_data_1.ila. Use Tcl command 'read_hw_ila_data' or Vivado File->Import->Import ILA Data menu item to import the previously saved data.
run_hw_ila [get_hw_ilas -of_objects [get_hw_devices xc7a100t_0] -filter {CELL_NAME=~"SystolicCore0/ILA"}]
INFO: [Labtools 27-1964] The ILA core 'hw_ila_1' trigger was armed at 2025-Nov-12 17:06:26
wait_on_hw_ila [get_hw_ilas -of_objects [get_hw_devices xc7a100t_0] -filter {CELL_NAME=~"SystolicCore0/ILA"}]
display_hw_ila_data [upload_hw_ila_data [get_hw_ilas -of_objects [get_hw_devices xc7a100t_0] -filter {CELL_NAME=~"SystolicCore0/ILA"}]]
INFO: [Labtools 27-1966] The ILA core 'hw_ila_1' triggered at 2025-Nov-12 17:06:27
INFO: [Labtools 27-3304] ILA Waveform data saved to file /home/xmen/Desktop/SystolicCore/vivado/SystolicCore/SystolicCore.hw/backup/hw_ila_data_1.ila. Use Tcl command 'read_hw_ila_data' or Vivado File->Import->Import ILA Data menu item to import the previously saved data.
run_hw_ila [get_hw_ilas -of_objects [get_hw_devices xc7a100t_0] -filter {CELL_NAME=~"SystolicCore0/ILA"}]
INFO: [Labtools 27-1964] The ILA core 'hw_ila_1' trigger was armed at 2025-Nov-12 17:06:30
wait_on_hw_ila [get_hw_ilas -of_objects [get_hw_devices xc7a100t_0] -filter {CELL_NAME=~"SystolicCore0/ILA"}]
display_hw_ila_data [upload_hw_ila_data [get_hw_ilas -of_objects [get_hw_devices xc7a100t_0] -filter {CELL_NAME=~"SystolicCore0/ILA"}]]
INFO: [Labtools 27-1966] The ILA core 'hw_ila_1' triggered at 2025-Nov-12 17:06:31
INFO: [Labtools 27-3304] ILA Waveform data saved to file /home/xmen/Desktop/SystolicCore/vivado/SystolicCore/SystolicCore.hw/backup/hw_ila_data_1.ila. Use Tcl command 'read_hw_ila_data' or Vivado File->Import->Import ILA Data menu item to import the previously saved data.
run_hw_ila [get_hw_ilas -of_objects [get_hw_devices xc7a100t_0] -filter {CELL_NAME=~"SystolicCore0/ILA"}]
INFO: [Labtools 27-1964] The ILA core 'hw_ila_1' trigger was armed at 2025-Nov-12 17:06:34
wait_on_hw_ila [get_hw_ilas -of_objects [get_hw_devices xc7a100t_0] -filter {CELL_NAME=~"SystolicCore0/ILA"}]
display_hw_ila_data [upload_hw_ila_data [get_hw_ilas -of_objects [get_hw_devices xc7a100t_0] -filter {CELL_NAME=~"SystolicCore0/ILA"}]]
INFO: [Labtools 27-1966] The ILA core 'hw_ila_1' triggered at 2025-Nov-12 17:06:35
INFO: [Labtools 27-3304] ILA Waveform data saved to file /home/xmen/Desktop/SystolicCore/vivado/SystolicCore/SystolicCore.hw/backup/hw_ila_data_1.ila. Use Tcl command 'read_hw_ila_data' or Vivado File->Import->Import ILA Data menu item to import the previously saved data.
run_hw_ila [get_hw_ilas -of_objects [get_hw_devices xc7a100t_0] -filter {CELL_NAME=~"SystolicCore0/ILA"}]
INFO: [Labtools 27-1964] The ILA core 'hw_ila_1' trigger was armed at 2025-Nov-12 17:06:38
wait_on_hw_ila [get_hw_ilas -of_objects [get_hw_devices xc7a100t_0] -filter {CELL_NAME=~"SystolicCore0/ILA"}]
display_hw_ila_data [upload_hw_ila_data [get_hw_ilas -of_objects [get_hw_devices xc7a100t_0] -filter {CELL_NAME=~"SystolicCore0/ILA"}]]
INFO: [Labtools 27-1966] The ILA core 'hw_ila_1' triggered at 2025-Nov-12 17:06:39
INFO: [Labtools 27-3304] ILA Waveform data saved to file /home/xmen/Desktop/SystolicCore/vivado/SystolicCore/SystolicCore.hw/backup/hw_ila_data_1.ila. Use Tcl command 'read_hw_ila_data' or Vivado File->Import->Import ILA Data menu item to import the previously saved data.
run_hw_ila [get_hw_ilas -of_objects [get_hw_devices xc7a100t_0] -filter {CELL_NAME=~"SystolicCore0/ILA"}]
INFO: [Labtools 27-1964] The ILA core 'hw_ila_1' trigger was armed at 2025-Nov-12 17:06:42
wait_on_hw_ila [get_hw_ilas -of_objects [get_hw_devices xc7a100t_0] -filter {CELL_NAME=~"SystolicCore0/ILA"}]
display_hw_ila_data [upload_hw_ila_data [get_hw_ilas -of_objects [get_hw_devices xc7a100t_0] -filter {CELL_NAME=~"SystolicCore0/ILA"}]]
INFO: [Labtools 27-1966] The ILA core 'hw_ila_1' triggered at 2025-Nov-12 17:06:43
INFO: [Labtools 27-3304] ILA Waveform data saved to file /home/xmen/Desktop/SystolicCore/vivado/SystolicCore/SystolicCore.hw/backup/hw_ila_data_1.ila. Use Tcl command 'read_hw_ila_data' or Vivado File->Import->Import ILA Data menu item to import the previously saved data.
run_hw_ila [get_hw_ilas -of_objects [get_hw_devices xc7a100t_0] -filter {CELL_NAME=~"SystolicCore0/ILA"}]
INFO: [Labtools 27-1964] The ILA core 'hw_ila_1' trigger was armed at 2025-Nov-12 17:06:46
wait_on_hw_ila [get_hw_ilas -of_objects [get_hw_devices xc7a100t_0] -filter {CELL_NAME=~"SystolicCore0/ILA"}]
display_hw_ila_data [upload_hw_ila_data [get_hw_ilas -of_objects [get_hw_devices xc7a100t_0] -filter {CELL_NAME=~"SystolicCore0/ILA"}]]
INFO: [Labtools 27-1966] The ILA core 'hw_ila_1' triggered at 2025-Nov-12 17:06:47
INFO: [Labtools 27-3304] ILA Waveform data saved to file /home/xmen/Desktop/SystolicCore/vivado/SystolicCore/SystolicCore.hw/backup/hw_ila_data_1.ila. Use Tcl command 'read_hw_ila_data' or Vivado File->Import->Import ILA Data menu item to import the previously saved data.
run_hw_ila [get_hw_ilas -of_objects [get_hw_devices xc7a100t_0] -filter {CELL_NAME=~"SystolicCore0/ILA"}]
INFO: [Labtools 27-1964] The ILA core 'hw_ila_1' trigger was armed at 2025-Nov-12 17:06:50
INFO: [Common 17-14] Message 'Labtools 27-1964' appears 100 times and further instances of the messages will be disabled. Use the Tcl command set_msg_config to change the current settings.
wait_on_hw_ila [get_hw_ilas -of_objects [get_hw_devices xc7a100t_0] -filter {CELL_NAME=~"SystolicCore0/ILA"}]
display_hw_ila_data [upload_hw_ila_data [get_hw_ilas -of_objects [get_hw_devices xc7a100t_0] -filter {CELL_NAME=~"SystolicCore0/ILA"}]]
INFO: [Labtools 27-1966] The ILA core 'hw_ila_1' triggered at 2025-Nov-12 17:06:51
INFO: [Labtools 27-3304] ILA Waveform data saved to file /home/xmen/Desktop/SystolicCore/vivado/SystolicCore/SystolicCore.hw/backup/hw_ila_data_1.ila. Use Tcl command 'read_hw_ila_data' or Vivado File->Import->Import ILA Data menu item to import the previously saved data.
run_hw_ila [get_hw_ilas -of_objects [get_hw_devices xc7a100t_0] -filter {CELL_NAME=~"SystolicCore0/ILA"}]
wait_on_hw_ila [get_hw_ilas -of_objects [get_hw_devices xc7a100t_0] -filter {CELL_NAME=~"SystolicCore0/ILA"}]
display_hw_ila_data [upload_hw_ila_data [get_hw_ilas -of_objects [get_hw_devices xc7a100t_0] -filter {CELL_NAME=~"SystolicCore0/ILA"}]]
INFO: [Labtools 27-1966] The ILA core 'hw_ila_1' triggered at 2025-Nov-12 17:06:55
INFO: [Labtools 27-3304] ILA Waveform data saved to file /home/xmen/Desktop/SystolicCore/vivado/SystolicCore/SystolicCore.hw/backup/hw_ila_data_1.ila. Use Tcl command 'read_hw_ila_data' or Vivado File->Import->Import ILA Data menu item to import the previously saved data.
run_hw_ila [get_hw_ilas -of_objects [get_hw_devices xc7a100t_0] -filter {CELL_NAME=~"SystolicCore0/ILA"}]
wait_on_hw_ila [get_hw_ilas -of_objects [get_hw_devices xc7a100t_0] -filter {CELL_NAME=~"SystolicCore0/ILA"}]
display_hw_ila_data [upload_hw_ila_data [get_hw_ilas -of_objects [get_hw_devices xc7a100t_0] -filter {CELL_NAME=~"SystolicCore0/ILA"}]]
INFO: [Labtools 27-1966] The ILA core 'hw_ila_1' triggered at 2025-Nov-12 17:06:59
INFO: [Labtools 27-3304] ILA Waveform data saved to file /home/xmen/Desktop/SystolicCore/vivado/SystolicCore/SystolicCore.hw/backup/hw_ila_data_1.ila. Use Tcl command 'read_hw_ila_data' or Vivado File->Import->Import ILA Data menu item to import the previously saved data.
run_hw_ila [get_hw_ilas -of_objects [get_hw_devices xc7a100t_0] -filter {CELL_NAME=~"SystolicCore0/ILA"}]
wait_on_hw_ila [get_hw_ilas -of_objects [get_hw_devices xc7a100t_0] -filter {CELL_NAME=~"SystolicCore0/ILA"}]
display_hw_ila_data [upload_hw_ila_data [get_hw_ilas -of_objects [get_hw_devices xc7a100t_0] -filter {CELL_NAME=~"SystolicCore0/ILA"}]]
INFO: [Labtools 27-1966] The ILA core 'hw_ila_1' triggered at 2025-Nov-12 17:07:03
INFO: [Common 17-14] Message 'Labtools 27-1966' appears 100 times and further instances of the messages will be disabled. Use the Tcl command set_msg_config to change the current settings.
INFO: [Labtools 27-3304] ILA Waveform data saved to file /home/xmen/Desktop/SystolicCore/vivado/SystolicCore/SystolicCore.hw/backup/hw_ila_data_1.ila. Use Tcl command 'read_hw_ila_data' or Vivado File->Import->Import ILA Data menu item to import the previously saved data.
INFO: [Common 17-14] Message 'Labtools 27-3304' appears 100 times and further instances of the messages will be disabled. Use the Tcl command set_msg_config to change the current settings.
run_hw_ila [get_hw_ilas -of_objects [get_hw_devices xc7a100t_0] -filter {CELL_NAME=~"SystolicCore0/ILA"}]
set_property PROBES.FILE {/home/xmen/Desktop/SystolicCore/vivado/SystolicCore/SystolicCore.runs/impl_1/Arty7_top_sim.ltx} [get_hw_devices xc7a100t_0]
set_property FULL_PROBES.FILE {/home/xmen/Desktop/SystolicCore/vivado/SystolicCore/SystolicCore.runs/impl_1/Arty7_top_sim.ltx} [get_hw_devices xc7a100t_0]
set_property PROGRAM.FILE {/home/xmen/Desktop/SystolicCore/vivado/SystolicCore/SystolicCore.runs/impl_1/Arty7_top_sim.bit} [get_hw_devices xc7a100t_0]
program_hw_devices [get_hw_devices xc7a100t_0]
INFO: [Labtools 27-3164] End of startup status: HIGH
refresh_hw_device [lindex [get_hw_devices xc7a100t_0] 0]
INFO: [Labtools 27-2302] Device xc7a100t (JTAG device index = 0) is programmed with a design that has 1 ILA core(s).
run_hw_ila [get_hw_ilas -of_objects [get_hw_devices xc7a100t_0] -filter {CELL_NAME=~"SystolicCore0/ILA"}]
wait_on_hw_ila [get_hw_ilas -of_objects [get_hw_devices xc7a100t_0] -filter {CELL_NAME=~"SystolicCore0/ILA"}]
display_hw_ila_data [upload_hw_ila_data [get_hw_ilas -of_objects [get_hw_devices xc7a100t_0] -filter {CELL_NAME=~"SystolicCore0/ILA"}]]
run_hw_ila [get_hw_ilas -of_objects [get_hw_devices xc7a100t_0] -filter {CELL_NAME=~"SystolicCore0/ILA"}]
wait_on_hw_ila [get_hw_ilas -of_objects [get_hw_devices xc7a100t_0] -filter {CELL_NAME=~"SystolicCore0/ILA"}]
display_hw_ila_data [upload_hw_ila_data [get_hw_ilas -of_objects [get_hw_devices xc7a100t_0] -filter {CELL_NAME=~"SystolicCore0/ILA"}]]
run_hw_ila [get_hw_ilas -of_objects [get_hw_devices xc7a100t_0] -filter {CELL_NAME=~"SystolicCore0/ILA"}]
wait_on_hw_ila [get_hw_ilas -of_objects [get_hw_devices xc7a100t_0] -filter {CELL_NAME=~"SystolicCore0/ILA"}]
display_hw_ila_data [upload_hw_ila_data [get_hw_ilas -of_objects [get_hw_devices xc7a100t_0] -filter {CELL_NAME=~"SystolicCore0/ILA"}]]
run_hw_ila [get_hw_ilas -of_objects [get_hw_devices xc7a100t_0] -filter {CELL_NAME=~"SystolicCore0/ILA"}]
wait_on_hw_ila [get_hw_ilas -of_objects [get_hw_devices xc7a100t_0] -filter {CELL_NAME=~"SystolicCore0/ILA"}]
display_hw_ila_data [upload_hw_ila_data [get_hw_ilas -of_objects [get_hw_devices xc7a100t_0] -filter {CELL_NAME=~"SystolicCore0/ILA"}]]
run_hw_ila [get_hw_ilas -of_objects [get_hw_devices xc7a100t_0] -filter {CELL_NAME=~"SystolicCore0/ILA"}]
wait_on_hw_ila [get_hw_ilas -of_objects [get_hw_devices xc7a100t_0] -filter {CELL_NAME=~"SystolicCore0/ILA"}]
display_hw_ila_data [upload_hw_ila_data [get_hw_ilas -of_objects [get_hw_devices xc7a100t_0] -filter {CELL_NAME=~"SystolicCore0/ILA"}]]
run_hw_ila [get_hw_ilas -of_objects [get_hw_devices xc7a100t_0] -filter {CELL_NAME=~"SystolicCore0/ILA"}]
wait_on_hw_ila [get_hw_ilas -of_objects [get_hw_devices xc7a100t_0] -filter {CELL_NAME=~"SystolicCore0/ILA"}]
display_hw_ila_data [upload_hw_ila_data [get_hw_ilas -of_objects [get_hw_devices xc7a100t_0] -filter {CELL_NAME=~"SystolicCore0/ILA"}]]
run_hw_ila [get_hw_ilas -of_objects [get_hw_devices xc7a100t_0] -filter {CELL_NAME=~"SystolicCore0/ILA"}]
wait_on_hw_ila [get_hw_ilas -of_objects [get_hw_devices xc7a100t_0] -filter {CELL_NAME=~"SystolicCore0/ILA"}]
display_hw_ila_data [upload_hw_ila_data [get_hw_ilas -of_objects [get_hw_devices xc7a100t_0] -filter {CELL_NAME=~"SystolicCore0/ILA"}]]
run_hw_ila [get_hw_ilas -of_objects [get_hw_devices xc7a100t_0] -filter {CELL_NAME=~"SystolicCore0/ILA"}]
wait_on_hw_ila [get_hw_ilas -of_objects [get_hw_devices xc7a100t_0] -filter {CELL_NAME=~"SystolicCore0/ILA"}]
display_hw_ila_data [upload_hw_ila_data [get_hw_ilas -of_objects [get_hw_devices xc7a100t_0] -filter {CELL_NAME=~"SystolicCore0/ILA"}]]
run_hw_ila [get_hw_ilas -of_objects [get_hw_devices xc7a100t_0] -filter {CELL_NAME=~"SystolicCore0/ILA"}]
wait_on_hw_ila [get_hw_ilas -of_objects [get_hw_devices xc7a100t_0] -filter {CELL_NAME=~"SystolicCore0/ILA"}]
display_hw_ila_data [upload_hw_ila_data [get_hw_ilas -of_objects [get_hw_devices xc7a100t_0] -filter {CELL_NAME=~"SystolicCore0/ILA"}]]
run_hw_ila [get_hw_ilas -of_objects [get_hw_devices xc7a100t_0] -filter {CELL_NAME=~"SystolicCore0/ILA"}]
wait_on_hw_ila [get_hw_ilas -of_objects [get_hw_devices xc7a100t_0] -filter {CELL_NAME=~"SystolicCore0/ILA"}]
display_hw_ila_data [upload_hw_ila_data [get_hw_ilas -of_objects [get_hw_devices xc7a100t_0] -filter {CELL_NAME=~"SystolicCore0/ILA"}]]
run_hw_ila [get_hw_ilas -of_objects [get_hw_devices xc7a100t_0] -filter {CELL_NAME=~"SystolicCore0/ILA"}]
wait_on_hw_ila [get_hw_ilas -of_objects [get_hw_devices xc7a100t_0] -filter {CELL_NAME=~"SystolicCore0/ILA"}]
display_hw_ila_data [upload_hw_ila_data [get_hw_ilas -of_objects [get_hw_devices xc7a100t_0] -filter {CELL_NAME=~"SystolicCore0/ILA"}]]
run_hw_ila [get_hw_ilas -of_objects [get_hw_devices xc7a100t_0] -filter {CELL_NAME=~"SystolicCore0/ILA"}]
wait_on_hw_ila [get_hw_ilas -of_objects [get_hw_devices xc7a100t_0] -filter {CELL_NAME=~"SystolicCore0/ILA"}]
display_hw_ila_data [upload_hw_ila_data [get_hw_ilas -of_objects [get_hw_devices xc7a100t_0] -filter {CELL_NAME=~"SystolicCore0/ILA"}]]
run_hw_ila [get_hw_ilas -of_objects [get_hw_devices xc7a100t_0] -filter {CELL_NAME=~"SystolicCore0/ILA"}]
wait_on_hw_ila [get_hw_ilas -of_objects [get_hw_devices xc7a100t_0] -filter {CELL_NAME=~"SystolicCore0/ILA"}]
display_hw_ila_data [upload_hw_ila_data [get_hw_ilas -of_objects [get_hw_devices xc7a100t_0] -filter {CELL_NAME=~"SystolicCore0/ILA"}]]
run_hw_ila [get_hw_ilas -of_objects [get_hw_devices xc7a100t_0] -filter {CELL_NAME=~"SystolicCore0/ILA"}]
wait_on_hw_ila [get_hw_ilas -of_objects [get_hw_devices xc7a100t_0] -filter {CELL_NAME=~"SystolicCore0/ILA"}]
display_hw_ila_data [upload_hw_ila_data [get_hw_ilas -of_objects [get_hw_devices xc7a100t_0] -filter {CELL_NAME=~"SystolicCore0/ILA"}]]
run_hw_ila [get_hw_ilas -of_objects [get_hw_devices xc7a100t_0] -filter {CELL_NAME=~"SystolicCore0/ILA"}]
wait_on_hw_ila [get_hw_ilas -of_objects [get_hw_devices xc7a100t_0] -filter {CELL_NAME=~"SystolicCore0/ILA"}]
display_hw_ila_data [upload_hw_ila_data [get_hw_ilas -of_objects [get_hw_devices xc7a100t_0] -filter {CELL_NAME=~"SystolicCore0/ILA"}]]
run_hw_ila [get_hw_ilas -of_objects [get_hw_devices xc7a100t_0] -filter {CELL_NAME=~"SystolicCore0/ILA"}]
wait_on_hw_ila [get_hw_ilas -of_objects [get_hw_devices xc7a100t_0] -filter {CELL_NAME=~"SystolicCore0/ILA"}]
display_hw_ila_data [upload_hw_ila_data [get_hw_ilas -of_objects [get_hw_devices xc7a100t_0] -filter {CELL_NAME=~"SystolicCore0/ILA"}]]
run_hw_ila [get_hw_ilas -of_objects [get_hw_devices xc7a100t_0] -filter {CELL_NAME=~"SystolicCore0/ILA"}]
wait_on_hw_ila [get_hw_ilas -of_objects [get_hw_devices xc7a100t_0] -filter {CELL_NAME=~"SystolicCore0/ILA"}]
display_hw_ila_data [upload_hw_ila_data [get_hw_ilas -of_objects [get_hw_devices xc7a100t_0] -filter {CELL_NAME=~"SystolicCore0/ILA"}]]
run_hw_ila [get_hw_ilas -of_objects [get_hw_devices xc7a100t_0] -filter {CELL_NAME=~"SystolicCore0/ILA"}]
wait_on_hw_ila [get_hw_ilas -of_objects [get_hw_devices xc7a100t_0] -filter {CELL_NAME=~"SystolicCore0/ILA"}]
display_hw_ila_data [upload_hw_ila_data [get_hw_ilas -of_objects [get_hw_devices xc7a100t_0] -filter {CELL_NAME=~"SystolicCore0/ILA"}]]
run_hw_ila [get_hw_ilas -of_objects [get_hw_devices xc7a100t_0] -filter {CELL_NAME=~"SystolicCore0/ILA"}]
wait_on_hw_ila [get_hw_ilas -of_objects [get_hw_devices xc7a100t_0] -filter {CELL_NAME=~"SystolicCore0/ILA"}]
display_hw_ila_data [upload_hw_ila_data [get_hw_ilas -of_objects [get_hw_devices xc7a100t_0] -filter {CELL_NAME=~"SystolicCore0/ILA"}]]
run_hw_ila [get_hw_ilas -of_objects [get_hw_devices xc7a100t_0] -filter {CELL_NAME=~"SystolicCore0/ILA"}]
wait_on_hw_ila [get_hw_ilas -of_objects [get_hw_devices xc7a100t_0] -filter {CELL_NAME=~"SystolicCore0/ILA"}]
display_hw_ila_data [upload_hw_ila_data [get_hw_ilas -of_objects [get_hw_devices xc7a100t_0] -filter {CELL_NAME=~"SystolicCore0/ILA"}]]
run_hw_ila [get_hw_ilas -of_objects [get_hw_devices xc7a100t_0] -filter {CELL_NAME=~"SystolicCore0/ILA"}]
wait_on_hw_ila [get_hw_ilas -of_objects [get_hw_devices xc7a100t_0] -filter {CELL_NAME=~"SystolicCore0/ILA"}]
display_hw_ila_data [upload_hw_ila_data [get_hw_ilas -of_objects [get_hw_devices xc7a100t_0] -filter {CELL_NAME=~"SystolicCore0/ILA"}]]
run_hw_ila [get_hw_ilas -of_objects [get_hw_devices xc7a100t_0] -filter {CELL_NAME=~"SystolicCore0/ILA"}]
wait_on_hw_ila [get_hw_ilas -of_objects [get_hw_devices xc7a100t_0] -filter {CELL_NAME=~"SystolicCore0/ILA"}]
display_hw_ila_data [upload_hw_ila_data [get_hw_ilas -of_objects [get_hw_devices xc7a100t_0] -filter {CELL_NAME=~"SystolicCore0/ILA"}]]
run_hw_ila [get_hw_ilas -of_objects [get_hw_devices xc7a100t_0] -filter {CELL_NAME=~"SystolicCore0/ILA"}]
wait_on_hw_ila [get_hw_ilas -of_objects [get_hw_devices xc7a100t_0] -filter {CELL_NAME=~"SystolicCore0/ILA"}]
display_hw_ila_data [upload_hw_ila_data [get_hw_ilas -of_objects [get_hw_devices xc7a100t_0] -filter {CELL_NAME=~"SystolicCore0/ILA"}]]
run_hw_ila [get_hw_ilas -of_objects [get_hw_devices xc7a100t_0] -filter {CELL_NAME=~"SystolicCore0/ILA"}]
wait_on_hw_ila [get_hw_ilas -of_objects [get_hw_devices xc7a100t_0] -filter {CELL_NAME=~"SystolicCore0/ILA"}]
display_hw_ila_data [upload_hw_ila_data [get_hw_ilas -of_objects [get_hw_devices xc7a100t_0] -filter {CELL_NAME=~"SystolicCore0/ILA"}]]
run_hw_ila [get_hw_ilas -of_objects [get_hw_devices xc7a100t_0] -filter {CELL_NAME=~"SystolicCore0/ILA"}]
wait_on_hw_ila [get_hw_ilas -of_objects [get_hw_devices xc7a100t_0] -filter {CELL_NAME=~"SystolicCore0/ILA"}]
display_hw_ila_data [upload_hw_ila_data [get_hw_ilas -of_objects [get_hw_devices xc7a100t_0] -filter {CELL_NAME=~"SystolicCore0/ILA"}]]
run_hw_ila [get_hw_ilas -of_objects [get_hw_devices xc7a100t_0] -filter {CELL_NAME=~"SystolicCore0/ILA"}]
wait_on_hw_ila [get_hw_ilas -of_objects [get_hw_devices xc7a100t_0] -filter {CELL_NAME=~"SystolicCore0/ILA"}]
display_hw_ila_data [upload_hw_ila_data [get_hw_ilas -of_objects [get_hw_devices xc7a100t_0] -filter {CELL_NAME=~"SystolicCore0/ILA"}]]
run_hw_ila [get_hw_ilas -of_objects [get_hw_devices xc7a100t_0] -filter {CELL_NAME=~"SystolicCore0/ILA"}]
wait_on_hw_ila [get_hw_ilas -of_objects [get_hw_devices xc7a100t_0] -filter {CELL_NAME=~"SystolicCore0/ILA"}]
display_hw_ila_data [upload_hw_ila_data [get_hw_ilas -of_objects [get_hw_devices xc7a100t_0] -filter {CELL_NAME=~"SystolicCore0/ILA"}]]
run_hw_ila [get_hw_ilas -of_objects [get_hw_devices xc7a100t_0] -filter {CELL_NAME=~"SystolicCore0/ILA"}]
wait_on_hw_ila [get_hw_ilas -of_objects [get_hw_devices xc7a100t_0] -filter {CELL_NAME=~"SystolicCore0/ILA"}]
display_hw_ila_data [upload_hw_ila_data [get_hw_ilas -of_objects [get_hw_devices xc7a100t_0] -filter {CELL_NAME=~"SystolicCore0/ILA"}]]
run_hw_ila [get_hw_ilas -of_objects [get_hw_devices xc7a100t_0] -filter {CELL_NAME=~"SystolicCore0/ILA"}]
wait_on_hw_ila [get_hw_ilas -of_objects [get_hw_devices xc7a100t_0] -filter {CELL_NAME=~"SystolicCore0/ILA"}]
display_hw_ila_data [upload_hw_ila_data [get_hw_ilas -of_objects [get_hw_devices xc7a100t_0] -filter {CELL_NAME=~"SystolicCore0/ILA"}]]
run_hw_ila [get_hw_ilas -of_objects [get_hw_devices xc7a100t_0] -filter {CELL_NAME=~"SystolicCore0/ILA"}]
set_property PROBES.FILE {/home/xmen/Desktop/SystolicCore/vivado/SystolicCore/SystolicCore.runs/impl_1/Arty7_top_sim.ltx} [get_hw_devices xc7a100t_0]
set_property FULL_PROBES.FILE {/home/xmen/Desktop/SystolicCore/vivado/SystolicCore/SystolicCore.runs/impl_1/Arty7_top_sim.ltx} [get_hw_devices xc7a100t_0]
set_property PROGRAM.FILE {/home/xmen/Desktop/SystolicCore/vivado/SystolicCore/SystolicCore.runs/impl_1/Arty7_top_sim.bit} [get_hw_devices xc7a100t_0]
program_hw_devices [get_hw_devices xc7a100t_0]
INFO: [Labtools 27-3164] End of startup status: HIGH
refresh_hw_device [lindex [get_hw_devices xc7a100t_0] 0]
INFO: [Labtools 27-2302] Device xc7a100t (JTAG device index = 0) is programmed with a design that has 1 ILA core(s).
run_hw_ila [get_hw_ilas -of_objects [get_hw_devices xc7a100t_0] -filter {CELL_NAME=~"SystolicCore0/ILA"}]
wait_on_hw_ila [get_hw_ilas -of_objects [get_hw_devices xc7a100t_0] -filter {CELL_NAME=~"SystolicCore0/ILA"}]
display_hw_ila_data [upload_hw_ila_data [get_hw_ilas -of_objects [get_hw_devices xc7a100t_0] -filter {CELL_NAME=~"SystolicCore0/ILA"}]]
run_hw_ila [get_hw_ilas -of_objects [get_hw_devices xc7a100t_0] -filter {CELL_NAME=~"SystolicCore0/ILA"}]
wait_on_hw_ila [get_hw_ilas -of_objects [get_hw_devices xc7a100t_0] -filter {CELL_NAME=~"SystolicCore0/ILA"}]
display_hw_ila_data [upload_hw_ila_data [get_hw_ilas -of_objects [get_hw_devices xc7a100t_0] -filter {CELL_NAME=~"SystolicCore0/ILA"}]]
run_hw_ila [get_hw_ilas -of_objects [get_hw_devices xc7a100t_0] -filter {CELL_NAME=~"SystolicCore0/ILA"}]
wait_on_hw_ila [get_hw_ilas -of_objects [get_hw_devices xc7a100t_0] -filter {CELL_NAME=~"SystolicCore0/ILA"}]
display_hw_ila_data [upload_hw_ila_data [get_hw_ilas -of_objects [get_hw_devices xc7a100t_0] -filter {CELL_NAME=~"SystolicCore0/ILA"}]]
run_hw_ila [get_hw_ilas -of_objects [get_hw_devices xc7a100t_0] -filter {CELL_NAME=~"SystolicCore0/ILA"}]
wait_on_hw_ila [get_hw_ilas -of_objects [get_hw_devices xc7a100t_0] -filter {CELL_NAME=~"SystolicCore0/ILA"}]
display_hw_ila_data [upload_hw_ila_data [get_hw_ilas -of_objects [get_hw_devices xc7a100t_0] -filter {CELL_NAME=~"SystolicCore0/ILA"}]]
run_hw_ila [get_hw_ilas -of_objects [get_hw_devices xc7a100t_0] -filter {CELL_NAME=~"SystolicCore0/ILA"}]
wait_on_hw_ila [get_hw_ilas -of_objects [get_hw_devices xc7a100t_0] -filter {CELL_NAME=~"SystolicCore0/ILA"}]
display_hw_ila_data [upload_hw_ila_data [get_hw_ilas -of_objects [get_hw_devices xc7a100t_0] -filter {CELL_NAME=~"SystolicCore0/ILA"}]]
run_hw_ila [get_hw_ilas -of_objects [get_hw_devices xc7a100t_0] -filter {CELL_NAME=~"SystolicCore0/ILA"}]
wait_on_hw_ila [get_hw_ilas -of_objects [get_hw_devices xc7a100t_0] -filter {CELL_NAME=~"SystolicCore0/ILA"}]
display_hw_ila_data [upload_hw_ila_data [get_hw_ilas -of_objects [get_hw_devices xc7a100t_0] -filter {CELL_NAME=~"SystolicCore0/ILA"}]]
run_hw_ila [get_hw_ilas -of_objects [get_hw_devices xc7a100t_0] -filter {CELL_NAME=~"SystolicCore0/ILA"}]
wait_on_hw_ila [get_hw_ilas -of_objects [get_hw_devices xc7a100t_0] -filter {CELL_NAME=~"SystolicCore0/ILA"}]
display_hw_ila_data [upload_hw_ila_data [get_hw_ilas -of_objects [get_hw_devices xc7a100t_0] -filter {CELL_NAME=~"SystolicCore0/ILA"}]]
run_hw_ila [get_hw_ilas -of_objects [get_hw_devices xc7a100t_0] -filter {CELL_NAME=~"SystolicCore0/ILA"}]
wait_on_hw_ila [get_hw_ilas -of_objects [get_hw_devices xc7a100t_0] -filter {CELL_NAME=~"SystolicCore0/ILA"}]
display_hw_ila_data [upload_hw_ila_data [get_hw_ilas -of_objects [get_hw_devices xc7a100t_0] -filter {CELL_NAME=~"SystolicCore0/ILA"}]]
run_hw_ila [get_hw_ilas -of_objects [get_hw_devices xc7a100t_0] -filter {CELL_NAME=~"SystolicCore0/ILA"}]
wait_on_hw_ila [get_hw_ilas -of_objects [get_hw_devices xc7a100t_0] -filter {CELL_NAME=~"SystolicCore0/ILA"}]
display_hw_ila_data [upload_hw_ila_data [get_hw_ilas -of_objects [get_hw_devices xc7a100t_0] -filter {CELL_NAME=~"SystolicCore0/ILA"}]]
run_hw_ila [get_hw_ilas -of_objects [get_hw_devices xc7a100t_0] -filter {CELL_NAME=~"SystolicCore0/ILA"}]
wait_on_hw_ila [get_hw_ilas -of_objects [get_hw_devices xc7a100t_0] -filter {CELL_NAME=~"SystolicCore0/ILA"}]
display_hw_ila_data [upload_hw_ila_data [get_hw_ilas -of_objects [get_hw_devices xc7a100t_0] -filter {CELL_NAME=~"SystolicCore0/ILA"}]]
run_hw_ila [get_hw_ilas -of_objects [get_hw_devices xc7a100t_0] -filter {CELL_NAME=~"SystolicCore0/ILA"}]
wait_on_hw_ila [get_hw_ilas -of_objects [get_hw_devices xc7a100t_0] -filter {CELL_NAME=~"SystolicCore0/ILA"}]
display_hw_ila_data [upload_hw_ila_data [get_hw_ilas -of_objects [get_hw_devices xc7a100t_0] -filter {CELL_NAME=~"SystolicCore0/ILA"}]]
run_hw_ila [get_hw_ilas -of_objects [get_hw_devices xc7a100t_0] -filter {CELL_NAME=~"SystolicCore0/ILA"}]
wait_on_hw_ila [get_hw_ilas -of_objects [get_hw_devices xc7a100t_0] -filter {CELL_NAME=~"SystolicCore0/ILA"}]
display_hw_ila_data [upload_hw_ila_data [get_hw_ilas -of_objects [get_hw_devices xc7a100t_0] -filter {CELL_NAME=~"SystolicCore0/ILA"}]]
run_hw_ila [get_hw_ilas -of_objects [get_hw_devices xc7a100t_0] -filter {CELL_NAME=~"SystolicCore0/ILA"}]
wait_on_hw_ila [get_hw_ilas -of_objects [get_hw_devices xc7a100t_0] -filter {CELL_NAME=~"SystolicCore0/ILA"}]
display_hw_ila_data [upload_hw_ila_data [get_hw_ilas -of_objects [get_hw_devices xc7a100t_0] -filter {CELL_NAME=~"SystolicCore0/ILA"}]]
run_hw_ila [get_hw_ilas -of_objects [get_hw_devices xc7a100t_0] -filter {CELL_NAME=~"SystolicCore0/ILA"}]
wait_on_hw_ila [get_hw_ilas -of_objects [get_hw_devices xc7a100t_0] -filter {CELL_NAME=~"SystolicCore0/ILA"}]
display_hw_ila_data [upload_hw_ila_data [get_hw_ilas -of_objects [get_hw_devices xc7a100t_0] -filter {CELL_NAME=~"SystolicCore0/ILA"}]]
run_hw_ila [get_hw_ilas -of_objects [get_hw_devices xc7a100t_0] -filter {CELL_NAME=~"SystolicCore0/ILA"}]
wait_on_hw_ila [get_hw_ilas -of_objects [get_hw_devices xc7a100t_0] -filter {CELL_NAME=~"SystolicCore0/ILA"}]
display_hw_ila_data [upload_hw_ila_data [get_hw_ilas -of_objects [get_hw_devices xc7a100t_0] -filter {CELL_NAME=~"SystolicCore0/ILA"}]]
run_hw_ila [get_hw_ilas -of_objects [get_hw_devices xc7a100t_0] -filter {CELL_NAME=~"SystolicCore0/ILA"}]
wait_on_hw_ila [get_hw_ilas -of_objects [get_hw_devices xc7a100t_0] -filter {CELL_NAME=~"SystolicCore0/ILA"}]
display_hw_ila_data [upload_hw_ila_data [get_hw_ilas -of_objects [get_hw_devices xc7a100t_0] -filter {CELL_NAME=~"SystolicCore0/ILA"}]]
run_hw_ila [get_hw_ilas -of_objects [get_hw_devices xc7a100t_0] -filter {CELL_NAME=~"SystolicCore0/ILA"}]
wait_on_hw_ila [get_hw_ilas -of_objects [get_hw_devices xc7a100t_0] -filter {CELL_NAME=~"SystolicCore0/ILA"}]
display_hw_ila_data [upload_hw_ila_data [get_hw_ilas -of_objects [get_hw_devices xc7a100t_0] -filter {CELL_NAME=~"SystolicCore0/ILA"}]]
run_hw_ila [get_hw_ilas -of_objects [get_hw_devices xc7a100t_0] -filter {CELL_NAME=~"SystolicCore0/ILA"}]
wait_on_hw_ila [get_hw_ilas -of_objects [get_hw_devices xc7a100t_0] -filter {CELL_NAME=~"SystolicCore0/ILA"}]
display_hw_ila_data [upload_hw_ila_data [get_hw_ilas -of_objects [get_hw_devices xc7a100t_0] -filter {CELL_NAME=~"SystolicCore0/ILA"}]]
run_hw_ila [get_hw_ilas -of_objects [get_hw_devices xc7a100t_0] -filter {CELL_NAME=~"SystolicCore0/ILA"}]
wait_on_hw_ila [get_hw_ilas -of_objects [get_hw_devices xc7a100t_0] -filter {CELL_NAME=~"SystolicCore0/ILA"}]
display_hw_ila_data [upload_hw_ila_data [get_hw_ilas -of_objects [get_hw_devices xc7a100t_0] -filter {CELL_NAME=~"SystolicCore0/ILA"}]]
run_hw_ila [get_hw_ilas -of_objects [get_hw_devices xc7a100t_0] -filter {CELL_NAME=~"SystolicCore0/ILA"}]
wait_on_hw_ila [get_hw_ilas -of_objects [get_hw_devices xc7a100t_0] -filter {CELL_NAME=~"SystolicCore0/ILA"}]
display_hw_ila_data [upload_hw_ila_data [get_hw_ilas -of_objects [get_hw_devices xc7a100t_0] -filter {CELL_NAME=~"SystolicCore0/ILA"}]]
run_hw_ila [get_hw_ilas -of_objects [get_hw_devices xc7a100t_0] -filter {CELL_NAME=~"SystolicCore0/ILA"}]
set_property PROBES.FILE {/home/xmen/Desktop/SystolicCore/vivado/SystolicCore/SystolicCore.runs/impl_1/Arty7_top_sim.ltx} [get_hw_devices xc7a100t_0]
set_property FULL_PROBES.FILE {/home/xmen/Desktop/SystolicCore/vivado/SystolicCore/SystolicCore.runs/impl_1/Arty7_top_sim.ltx} [get_hw_devices xc7a100t_0]
set_property PROGRAM.FILE {/home/xmen/Desktop/SystolicCore/vivado/SystolicCore/SystolicCore.runs/impl_1/Arty7_top_sim.bit} [get_hw_devices xc7a100t_0]
program_hw_devices [get_hw_devices xc7a100t_0]
INFO: [Labtools 27-3164] End of startup status: HIGH
refresh_hw_device [lindex [get_hw_devices xc7a100t_0] 0]
INFO: [Labtools 27-2302] Device xc7a100t (JTAG device index = 0) is programmed with a design that has 1 ILA core(s).
run_hw_ila [get_hw_ilas -of_objects [get_hw_devices xc7a100t_0] -filter {CELL_NAME=~"SystolicCore0/ILA"}]
set_property PROBES.FILE {/home/xmen/Desktop/SystolicCore/vivado/SystolicCore/SystolicCore.runs/impl_1/Arty7_top_sim.ltx} [get_hw_devices xc7a100t_0]
set_property FULL_PROBES.FILE {/home/xmen/Desktop/SystolicCore/vivado/SystolicCore/SystolicCore.runs/impl_1/Arty7_top_sim.ltx} [get_hw_devices xc7a100t_0]
set_property PROGRAM.FILE {/home/xmen/Desktop/SystolicCore/vivado/SystolicCore/SystolicCore.runs/impl_1/Arty7_top_sim.bit} [get_hw_devices xc7a100t_0]
program_hw_devices [get_hw_devices xc7a100t_0]
INFO: [Labtools 27-3164] End of startup status: HIGH
refresh_hw_device [lindex [get_hw_devices xc7a100t_0] 0]
INFO: [Labtools 27-2302] Device xc7a100t (JTAG device index = 0) is programmed with a design that has 1 ILA core(s).
run_hw_ila [get_hw_ilas -of_objects [get_hw_devices xc7a100t_0] -filter {CELL_NAME=~"SystolicCore0/ILA"}]
wait_on_hw_ila [get_hw_ilas -of_objects [get_hw_devices xc7a100t_0] -filter {CELL_NAME=~"SystolicCore0/ILA"}]
display_hw_ila_data [upload_hw_ila_data [get_hw_ilas -of_objects [get_hw_devices xc7a100t_0] -filter {CELL_NAME=~"SystolicCore0/ILA"}]]
run_hw_ila [get_hw_ilas -of_objects [get_hw_devices xc7a100t_0] -filter {CELL_NAME=~"SystolicCore0/ILA"}]
wait_on_hw_ila [get_hw_ilas -of_objects [get_hw_devices xc7a100t_0] -filter {CELL_NAME=~"SystolicCore0/ILA"}]
display_hw_ila_data [upload_hw_ila_data [get_hw_ilas -of_objects [get_hw_devices xc7a100t_0] -filter {CELL_NAME=~"SystolicCore0/ILA"}]]
run_hw_ila [get_hw_ilas -of_objects [get_hw_devices xc7a100t_0] -filter {CELL_NAME=~"SystolicCore0/ILA"}]
wait_on_hw_ila [get_hw_ilas -of_objects [get_hw_devices xc7a100t_0] -filter {CELL_NAME=~"SystolicCore0/ILA"}]
display_hw_ila_data [upload_hw_ila_data [get_hw_ilas -of_objects [get_hw_devices xc7a100t_0] -filter {CELL_NAME=~"SystolicCore0/ILA"}]]
run_hw_ila [get_hw_ilas -of_objects [get_hw_devices xc7a100t_0] -filter {CELL_NAME=~"SystolicCore0/ILA"}]
wait_on_hw_ila [get_hw_ilas -of_objects [get_hw_devices xc7a100t_0] -filter {CELL_NAME=~"SystolicCore0/ILA"}]
display_hw_ila_data [upload_hw_ila_data [get_hw_ilas -of_objects [get_hw_devices xc7a100t_0] -filter {CELL_NAME=~"SystolicCore0/ILA"}]]
run_hw_ila [get_hw_ilas -of_objects [get_hw_devices xc7a100t_0] -filter {CELL_NAME=~"SystolicCore0/ILA"}]
wait_on_hw_ila [get_hw_ilas -of_objects [get_hw_devices xc7a100t_0] -filter {CELL_NAME=~"SystolicCore0/ILA"}]
display_hw_ila_data [upload_hw_ila_data [get_hw_ilas -of_objects [get_hw_devices xc7a100t_0] -filter {CELL_NAME=~"SystolicCore0/ILA"}]]
run_hw_ila [get_hw_ilas -of_objects [get_hw_devices xc7a100t_0] -filter {CELL_NAME=~"SystolicCore0/ILA"}]
wait_on_hw_ila [get_hw_ilas -of_objects [get_hw_devices xc7a100t_0] -filter {CELL_NAME=~"SystolicCore0/ILA"}]
display_hw_ila_data [upload_hw_ila_data [get_hw_ilas -of_objects [get_hw_devices xc7a100t_0] -filter {CELL_NAME=~"SystolicCore0/ILA"}]]
run_hw_ila [get_hw_ilas -of_objects [get_hw_devices xc7a100t_0] -filter {CELL_NAME=~"SystolicCore0/ILA"}]
wait_on_hw_ila [get_hw_ilas -of_objects [get_hw_devices xc7a100t_0] -filter {CELL_NAME=~"SystolicCore0/ILA"}]
display_hw_ila_data [upload_hw_ila_data [get_hw_ilas -of_objects [get_hw_devices xc7a100t_0] -filter {CELL_NAME=~"SystolicCore0/ILA"}]]
run_hw_ila [get_hw_ilas -of_objects [get_hw_devices xc7a100t_0] -filter {CELL_NAME=~"SystolicCore0/ILA"}]
wait_on_hw_ila [get_hw_ilas -of_objects [get_hw_devices xc7a100t_0] -filter {CELL_NAME=~"SystolicCore0/ILA"}]
display_hw_ila_data [upload_hw_ila_data [get_hw_ilas -of_objects [get_hw_devices xc7a100t_0] -filter {CELL_NAME=~"SystolicCore0/ILA"}]]
run_hw_ila [get_hw_ilas -of_objects [get_hw_devices xc7a100t_0] -filter {CELL_NAME=~"SystolicCore0/ILA"}]
wait_on_hw_ila [get_hw_ilas -of_objects [get_hw_devices xc7a100t_0] -filter {CELL_NAME=~"SystolicCore0/ILA"}]
display_hw_ila_data [upload_hw_ila_data [get_hw_ilas -of_objects [get_hw_devices xc7a100t_0] -filter {CELL_NAME=~"SystolicCore0/ILA"}]]
run_hw_ila [get_hw_ilas -of_objects [get_hw_devices xc7a100t_0] -filter {CELL_NAME=~"SystolicCore0/ILA"}]
wait_on_hw_ila [get_hw_ilas -of_objects [get_hw_devices xc7a100t_0] -filter {CELL_NAME=~"SystolicCore0/ILA"}]
display_hw_ila_data [upload_hw_ila_data [get_hw_ilas -of_objects [get_hw_devices xc7a100t_0] -filter {CELL_NAME=~"SystolicCore0/ILA"}]]
run_hw_ila [get_hw_ilas -of_objects [get_hw_devices xc7a100t_0] -filter {CELL_NAME=~"SystolicCore0/ILA"}]
wait_on_hw_ila [get_hw_ilas -of_objects [get_hw_devices xc7a100t_0] -filter {CELL_NAME=~"SystolicCore0/ILA"}]
display_hw_ila_data [upload_hw_ila_data [get_hw_ilas -of_objects [get_hw_devices xc7a100t_0] -filter {CELL_NAME=~"SystolicCore0/ILA"}]]
run_hw_ila [get_hw_ilas -of_objects [get_hw_devices xc7a100t_0] -filter {CELL_NAME=~"SystolicCore0/ILA"}]
wait_on_hw_ila [get_hw_ilas -of_objects [get_hw_devices xc7a100t_0] -filter {CELL_NAME=~"SystolicCore0/ILA"}]
display_hw_ila_data [upload_hw_ila_data [get_hw_ilas -of_objects [get_hw_devices xc7a100t_0] -filter {CELL_NAME=~"SystolicCore0/ILA"}]]
run_hw_ila [get_hw_ilas -of_objects [get_hw_devices xc7a100t_0] -filter {CELL_NAME=~"SystolicCore0/ILA"}]
wait_on_hw_ila [get_hw_ilas -of_objects [get_hw_devices xc7a100t_0] -filter {CELL_NAME=~"SystolicCore0/ILA"}]
display_hw_ila_data [upload_hw_ila_data [get_hw_ilas -of_objects [get_hw_devices xc7a100t_0] -filter {CELL_NAME=~"SystolicCore0/ILA"}]]
run_hw_ila [get_hw_ilas -of_objects [get_hw_devices xc7a100t_0] -filter {CELL_NAME=~"SystolicCore0/ILA"}]
wait_on_hw_ila [get_hw_ilas -of_objects [get_hw_devices xc7a100t_0] -filter {CELL_NAME=~"SystolicCore0/ILA"}]
display_hw_ila_data [upload_hw_ila_data [get_hw_ilas -of_objects [get_hw_devices xc7a100t_0] -filter {CELL_NAME=~"SystolicCore0/ILA"}]]
run_hw_ila [get_hw_ilas -of_objects [get_hw_devices xc7a100t_0] -filter {CELL_NAME=~"SystolicCore0/ILA"}]
wait_on_hw_ila [get_hw_ilas -of_objects [get_hw_devices xc7a100t_0] -filter {CELL_NAME=~"SystolicCore0/ILA"}]
display_hw_ila_data [upload_hw_ila_data [get_hw_ilas -of_objects [get_hw_devices xc7a100t_0] -filter {CELL_NAME=~"SystolicCore0/ILA"}]]
run_hw_ila [get_hw_ilas -of_objects [get_hw_devices xc7a100t_0] -filter {CELL_NAME=~"SystolicCore0/ILA"}]
wait_on_hw_ila [get_hw_ilas -of_objects [get_hw_devices xc7a100t_0] -filter {CELL_NAME=~"SystolicCore0/ILA"}]
display_hw_ila_data [upload_hw_ila_data [get_hw_ilas -of_objects [get_hw_devices xc7a100t_0] -filter {CELL_NAME=~"SystolicCore0/ILA"}]]
run_hw_ila [get_hw_ilas -of_objects [get_hw_devices xc7a100t_0] -filter {CELL_NAME=~"SystolicCore0/ILA"}]
wait_on_hw_ila [get_hw_ilas -of_objects [get_hw_devices xc7a100t_0] -filter {CELL_NAME=~"SystolicCore0/ILA"}]
display_hw_ila_data [upload_hw_ila_data [get_hw_ilas -of_objects [get_hw_devices xc7a100t_0] -filter {CELL_NAME=~"SystolicCore0/ILA"}]]
run_hw_ila [get_hw_ilas -of_objects [get_hw_devices xc7a100t_0] -filter {CELL_NAME=~"SystolicCore0/ILA"}]
wait_on_hw_ila [get_hw_ilas -of_objects [get_hw_devices xc7a100t_0] -filter {CELL_NAME=~"SystolicCore0/ILA"}]
display_hw_ila_data [upload_hw_ila_data [get_hw_ilas -of_objects [get_hw_devices xc7a100t_0] -filter {CELL_NAME=~"SystolicCore0/ILA"}]]
run_hw_ila [get_hw_ilas -of_objects [get_hw_devices xc7a100t_0] -filter {CELL_NAME=~"SystolicCore0/ILA"}]
wait_on_hw_ila [get_hw_ilas -of_objects [get_hw_devices xc7a100t_0] -filter {CELL_NAME=~"SystolicCore0/ILA"}]
display_hw_ila_data [upload_hw_ila_data [get_hw_ilas -of_objects [get_hw_devices xc7a100t_0] -filter {CELL_NAME=~"SystolicCore0/ILA"}]]
run_hw_ila [get_hw_ilas -of_objects [get_hw_devices xc7a100t_0] -filter {CELL_NAME=~"SystolicCore0/ILA"}]
wait_on_hw_ila [get_hw_ilas -of_objects [get_hw_devices xc7a100t_0] -filter {CELL_NAME=~"SystolicCore0/ILA"}]
display_hw_ila_data [upload_hw_ila_data [get_hw_ilas -of_objects [get_hw_devices xc7a100t_0] -filter {CELL_NAME=~"SystolicCore0/ILA"}]]
run_hw_ila [get_hw_ilas -of_objects [get_hw_devices xc7a100t_0] -filter {CELL_NAME=~"SystolicCore0/ILA"}]
wait_on_hw_ila [get_hw_ilas -of_objects [get_hw_devices xc7a100t_0] -filter {CELL_NAME=~"SystolicCore0/ILA"}]
display_hw_ila_data [upload_hw_ila_data [get_hw_ilas -of_objects [get_hw_devices xc7a100t_0] -filter {CELL_NAME=~"SystolicCore0/ILA"}]]
run_hw_ila [get_hw_ilas -of_objects [get_hw_devices xc7a100t_0] -filter {CELL_NAME=~"SystolicCore0/ILA"}]
wait_on_hw_ila [get_hw_ilas -of_objects [get_hw_devices xc7a100t_0] -filter {CELL_NAME=~"SystolicCore0/ILA"}]
display_hw_ila_data [upload_hw_ila_data [get_hw_ilas -of_objects [get_hw_devices xc7a100t_0] -filter {CELL_NAME=~"SystolicCore0/ILA"}]]
run_hw_ila [get_hw_ilas -of_objects [get_hw_devices xc7a100t_0] -filter {CELL_NAME=~"SystolicCore0/ILA"}]
wait_on_hw_ila [get_hw_ilas -of_objects [get_hw_devices xc7a100t_0] -filter {CELL_NAME=~"SystolicCore0/ILA"}]
display_hw_ila_data [upload_hw_ila_data [get_hw_ilas -of_objects [get_hw_devices xc7a100t_0] -filter {CELL_NAME=~"SystolicCore0/ILA"}]]
run_hw_ila [get_hw_ilas -of_objects [get_hw_devices xc7a100t_0] -filter {CELL_NAME=~"SystolicCore0/ILA"}]
wait_on_hw_ila [get_hw_ilas -of_objects [get_hw_devices xc7a100t_0] -filter {CELL_NAME=~"SystolicCore0/ILA"}]
display_hw_ila_data [upload_hw_ila_data [get_hw_ilas -of_objects [get_hw_devices xc7a100t_0] -filter {CELL_NAME=~"SystolicCore0/ILA"}]]
run_hw_ila [get_hw_ilas -of_objects [get_hw_devices xc7a100t_0] -filter {CELL_NAME=~"SystolicCore0/ILA"}]
wait_on_hw_ila [get_hw_ilas -of_objects [get_hw_devices xc7a100t_0] -filter {CELL_NAME=~"SystolicCore0/ILA"}]
display_hw_ila_data [upload_hw_ila_data [get_hw_ilas -of_objects [get_hw_devices xc7a100t_0] -filter {CELL_NAME=~"SystolicCore0/ILA"}]]
run_hw_ila [get_hw_ilas -of_objects [get_hw_devices xc7a100t_0] -filter {CELL_NAME=~"SystolicCore0/ILA"}]
wait_on_hw_ila [get_hw_ilas -of_objects [get_hw_devices xc7a100t_0] -filter {CELL_NAME=~"SystolicCore0/ILA"}]
display_hw_ila_data [upload_hw_ila_data [get_hw_ilas -of_objects [get_hw_devices xc7a100t_0] -filter {CELL_NAME=~"SystolicCore0/ILA"}]]
run_hw_ila [get_hw_ilas -of_objects [get_hw_devices xc7a100t_0] -filter {CELL_NAME=~"SystolicCore0/ILA"}]
wait_on_hw_ila [get_hw_ilas -of_objects [get_hw_devices xc7a100t_0] -filter {CELL_NAME=~"SystolicCore0/ILA"}]
display_hw_ila_data [upload_hw_ila_data [get_hw_ilas -of_objects [get_hw_devices xc7a100t_0] -filter {CELL_NAME=~"SystolicCore0/ILA"}]]
run_hw_ila [get_hw_ilas -of_objects [get_hw_devices xc7a100t_0] -filter {CELL_NAME=~"SystolicCore0/ILA"}]
set_property PROBES.FILE {/home/xmen/Desktop/SystolicCore/vivado/SystolicCore/SystolicCore.runs/impl_1/Arty7_top_sim.ltx} [get_hw_devices xc7a100t_0]
set_property FULL_PROBES.FILE {/home/xmen/Desktop/SystolicCore/vivado/SystolicCore/SystolicCore.runs/impl_1/Arty7_top_sim.ltx} [get_hw_devices xc7a100t_0]
set_property PROGRAM.FILE {/home/xmen/Desktop/SystolicCore/vivado/SystolicCore/SystolicCore.runs/impl_1/Arty7_top_sim.bit} [get_hw_devices xc7a100t_0]
program_hw_devices [get_hw_devices xc7a100t_0]
INFO: [Labtools 27-3164] End of startup status: HIGH
refresh_hw_device [lindex [get_hw_devices xc7a100t_0] 0]
INFO: [Labtools 27-2302] Device xc7a100t (JTAG device index = 0) is programmed with a design that has 1 ILA core(s).
run_hw_ila [get_hw_ilas -of_objects [get_hw_devices xc7a100t_0] -filter {CELL_NAME=~"SystolicCore0/ILA"}]
wait_on_hw_ila [get_hw_ilas -of_objects [get_hw_devices xc7a100t_0] -filter {CELL_NAME=~"SystolicCore0/ILA"}]
display_hw_ila_data [upload_hw_ila_data [get_hw_ilas -of_objects [get_hw_devices xc7a100t_0] -filter {CELL_NAME=~"SystolicCore0/ILA"}]]
run_hw_ila [get_hw_ilas -of_objects [get_hw_devices xc7a100t_0] -filter {CELL_NAME=~"SystolicCore0/ILA"}]
wait_on_hw_ila [get_hw_ilas -of_objects [get_hw_devices xc7a100t_0] -filter {CELL_NAME=~"SystolicCore0/ILA"}]
display_hw_ila_data [upload_hw_ila_data [get_hw_ilas -of_objects [get_hw_devices xc7a100t_0] -filter {CELL_NAME=~"SystolicCore0/ILA"}]]
run_hw_ila [get_hw_ilas -of_objects [get_hw_devices xc7a100t_0] -filter {CELL_NAME=~"SystolicCore0/ILA"}]
wait_on_hw_ila [get_hw_ilas -of_objects [get_hw_devices xc7a100t_0] -filter {CELL_NAME=~"SystolicCore0/ILA"}]
display_hw_ila_data [upload_hw_ila_data [get_hw_ilas -of_objects [get_hw_devices xc7a100t_0] -filter {CELL_NAME=~"SystolicCore0/ILA"}]]
set_property PROBES.FILE {/home/xmen/Desktop/SystolicCore/vivado/SystolicCore/SystolicCore.runs/impl_1/Arty7_top_sim.ltx} [get_hw_devices xc7a100t_0]
set_property FULL_PROBES.FILE {/home/xmen/Desktop/SystolicCore/vivado/SystolicCore/SystolicCore.runs/impl_1/Arty7_top_sim.ltx} [get_hw_devices xc7a100t_0]
set_property PROGRAM.FILE {/home/xmen/Desktop/SystolicCore/vivado/SystolicCore/SystolicCore.runs/impl_1/Arty7_top_sim.bit} [get_hw_devices xc7a100t_0]
program_hw_devices [get_hw_devices xc7a100t_0]
INFO: [Labtools 27-3164] End of startup status: HIGH
refresh_hw_device [lindex [get_hw_devices xc7a100t_0] 0]
INFO: [Labtools 27-2302] Device xc7a100t (JTAG device index = 0) is programmed with a design that has 1 ILA core(s).
set_property PROBES.FILE {/home/xmen/Desktop/SystolicCore/vivado/SystolicCore/SystolicCore.runs/impl_1/Arty7_top_sim.ltx} [get_hw_devices xc7a100t_0]
set_property FULL_PROBES.FILE {/home/xmen/Desktop/SystolicCore/vivado/SystolicCore/SystolicCore.runs/impl_1/Arty7_top_sim.ltx} [get_hw_devices xc7a100t_0]
set_property PROGRAM.FILE {/home/xmen/Desktop/SystolicCore/vivado/SystolicCore/SystolicCore.runs/impl_1/Arty7_top_sim.bit} [get_hw_devices xc7a100t_0]
program_hw_devices [get_hw_devices xc7a100t_0]
INFO: [Labtools 27-3164] End of startup status: HIGH
refresh_hw_device [lindex [get_hw_devices xc7a100t_0] 0]
INFO: [Labtools 27-2302] Device xc7a100t (JTAG device index = 0) is programmed with a design that has 1 ILA core(s).
run_hw_ila [get_hw_ilas -of_objects [get_hw_devices xc7a100t_0] -filter {CELL_NAME=~"SystolicCore0/ILA"}]
wait_on_hw_ila [get_hw_ilas -of_objects [get_hw_devices xc7a100t_0] -filter {CELL_NAME=~"SystolicCore0/ILA"}]
display_hw_ila_data [upload_hw_ila_data [get_hw_ilas -of_objects [get_hw_devices xc7a100t_0] -filter {CELL_NAME=~"SystolicCore0/ILA"}]]
run_hw_ila [get_hw_ilas -of_objects [get_hw_devices xc7a100t_0] -filter {CELL_NAME=~"SystolicCore0/ILA"}]
wait_on_hw_ila [get_hw_ilas -of_objects [get_hw_devices xc7a100t_0] -filter {CELL_NAME=~"SystolicCore0/ILA"}]
display_hw_ila_data [upload_hw_ila_data [get_hw_ilas -of_objects [get_hw_devices xc7a100t_0] -filter {CELL_NAME=~"SystolicCore0/ILA"}]]
run_hw_ila [get_hw_ilas -of_objects [get_hw_devices xc7a100t_0] -filter {CELL_NAME=~"SystolicCore0/ILA"}]
wait_on_hw_ila [get_hw_ilas -of_objects [get_hw_devices xc7a100t_0] -filter {CELL_NAME=~"SystolicCore0/ILA"}]
display_hw_ila_data [upload_hw_ila_data [get_hw_ilas -of_objects [get_hw_devices xc7a100t_0] -filter {CELL_NAME=~"SystolicCore0/ILA"}]]
run_hw_ila [get_hw_ilas -of_objects [get_hw_devices xc7a100t_0] -filter {CELL_NAME=~"SystolicCore0/ILA"}]
wait_on_hw_ila [get_hw_ilas -of_objects [get_hw_devices xc7a100t_0] -filter {CELL_NAME=~"SystolicCore0/ILA"}]
display_hw_ila_data [upload_hw_ila_data [get_hw_ilas -of_objects [get_hw_devices xc7a100t_0] -filter {CELL_NAME=~"SystolicCore0/ILA"}]]
run_hw_ila [get_hw_ilas -of_objects [get_hw_devices xc7a100t_0] -filter {CELL_NAME=~"SystolicCore0/ILA"}]
wait_on_hw_ila [get_hw_ilas -of_objects [get_hw_devices xc7a100t_0] -filter {CELL_NAME=~"SystolicCore0/ILA"}]
display_hw_ila_data [upload_hw_ila_data [get_hw_ilas -of_objects [get_hw_devices xc7a100t_0] -filter {CELL_NAME=~"SystolicCore0/ILA"}]]
run_hw_ila [get_hw_ilas -of_objects [get_hw_devices xc7a100t_0] -filter {CELL_NAME=~"SystolicCore0/ILA"}]
wait_on_hw_ila [get_hw_ilas -of_objects [get_hw_devices xc7a100t_0] -filter {CELL_NAME=~"SystolicCore0/ILA"}]
display_hw_ila_data [upload_hw_ila_data [get_hw_ilas -of_objects [get_hw_devices xc7a100t_0] -filter {CELL_NAME=~"SystolicCore0/ILA"}]]
run_hw_ila [get_hw_ilas -of_objects [get_hw_devices xc7a100t_0] -filter {CELL_NAME=~"SystolicCore0/ILA"}]
wait_on_hw_ila [get_hw_ilas -of_objects [get_hw_devices xc7a100t_0] -filter {CELL_NAME=~"SystolicCore0/ILA"}]
display_hw_ila_data [upload_hw_ila_data [get_hw_ilas -of_objects [get_hw_devices xc7a100t_0] -filter {CELL_NAME=~"SystolicCore0/ILA"}]]
run_hw_ila [get_hw_ilas -of_objects [get_hw_devices xc7a100t_0] -filter {CELL_NAME=~"SystolicCore0/ILA"}]
wait_on_hw_ila [get_hw_ilas -of_objects [get_hw_devices xc7a100t_0] -filter {CELL_NAME=~"SystolicCore0/ILA"}]
display_hw_ila_data [upload_hw_ila_data [get_hw_ilas -of_objects [get_hw_devices xc7a100t_0] -filter {CELL_NAME=~"SystolicCore0/ILA"}]]
run_hw_ila [get_hw_ilas -of_objects [get_hw_devices xc7a100t_0] -filter {CELL_NAME=~"SystolicCore0/ILA"}]
wait_on_hw_ila [get_hw_ilas -of_objects [get_hw_devices xc7a100t_0] -filter {CELL_NAME=~"SystolicCore0/ILA"}]
display_hw_ila_data [upload_hw_ila_data [get_hw_ilas -of_objects [get_hw_devices xc7a100t_0] -filter {CELL_NAME=~"SystolicCore0/ILA"}]]
run_hw_ila [get_hw_ilas -of_objects [get_hw_devices xc7a100t_0] -filter {CELL_NAME=~"SystolicCore0/ILA"}]
wait_on_hw_ila [get_hw_ilas -of_objects [get_hw_devices xc7a100t_0] -filter {CELL_NAME=~"SystolicCore0/ILA"}]
display_hw_ila_data [upload_hw_ila_data [get_hw_ilas -of_objects [get_hw_devices xc7a100t_0] -filter {CELL_NAME=~"SystolicCore0/ILA"}]]
run_hw_ila [get_hw_ilas -of_objects [get_hw_devices xc7a100t_0] -filter {CELL_NAME=~"SystolicCore0/ILA"}]
wait_on_hw_ila [get_hw_ilas -of_objects [get_hw_devices xc7a100t_0] -filter {CELL_NAME=~"SystolicCore0/ILA"}]
display_hw_ila_data [upload_hw_ila_data [get_hw_ilas -of_objects [get_hw_devices xc7a100t_0] -filter {CELL_NAME=~"SystolicCore0/ILA"}]]
run_hw_ila [get_hw_ilas -of_objects [get_hw_devices xc7a100t_0] -filter {CELL_NAME=~"SystolicCore0/ILA"}]
wait_on_hw_ila [get_hw_ilas -of_objects [get_hw_devices xc7a100t_0] -filter {CELL_NAME=~"SystolicCore0/ILA"}]
display_hw_ila_data [upload_hw_ila_data [get_hw_ilas -of_objects [get_hw_devices xc7a100t_0] -filter {CELL_NAME=~"SystolicCore0/ILA"}]]
run_hw_ila [get_hw_ilas -of_objects [get_hw_devices xc7a100t_0] -filter {CELL_NAME=~"SystolicCore0/ILA"}]
wait_on_hw_ila [get_hw_ilas -of_objects [get_hw_devices xc7a100t_0] -filter {CELL_NAME=~"SystolicCore0/ILA"}]
display_hw_ila_data [upload_hw_ila_data [get_hw_ilas -of_objects [get_hw_devices xc7a100t_0] -filter {CELL_NAME=~"SystolicCore0/ILA"}]]
run_hw_ila [get_hw_ilas -of_objects [get_hw_devices xc7a100t_0] -filter {CELL_NAME=~"SystolicCore0/ILA"}]
wait_on_hw_ila [get_hw_ilas -of_objects [get_hw_devices xc7a100t_0] -filter {CELL_NAME=~"SystolicCore0/ILA"}]
display_hw_ila_data [upload_hw_ila_data [get_hw_ilas -of_objects [get_hw_devices xc7a100t_0] -filter {CELL_NAME=~"SystolicCore0/ILA"}]]
run_hw_ila [get_hw_ilas -of_objects [get_hw_devices xc7a100t_0] -filter {CELL_NAME=~"SystolicCore0/ILA"}]
wait_on_hw_ila [get_hw_ilas -of_objects [get_hw_devices xc7a100t_0] -filter {CELL_NAME=~"SystolicCore0/ILA"}]
display_hw_ila_data [upload_hw_ila_data [get_hw_ilas -of_objects [get_hw_devices xc7a100t_0] -filter {CELL_NAME=~"SystolicCore0/ILA"}]]
run_hw_ila [get_hw_ilas -of_objects [get_hw_devices xc7a100t_0] -filter {CELL_NAME=~"SystolicCore0/ILA"}]
wait_on_hw_ila [get_hw_ilas -of_objects [get_hw_devices xc7a100t_0] -filter {CELL_NAME=~"SystolicCore0/ILA"}]
display_hw_ila_data [upload_hw_ila_data [get_hw_ilas -of_objects [get_hw_devices xc7a100t_0] -filter {CELL_NAME=~"SystolicCore0/ILA"}]]
run_hw_ila [get_hw_ilas -of_objects [get_hw_devices xc7a100t_0] -filter {CELL_NAME=~"SystolicCore0/ILA"}]
wait_on_hw_ila [get_hw_ilas -of_objects [get_hw_devices xc7a100t_0] -filter {CELL_NAME=~"SystolicCore0/ILA"}]
display_hw_ila_data [upload_hw_ila_data [get_hw_ilas -of_objects [get_hw_devices xc7a100t_0] -filter {CELL_NAME=~"SystolicCore0/ILA"}]]
run_hw_ila [get_hw_ilas -of_objects [get_hw_devices xc7a100t_0] -filter {CELL_NAME=~"SystolicCore0/ILA"}]
wait_on_hw_ila [get_hw_ilas -of_objects [get_hw_devices xc7a100t_0] -filter {CELL_NAME=~"SystolicCore0/ILA"}]
display_hw_ila_data [upload_hw_ila_data [get_hw_ilas -of_objects [get_hw_devices xc7a100t_0] -filter {CELL_NAME=~"SystolicCore0/ILA"}]]
run_hw_ila [get_hw_ilas -of_objects [get_hw_devices xc7a100t_0] -filter {CELL_NAME=~"SystolicCore0/ILA"}]
wait_on_hw_ila [get_hw_ilas -of_objects [get_hw_devices xc7a100t_0] -filter {CELL_NAME=~"SystolicCore0/ILA"}]
display_hw_ila_data [upload_hw_ila_data [get_hw_ilas -of_objects [get_hw_devices xc7a100t_0] -filter {CELL_NAME=~"SystolicCore0/ILA"}]]
run_hw_ila [get_hw_ilas -of_objects [get_hw_devices xc7a100t_0] -filter {CELL_NAME=~"SystolicCore0/ILA"}]
wait_on_hw_ila [get_hw_ilas -of_objects [get_hw_devices xc7a100t_0] -filter {CELL_NAME=~"SystolicCore0/ILA"}]
display_hw_ila_data [upload_hw_ila_data [get_hw_ilas -of_objects [get_hw_devices xc7a100t_0] -filter {CELL_NAME=~"SystolicCore0/ILA"}]]
run_hw_ila [get_hw_ilas -of_objects [get_hw_devices xc7a100t_0] -filter {CELL_NAME=~"SystolicCore0/ILA"}]
wait_on_hw_ila [get_hw_ilas -of_objects [get_hw_devices xc7a100t_0] -filter {CELL_NAME=~"SystolicCore0/ILA"}]
display_hw_ila_data [upload_hw_ila_data [get_hw_ilas -of_objects [get_hw_devices xc7a100t_0] -filter {CELL_NAME=~"SystolicCore0/ILA"}]]
run_hw_ila [get_hw_ilas -of_objects [get_hw_devices xc7a100t_0] -filter {CELL_NAME=~"SystolicCore0/ILA"}]
wait_on_hw_ila [get_hw_ilas -of_objects [get_hw_devices xc7a100t_0] -filter {CELL_NAME=~"SystolicCore0/ILA"}]
display_hw_ila_data [upload_hw_ila_data [get_hw_ilas -of_objects [get_hw_devices xc7a100t_0] -filter {CELL_NAME=~"SystolicCore0/ILA"}]]
run_hw_ila [get_hw_ilas -of_objects [get_hw_devices xc7a100t_0] -filter {CELL_NAME=~"SystolicCore0/ILA"}]
wait_on_hw_ila [get_hw_ilas -of_objects [get_hw_devices xc7a100t_0] -filter {CELL_NAME=~"SystolicCore0/ILA"}]
display_hw_ila_data [upload_hw_ila_data [get_hw_ilas -of_objects [get_hw_devices xc7a100t_0] -filter {CELL_NAME=~"SystolicCore0/ILA"}]]
run_hw_ila [get_hw_ilas -of_objects [get_hw_devices xc7a100t_0] -filter {CELL_NAME=~"SystolicCore0/ILA"}]
wait_on_hw_ila [get_hw_ilas -of_objects [get_hw_devices xc7a100t_0] -filter {CELL_NAME=~"SystolicCore0/ILA"}]
display_hw_ila_data [upload_hw_ila_data [get_hw_ilas -of_objects [get_hw_devices xc7a100t_0] -filter {CELL_NAME=~"SystolicCore0/ILA"}]]
run_hw_ila [get_hw_ilas -of_objects [get_hw_devices xc7a100t_0] -filter {CELL_NAME=~"SystolicCore0/ILA"}]
wait_on_hw_ila [get_hw_ilas -of_objects [get_hw_devices xc7a100t_0] -filter {CELL_NAME=~"SystolicCore0/ILA"}]
display_hw_ila_data [upload_hw_ila_data [get_hw_ilas -of_objects [get_hw_devices xc7a100t_0] -filter {CELL_NAME=~"SystolicCore0/ILA"}]]
run_hw_ila [get_hw_ilas -of_objects [get_hw_devices xc7a100t_0] -filter {CELL_NAME=~"SystolicCore0/ILA"}]
wait_on_hw_ila [get_hw_ilas -of_objects [get_hw_devices xc7a100t_0] -filter {CELL_NAME=~"SystolicCore0/ILA"}]
display_hw_ila_data [upload_hw_ila_data [get_hw_ilas -of_objects [get_hw_devices xc7a100t_0] -filter {CELL_NAME=~"SystolicCore0/ILA"}]]
run_hw_ila [get_hw_ilas -of_objects [get_hw_devices xc7a100t_0] -filter {CELL_NAME=~"SystolicCore0/ILA"}]
wait_on_hw_ila [get_hw_ilas -of_objects [get_hw_devices xc7a100t_0] -filter {CELL_NAME=~"SystolicCore0/ILA"}]
display_hw_ila_data [upload_hw_ila_data [get_hw_ilas -of_objects [get_hw_devices xc7a100t_0] -filter {CELL_NAME=~"SystolicCore0/ILA"}]]
run_hw_ila [get_hw_ilas -of_objects [get_hw_devices xc7a100t_0] -filter {CELL_NAME=~"SystolicCore0/ILA"}]
wait_on_hw_ila [get_hw_ilas -of_objects [get_hw_devices xc7a100t_0] -filter {CELL_NAME=~"SystolicCore0/ILA"}]
display_hw_ila_data [upload_hw_ila_data [get_hw_ilas -of_objects [get_hw_devices xc7a100t_0] -filter {CELL_NAME=~"SystolicCore0/ILA"}]]
run_hw_ila [get_hw_ilas -of_objects [get_hw_devices xc7a100t_0] -filter {CELL_NAME=~"SystolicCore0/ILA"}]
wait_on_hw_ila [get_hw_ilas -of_objects [get_hw_devices xc7a100t_0] -filter {CELL_NAME=~"SystolicCore0/ILA"}]
display_hw_ila_data [upload_hw_ila_data [get_hw_ilas -of_objects [get_hw_devices xc7a100t_0] -filter {CELL_NAME=~"SystolicCore0/ILA"}]]
run_hw_ila [get_hw_ilas -of_objects [get_hw_devices xc7a100t_0] -filter {CELL_NAME=~"SystolicCore0/ILA"}]
open_run synth_1 -name synth_1
Design is defaulting to impl run constrset: constrs_1
Design is defaulting to synth run part: xc7a100tcsg324-3
INFO: [Project 1-5699] Read binary netlist with skipMacroContent - 1
INFO: [Project 1-454] Reading design checkpoint '/home/xmen/Desktop/SystolicCore/vivado/SystolicCore/SystolicCore.gen/sources_1/ip/ila_0_1/ila_0.dcp' for cell 'SystolicCore0/ILA'
INFO: [Project 1-454] Reading design checkpoint '/home/xmen/Desktop/SystolicCore/vivado/SystolicCore/SystolicCore.gen/sources_1/ip/ram_single_port/ram_single_port.dcp' for cell 'SystolicCore0/serial2mem_opA/mem'
Netlist sorting complete. Time (s): cpu = 00:00:00.05 ; elapsed = 00:00:00.06 . Memory (MB): peak = 12704.852 ; gain = 0.000 ; free physical = 2831 ; free virtual = 33501
INFO: [Netlist 29-17] Analyzing 1697 Unisim elements for replacement
INFO: [Netlist 29-28] Unisim Transformation completed in 0 CPU seconds
INFO: [Project 1-479] Netlist was created with Vivado 2025.1
INFO: [Project 1-570] Preparing netlist for logic optimization
INFO: [Chipscope 16-324] Core: SystolicCore0/ILA UUID: eb9dbfc8-a249-53e5-92c4-564a55f4188e 
Parsing XDC File [/home/xmen/Desktop/SystolicCore/vivado/SystolicCore/SystolicCore.gen/sources_1/ip/ila_0_1/ila_v6_2/constraints/ila_impl.xdc] for cell 'SystolicCore0/ILA/inst'
WARNING: [Vivado_Tcl 4-921] Waiver ID 'CDC-10' -to list should not be empty. [/home/xmen/Desktop/SystolicCore/vivado/SystolicCore/SystolicCore.gen/sources_1/ip/ila_0_1/ila_v6_2/constraints/ila_impl.xdc:40]
Finished Parsing XDC File [/home/xmen/Desktop/SystolicCore/vivado/SystolicCore/SystolicCore.gen/sources_1/ip/ila_0_1/ila_v6_2/constraints/ila_impl.xdc] for cell 'SystolicCore0/ILA/inst'
Parsing XDC File [/home/xmen/Desktop/SystolicCore/vivado/SystolicCore/SystolicCore.gen/sources_1/ip/ila_0_1/ila_v6_2/constraints/ila.xdc] for cell 'SystolicCore0/ILA/inst'
WARNING: [Vivado_Tcl 4-921] Waiver ID 'CDC-10' -to list should not be empty. [/home/xmen/Desktop/SystolicCore/vivado/SystolicCore/SystolicCore.gen/sources_1/ip/ila_0_1/ila_v6_2/constraints/ila.xdc:130]
Finished Parsing XDC File [/home/xmen/Desktop/SystolicCore/vivado/SystolicCore/SystolicCore.gen/sources_1/ip/ila_0_1/ila_v6_2/constraints/ila.xdc] for cell 'SystolicCore0/ILA/inst'
Parsing XDC File [/home/xmen/ARTYA7/XilinxDesignConstraint/Arty-A7-100-Master.xdc]
Finished Parsing XDC File [/home/xmen/ARTYA7/XilinxDesignConstraint/Arty-A7-100-Master.xdc]
INFO: [Opt 31-138] Pushed 0 inverter(s) to 0 load pin(s).
INFO: [Project 1-1687] 2 scoped IP constraints or related sub-commands were skipped due to synthesis logic optimizations usually triggered by constant connectivity or unconnected output pins. To review the skipped constraints and messages, run the command 'set_param netlist.IPMsgFiltering false' before opening the design.
Netlist sorting complete. Time (s): cpu = 00:00:00 ; elapsed = 00:00:00 . Memory (MB): peak = 12704.852 ; gain = 0.000 ; free physical = 2754 ; free virtual = 33422
INFO: [Project 1-111] Unisim Transformation Summary:
  A total of 868 instances were transformed.
  CFGLUT5 => CFGLUT5 (SRL16E, SRLC32E): 836 instances
  RAM64M => RAM64M (RAMD64E(x4)): 32 instances

