#-----------------------------------------------------------
# Vivado v2025.1 (64-bit)
# SW Build 6140274 on Wed May 21 22:58:25 MDT 2025
# IP Build 6138677 on Thu May 22 03:10:11 MDT 2025
# SharedData Build 6139179 on Tue May 20 17:58:58 MDT 2025
# Start of session at: Mon Nov 10 08:59:24 2025
# Process ID         : 795500
# Current directory  : /home/xmen/Desktop/SystolicCore
# Command line       : vivado vivado/SystolicCore/SystolicCore.xpr
# Log file           : /home/xmen/Desktop/SystolicCore/vivado.log
# Journal file       : /home/xmen/Desktop/SystolicCore/vivado.jou
# Running On         : VT0144
# Platform           : Rocky
# Operating System   : Rocky Linux release 8.10 (Green Obsidian)
# Processor Detail   : Intel(R) Core(TM) i9-14900F
# CPU Frequency      : 2000.000 MHz
# CPU Physical cores : 24
# CPU Logical cores  : 32
# Host memory        : 67075 MB
# Swap memory        : 14727 MB
# Total Virtual      : 81802 MB
# Available Virtual  : 64144 MB
#-----------------------------------------------------------
start_gui
WARNING: [Board 49-26] cannot add Board Part iwavesystems.com:iw-g35m-19eg-4e008g-e016g-bia:part0:1.0 available at /home/xmen/.Xilinx/Vivado/2025.1/xhub/board_store/xilinx_board_store/XilinxBoardStore/Vivado/2025.1/boards/iWave/iW-G35M-19EG-4E008G-E016G-BIA/1.0/1.B/board.xml as part xczu19eg-ffvc1760-1-i specified in board_part file is either invalid or not available
WARNING: [Board 49-26] cannot add Board Part xilinx.com:emb-plus-vpr-4616:part0:1.0 available at /home/xmen/amd/2025.1/data/xhub/boards/XilinxBoardStore/boards/Xilinx/emb-plus-vpr-4616/1.0/board.xml as part xcve2302-sfva784-2mp-e-s specified in board_part file is either invalid or not available
WARNING: [Board 49-26] cannot add Board Part xilinx.com:emb-plus-vpr-4616:part0:1.1 available at /home/xmen/amd/2025.1/data/xhub/boards/XilinxBoardStore/boards/Xilinx/emb-plus-vpr-4616/1.1/board.xml as part xcve2302-sfva784-2mp-e-s specified in board_part file is either invalid or not available
WARNING: [Board 49-26] cannot add Board Part xilinx.com:k24c:part0:1.0 available at /home/xmen/amd/2025.1/data/xhub/boards/XilinxBoardStore/boards/Xilinx/k24c/1.0/board.xml as part xck24-ubva530-2lv-c specified in board_part file is either invalid or not available
WARNING: [Board 49-26] cannot add Board Part xilinx.com:k24c:part0:1.1 available at /home/xmen/amd/2025.1/data/xhub/boards/XilinxBoardStore/boards/Xilinx/k24c/1.1/board.xml as part xck24-ubva530-2lv-c specified in board_part file is either invalid or not available
WARNING: [Board 49-26] cannot add Board Part xilinx.com:k24i:part0:1.0 available at /home/xmen/amd/2025.1/data/xhub/boards/XilinxBoardStore/boards/Xilinx/k24i/1.0/board.xml as part xck24-ubva530-2lvi-i specified in board_part file is either invalid or not available
WARNING: [Board 49-26] cannot add Board Part xilinx.com:k26c:part0:1.2 available at /home/xmen/amd/2025.1/data/xhub/boards/XilinxBoardStore/boards/Xilinx/k26c/1.2/board.xml as part xck26-sfvc784-2lv-c specified in board_part file is either invalid or not available
WARNING: [Board 49-26] cannot add Board Part xilinx.com:k26c:part0:1.3 available at /home/xmen/amd/2025.1/data/xhub/boards/XilinxBoardStore/boards/Xilinx/k26c/1.3/board.xml as part xck26-sfvc784-2lv-c specified in board_part file is either invalid or not available
WARNING: [Board 49-26] cannot add Board Part xilinx.com:k26c:part0:1.4 available at /home/xmen/amd/2025.1/data/xhub/boards/XilinxBoardStore/boards/Xilinx/k26c/1.4/board.xml as part xck26-sfvc784-2lv-c specified in board_part file is either invalid or not available
WARNING: [Board 49-26] cannot add Board Part xilinx.com:k26i:part0:1.2 available at /home/xmen/amd/2025.1/data/xhub/boards/XilinxBoardStore/boards/Xilinx/k26i/1.2/board.xml as part xck26-sfvc784-2lvi-i specified in board_part file is either invalid or not available
WARNING: [Board 49-26] cannot add Board Part xilinx.com:k26i:part0:1.3 available at /home/xmen/amd/2025.1/data/xhub/boards/XilinxBoardStore/boards/Xilinx/k26i/1.3/board.xml as part xck26-sfvc784-2lvi-i specified in board_part file is either invalid or not available
WARNING: [Board 49-26] cannot add Board Part xilinx.com:k26i:part0:1.4 available at /home/xmen/amd/2025.1/data/xhub/boards/XilinxBoardStore/boards/Xilinx/k26i/1.4/board.xml as part xck26-sfvc784-2lvi-i specified in board_part file is either invalid or not available
WARNING: [Board 49-26] cannot add Board Part xilinx.com:kcu105:part0:1.6 available at /home/xmen/amd/2025.1/data/xhub/boards/XilinxBoardStore/boards/Xilinx/kcu105/1.6/board.xml as part xcku040-ffva1156-2-e specified in board_part file is either invalid or not available
WARNING: [Board 49-26] cannot add Board Part xilinx.com:kcu105:part0:1.7 available at /home/xmen/amd/2025.1/data/xhub/boards/XilinxBoardStore/boards/Xilinx/kcu105/1.7/board.xml as part xcku040-ffva1156-2-e specified in board_part file is either invalid or not available
WARNING: [Board 49-26] cannot add Board Part xilinx.com:kcu116:part0:1.4 available at /home/xmen/amd/2025.1/data/xhub/boards/XilinxBoardStore/boards/Xilinx/kcu116/1.4/board.xml as part xcku5p-ffvb676-2-e specified in board_part file is either invalid or not available
WARNING: [Board 49-26] cannot add Board Part xilinx.com:kcu116:part0:1.5 available at /home/xmen/amd/2025.1/data/xhub/boards/XilinxBoardStore/boards/Xilinx/kcu116/1.5/board.xml as part xcku5p-ffvb676-2-e specified in board_part file is either invalid or not available
WARNING: [Board 49-26] cannot add Board Part xilinx.com:kcu1500:part0:1.2 available at /home/xmen/amd/2025.1/data/xhub/boards/XilinxBoardStore/boards/Xilinx/kcu1500/1.2/board.xml as part xcku115-flvb2104-2-e specified in board_part file is either invalid or not available
WARNING: [Board 49-26] cannot add Board Part xilinx.com:kd240_som:part0:1.0 available at /home/xmen/amd/2025.1/data/xhub/boards/XilinxBoardStore/boards/Xilinx/kd240_som/1.0/board.xml as part xck24-ubva530-2lv-c specified in board_part file is either invalid or not available
WARNING: [Board 49-26] cannot add Board Part xilinx.com:kd240_som:part0:1.1 available at /home/xmen/amd/2025.1/data/xhub/boards/XilinxBoardStore/boards/Xilinx/kd240_som/1.1/board.xml as part xck24-ubva530-2lv-c specified in board_part file is either invalid or not available
WARNING: [Board 49-26] cannot add Board Part xilinx.com:kr260_som:part0:1.0 available at /home/xmen/amd/2025.1/data/xhub/boards/XilinxBoardStore/boards/Xilinx/kr260_som/1.0/board.xml as part xck26-sfvc784-2lv-c specified in board_part file is either invalid or not available
WARNING: [Board 49-26] cannot add Board Part xilinx.com:kr260_som:part0:1.1 available at /home/xmen/amd/2025.1/data/xhub/boards/XilinxBoardStore/boards/Xilinx/kr260_som/1.1/board.xml as part xck26-sfvc784-2lv-c specified in board_part file is either invalid or not available
WARNING: [Board 49-26] cannot add Board Part xilinx.com:kv260_som:part0:1.2 available at /home/xmen/amd/2025.1/data/xhub/boards/XilinxBoardStore/boards/Xilinx/kv260_som/1.2/board.xml as part xck26-sfvc784-2lv-c specified in board_part file is either invalid or not available
WARNING: [Board 49-26] cannot add Board Part xilinx.com:kv260_som:part0:1.3 available at /home/xmen/amd/2025.1/data/xhub/boards/XilinxBoardStore/boards/Xilinx/kv260_som/1.3/board.xml as part xck26-sfvc784-2lv-c specified in board_part file is either invalid or not available
WARNING: [Board 49-26] cannot add Board Part xilinx.com:kv260_som:part0:1.4 available at /home/xmen/amd/2025.1/data/xhub/boards/XilinxBoardStore/boards/Xilinx/kv260_som/1.4/board.xml as part xck26-sfvc784-2lv-c specified in board_part file is either invalid or not available
WARNING: [Board 49-26] cannot add Board Part xilinx.com:scu35:part0:1.0 available at /home/xmen/amd/2025.1/data/xhub/boards/XilinxBoardStore/boards/Xilinx/scu35/1.0/board.xml as part xcsu35p-sbvb625-2-e specified in board_part file is either invalid or not available
WARNING: [Board 49-26] cannot add Board Part xilinx.com:v80:part0:1.0 available at /home/xmen/amd/2025.1/data/xhub/boards/XilinxBoardStore/boards/Xilinx/v80/1.0/board.xml as part xcv80-lsva4737-2mhp-e-s specified in board_part file is either invalid or not available
WARNING: [Board 49-26] cannot add Board Part xilinx.com:vck190:part0:2.2 available at /home/xmen/amd/2025.1/data/xhub/boards/XilinxBoardStore/boards/Xilinx/vck190/production/2.2/board.xml as part xcvc1902-vsva2197-2mp-e-s specified in board_part file is either invalid or not available
WARNING: [Board 49-26] cannot add Board Part xilinx.com:vck190:part0:3.0 available at /home/xmen/amd/2025.1/data/xhub/boards/XilinxBoardStore/boards/Xilinx/vck190/production/3.0/board.xml as part xcvc1902-vsva2197-2mp-e-s specified in board_part file is either invalid or not available
WARNING: [Board 49-26] cannot add Board Part xilinx.com:vck190:part0:3.1 available at /home/xmen/amd/2025.1/data/xhub/boards/XilinxBoardStore/boards/Xilinx/vck190/production/3.1/board.xml as part xcvc1902-vsva2197-2mp-e-s specified in board_part file is either invalid or not available
WARNING: [Board 49-26] cannot add Board Part xilinx.com:vck190:part0:3.2 available at /home/xmen/amd/2025.1/data/xhub/boards/XilinxBoardStore/boards/Xilinx/vck190/production/3.2/board.xml as part xcvc1902-vsva2197-2mp-e-s specified in board_part file is either invalid or not available
WARNING: [Board 49-26] cannot add Board Part xilinx.com:vck190:part0:3.3 available at /home/xmen/amd/2025.1/data/xhub/boards/XilinxBoardStore/boards/Xilinx/vck190/production/3.3/board.xml as part xcvc1902-vsva2197-2mp-e-s specified in board_part file is either invalid or not available
WARNING: [Board 49-26] cannot add Board Part xilinx.com:vck190:part0:3.4 available at /home/xmen/amd/2025.1/data/xhub/boards/XilinxBoardStore/boards/Xilinx/vck190/production/3.4/board.xml as part xcvc1902-vsva2197-2mp-e-s specified in board_part file is either invalid or not available
WARNING: [Board 49-26] cannot add Board Part xilinx.com:vck190_newl:part0:1.0 available at /home/xmen/amd/2025.1/data/xhub/boards/XilinxBoardStore/boards/Xilinx/vck190_newl/production/1.0/board.xml as part xcvc1902-vsva2197-2mp-e-s specified in board_part file is either invalid or not available
WARNING: [Board 49-26] cannot add Board Part xilinx.com:vck190_newl:part0:1.1 available at /home/xmen/amd/2025.1/data/xhub/boards/XilinxBoardStore/boards/Xilinx/vck190_newl/production/1.1/board.xml as part xcvc1902-vsva2197-2mp-e-s specified in board_part file is either invalid or not available
WARNING: [Board 49-26] cannot add Board Part xilinx.com:vck190_newl:part0:1.2 available at /home/xmen/amd/2025.1/data/xhub/boards/XilinxBoardStore/boards/Xilinx/vck190_newl/production/1.2/board.xml as part xcvc1902-vsva2197-2mp-e-s specified in board_part file is either invalid or not available
WARNING: [Board 49-26] cannot add Board Part xilinx.com:vck190_newl:part0:1.3 available at /home/xmen/amd/2025.1/data/xhub/boards/XilinxBoardStore/boards/Xilinx/vck190_newl/production/1.3/board.xml as part xcvc1902-vsva2197-2mp-e-s specified in board_part file is either invalid or not available
WARNING: [Board 49-26] cannot add Board Part xilinx.com:vcu108:part0:1.6 available at /home/xmen/amd/2025.1/data/xhub/boards/XilinxBoardStore/boards/Xilinx/vcu108/1.6/board.xml as part xcvu095-ffva2104-2-e specified in board_part file is either invalid or not available
WARNING: [Board 49-26] cannot add Board Part xilinx.com:vcu108:part0:1.7 available at /home/xmen/amd/2025.1/data/xhub/boards/XilinxBoardStore/boards/Xilinx/vcu108/1.7/board.xml as part xcvu095-ffva2104-2-e specified in board_part file is either invalid or not available
WARNING: [Board 49-26] cannot add Board Part xilinx.com:vcu110:part0:1.4 available at /home/xmen/amd/2025.1/data/xhub/boards/XilinxBoardStore/boards/Xilinx/vcu110/1.4/board.xml as part xcvu190-flgc2104-2-e specified in board_part file is either invalid or not available
WARNING: [Board 49-26] cannot add Board Part xilinx.com:vcu118:part0:2.0 available at /home/xmen/amd/2025.1/data/xhub/boards/XilinxBoardStore/boards/Xilinx/vcu118/2.0/board.xml as part xcvu9p-flga2104-2l-e specified in board_part file is either invalid or not available
WARNING: [Board 49-26] cannot add Board Part xilinx.com:vcu118:part0:2.3 available at /home/xmen/amd/2025.1/data/xhub/boards/XilinxBoardStore/boards/Xilinx/vcu118/2.3/board.xml as part xcvu9p-flga2104-2l-e specified in board_part file is either invalid or not available
WARNING: [Board 49-26] cannot add Board Part xilinx.com:vcu118:part0:2.4 available at /home/xmen/amd/2025.1/data/xhub/boards/XilinxBoardStore/boards/Xilinx/vcu118/2.4/board.xml as part xcvu9p-flga2104-2l-e specified in board_part file is either invalid or not available
WARNING: [Board 49-26] cannot add Board Part xilinx.com:vcu128:part0:1.0 available at /home/xmen/amd/2025.1/data/xhub/boards/XilinxBoardStore/boards/Xilinx/vcu128/production/1.0/board.xml as part xcvu37p-fsvh2892-2l-e specified in board_part file is either invalid or not available
WARNING: [Board 49-26] cannot add Board Part xilinx.com:vcu129:part0:1.0 available at /home/xmen/amd/2025.1/data/xhub/boards/XilinxBoardStore/boards/Xilinx/vcu129/production/1.0/board.xml as part xcvu29p-fsga2577-2l-e specified in board_part file is either invalid or not available
WARNING: [Board 49-26] cannot add Board Part xilinx.com:vcu1525:part0:1.3 available at /home/xmen/amd/2025.1/data/xhub/boards/XilinxBoardStore/boards/Xilinx/vcu1525/1.3/board.xml as part xcvu9p-fsgd2104-2l-e specified in board_part file is either invalid or not available
WARNING: [Board 49-26] cannot add Board Part xilinx.com:vek280:part0:1.0 available at /home/xmen/amd/2025.1/data/xhub/boards/XilinxBoardStore/boards/Xilinx/vek280/production/1.0/board.xml as part xcve2802-vsvh1760-2mp-e-s specified in board_part file is either invalid or not available
WARNING: [Board 49-26] cannot add Board Part xilinx.com:vek280:part0:1.1 available at /home/xmen/amd/2025.1/data/xhub/boards/XilinxBoardStore/boards/Xilinx/vek280/production/1.1/board.xml as part xcve2802-vsvh1760-2mp-e-s specified in board_part file is either invalid or not available
WARNING: [Board 49-26] cannot add Board Part xilinx.com:vek280:part0:1.2 available at /home/xmen/amd/2025.1/data/xhub/boards/XilinxBoardStore/boards/Xilinx/vek280/production/1.2/board.xml as part xcve2802-vsvh1760-2mp-e-s specified in board_part file is either invalid or not available
WARNING: [Board 49-26] cannot add Board Part xilinx.com:vek385:part0:1.0 available at /home/xmen/amd/2025.1/data/xhub/boards/XilinxBoardStore/boards/Xilinx/vek385/1.0/board.xml as part xc2ve3858-ssva2112-2mp-e-s specified in board_part file is either invalid or not available
WARNING: [Board 49-26] cannot add Board Part xilinx.com:vermeo_t1_mpsoc:part0:1.0 available at /home/xmen/amd/2025.1/data/xhub/boards/XilinxBoardStore/boards/Xilinx/vermeo_t1_mpsoc/1.0/board.xml as part xczu19eg-ffvd1760-2l-e specified in board_part file is either invalid or not available
WARNING: [Board 49-26] cannot add Board Part xilinx.com:vermeo_t1_rfsoc:part0:1.0 available at /home/xmen/amd/2025.1/data/xhub/boards/XilinxBoardStore/boards/Xilinx/vermeo_t1_rfsoc/1.0/board.xml as part xczu21dr-ffvd1156-2l-e specified in board_part file is either invalid or not available
WARNING: [Board 49-26] cannot add Board Part xilinx.com:vhk158:part0:1.0 available at /home/xmen/amd/2025.1/data/xhub/boards/XilinxBoardStore/boards/Xilinx/vhk158/production/1.0/board.xml as part xcvh1582-vsva3697-2mp-e-s specified in board_part file is either invalid or not available
WARNING: [Board 49-26] cannot add Board Part xilinx.com:vhk158:part0:1.1 available at /home/xmen/amd/2025.1/data/xhub/boards/XilinxBoardStore/boards/Xilinx/vhk158/production/1.1/board.xml as part xcvh1582-vsva3697-2mp-e-s specified in board_part file is either invalid or not available
WARNING: [Board 49-26] cannot add Board Part xilinx.com:vhk158:part0:1.2 available at /home/xmen/amd/2025.1/data/xhub/boards/XilinxBoardStore/boards/Xilinx/vhk158/production/1.2/board.xml as part xcvh1582-vsva3697-2mp-e-s specified in board_part file is either invalid or not available
WARNING: [Board 49-26] cannot add Board Part xilinx.com:vmk180:part0:2.2 available at /home/xmen/amd/2025.1/data/xhub/boards/XilinxBoardStore/boards/Xilinx/vmk180/production/2.2/board.xml as part xcvm1802-vsva2197-2mp-e-s specified in board_part file is either invalid or not available
WARNING: [Board 49-26] cannot add Board Part xilinx.com:vmk180:part0:3.0 available at /home/xmen/amd/2025.1/data/xhub/boards/XilinxBoardStore/boards/Xilinx/vmk180/production/3.0/board.xml as part xcvm1802-vsva2197-2mp-e-s specified in board_part file is either invalid or not available
WARNING: [Board 49-26] cannot add Board Part xilinx.com:vmk180:part0:3.1 available at /home/xmen/amd/2025.1/data/xhub/boards/XilinxBoardStore/boards/Xilinx/vmk180/production/3.1/board.xml as part xcvm1802-vsva2197-2mp-e-s specified in board_part file is either invalid or not available
WARNING: [Board 49-26] cannot add Board Part xilinx.com:vmk180:part0:3.2 available at /home/xmen/amd/2025.1/data/xhub/boards/XilinxBoardStore/boards/Xilinx/vmk180/production/3.2/board.xml as part xcvm1802-vsva2197-2mp-e-s specified in board_part file is either invalid or not available
WARNING: [Board 49-26] cannot add Board Part xilinx.com:vmk180:part0:3.3 available at /home/xmen/amd/2025.1/data/xhub/boards/XilinxBoardStore/boards/Xilinx/vmk180/production/3.3/board.xml as part xcvm1802-vsva2197-2mp-e-s specified in board_part file is either invalid or not available
WARNING: [Board 49-26] cannot add Board Part xilinx.com:vmk180_newl:part0:1.0 available at /home/xmen/amd/2025.1/data/xhub/boards/XilinxBoardStore/boards/Xilinx/vmk180_newl/production/1.0/board.xml as part xcvm1802-vsva2197-2mp-e-s specified in board_part file is either invalid or not available
WARNING: [Board 49-26] cannot add Board Part xilinx.com:vmk180_newl:part0:1.1 available at /home/xmen/amd/2025.1/data/xhub/boards/XilinxBoardStore/boards/Xilinx/vmk180_newl/production/1.1/board.xml as part xcvm1802-vsva2197-2mp-e-s specified in board_part file is either invalid or not available
WARNING: [Board 49-26] cannot add Board Part xilinx.com:vpk120:part0:1.0 available at /home/xmen/amd/2025.1/data/xhub/boards/XilinxBoardStore/boards/Xilinx/vpk120/production/1.0/board.xml as part xcvp1202-vsva2785-2mp-e-s specified in board_part file is either invalid or not available
WARNING: [Board 49-26] cannot add Board Part xilinx.com:vpk120:part0:1.1 available at /home/xmen/amd/2025.1/data/xhub/boards/XilinxBoardStore/boards/Xilinx/vpk120/production/1.1/board.xml as part xcvp1202-vsva2785-2mp-e-s specified in board_part file is either invalid or not available
WARNING: [Board 49-26] cannot add Board Part xilinx.com:vpk120:part0:1.2 available at /home/xmen/amd/2025.1/data/xhub/boards/XilinxBoardStore/boards/Xilinx/vpk120/production/1.2/board.xml as part xcvp1202-vsva2785-2mp-e-s specified in board_part file is either invalid or not available
WARNING: [Board 49-26] cannot add Board Part xilinx.com:vpk180:part0:1.0 available at /home/xmen/amd/2025.1/data/xhub/boards/XilinxBoardStore/boards/Xilinx/vpk180/production/1.0/board.xml as part xcvp1802-lsvc4072-2mp-e-s specified in board_part file is either invalid or not available
WARNING: [Board 49-26] cannot add Board Part xilinx.com:vpk180:part0:1.1 available at /home/xmen/amd/2025.1/data/xhub/boards/XilinxBoardStore/boards/Xilinx/vpk180/production/1.1/board.xml as part xcvp1802-lsvc4072-2mp-e-s specified in board_part file is either invalid or not available
WARNING: [Board 49-26] cannot add Board Part xilinx.com:vpk180:part0:1.2 available at /home/xmen/amd/2025.1/data/xhub/boards/XilinxBoardStore/boards/Xilinx/vpk180/production/1.2/board.xml as part xcvp1802-lsvc4072-2mp-e-s specified in board_part file is either invalid or not available
WARNING: [Board 49-26] cannot add Board Part xilinx.com:zc702:part0:1.4 available at /home/xmen/amd/2025.1/data/xhub/boards/XilinxBoardStore/boards/Xilinx/zc702/1.4/board.xml as part xc7z020clg484-1 specified in board_part file is either invalid or not available
WARNING: [Board 49-26] cannot add Board Part xilinx.com:zc706:part0:1.4 available at /home/xmen/amd/2025.1/data/xhub/boards/XilinxBoardStore/boards/Xilinx/zc706/1.4/board.xml as part xc7z045ffg900-2 specified in board_part file is either invalid or not available
WARNING: [Board 49-26] cannot add Board Part xilinx.com:zcu102:part0:3.3 available at /home/xmen/amd/2025.1/data/xhub/boards/XilinxBoardStore/boards/Xilinx/zcu102/3.3/board.xml as part xczu9eg-ffvb1156-2-e specified in board_part file is either invalid or not available
WARNING: [Board 49-26] cannot add Board Part xilinx.com:zcu102:part0:3.4 available at /home/xmen/amd/2025.1/data/xhub/boards/XilinxBoardStore/boards/Xilinx/zcu102/3.4/board.xml as part xczu9eg-ffvb1156-2-e specified in board_part file is either invalid or not available
WARNING: [Board 49-26] cannot add Board Part xilinx.com:zcu104:part0:1.1 available at /home/xmen/amd/2025.1/data/xhub/boards/XilinxBoardStore/boards/Xilinx/zcu104/1.1/board.xml as part xczu7ev-ffvc1156-2-e specified in board_part file is either invalid or not available
WARNING: [Board 49-26] cannot add Board Part xilinx.com:zcu106:part0:2.4 available at /home/xmen/amd/2025.1/data/xhub/boards/XilinxBoardStore/boards/Xilinx/zcu106/2.4/board.xml as part xczu7ev-ffvc1156-2-e specified in board_part file is either invalid or not available
WARNING: [Board 49-26] cannot add Board Part xilinx.com:zcu106:part0:2.5 available at /home/xmen/amd/2025.1/data/xhub/boards/XilinxBoardStore/boards/Xilinx/zcu106/2.5/board.xml as part xczu7ev-ffvc1156-2-e specified in board_part file is either invalid or not available
WARNING: [Board 49-26] cannot add Board Part xilinx.com:zcu106:part0:2.6 available at /home/xmen/amd/2025.1/data/xhub/boards/XilinxBoardStore/boards/Xilinx/zcu106/2.6/board.xml as part xczu7ev-ffvc1156-2-e specified in board_part file is either invalid or not available
WARNING: [Board 49-26] cannot add Board Part xilinx.com:zcu111:part0:1.2 available at /home/xmen/amd/2025.1/data/xhub/boards/XilinxBoardStore/boards/Xilinx/zcu111/1.2/board.xml as part xczu28dr-ffvg1517-2-e specified in board_part file is either invalid or not available
WARNING: [Board 49-26] cannot add Board Part xilinx.com:zcu111:part0:1.3 available at /home/xmen/amd/2025.1/data/xhub/boards/XilinxBoardStore/boards/Xilinx/zcu111/1.3/board.xml as part xczu28dr-ffvg1517-2-e specified in board_part file is either invalid or not available
WARNING: [Board 49-26] cannot add Board Part xilinx.com:zcu111:part0:1.4 available at /home/xmen/amd/2025.1/data/xhub/boards/XilinxBoardStore/boards/Xilinx/zcu111/1.4/board.xml as part xczu28dr-ffvg1517-2-e specified in board_part file is either invalid or not available
WARNING: [Board 49-26] cannot add Board Part xilinx.com:zcu1275:part0:1.0 available at /home/xmen/amd/2025.1/data/xhub/boards/XilinxBoardStore/boards/Xilinx/zcu1275/1.0/board.xml as part xczu29dr-ffvf1760-2-e specified in board_part file is either invalid or not available
WARNING: [Board 49-26] cannot add Board Part xilinx.com:zcu1285:part0:1.0 available at /home/xmen/amd/2025.1/data/xhub/boards/XilinxBoardStore/boards/Xilinx/zcu1285/1.0/board.xml as part xczu39dr-ffvf1760-2-i specified in board_part file is either invalid or not available
WARNING: [Board 49-26] cannot add Board Part xilinx.com:zcu208:part0:2.0 available at /home/xmen/amd/2025.1/data/xhub/boards/XilinxBoardStore/boards/Xilinx/zcu208/production/2.0/board.xml as part xczu48dr-fsvg1517-2-e specified in board_part file is either invalid or not available
WARNING: [Board 49-26] cannot add Board Part xilinx.com:zcu208ld:part0:2.0 available at /home/xmen/amd/2025.1/data/xhub/boards/XilinxBoardStore/boards/Xilinx/zcu208ld/production/2.0/board.xml as part xczu58dr-fsvg1517-2-i specified in board_part file is either invalid or not available
WARNING: [Board 49-26] cannot add Board Part xilinx.com:zcu216:part0:2.0 available at /home/xmen/amd/2025.1/data/xhub/boards/XilinxBoardStore/boards/Xilinx/zcu216/production/2.0/board.xml as part xczu49dr-ffvf1760-2-e specified in board_part file is either invalid or not available
WARNING: [Board 49-26] cannot add Board Part xilinx.com:zcu216ld:part0:2.0 available at /home/xmen/amd/2025.1/data/xhub/boards/XilinxBoardStore/boards/Xilinx/zcu216ld/production/2.0/board.xml as part xczu59dr-ffvf1760-2-i specified in board_part file is either invalid or not available
WARNING: [Board 49-26] cannot add Board Part xilinx.com:zcu670:part0:2.0 available at /home/xmen/amd/2025.1/data/xhub/boards/XilinxBoardStore/boards/Xilinx/zcu670/2.0/board.xml as part xczu67dr-fsve1156-2-i specified in board_part file is either invalid or not available
WARNING: [Board 49-26] cannot add Board Part xilinx.com:zcu670ld:part0:1.0 available at /home/xmen/amd/2025.1/data/xhub/boards/XilinxBoardStore/boards/Xilinx/zcu670ld/1.0/board.xml as part xczu57dr-fsve1156-2-i specified in board_part file is either invalid or not available
open_project vivado/SystolicCore/SystolicCore.xpr
CRITICAL WARNING: [Project 1-19] Could not find the file '/home/xmen/Desktop/tb_behav.wcfg'.
Scanning sources...
Finished scanning sources
WARNING: [Board 49-26] cannot add Board Part iwavesystems.com:iw-g35m-19eg-4e008g-e016g-bia:part0:1.0 available at /home/xmen/.Xilinx/Vivado/2025.1/xhub/board_store/xilinx_board_store/XilinxBoardStore/Vivado/2025.1/boards/iWave/iW-G35M-19EG-4E008G-E016G-BIA/1.0/1.B/board.xml as part xczu19eg-ffvc1760-1-i specified in board_part file is either invalid or not available
WARNING: [Board 49-26] cannot add Board Part xilinx.com:emb-plus-vpr-4616:part0:1.0 available at /home/xmen/amd/2025.1/data/xhub/boards/XilinxBoardStore/boards/Xilinx/emb-plus-vpr-4616/1.0/board.xml as part xcve2302-sfva784-2mp-e-s specified in board_part file is either invalid or not available
WARNING: [Board 49-26] cannot add Board Part xilinx.com:emb-plus-vpr-4616:part0:1.1 available at /home/xmen/amd/2025.1/data/xhub/boards/XilinxBoardStore/boards/Xilinx/emb-plus-vpr-4616/1.1/board.xml as part xcve2302-sfva784-2mp-e-s specified in board_part file is either invalid or not available
WARNING: [Board 49-26] cannot add Board Part xilinx.com:k24c:part0:1.0 available at /home/xmen/amd/2025.1/data/xhub/boards/XilinxBoardStore/boards/Xilinx/k24c/1.0/board.xml as part xck24-ubva530-2lv-c specified in board_part file is either invalid or not available
WARNING: [Board 49-26] cannot add Board Part xilinx.com:k24c:part0:1.1 available at /home/xmen/amd/2025.1/data/xhub/boards/XilinxBoardStore/boards/Xilinx/k24c/1.1/board.xml as part xck24-ubva530-2lv-c specified in board_part file is either invalid or not available
WARNING: [Board 49-26] cannot add Board Part xilinx.com:k24i:part0:1.0 available at /home/xmen/amd/2025.1/data/xhub/boards/XilinxBoardStore/boards/Xilinx/k24i/1.0/board.xml as part xck24-ubva530-2lvi-i specified in board_part file is either invalid or not available
WARNING: [Board 49-26] cannot add Board Part xilinx.com:k26c:part0:1.2 available at /home/xmen/amd/2025.1/data/xhub/boards/XilinxBoardStore/boards/Xilinx/k26c/1.2/board.xml as part xck26-sfvc784-2lv-c specified in board_part file is either invalid or not available
WARNING: [Board 49-26] cannot add Board Part xilinx.com:k26c:part0:1.3 available at /home/xmen/amd/2025.1/data/xhub/boards/XilinxBoardStore/boards/Xilinx/k26c/1.3/board.xml as part xck26-sfvc784-2lv-c specified in board_part file is either invalid or not available
WARNING: [Board 49-26] cannot add Board Part xilinx.com:k26c:part0:1.4 available at /home/xmen/amd/2025.1/data/xhub/boards/XilinxBoardStore/boards/Xilinx/k26c/1.4/board.xml as part xck26-sfvc784-2lv-c specified in board_part file is either invalid or not available
WARNING: [Board 49-26] cannot add Board Part xilinx.com:k26i:part0:1.2 available at /home/xmen/amd/2025.1/data/xhub/boards/XilinxBoardStore/boards/Xilinx/k26i/1.2/board.xml as part xck26-sfvc784-2lvi-i specified in board_part file is either invalid or not available
WARNING: [Board 49-26] cannot add Board Part xilinx.com:k26i:part0:1.3 available at /home/xmen/amd/2025.1/data/xhub/boards/XilinxBoardStore/boards/Xilinx/k26i/1.3/board.xml as part xck26-sfvc784-2lvi-i specified in board_part file is either invalid or not available
WARNING: [Board 49-26] cannot add Board Part xilinx.com:k26i:part0:1.4 available at /home/xmen/amd/2025.1/data/xhub/boards/XilinxBoardStore/boards/Xilinx/k26i/1.4/board.xml as part xck26-sfvc784-2lvi-i specified in board_part file is either invalid or not available
WARNING: [Board 49-26] cannot add Board Part xilinx.com:kcu105:part0:1.6 available at /home/xmen/amd/2025.1/data/xhub/boards/XilinxBoardStore/boards/Xilinx/kcu105/1.6/board.xml as part xcku040-ffva1156-2-e specified in board_part file is either invalid or not available
WARNING: [Board 49-26] cannot add Board Part xilinx.com:kcu105:part0:1.7 available at /home/xmen/amd/2025.1/data/xhub/boards/XilinxBoardStore/boards/Xilinx/kcu105/1.7/board.xml as part xcku040-ffva1156-2-e specified in board_part file is either invalid or not available
WARNING: [Board 49-26] cannot add Board Part xilinx.com:kcu116:part0:1.4 available at /home/xmen/amd/2025.1/data/xhub/boards/XilinxBoardStore/boards/Xilinx/kcu116/1.4/board.xml as part xcku5p-ffvb676-2-e specified in board_part file is either invalid or not available
WARNING: [Board 49-26] cannot add Board Part xilinx.com:kcu116:part0:1.5 available at /home/xmen/amd/2025.1/data/xhub/boards/XilinxBoardStore/boards/Xilinx/kcu116/1.5/board.xml as part xcku5p-ffvb676-2-e specified in board_part file is either invalid or not available
WARNING: [Board 49-26] cannot add Board Part xilinx.com:kcu1500:part0:1.2 available at /home/xmen/amd/2025.1/data/xhub/boards/XilinxBoardStore/boards/Xilinx/kcu1500/1.2/board.xml as part xcku115-flvb2104-2-e specified in board_part file is either invalid or not available
WARNING: [Board 49-26] cannot add Board Part xilinx.com:kd240_som:part0:1.0 available at /home/xmen/amd/2025.1/data/xhub/boards/XilinxBoardStore/boards/Xilinx/kd240_som/1.0/board.xml as part xck24-ubva530-2lv-c specified in board_part file is either invalid or not available
WARNING: [Board 49-26] cannot add Board Part xilinx.com:kd240_som:part0:1.1 available at /home/xmen/amd/2025.1/data/xhub/boards/XilinxBoardStore/boards/Xilinx/kd240_som/1.1/board.xml as part xck24-ubva530-2lv-c specified in board_part file is either invalid or not available
WARNING: [Board 49-26] cannot add Board Part xilinx.com:kr260_som:part0:1.0 available at /home/xmen/amd/2025.1/data/xhub/boards/XilinxBoardStore/boards/Xilinx/kr260_som/1.0/board.xml as part xck26-sfvc784-2lv-c specified in board_part file is either invalid or not available
WARNING: [Board 49-26] cannot add Board Part xilinx.com:kr260_som:part0:1.1 available at /home/xmen/amd/2025.1/data/xhub/boards/XilinxBoardStore/boards/Xilinx/kr260_som/1.1/board.xml as part xck26-sfvc784-2lv-c specified in board_part file is either invalid or not available
WARNING: [Board 49-26] cannot add Board Part xilinx.com:kv260_som:part0:1.2 available at /home/xmen/amd/2025.1/data/xhub/boards/XilinxBoardStore/boards/Xilinx/kv260_som/1.2/board.xml as part xck26-sfvc784-2lv-c specified in board_part file is either invalid or not available
WARNING: [Board 49-26] cannot add Board Part xilinx.com:kv260_som:part0:1.3 available at /home/xmen/amd/2025.1/data/xhub/boards/XilinxBoardStore/boards/Xilinx/kv260_som/1.3/board.xml as part xck26-sfvc784-2lv-c specified in board_part file is either invalid or not available
WARNING: [Board 49-26] cannot add Board Part xilinx.com:kv260_som:part0:1.4 available at /home/xmen/amd/2025.1/data/xhub/boards/XilinxBoardStore/boards/Xilinx/kv260_som/1.4/board.xml as part xck26-sfvc784-2lv-c specified in board_part file is either invalid or not available
WARNING: [Board 49-26] cannot add Board Part xilinx.com:scu35:part0:1.0 available at /home/xmen/amd/2025.1/data/xhub/boards/XilinxBoardStore/boards/Xilinx/scu35/1.0/board.xml as part xcsu35p-sbvb625-2-e specified in board_part file is either invalid or not available
WARNING: [Board 49-26] cannot add Board Part xilinx.com:v80:part0:1.0 available at /home/xmen/amd/2025.1/data/xhub/boards/XilinxBoardStore/boards/Xilinx/v80/1.0/board.xml as part xcv80-lsva4737-2mhp-e-s specified in board_part file is either invalid or not available
WARNING: [Board 49-26] cannot add Board Part xilinx.com:vck190:part0:2.2 available at /home/xmen/amd/2025.1/data/xhub/boards/XilinxBoardStore/boards/Xilinx/vck190/production/2.2/board.xml as part xcvc1902-vsva2197-2mp-e-s specified in board_part file is either invalid or not available
WARNING: [Board 49-26] cannot add Board Part xilinx.com:vck190:part0:3.0 available at /home/xmen/amd/2025.1/data/xhub/boards/XilinxBoardStore/boards/Xilinx/vck190/production/3.0/board.xml as part xcvc1902-vsva2197-2mp-e-s specified in board_part file is either invalid or not available
WARNING: [Board 49-26] cannot add Board Part xilinx.com:vck190:part0:3.1 available at /home/xmen/amd/2025.1/data/xhub/boards/XilinxBoardStore/boards/Xilinx/vck190/production/3.1/board.xml as part xcvc1902-vsva2197-2mp-e-s specified in board_part file is either invalid or not available
WARNING: [Board 49-26] cannot add Board Part xilinx.com:vck190:part0:3.2 available at /home/xmen/amd/2025.1/data/xhub/boards/XilinxBoardStore/boards/Xilinx/vck190/production/3.2/board.xml as part xcvc1902-vsva2197-2mp-e-s specified in board_part file is either invalid or not available
WARNING: [Board 49-26] cannot add Board Part xilinx.com:vck190:part0:3.3 available at /home/xmen/amd/2025.1/data/xhub/boards/XilinxBoardStore/boards/Xilinx/vck190/production/3.3/board.xml as part xcvc1902-vsva2197-2mp-e-s specified in board_part file is either invalid or not available
WARNING: [Board 49-26] cannot add Board Part xilinx.com:vck190:part0:3.4 available at /home/xmen/amd/2025.1/data/xhub/boards/XilinxBoardStore/boards/Xilinx/vck190/production/3.4/board.xml as part xcvc1902-vsva2197-2mp-e-s specified in board_part file is either invalid or not available
WARNING: [Board 49-26] cannot add Board Part xilinx.com:vck190_newl:part0:1.0 available at /home/xmen/amd/2025.1/data/xhub/boards/XilinxBoardStore/boards/Xilinx/vck190_newl/production/1.0/board.xml as part xcvc1902-vsva2197-2mp-e-s specified in board_part file is either invalid or not available
WARNING: [Board 49-26] cannot add Board Part xilinx.com:vck190_newl:part0:1.1 available at /home/xmen/amd/2025.1/data/xhub/boards/XilinxBoardStore/boards/Xilinx/vck190_newl/production/1.1/board.xml as part xcvc1902-vsva2197-2mp-e-s specified in board_part file is either invalid or not available
WARNING: [Board 49-26] cannot add Board Part xilinx.com:vck190_newl:part0:1.2 available at /home/xmen/amd/2025.1/data/xhub/boards/XilinxBoardStore/boards/Xilinx/vck190_newl/production/1.2/board.xml as part xcvc1902-vsva2197-2mp-e-s specified in board_part file is either invalid or not available
WARNING: [Board 49-26] cannot add Board Part xilinx.com:vck190_newl:part0:1.3 available at /home/xmen/amd/2025.1/data/xhub/boards/XilinxBoardStore/boards/Xilinx/vck190_newl/production/1.3/board.xml as part xcvc1902-vsva2197-2mp-e-s specified in board_part file is either invalid or not available
WARNING: [Board 49-26] cannot add Board Part xilinx.com:vcu108:part0:1.6 available at /home/xmen/amd/2025.1/data/xhub/boards/XilinxBoardStore/boards/Xilinx/vcu108/1.6/board.xml as part xcvu095-ffva2104-2-e specified in board_part file is either invalid or not available
WARNING: [Board 49-26] cannot add Board Part xilinx.com:vcu108:part0:1.7 available at /home/xmen/amd/2025.1/data/xhub/boards/XilinxBoardStore/boards/Xilinx/vcu108/1.7/board.xml as part xcvu095-ffva2104-2-e specified in board_part file is either invalid or not available
WARNING: [Board 49-26] cannot add Board Part xilinx.com:vcu110:part0:1.4 available at /home/xmen/amd/2025.1/data/xhub/boards/XilinxBoardStore/boards/Xilinx/vcu110/1.4/board.xml as part xcvu190-flgc2104-2-e specified in board_part file is either invalid or not available
WARNING: [Board 49-26] cannot add Board Part xilinx.com:vcu118:part0:2.0 available at /home/xmen/amd/2025.1/data/xhub/boards/XilinxBoardStore/boards/Xilinx/vcu118/2.0/board.xml as part xcvu9p-flga2104-2l-e specified in board_part file is either invalid or not available
WARNING: [Board 49-26] cannot add Board Part xilinx.com:vcu118:part0:2.3 available at /home/xmen/amd/2025.1/data/xhub/boards/XilinxBoardStore/boards/Xilinx/vcu118/2.3/board.xml as part xcvu9p-flga2104-2l-e specified in board_part file is either invalid or not available
WARNING: [Board 49-26] cannot add Board Part xilinx.com:vcu118:part0:2.4 available at /home/xmen/amd/2025.1/data/xhub/boards/XilinxBoardStore/boards/Xilinx/vcu118/2.4/board.xml as part xcvu9p-flga2104-2l-e specified in board_part file is either invalid or not available
WARNING: [Board 49-26] cannot add Board Part xilinx.com:vcu128:part0:1.0 available at /home/xmen/amd/2025.1/data/xhub/boards/XilinxBoardStore/boards/Xilinx/vcu128/production/1.0/board.xml as part xcvu37p-fsvh2892-2l-e specified in board_part file is either invalid or not available
WARNING: [Board 49-26] cannot add Board Part xilinx.com:vcu129:part0:1.0 available at /home/xmen/amd/2025.1/data/xhub/boards/XilinxBoardStore/boards/Xilinx/vcu129/production/1.0/board.xml as part xcvu29p-fsga2577-2l-e specified in board_part file is either invalid or not available
WARNING: [Board 49-26] cannot add Board Part xilinx.com:vcu1525:part0:1.3 available at /home/xmen/amd/2025.1/data/xhub/boards/XilinxBoardStore/boards/Xilinx/vcu1525/1.3/board.xml as part xcvu9p-fsgd2104-2l-e specified in board_part file is either invalid or not available
WARNING: [Board 49-26] cannot add Board Part xilinx.com:vek280:part0:1.0 available at /home/xmen/amd/2025.1/data/xhub/boards/XilinxBoardStore/boards/Xilinx/vek280/production/1.0/board.xml as part xcve2802-vsvh1760-2mp-e-s specified in board_part file is either invalid or not available
WARNING: [Board 49-26] cannot add Board Part xilinx.com:vek280:part0:1.1 available at /home/xmen/amd/2025.1/data/xhub/boards/XilinxBoardStore/boards/Xilinx/vek280/production/1.1/board.xml as part xcve2802-vsvh1760-2mp-e-s specified in board_part file is either invalid or not available
WARNING: [Board 49-26] cannot add Board Part xilinx.com:vek280:part0:1.2 available at /home/xmen/amd/2025.1/data/xhub/boards/XilinxBoardStore/boards/Xilinx/vek280/production/1.2/board.xml as part xcve2802-vsvh1760-2mp-e-s specified in board_part file is either invalid or not available
WARNING: [Board 49-26] cannot add Board Part xilinx.com:vek385:part0:1.0 available at /home/xmen/amd/2025.1/data/xhub/boards/XilinxBoardStore/boards/Xilinx/vek385/1.0/board.xml as part xc2ve3858-ssva2112-2mp-e-s specified in board_part file is either invalid or not available
WARNING: [Board 49-26] cannot add Board Part xilinx.com:vermeo_t1_mpsoc:part0:1.0 available at /home/xmen/amd/2025.1/data/xhub/boards/XilinxBoardStore/boards/Xilinx/vermeo_t1_mpsoc/1.0/board.xml as part xczu19eg-ffvd1760-2l-e specified in board_part file is either invalid or not available
WARNING: [Board 49-26] cannot add Board Part xilinx.com:vermeo_t1_rfsoc:part0:1.0 available at /home/xmen/amd/2025.1/data/xhub/boards/XilinxBoardStore/boards/Xilinx/vermeo_t1_rfsoc/1.0/board.xml as part xczu21dr-ffvd1156-2l-e specified in board_part file is either invalid or not available
WARNING: [Board 49-26] cannot add Board Part xilinx.com:vhk158:part0:1.0 available at /home/xmen/amd/2025.1/data/xhub/boards/XilinxBoardStore/boards/Xilinx/vhk158/production/1.0/board.xml as part xcvh1582-vsva3697-2mp-e-s specified in board_part file is either invalid or not available
WARNING: [Board 49-26] cannot add Board Part xilinx.com:vhk158:part0:1.1 available at /home/xmen/amd/2025.1/data/xhub/boards/XilinxBoardStore/boards/Xilinx/vhk158/production/1.1/board.xml as part xcvh1582-vsva3697-2mp-e-s specified in board_part file is either invalid or not available
WARNING: [Board 49-26] cannot add Board Part xilinx.com:vhk158:part0:1.2 available at /home/xmen/amd/2025.1/data/xhub/boards/XilinxBoardStore/boards/Xilinx/vhk158/production/1.2/board.xml as part xcvh1582-vsva3697-2mp-e-s specified in board_part file is either invalid or not available
WARNING: [Board 49-26] cannot add Board Part xilinx.com:vmk180:part0:2.2 available at /home/xmen/amd/2025.1/data/xhub/boards/XilinxBoardStore/boards/Xilinx/vmk180/production/2.2/board.xml as part xcvm1802-vsva2197-2mp-e-s specified in board_part file is either invalid or not available
WARNING: [Board 49-26] cannot add Board Part xilinx.com:vmk180:part0:3.0 available at /home/xmen/amd/2025.1/data/xhub/boards/XilinxBoardStore/boards/Xilinx/vmk180/production/3.0/board.xml as part xcvm1802-vsva2197-2mp-e-s specified in board_part file is either invalid or not available
WARNING: [Board 49-26] cannot add Board Part xilinx.com:vmk180:part0:3.1 available at /home/xmen/amd/2025.1/data/xhub/boards/XilinxBoardStore/boards/Xilinx/vmk180/production/3.1/board.xml as part xcvm1802-vsva2197-2mp-e-s specified in board_part file is either invalid or not available
WARNING: [Board 49-26] cannot add Board Part xilinx.com:vmk180:part0:3.2 available at /home/xmen/amd/2025.1/data/xhub/boards/XilinxBoardStore/boards/Xilinx/vmk180/production/3.2/board.xml as part xcvm1802-vsva2197-2mp-e-s specified in board_part file is either invalid or not available
WARNING: [Board 49-26] cannot add Board Part xilinx.com:vmk180:part0:3.3 available at /home/xmen/amd/2025.1/data/xhub/boards/XilinxBoardStore/boards/Xilinx/vmk180/production/3.3/board.xml as part xcvm1802-vsva2197-2mp-e-s specified in board_part file is either invalid or not available
WARNING: [Board 49-26] cannot add Board Part xilinx.com:vmk180_newl:part0:1.0 available at /home/xmen/amd/2025.1/data/xhub/boards/XilinxBoardStore/boards/Xilinx/vmk180_newl/production/1.0/board.xml as part xcvm1802-vsva2197-2mp-e-s specified in board_part file is either invalid or not available
WARNING: [Board 49-26] cannot add Board Part xilinx.com:vmk180_newl:part0:1.1 available at /home/xmen/amd/2025.1/data/xhub/boards/XilinxBoardStore/boards/Xilinx/vmk180_newl/production/1.1/board.xml as part xcvm1802-vsva2197-2mp-e-s specified in board_part file is either invalid or not available
WARNING: [Board 49-26] cannot add Board Part xilinx.com:vpk120:part0:1.0 available at /home/xmen/amd/2025.1/data/xhub/boards/XilinxBoardStore/boards/Xilinx/vpk120/production/1.0/board.xml as part xcvp1202-vsva2785-2mp-e-s specified in board_part file is either invalid or not available
WARNING: [Board 49-26] cannot add Board Part xilinx.com:vpk120:part0:1.1 available at /home/xmen/amd/2025.1/data/xhub/boards/XilinxBoardStore/boards/Xilinx/vpk120/production/1.1/board.xml as part xcvp1202-vsva2785-2mp-e-s specified in board_part file is either invalid or not available
WARNING: [Board 49-26] cannot add Board Part xilinx.com:vpk120:part0:1.2 available at /home/xmen/amd/2025.1/data/xhub/boards/XilinxBoardStore/boards/Xilinx/vpk120/production/1.2/board.xml as part xcvp1202-vsva2785-2mp-e-s specified in board_part file is either invalid or not available
WARNING: [Board 49-26] cannot add Board Part xilinx.com:vpk180:part0:1.0 available at /home/xmen/amd/2025.1/data/xhub/boards/XilinxBoardStore/boards/Xilinx/vpk180/production/1.0/board.xml as part xcvp1802-lsvc4072-2mp-e-s specified in board_part file is either invalid or not available
WARNING: [Board 49-26] cannot add Board Part xilinx.com:vpk180:part0:1.1 available at /home/xmen/amd/2025.1/data/xhub/boards/XilinxBoardStore/boards/Xilinx/vpk180/production/1.1/board.xml as part xcvp1802-lsvc4072-2mp-e-s specified in board_part file is either invalid or not available
WARNING: [Board 49-26] cannot add Board Part xilinx.com:vpk180:part0:1.2 available at /home/xmen/amd/2025.1/data/xhub/boards/XilinxBoardStore/boards/Xilinx/vpk180/production/1.2/board.xml as part xcvp1802-lsvc4072-2mp-e-s specified in board_part file is either invalid or not available
WARNING: [Board 49-26] cannot add Board Part xilinx.com:zc702:part0:1.4 available at /home/xmen/amd/2025.1/data/xhub/boards/XilinxBoardStore/boards/Xilinx/zc702/1.4/board.xml as part xc7z020clg484-1 specified in board_part file is either invalid or not available
WARNING: [Board 49-26] cannot add Board Part xilinx.com:zc706:part0:1.4 available at /home/xmen/amd/2025.1/data/xhub/boards/XilinxBoardStore/boards/Xilinx/zc706/1.4/board.xml as part xc7z045ffg900-2 specified in board_part file is either invalid or not available
WARNING: [Board 49-26] cannot add Board Part xilinx.com:zcu102:part0:3.3 available at /home/xmen/amd/2025.1/data/xhub/boards/XilinxBoardStore/boards/Xilinx/zcu102/3.3/board.xml as part xczu9eg-ffvb1156-2-e specified in board_part file is either invalid or not available
WARNING: [Board 49-26] cannot add Board Part xilinx.com:zcu102:part0:3.4 available at /home/xmen/amd/2025.1/data/xhub/boards/XilinxBoardStore/boards/Xilinx/zcu102/3.4/board.xml as part xczu9eg-ffvb1156-2-e specified in board_part file is either invalid or not available
WARNING: [Board 49-26] cannot add Board Part xilinx.com:zcu104:part0:1.1 available at /home/xmen/amd/2025.1/data/xhub/boards/XilinxBoardStore/boards/Xilinx/zcu104/1.1/board.xml as part xczu7ev-ffvc1156-2-e specified in board_part file is either invalid or not available
WARNING: [Board 49-26] cannot add Board Part xilinx.com:zcu106:part0:2.4 available at /home/xmen/amd/2025.1/data/xhub/boards/XilinxBoardStore/boards/Xilinx/zcu106/2.4/board.xml as part xczu7ev-ffvc1156-2-e specified in board_part file is either invalid or not available
WARNING: [Board 49-26] cannot add Board Part xilinx.com:zcu106:part0:2.5 available at /home/xmen/amd/2025.1/data/xhub/boards/XilinxBoardStore/boards/Xilinx/zcu106/2.5/board.xml as part xczu7ev-ffvc1156-2-e specified in board_part file is either invalid or not available
WARNING: [Board 49-26] cannot add Board Part xilinx.com:zcu106:part0:2.6 available at /home/xmen/amd/2025.1/data/xhub/boards/XilinxBoardStore/boards/Xilinx/zcu106/2.6/board.xml as part xczu7ev-ffvc1156-2-e specified in board_part file is either invalid or not available
WARNING: [Board 49-26] cannot add Board Part xilinx.com:zcu111:part0:1.2 available at /home/xmen/amd/2025.1/data/xhub/boards/XilinxBoardStore/boards/Xilinx/zcu111/1.2/board.xml as part xczu28dr-ffvg1517-2-e specified in board_part file is either invalid or not available
WARNING: [Board 49-26] cannot add Board Part xilinx.com:zcu111:part0:1.3 available at /home/xmen/amd/2025.1/data/xhub/boards/XilinxBoardStore/boards/Xilinx/zcu111/1.3/board.xml as part xczu28dr-ffvg1517-2-e specified in board_part file is either invalid or not available
WARNING: [Board 49-26] cannot add Board Part xilinx.com:zcu111:part0:1.4 available at /home/xmen/amd/2025.1/data/xhub/boards/XilinxBoardStore/boards/Xilinx/zcu111/1.4/board.xml as part xczu28dr-ffvg1517-2-e specified in board_part file is either invalid or not available
WARNING: [Board 49-26] cannot add Board Part xilinx.com:zcu1275:part0:1.0 available at /home/xmen/amd/2025.1/data/xhub/boards/XilinxBoardStore/boards/Xilinx/zcu1275/1.0/board.xml as part xczu29dr-ffvf1760-2-e specified in board_part file is either invalid or not available
WARNING: [Board 49-26] cannot add Board Part xilinx.com:zcu1285:part0:1.0 available at /home/xmen/amd/2025.1/data/xhub/boards/XilinxBoardStore/boards/Xilinx/zcu1285/1.0/board.xml as part xczu39dr-ffvf1760-2-i specified in board_part file is either invalid or not available
WARNING: [Board 49-26] cannot add Board Part xilinx.com:zcu208:part0:2.0 available at /home/xmen/amd/2025.1/data/xhub/boards/XilinxBoardStore/boards/Xilinx/zcu208/production/2.0/board.xml as part xczu48dr-fsvg1517-2-e specified in board_part file is either invalid or not available
WARNING: [Board 49-26] cannot add Board Part xilinx.com:zcu208ld:part0:2.0 available at /home/xmen/amd/2025.1/data/xhub/boards/XilinxBoardStore/boards/Xilinx/zcu208ld/production/2.0/board.xml as part xczu58dr-fsvg1517-2-i specified in board_part file is either invalid or not available
WARNING: [Board 49-26] cannot add Board Part xilinx.com:zcu216:part0:2.0 available at /home/xmen/amd/2025.1/data/xhub/boards/XilinxBoardStore/boards/Xilinx/zcu216/production/2.0/board.xml as part xczu49dr-ffvf1760-2-e specified in board_part file is either invalid or not available
WARNING: [Board 49-26] cannot add Board Part xilinx.com:zcu216ld:part0:2.0 available at /home/xmen/amd/2025.1/data/xhub/boards/XilinxBoardStore/boards/Xilinx/zcu216ld/production/2.0/board.xml as part xczu59dr-ffvf1760-2-i specified in board_part file is either invalid or not available
WARNING: [Board 49-26] cannot add Board Part xilinx.com:zcu670:part0:2.0 available at /home/xmen/amd/2025.1/data/xhub/boards/XilinxBoardStore/boards/Xilinx/zcu670/2.0/board.xml as part xczu67dr-fsve1156-2-i specified in board_part file is either invalid or not available
WARNING: [Board 49-26] cannot add Board Part xilinx.com:zcu670ld:part0:1.0 available at /home/xmen/amd/2025.1/data/xhub/boards/XilinxBoardStore/boards/Xilinx/zcu670ld/1.0/board.xml as part xczu57dr-fsve1156-2-i specified in board_part file is either invalid or not available
WARNING: [Project 1-5713] Board part '' set for the project  is not found. BoardPart property will be unset. Please select board from latest repo build 
INFO: [IP_Flow 19-234] Refreshing IP repositories
INFO: [IP_Flow 19-1704] No user IP repositories specified
INFO: [IP_Flow 19-2313] Loaded Vivado IP repository '/home/xmen/amd/2025.1/Vivado/data/ip'.
WARNING: [IP_Flow 19-4067] Ignoring invalid widget type specified checkbox.Providing a default widget
WARNING: [IP_Flow 19-4067] Ignoring invalid widget type specified checkbox.Providing a default widget
set_property -dict [list \
  CONFIG.Write_Depth_A {127} \
  CONFIG.Write_Width_A {64} \
] [get_ips ram_single_port]
WARNING: [filemgmt 56-199] Attempt to get parsing info during refresh. "On-the-fly" syntax checking information may be incorrect. [/home/xmen/Desktop/SystolicCore/rtl/Arty7_top_sim.sv:]
WARNING: [filemgmt 56-199] Attempt to get parsing info during refresh. "On-the-fly" syntax checking information may be incorrect. [/home/xmen/Desktop/SystolicCore/tb/tb_fpga.sv:]
WARNING: [filemgmt 56-199] Attempt to get parsing info during refresh. "On-the-fly" syntax checking information may be incorrect. [/home/xmen/Desktop/SystolicCore/rtl/Arty7_top_sim.sv:]
WARNING: [filemgmt 56-199] Attempt to get parsing info during refresh. "On-the-fly" syntax checking information may be incorrect. [/home/xmen/Desktop/SystolicCore/rtl/Arty7_top_sim.sv:]
generate_target all [get_files  /home/xmen/Desktop/SystolicCore/vivado/SystolicCore/SystolicCore.srcs/sources_1/ip/ram_single_port/ram_single_port.xci]
INFO: [IP_Flow 19-1686] Generating 'Instantiation Template' target for IP 'ram_single_port'...
INFO: [IP_Flow 19-1686] Generating 'Synthesis' target for IP 'ram_single_port'...
INFO: [IP_Flow 19-1686] Generating 'Simulation' target for IP 'ram_single_port'...
INFO: [IP_Flow 19-1686] Generating 'Miscellaneous' target for IP 'ram_single_port'...
INFO: [IP_Flow 19-1686] Generating 'Change Log' target for IP 'ram_single_port'...
catch { config_ip_cache -export [get_ips -all ram_single_port] }
INFO: [IP_Flow 19-4993] Using cached IP synthesis design for IP ram_single_port, cache-ID = 998546606ed2f34f; cache size = 19.729 MB.
catch { [ delete_ip_run [get_ips -all ram_single_port] ] }
INFO: [Project 1-386] Moving file '/home/xmen/Desktop/SystolicCore/vivado/SystolicCore/SystolicCore.srcs/sources_1/ip/ram_single_port/ram_single_port.xci' from fileset 'ram_single_port' to fileset 'sources_1'.
export_ip_user_files -of_objects [get_files /home/xmen/Desktop/SystolicCore/vivado/SystolicCore/SystolicCore.srcs/sources_1/ip/ram_single_port/ram_single_port.xci] -no_script -sync -force -quiet
create_ip_run [get_files -of_objects [get_fileset sources_1] /home/xmen/Desktop/SystolicCore/vivado/SystolicCore/SystolicCore.srcs/sources_1/ip/ram_single_port/ram_single_port.xci]
INFO: [Vivado 12-3453] The given sub-design is up-to-date, no action was taken.  If a run is still desired, use the '-force' option for the file:'/home/xmen/Desktop/SystolicCore/vivado/SystolicCore/SystolicCore.srcs/sources_1/ip/ram_single_port/ram_single_port.xci'
export_simulation -lib_map_path [list {modelsim=/home/xmen/Desktop/SystolicCore/vivado/SystolicCore/SystolicCore.cache/compile_simlib/modelsim} {questa=/home/xmen/Desktop/SystolicCore/vivado/SystolicCore/SystolicCore.cache/compile_simlib/questa} {xcelium=/home/xmen/Desktop/SystolicCore/vivado/SystolicCore/SystolicCore.cache/compile_simlib/xcelium} {vcs=/home/xmen/Desktop/SystolicCore/vivado/SystolicCore/SystolicCore.cache/compile_simlib/vcs} {riviera=/home/xmen/Desktop/SystolicCore/vivado/SystolicCore/SystolicCore.cache/compile_simlib/riviera}] -of_objects [get_files /home/xmen/Desktop/SystolicCore/vivado/SystolicCore/SystolicCore.srcs/sources_1/ip/ram_single_port/ram_single_port.xci] -directory /home/xmen/Desktop/SystolicCore/vivado/SystolicCore/SystolicCore.ip_user_files/sim_scripts -ip_user_files_dir /home/xmen/Desktop/SystolicCore/vivado/SystolicCore/SystolicCore.ip_user_files -ipstatic_source_dir /home/xmen/Desktop/SystolicCore/vivado/SystolicCore/SystolicCore.ip_user_files/ipstatic -use_ip_compiled_libs -force -quiet
WARNING: [filemgmt 56-199] Attempt to get parsing info during refresh. "On-the-fly" syntax checking information may be incorrect. [/home/xmen/Desktop/SystolicCore/rtl/Arty7_top_sim.sv:]
WARNING: [filemgmt 56-199] Attempt to get parsing info during refresh. "On-the-fly" syntax checking information may be incorrect. [/home/xmen/Desktop/SystolicCore/tb/tb_fpga.sv:]
WARNING: [filemgmt 56-199] Attempt to get parsing info during refresh. "On-the-fly" syntax checking information may be incorrect. [/home/xmen/Desktop/SystolicCore/rtl/Arty7_top_sim.sv:]
WARNING: [filemgmt 56-199] Attempt to get parsing info during refresh. "On-the-fly" syntax checking information may be incorrect. [/home/xmen/Desktop/SystolicCore/rtl/Arty7_top_sim.sv:]
reset_run synth_1
INFO: [Project 1-1161] Replacing file /home/xmen/Desktop/SystolicCore/vivado/SystolicCore/SystolicCore.srcs/utils_1/imports/synth_1/Arty7_top_sim.dcp with file /home/xmen/Desktop/SystolicCore/vivado/SystolicCore/SystolicCore.runs/synth_1/Arty7_top_sim.dcp
launch_runs synth_1 -jobs 32
INFO: [Vivado 12-4149] The synthesis checkpoint for IP '/home/xmen/Desktop/SystolicCore/vivado/SystolicCore/SystolicCore.srcs/sources_1/ip/ram_single_port/ram_single_port.xci' is already up-to-date
[Mon Nov 10 09:00:58 2025] Launched synth_1...
Run output will be captured here: /home/xmen/Desktop/SystolicCore/vivado/SystolicCore/SystolicCore.runs/synth_1/runme.log
WARNING: [filemgmt 56-199] Attempt to get parsing info during refresh. "On-the-fly" syntax checking information may be incorrect. [/home/xmen/Desktop/SystolicCore/rtl/Arty7_top_sim.sv:]
WARNING: [filemgmt 56-199] Attempt to get parsing info during refresh. "On-the-fly" syntax checking information may be incorrect. [/home/xmen/Desktop/SystolicCore/tb/tb_fpga.sv:]
WARNING: [filemgmt 56-199] Attempt to get parsing info during refresh. "On-the-fly" syntax checking information may be incorrect. [/home/xmen/Desktop/SystolicCore/rtl/Arty7_top_sim.sv:]
WARNING: [filemgmt 56-199] Attempt to get parsing info during refresh. "On-the-fly" syntax checking information may be incorrect. [/home/xmen/Desktop/SystolicCore/rtl/Arty7_top_sim.sv:]
reset_run synth_1
WARNING: [filemgmt 56-199] Attempt to get parsing info during refresh. "On-the-fly" syntax checking information may be incorrect. [/home/xmen/Desktop/SystolicCore/rtl/Arty7_top_sim.sv:]
WARNING: [filemgmt 56-199] Attempt to get parsing info during refresh. "On-the-fly" syntax checking information may be incorrect. [/home/xmen/Desktop/SystolicCore/tb/tb_fpga.sv:]
WARNING: [filemgmt 56-199] Attempt to get parsing info during refresh. "On-the-fly" syntax checking information may be incorrect. [/home/xmen/Desktop/SystolicCore/rtl/Arty7_top_sim.sv:]
WARNING: [filemgmt 56-199] Attempt to get parsing info during refresh. "On-the-fly" syntax checking information may be incorrect. [/home/xmen/Desktop/SystolicCore/rtl/Arty7_top_sim.sv:]
launch_runs synth_1 -jobs 32
INFO: [Vivado 12-4149] The synthesis checkpoint for IP '/home/xmen/Desktop/SystolicCore/vivado/SystolicCore/SystolicCore.srcs/sources_1/ip/ram_single_port/ram_single_port.xci' is already up-to-date
[Mon Nov 10 09:01:20 2025] Launched synth_1...
Run output will be captured here: /home/xmen/Desktop/SystolicCore/vivado/SystolicCore/SystolicCore.runs/synth_1/runme.log
reset_run synth_1
launch_runs impl_1 -to_step write_bitstream -jobs 32
INFO: [Vivado 12-4149] The synthesis checkpoint for IP '/home/xmen/Desktop/SystolicCore/vivado/SystolicCore/SystolicCore.srcs/sources_1/ip/ram_single_port/ram_single_port.xci' is already up-to-date
[Mon Nov 10 09:04:34 2025] Launched synth_1...
Run output will be captured here: /home/xmen/Desktop/SystolicCore/vivado/SystolicCore/SystolicCore.runs/synth_1/runme.log
[Mon Nov 10 09:04:34 2025] Launched impl_1...
Run output will be captured here: /home/xmen/Desktop/SystolicCore/vivado/SystolicCore/SystolicCore.runs/impl_1/runme.log
reset_run synth_1
WARNING: [IP_Flow 19-4067] Ignoring invalid widget type specified checkbox.Providing a default widget
WARNING: [IP_Flow 19-4067] Ignoring invalid widget type specified checkbox.Providing a default widget
set_property -dict [list \
  CONFIG.Write_Depth_A {255} \
  CONFIG.Write_Width_A {128} \
] [get_ips ram_single_port]
WARNING: [filemgmt 56-199] Attempt to get parsing info during refresh. "On-the-fly" syntax checking information may be incorrect. [/home/xmen/Desktop/SystolicCore/rtl/Arty7_top_sim.sv:]
WARNING: [filemgmt 56-199] Attempt to get parsing info during refresh. "On-the-fly" syntax checking information may be incorrect. [/home/xmen/Desktop/SystolicCore/tb/tb_fpga.sv:]
WARNING: [filemgmt 56-199] Attempt to get parsing info during refresh. "On-the-fly" syntax checking information may be incorrect. [/home/xmen/Desktop/SystolicCore/rtl/Arty7_top_sim.sv:]
WARNING: [filemgmt 56-199] Attempt to get parsing info during refresh. "On-the-fly" syntax checking information may be incorrect. [/home/xmen/Desktop/SystolicCore/rtl/Arty7_top_sim.sv:]
generate_target all [get_files  /home/xmen/Desktop/SystolicCore/vivado/SystolicCore/SystolicCore.srcs/sources_1/ip/ram_single_port/ram_single_port.xci]
INFO: [IP_Flow 19-1686] Generating 'Instantiation Template' target for IP 'ram_single_port'...
INFO: [IP_Flow 19-1686] Generating 'Synthesis' target for IP 'ram_single_port'...
INFO: [IP_Flow 19-1686] Generating 'Simulation' target for IP 'ram_single_port'...
INFO: [IP_Flow 19-1686] Generating 'Miscellaneous' target for IP 'ram_single_port'...
INFO: [IP_Flow 19-1686] Generating 'Change Log' target for IP 'ram_single_port'...
catch { config_ip_cache -export [get_ips -all ram_single_port] }
export_ip_user_files -of_objects [get_files /home/xmen/Desktop/SystolicCore/vivado/SystolicCore/SystolicCore.srcs/sources_1/ip/ram_single_port/ram_single_port.xci] -no_script -sync -force -quiet
create_ip_run [get_files -of_objects [get_fileset sources_1] /home/xmen/Desktop/SystolicCore/vivado/SystolicCore/SystolicCore.srcs/sources_1/ip/ram_single_port/ram_single_port.xci]
launch_runs ram_single_port_synth_1 -jobs 32
[Mon Nov 10 09:05:40 2025] Launched ram_single_port_synth_1...
Run output will be captured here: /home/xmen/Desktop/SystolicCore/vivado/SystolicCore/SystolicCore.runs/ram_single_port_synth_1/runme.log
export_simulation -lib_map_path [list {modelsim=/home/xmen/Desktop/SystolicCore/vivado/SystolicCore/SystolicCore.cache/compile_simlib/modelsim} {questa=/home/xmen/Desktop/SystolicCore/vivado/SystolicCore/SystolicCore.cache/compile_simlib/questa} {xcelium=/home/xmen/Desktop/SystolicCore/vivado/SystolicCore/SystolicCore.cache/compile_simlib/xcelium} {vcs=/home/xmen/Desktop/SystolicCore/vivado/SystolicCore/SystolicCore.cache/compile_simlib/vcs} {riviera=/home/xmen/Desktop/SystolicCore/vivado/SystolicCore/SystolicCore.cache/compile_simlib/riviera}] -of_objects [get_files /home/xmen/Desktop/SystolicCore/vivado/SystolicCore/SystolicCore.srcs/sources_1/ip/ram_single_port/ram_single_port.xci] -directory /home/xmen/Desktop/SystolicCore/vivado/SystolicCore/SystolicCore.ip_user_files/sim_scripts -ip_user_files_dir /home/xmen/Desktop/SystolicCore/vivado/SystolicCore/SystolicCore.ip_user_files -ipstatic_source_dir /home/xmen/Desktop/SystolicCore/vivado/SystolicCore/SystolicCore.ip_user_files/ipstatic -use_ip_compiled_libs -force -quiet
WARNING: [filemgmt 56-199] Attempt to get parsing info during refresh. "On-the-fly" syntax checking information may be incorrect. [/home/xmen/Desktop/SystolicCore/rtl/Arty7_top_sim.sv:]
WARNING: [filemgmt 56-199] Attempt to get parsing info during refresh. "On-the-fly" syntax checking information may be incorrect. [/home/xmen/Desktop/SystolicCore/tb/tb_fpga.sv:]
WARNING: [filemgmt 56-199] Attempt to get parsing info during refresh. "On-the-fly" syntax checking information may be incorrect. [/home/xmen/Desktop/SystolicCore/rtl/Arty7_top_sim.sv:]
WARNING: [filemgmt 56-199] Attempt to get parsing info during refresh. "On-the-fly" syntax checking information may be incorrect. [/home/xmen/Desktop/SystolicCore/rtl/Arty7_top_sim.sv:]
launch_runs synth_1 -jobs 32
[Mon Nov 10 09:08:02 2025] Launched synth_1...
Run output will be captured here: /home/xmen/Desktop/SystolicCore/vivado/SystolicCore/SystolicCore.runs/synth_1/runme.log
open_run synth_1 -name synth_1
Design is defaulting to impl run constrset: constrs_1
Design is defaulting to synth run part: xc7a100tcsg324-3
INFO: [Device 21-403] Loading part xc7a100tcsg324-3
INFO: [Project 1-5699] Read binary netlist with skipMacroContent - 1
INFO: [Project 1-454] Reading design checkpoint '/home/xmen/Desktop/SystolicCore/vivado/SystolicCore/SystolicCore.gen/sources_1/ip/ram_single_port/ram_single_port.dcp' for cell 'SystolicCore0/serial2mem_opA/mem'
Netlist sorting complete. Time (s): cpu = 00:00:01 ; elapsed = 00:00:01 . Memory (MB): peak = 11605.812 ; gain = 0.000 ; free physical = 19762 ; free virtual = 55318
INFO: [Netlist 29-17] Analyzing 91377 Unisim elements for replacement
INFO: [Netlist 29-28] Unisim Transformation completed in 0 CPU seconds
INFO: [Project 1-479] Netlist was created with Vivado 2025.1
INFO: [Project 1-570] Preparing netlist for logic optimization
Parsing XDC File [/home/xmen/ARTYA7/XilinxDesignConstraint/Arty-A7-100-Master.xdc]
WARNING: [Vivado 12-584] No ports matched 'sw[0]'. [/home/xmen/ARTYA7/XilinxDesignConstraint/Arty-A7-100-Master.xdc:2]
CRITICAL WARNING: [Common 17-55] 'set_property' expects at least one object. [/home/xmen/ARTYA7/XilinxDesignConstraint/Arty-A7-100-Master.xdc:2]
Resolution: If [get_<value>] was used to populate the object, check to make sure this command returns at least one valid object.
WARNING: [Vivado 12-584] No ports matched 'sw[1]'. [/home/xmen/ARTYA7/XilinxDesignConstraint/Arty-A7-100-Master.xdc:3]
CRITICAL WARNING: [Common 17-55] 'set_property' expects at least one object. [/home/xmen/ARTYA7/XilinxDesignConstraint/Arty-A7-100-Master.xdc:3]
Resolution: If [get_<value>] was used to populate the object, check to make sure this command returns at least one valid object.
WARNING: [Vivado 12-584] No ports matched 'sw[2]'. [/home/xmen/ARTYA7/XilinxDesignConstraint/Arty-A7-100-Master.xdc:4]
CRITICAL WARNING: [Common 17-55] 'set_property' expects at least one object. [/home/xmen/ARTYA7/XilinxDesignConstraint/Arty-A7-100-Master.xdc:4]
Resolution: If [get_<value>] was used to populate the object, check to make sure this command returns at least one valid object.
WARNING: [Vivado 12-584] No ports matched 'sw[3]'. [/home/xmen/ARTYA7/XilinxDesignConstraint/Arty-A7-100-Master.xdc:5]
CRITICAL WARNING: [Common 17-55] 'set_property' expects at least one object. [/home/xmen/ARTYA7/XilinxDesignConstraint/Arty-A7-100-Master.xdc:5]
Resolution: If [get_<value>] was used to populate the object, check to make sure this command returns at least one valid object.
WARNING: [Vivado 12-584] No ports matched 'led0RGB[0]'. [/home/xmen/ARTYA7/XilinxDesignConstraint/Arty-A7-100-Master.xdc:6]
CRITICAL WARNING: [Common 17-55] 'set_property' expects at least one object. [/home/xmen/ARTYA7/XilinxDesignConstraint/Arty-A7-100-Master.xdc:6]
Resolution: If [get_<value>] was used to populate the object, check to make sure this command returns at least one valid object.
WARNING: [Vivado 12-584] No ports matched 'led0RGB[1]'. [/home/xmen/ARTYA7/XilinxDesignConstraint/Arty-A7-100-Master.xdc:7]
CRITICAL WARNING: [Common 17-55] 'set_property' expects at least one object. [/home/xmen/ARTYA7/XilinxDesignConstraint/Arty-A7-100-Master.xdc:7]
Resolution: If [get_<value>] was used to populate the object, check to make sure this command returns at least one valid object.
WARNING: [Vivado 12-584] No ports matched 'led0RGB[2]'. [/home/xmen/ARTYA7/XilinxDesignConstraint/Arty-A7-100-Master.xdc:8]
CRITICAL WARNING: [Common 17-55] 'set_property' expects at least one object. [/home/xmen/ARTYA7/XilinxDesignConstraint/Arty-A7-100-Master.xdc:8]
Resolution: If [get_<value>] was used to populate the object, check to make sure this command returns at least one valid object.
WARNING: [Vivado 12-584] No ports matched 'led1RGB[0]'. [/home/xmen/ARTYA7/XilinxDesignConstraint/Arty-A7-100-Master.xdc:9]
CRITICAL WARNING: [Common 17-55] 'set_property' expects at least one object. [/home/xmen/ARTYA7/XilinxDesignConstraint/Arty-A7-100-Master.xdc:9]
Resolution: If [get_<value>] was used to populate the object, check to make sure this command returns at least one valid object.
WARNING: [Vivado 12-584] No ports matched 'led1RGB[1]'. [/home/xmen/ARTYA7/XilinxDesignConstraint/Arty-A7-100-Master.xdc:10]
CRITICAL WARNING: [Common 17-55] 'set_property' expects at least one object. [/home/xmen/ARTYA7/XilinxDesignConstraint/Arty-A7-100-Master.xdc:10]
Resolution: If [get_<value>] was used to populate the object, check to make sure this command returns at least one valid object.
WARNING: [Vivado 12-584] No ports matched 'led1RGB[2]'. [/home/xmen/ARTYA7/XilinxDesignConstraint/Arty-A7-100-Master.xdc:11]
CRITICAL WARNING: [Common 17-55] 'set_property' expects at least one object. [/home/xmen/ARTYA7/XilinxDesignConstraint/Arty-A7-100-Master.xdc:11]
Resolution: If [get_<value>] was used to populate the object, check to make sure this command returns at least one valid object.
WARNING: [Vivado 12-584] No ports matched 'led2RGB[0]'. [/home/xmen/ARTYA7/XilinxDesignConstraint/Arty-A7-100-Master.xdc:12]
CRITICAL WARNING: [Common 17-55] 'set_property' expects at least one object. [/home/xmen/ARTYA7/XilinxDesignConstraint/Arty-A7-100-Master.xdc:12]
Resolution: If [get_<value>] was used to populate the object, check to make sure this command returns at least one valid object.
WARNING: [Vivado 12-584] No ports matched 'led2RGB[1]'. [/home/xmen/ARTYA7/XilinxDesignConstraint/Arty-A7-100-Master.xdc:13]
CRITICAL WARNING: [Common 17-55] 'set_property' expects at least one object. [/home/xmen/ARTYA7/XilinxDesignConstraint/Arty-A7-100-Master.xdc:13]
Resolution: If [get_<value>] was used to populate the object, check to make sure this command returns at least one valid object.
WARNING: [Vivado 12-584] No ports matched 'led2RGB[2]'. [/home/xmen/ARTYA7/XilinxDesignConstraint/Arty-A7-100-Master.xdc:14]
CRITICAL WARNING: [Common 17-55] 'set_property' expects at least one object. [/home/xmen/ARTYA7/XilinxDesignConstraint/Arty-A7-100-Master.xdc:14]
Resolution: If [get_<value>] was used to populate the object, check to make sure this command returns at least one valid object.
WARNING: [Vivado 12-584] No ports matched 'led3RGB[0]'. [/home/xmen/ARTYA7/XilinxDesignConstraint/Arty-A7-100-Master.xdc:15]
CRITICAL WARNING: [Common 17-55] 'set_property' expects at least one object. [/home/xmen/ARTYA7/XilinxDesignConstraint/Arty-A7-100-Master.xdc:15]
Resolution: If [get_<value>] was used to populate the object, check to make sure this command returns at least one valid object.
WARNING: [Vivado 12-584] No ports matched 'led3RGB[1]'. [/home/xmen/ARTYA7/XilinxDesignConstraint/Arty-A7-100-Master.xdc:16]
CRITICAL WARNING: [Common 17-55] 'set_property' expects at least one object. [/home/xmen/ARTYA7/XilinxDesignConstraint/Arty-A7-100-Master.xdc:16]
Resolution: If [get_<value>] was used to populate the object, check to make sure this command returns at least one valid object.
WARNING: [Vivado 12-584] No ports matched 'led3RGB[2]'. [/home/xmen/ARTYA7/XilinxDesignConstraint/Arty-A7-100-Master.xdc:17]
CRITICAL WARNING: [Common 17-55] 'set_property' expects at least one object. [/home/xmen/ARTYA7/XilinxDesignConstraint/Arty-A7-100-Master.xdc:17]
Resolution: If [get_<value>] was used to populate the object, check to make sure this command returns at least one valid object.
WARNING: [Vivado 12-584] No ports matched 'led[0]'. [/home/xmen/ARTYA7/XilinxDesignConstraint/Arty-A7-100-Master.xdc:18]
CRITICAL WARNING: [Common 17-55] 'set_property' expects at least one object. [/home/xmen/ARTYA7/XilinxDesignConstraint/Arty-A7-100-Master.xdc:18]
Resolution: If [get_<value>] was used to populate the object, check to make sure this command returns at least one valid object.
WARNING: [Vivado 12-584] No ports matched 'led[1]'. [/home/xmen/ARTYA7/XilinxDesignConstraint/Arty-A7-100-Master.xdc:19]
CRITICAL WARNING: [Common 17-55] 'set_property' expects at least one object. [/home/xmen/ARTYA7/XilinxDesignConstraint/Arty-A7-100-Master.xdc:19]
Resolution: If [get_<value>] was used to populate the object, check to make sure this command returns at least one valid object.
WARNING: [Vivado 12-584] No ports matched 'led[2]'. [/home/xmen/ARTYA7/XilinxDesignConstraint/Arty-A7-100-Master.xdc:20]
CRITICAL WARNING: [Common 17-55] 'set_property' expects at least one object. [/home/xmen/ARTYA7/XilinxDesignConstraint/Arty-A7-100-Master.xdc:20]
Resolution: If [get_<value>] was used to populate the object, check to make sure this command returns at least one valid object.
WARNING: [Vivado 12-584] No ports matched 'led[3]'. [/home/xmen/ARTYA7/XilinxDesignConstraint/Arty-A7-100-Master.xdc:21]
CRITICAL WARNING: [Common 17-55] 'set_property' expects at least one object. [/home/xmen/ARTYA7/XilinxDesignConstraint/Arty-A7-100-Master.xdc:21]
Resolution: If [get_<value>] was used to populate the object, check to make sure this command returns at least one valid object.
Finished Parsing XDC File [/home/xmen/ARTYA7/XilinxDesignConstraint/Arty-A7-100-Master.xdc]
INFO: [Opt 31-138] Pushed 0 inverter(s) to 0 load pin(s).
Netlist sorting complete. Time (s): cpu = 00:00:00.07 ; elapsed = 00:00:00.06 . Memory (MB): peak = 12065.168 ; gain = 0.000 ; free physical = 19235 ; free virtual = 54809
INFO: [Project 1-111] Unisim Transformation Summary:
No Unisim elements were transformed.

open_run: Time (s): cpu = 00:00:43 ; elapsed = 00:00:33 . Memory (MB): peak = 12638.164 ; gain = 1767.562 ; free physical = 18640 ; free virtual = 54223
report_utilization -name utilization_1
WARNING: [IP_Flow 19-4067] Ignoring invalid widget type specified checkbox.Providing a default widget
WARNING: [IP_Flow 19-4067] Ignoring invalid widget type specified checkbox.Providing a default widget
launch_runs impl_1 -jobs 32
INFO: [Timing 38-480] Writing timing data to binary archive.
Wrote PlaceDB: Time (s): cpu = 00:00:00 ; elapsed = 00:00:00 . Memory (MB): peak = 13308.238 ; gain = 0.000 ; free physical = 18034 ; free virtual = 53592
Wrote PulsedLatchDB: Time (s): cpu = 00:00:00 ; elapsed = 00:00:00 . Memory (MB): peak = 13308.238 ; gain = 0.000 ; free physical = 18034 ; free virtual = 53592
Writing XDEF routing.
Writing XDEF routing logical nets.
Write ShapeDB Complete: Time (s): cpu = 00:00:02 ; elapsed = 00:00:00.46 . Memory (MB): peak = 13318.246 ; gain = 10.008 ; free physical = 17945 ; free virtual = 53592
Writing XDEF routing special nets.
Wrote RouteStorage: Time (s): cpu = 00:00:03 ; elapsed = 00:00:00.55 . Memory (MB): peak = 13318.246 ; gain = 10.008 ; free physical = 17944 ; free virtual = 53593
Wrote Netlist Cache: Time (s): cpu = 00:00:00 ; elapsed = 00:00:00 . Memory (MB): peak = 13318.246 ; gain = 0.000 ; free physical = 17944 ; free virtual = 53593
Wrote Device Cache: Time (s): cpu = 00:00:00.01 ; elapsed = 00:00:00 . Memory (MB): peak = 13318.246 ; gain = 0.000 ; free physical = 17944 ; free virtual = 53593
Write Physdb Complete: Time (s): cpu = 00:00:03 ; elapsed = 00:00:00.56 . Memory (MB): peak = 13318.246 ; gain = 10.008 ; free physical = 17944 ; free virtual = 53593
[Mon Nov 10 10:16:45 2025] Launched impl_1...
Run output will be captured here: /home/xmen/Desktop/SystolicCore/vivado/SystolicCore/SystolicCore.runs/impl_1/runme.log
launch_runs: Time (s): cpu = 00:00:15 ; elapsed = 00:00:10 . Memory (MB): peak = 13318.246 ; gain = 26.016 ; free physical = 17955 ; free virtual = 53574
reset_run impl_1
launch_runs impl_1 -jobs 32
INFO: [Timing 38-480] Writing timing data to binary archive.
Wrote PlaceDB: Time (s): cpu = 00:00:00 ; elapsed = 00:00:00 . Memory (MB): peak = 13347.266 ; gain = 0.000 ; free physical = 18386 ; free virtual = 53983
Wrote PulsedLatchDB: Time (s): cpu = 00:00:00 ; elapsed = 00:00:00 . Memory (MB): peak = 13347.266 ; gain = 0.000 ; free physical = 18386 ; free virtual = 53983
Writing XDEF routing.
Writing XDEF routing logical nets.
Write ShapeDB Complete: Time (s): cpu = 00:00:02 ; elapsed = 00:00:00.48 . Memory (MB): peak = 13347.266 ; gain = 0.000 ; free physical = 18291 ; free virtual = 53976
Writing XDEF routing special nets.
Wrote RouteStorage: Time (s): cpu = 00:00:02 ; elapsed = 00:00:00.55 . Memory (MB): peak = 13357.273 ; gain = 10.008 ; free physical = 18302 ; free virtual = 53989
Wrote Netlist Cache: Time (s): cpu = 00:00:00 ; elapsed = 00:00:00 . Memory (MB): peak = 13357.273 ; gain = 0.000 ; free physical = 18302 ; free virtual = 53989
Wrote Device Cache: Time (s): cpu = 00:00:00 ; elapsed = 00:00:00 . Memory (MB): peak = 13357.273 ; gain = 0.000 ; free physical = 18302 ; free virtual = 53989
Write Physdb Complete: Time (s): cpu = 00:00:02 ; elapsed = 00:00:00.55 . Memory (MB): peak = 13357.273 ; gain = 10.008 ; free physical = 18302 ; free virtual = 53989
[Mon Nov 10 10:22:31 2025] Launched impl_1...
Run output will be captured here: /home/xmen/Desktop/SystolicCore/vivado/SystolicCore/SystolicCore.runs/impl_1/runme.log
launch_runs: Time (s): cpu = 00:00:15 ; elapsed = 00:00:10 . Memory (MB): peak = 13357.273 ; gain = 18.012 ; free physical = 18098 ; free virtual = 53775
report_utilization -name utilization_2
report_utilization -name utilization_3
WARNING: [IP_Flow 19-4067] Ignoring invalid widget type specified checkbox.Providing a default widget
WARNING: [IP_Flow 19-4067] Ignoring invalid widget type specified checkbox.Providing a default widget
set_property CONFIG.Write_Width_A {512} [get_ips ram_single_port]
WARNING: [filemgmt 56-199] Attempt to get parsing info during refresh. "On-the-fly" syntax checking information may be incorrect. [/home/xmen/Desktop/SystolicCore/rtl/Arty7_top_sim.sv:]
WARNING: [filemgmt 56-199] Attempt to get parsing info during refresh. "On-the-fly" syntax checking information may be incorrect. [/home/xmen/Desktop/SystolicCore/tb/tb_fpga.sv:]
WARNING: [filemgmt 56-199] Attempt to get parsing info during refresh. "On-the-fly" syntax checking information may be incorrect. [/home/xmen/Desktop/SystolicCore/rtl/Arty7_top_sim.sv:]
WARNING: [filemgmt 56-199] Attempt to get parsing info during refresh. "On-the-fly" syntax checking information may be incorrect. [/home/xmen/Desktop/SystolicCore/rtl/Arty7_top_sim.sv:]
generate_target all [get_files  /home/xmen/Desktop/SystolicCore/vivado/SystolicCore/SystolicCore.srcs/sources_1/ip/ram_single_port/ram_single_port.xci]
INFO: [IP_Flow 19-1686] Generating 'Instantiation Template' target for IP 'ram_single_port'...
INFO: [IP_Flow 19-1686] Generating 'Synthesis' target for IP 'ram_single_port'...
INFO: [IP_Flow 19-1686] Generating 'Simulation' target for IP 'ram_single_port'...
INFO: [IP_Flow 19-1686] Generating 'Miscellaneous' target for IP 'ram_single_port'...
INFO: [IP_Flow 19-1686] Generating 'Change Log' target for IP 'ram_single_port'...
catch { config_ip_cache -export [get_ips -all ram_single_port] }
export_ip_user_files -of_objects [get_files /home/xmen/Desktop/SystolicCore/vivado/SystolicCore/SystolicCore.srcs/sources_1/ip/ram_single_port/ram_single_port.xci] -no_script -sync -force -quiet
reset_run ram_single_port_synth_1
launch_runs ram_single_port_synth_1 -jobs 32
[Mon Nov 10 10:35:00 2025] Launched ram_single_port_synth_1...
Run output will be captured here: /home/xmen/Desktop/SystolicCore/vivado/SystolicCore/SystolicCore.runs/ram_single_port_synth_1/runme.log
export_simulation -lib_map_path [list {modelsim=/home/xmen/Desktop/SystolicCore/vivado/SystolicCore/SystolicCore.cache/compile_simlib/modelsim} {questa=/home/xmen/Desktop/SystolicCore/vivado/SystolicCore/SystolicCore.cache/compile_simlib/questa} {xcelium=/home/xmen/Desktop/SystolicCore/vivado/SystolicCore/SystolicCore.cache/compile_simlib/xcelium} {vcs=/home/xmen/Desktop/SystolicCore/vivado/SystolicCore/SystolicCore.cache/compile_simlib/vcs} {riviera=/home/xmen/Desktop/SystolicCore/vivado/SystolicCore/SystolicCore.cache/compile_simlib/riviera}] -of_objects [get_files /home/xmen/Desktop/SystolicCore/vivado/SystolicCore/SystolicCore.srcs/sources_1/ip/ram_single_port/ram_single_port.xci] -directory /home/xmen/Desktop/SystolicCore/vivado/SystolicCore/SystolicCore.ip_user_files/sim_scripts -ip_user_files_dir /home/xmen/Desktop/SystolicCore/vivado/SystolicCore/SystolicCore.ip_user_files -ipstatic_source_dir /home/xmen/Desktop/SystolicCore/vivado/SystolicCore/SystolicCore.ip_user_files/ipstatic -use_ip_compiled_libs -force -quiet
wait_on_run ram_single_port_synth_1
[Mon Nov 10 10:35:03 2025] Waiting for ram_single_port_synth_1 to finish...
[Mon Nov 10 10:35:08 2025] Waiting for ram_single_port_synth_1 to finish...
[Mon Nov 10 10:35:13 2025] Waiting for ram_single_port_synth_1 to finish...
[Mon Nov 10 10:35:18 2025] Waiting for ram_single_port_synth_1 to finish...
[Mon Nov 10 10:35:28 2025] Waiting for ram_single_port_synth_1 to finish...
[Mon Nov 10 10:35:38 2025] Waiting for ram_single_port_synth_1 to finish...

*** Running vivado
    with args -log ram_single_port.vds -m64 -product Vivado -mode batch -messageDb vivado.pb -notrace -source ram_single_port.tcl


****** Vivado v2025.1 (64-bit)
  **** SW Build 6140274 on Wed May 21 22:58:25 MDT 2025
  **** IP Build 6138677 on Thu May 22 03:10:11 MDT 2025
  **** SharedData Build 6139179 on Tue May 20 17:58:58 MDT 2025
  **** Start of session at: Mon Nov 10 10:35:01 2025
    ** Copyright 1986-2022 Xilinx, Inc. All Rights Reserved.
    ** Copyright 2022-2025 Advanced Micro Devices, Inc. All Rights Reserved.

source ram_single_port.tcl -notrace
Command: synth_design -top ram_single_port -part xc7a100tcsg324-3 -incremental_mode off -mode out_of_context
Starting synth_design
Attempting to get a license for feature 'Synthesis' and/or device 'xc7a100t'
INFO: [Common 17-349] Got license for feature 'Synthesis' and/or device 'xc7a100t'
INFO: [Device 21-403] Loading part xc7a100tcsg324-3
INFO: [Synth 8-7079] Multithreading enabled for synth_design using a maximum of 7 processes.
INFO: [Synth 8-7078] Launching helper process for spawning children vivado processes
INFO: [Synth 8-7075] Helper process launched with PID 848297
---------------------------------------------------------------------------------
Starting RTL Elaboration : Time (s): cpu = 00:00:02 ; elapsed = 00:00:02 . Memory (MB): peak = 2339.902 ; gain = 441.711 ; free physical = 16372 ; free virtual = 52257
---------------------------------------------------------------------------------
INFO: [Synth 8-638] synthesizing module 'ram_single_port' [/home/xmen/Desktop/SystolicCore/vivado/SystolicCore/SystolicCore.gen/sources_1/ip/ram_single_port/synth/ram_single_port.vhd:72]
	Parameter C_FAMILY bound to: artix7 - type: string 
	Parameter C_XDEVICEFAMILY bound to: artix7 - type: string 
	Parameter C_ELABORATION_DIR bound to: ./ - type: string 
	Parameter C_INTERFACE_TYPE bound to: 0 - type: integer 
	Parameter C_AXI_TYPE bound to: 1 - type: integer 
	Parameter C_AXI_SLAVE_TYPE bound to: 0 - type: integer 
	Parameter C_USE_BRAM_BLOCK bound to: 0 - type: integer 
	Parameter C_ENABLE_32BIT_ADDRESS bound to: 0 - type: integer 
	Parameter C_CTRL_ECC_ALGO bound to: NONE - type: string 
	Parameter C_HAS_AXI_ID bound to: 0 - type: integer 
	Parameter C_AXI_ID_WIDTH bound to: 4 - type: integer 
	Parameter C_MEM_TYPE bound to: 0 - type: integer 
	Parameter C_BYTE_SIZE bound to: 9 - type: integer 
	Parameter C_ALGORITHM bound to: 1 - type: integer 
	Parameter C_PRIM_TYPE bound to: 1 - type: integer 
	Parameter C_LOAD_INIT_FILE bound to: 0 - type: integer 
	Parameter C_INIT_FILE_NAME bound to: no_coe_file_loaded - type: string 
	Parameter C_INIT_FILE bound to: ram_single_port.mem - type: string 
	Parameter C_USE_DEFAULT_DATA bound to: 0 - type: integer 
	Parameter C_DEFAULT_DATA bound to: 0 - type: string 
	Parameter C_HAS_RSTA bound to: 1 - type: integer 
	Parameter C_RST_PRIORITY_A bound to: CE - type: string 
	Parameter C_RSTRAM_A bound to: 0 - type: integer 
	Parameter C_INITA_VAL bound to: 0 - type: string 
	Parameter C_HAS_ENA bound to: 1 - type: integer 
	Parameter C_HAS_REGCEA bound to: 0 - type: integer 
	Parameter C_USE_BYTE_WEA bound to: 0 - type: integer 
	Parameter C_WEA_WIDTH bound to: 1 - type: integer 
	Parameter C_WRITE_MODE_A bound to: WRITE_FIRST - type: string 
	Parameter C_WRITE_WIDTH_A bound to: 512 - type: integer 
	Parameter C_READ_WIDTH_A bound to: 512 - type: integer 
	Parameter C_WRITE_DEPTH_A bound to: 255 - type: integer 
	Parameter C_READ_DEPTH_A bound to: 255 - type: integer 
	Parameter C_ADDRA_WIDTH bound to: 8 - type: integer 
	Parameter C_HAS_RSTB bound to: 0 - type: integer 
	Parameter C_RST_PRIORITY_B bound to: CE - type: string 
	Parameter C_RSTRAM_B bound to: 0 - type: integer 
	Parameter C_INITB_VAL bound to: 0 - type: string 
	Parameter C_HAS_ENB bound to: 0 - type: integer 
	Parameter C_HAS_REGCEB bound to: 0 - type: integer 
	Parameter C_USE_BYTE_WEB bound to: 0 - type: integer 
	Parameter C_WEB_WIDTH bound to: 1 - type: integer 
	Parameter C_WRITE_MODE_B bound to: WRITE_FIRST - type: string 
	Parameter C_WRITE_WIDTH_B bound to: 512 - type: integer 
	Parameter C_READ_WIDTH_B bound to: 512 - type: integer 
	Parameter C_WRITE_DEPTH_B bound to: 255 - type: integer 
	Parameter C_READ_DEPTH_B bound to: 255 - type: integer 
	Parameter C_ADDRB_WIDTH bound to: 8 - type: integer 
	Parameter C_HAS_MEM_OUTPUT_REGS_A bound to: 0 - type: integer 
	Parameter C_HAS_MEM_OUTPUT_REGS_B bound to: 0 - type: integer 
	Parameter C_HAS_MUX_OUTPUT_REGS_A bound to: 0 - type: integer 
	Parameter C_HAS_MUX_OUTPUT_REGS_B bound to: 0 - type: integer 
	Parameter C_MUX_PIPELINE_STAGES bound to: 0 - type: integer 
	Parameter C_HAS_SOFTECC_INPUT_REGS_A bound to: 0 - type: integer 
	Parameter C_HAS_SOFTECC_OUTPUT_REGS_B bound to: 0 - type: integer 
	Parameter C_USE_SOFTECC bound to: 0 - type: integer 
	Parameter C_USE_ECC bound to: 0 - type: integer 
	Parameter C_EN_ECC_PIPE bound to: 0 - type: integer 
	Parameter C_READ_LATENCY_A bound to: 1 - type: integer 
	Parameter C_READ_LATENCY_B bound to: 1 - type: integer 
	Parameter C_HAS_INJECTERR bound to: 0 - type: integer 
	Parameter C_SIM_COLLISION_CHECK bound to: ALL - type: string 
	Parameter C_COMMON_CLK bound to: 0 - type: integer 
	Parameter C_DISABLE_WARN_BHV_COLL bound to: 0 - type: integer 
	Parameter C_EN_SLEEP_PIN bound to: 0 - type: integer 
	Parameter C_USE_URAM bound to: 0 - type: integer 
	Parameter C_EN_RDADDRA_CHG bound to: 0 - type: integer 
	Parameter C_EN_RDADDRB_CHG bound to: 0 - type: integer 
	Parameter C_EN_DEEPSLEEP_PIN bound to: 0 - type: integer 
	Parameter C_EN_SHUTDOWN_PIN bound to: 0 - type: integer 
	Parameter C_EN_SAFETY_CKT bound to: 1 - type: integer 
	Parameter C_DISABLE_WARN_BHV_RANGE bound to: 0 - type: integer 
	Parameter C_COUNT_36K_BRAM bound to: 7 - type: string 
	Parameter C_COUNT_18K_BRAM bound to: 1 - type: string 
	Parameter C_EST_POWER_SUMMARY bound to: Estimated Power for IP     :     51.594304 mW - type: string 
INFO: [Synth 8-3491] module 'blk_mem_gen_v8_4_11' declared at '/home/xmen/Desktop/SystolicCore/vivado/SystolicCore/SystolicCore.gen/sources_1/ip/ram_single_port/hdl/blk_mem_gen_v8_4_vhsyn_rfs.vhd:195209' bound to instance 'U0' of component 'blk_mem_gen_v8_4_11' [/home/xmen/Desktop/SystolicCore/vivado/SystolicCore/SystolicCore.gen/sources_1/ip/ram_single_port/synth/ram_single_port.vhd:241]
INFO: [Synth 8-256] done synthesizing module 'ram_single_port' (0#1) [/home/xmen/Desktop/SystolicCore/vivado/SystolicCore/SystolicCore.gen/sources_1/ip/ram_single_port/synth/ram_single_port.vhd:72]
WARNING: [Synth 8-7129] Port CLKB in module blk_mem_output_block is either unconnected or has no load
WARNING: [Synth 8-7129] Port DOUTB_I[511] in module blk_mem_output_block is either unconnected or has no load
WARNING: [Synth 8-7129] Port DOUTB_I[510] in module blk_mem_output_block is either unconnected or has no load
WARNING: [Synth 8-7129] Port DOUTB_I[509] in module blk_mem_output_block is either unconnected or has no load
WARNING: [Synth 8-7129] Port DOUTB_I[508] in module blk_mem_output_block is either unconnected or has no load
WARNING: [Synth 8-7129] Port DOUTB_I[507] in module blk_mem_output_block is either unconnected or has no load
WARNING: [Synth 8-7129] Port DOUTB_I[506] in module blk_mem_output_block is either unconnected or has no load
WARNING: [Synth 8-7129] Port DOUTB_I[505] in module blk_mem_output_block is either unconnected or has no load
WARNING: [Synth 8-7129] Port DOUTB_I[504] in module blk_mem_output_block is either unconnected or has no load
WARNING: [Synth 8-7129] Port DOUTB_I[503] in module blk_mem_output_block is either unconnected or has no load
WARNING: [Synth 8-7129] Port DOUTB_I[502] in module blk_mem_output_block is either unconnected or has no load
WARNING: [Synth 8-7129] Port DOUTB_I[501] in module blk_mem_output_block is either unconnected or has no load
WARNING: [Synth 8-7129] Port DOUTB_I[500] in module blk_mem_output_block is either unconnected or has no load
WARNING: [Synth 8-7129] Port DOUTB_I[499] in module blk_mem_output_block is either unconnected or has no load
WARNING: [Synth 8-7129] Port DOUTB_I[498] in module blk_mem_output_block is either unconnected or has no load
WARNING: [Synth 8-7129] Port DOUTB_I[497] in module blk_mem_output_block is either unconnected or has no load
WARNING: [Synth 8-7129] Port DOUTB_I[496] in module blk_mem_output_block is either unconnected or has no load
WARNING: [Synth 8-7129] Port DOUTB_I[495] in module blk_mem_output_block is either unconnected or has no load
WARNING: [Synth 8-7129] Port DOUTB_I[494] in module blk_mem_output_block is either unconnected or has no load
WARNING: [Synth 8-7129] Port DOUTB_I[493] in module blk_mem_output_block is either unconnected or has no load
WARNING: [Synth 8-7129] Port DOUTB_I[492] in module blk_mem_output_block is either unconnected or has no load
WARNING: [Synth 8-7129] Port DOUTB_I[491] in module blk_mem_output_block is either unconnected or has no load
WARNING: [Synth 8-7129] Port DOUTB_I[490] in module blk_mem_output_block is either unconnected or has no load
WARNING: [Synth 8-7129] Port DOUTB_I[489] in module blk_mem_output_block is either unconnected or has no load
WARNING: [Synth 8-7129] Port DOUTB_I[488] in module blk_mem_output_block is either unconnected or has no load
WARNING: [Synth 8-7129] Port DOUTB_I[487] in module blk_mem_output_block is either unconnected or has no load
WARNING: [Synth 8-7129] Port DOUTB_I[486] in module blk_mem_output_block is either unconnected or has no load
WARNING: [Synth 8-7129] Port DOUTB_I[485] in module blk_mem_output_block is either unconnected or has no load
WARNING: [Synth 8-7129] Port DOUTB_I[484] in module blk_mem_output_block is either unconnected or has no load
WARNING: [Synth 8-7129] Port DOUTB_I[483] in module blk_mem_output_block is either unconnected or has no load
WARNING: [Synth 8-7129] Port DOUTB_I[482] in module blk_mem_output_block is either unconnected or has no load
WARNING: [Synth 8-7129] Port DOUTB_I[481] in module blk_mem_output_block is either unconnected or has no load
WARNING: [Synth 8-7129] Port DOUTB_I[480] in module blk_mem_output_block is either unconnected or has no load
WARNING: [Synth 8-7129] Port DOUTB_I[479] in module blk_mem_output_block is either unconnected or has no load
WARNING: [Synth 8-7129] Port DOUTB_I[478] in module blk_mem_output_block is either unconnected or has no load
WARNING: [Synth 8-7129] Port DOUTB_I[477] in module blk_mem_output_block is either unconnected or has no load
WARNING: [Synth 8-7129] Port DOUTB_I[476] in module blk_mem_output_block is either unconnected or has no load
WARNING: [Synth 8-7129] Port DOUTB_I[475] in module blk_mem_output_block is either unconnected or has no load
WARNING: [Synth 8-7129] Port DOUTB_I[474] in module blk_mem_output_block is either unconnected or has no load
WARNING: [Synth 8-7129] Port DOUTB_I[473] in module blk_mem_output_block is either unconnected or has no load
WARNING: [Synth 8-7129] Port DOUTB_I[472] in module blk_mem_output_block is either unconnected or has no load
WARNING: [Synth 8-7129] Port DOUTB_I[471] in module blk_mem_output_block is either unconnected or has no load
WARNING: [Synth 8-7129] Port DOUTB_I[470] in module blk_mem_output_block is either unconnected or has no load
WARNING: [Synth 8-7129] Port DOUTB_I[469] in module blk_mem_output_block is either unconnected or has no load
WARNING: [Synth 8-7129] Port DOUTB_I[468] in module blk_mem_output_block is either unconnected or has no load
WARNING: [Synth 8-7129] Port DOUTB_I[467] in module blk_mem_output_block is either unconnected or has no load
WARNING: [Synth 8-7129] Port DOUTB_I[466] in module blk_mem_output_block is either unconnected or has no load
WARNING: [Synth 8-7129] Port DOUTB_I[465] in module blk_mem_output_block is either unconnected or has no load
WARNING: [Synth 8-7129] Port DOUTB_I[464] in module blk_mem_output_block is either unconnected or has no load
WARNING: [Synth 8-7129] Port DOUTB_I[463] in module blk_mem_output_block is either unconnected or has no load
WARNING: [Synth 8-7129] Port DOUTB_I[462] in module blk_mem_output_block is either unconnected or has no load
WARNING: [Synth 8-7129] Port DOUTB_I[461] in module blk_mem_output_block is either unconnected or has no load
WARNING: [Synth 8-7129] Port DOUTB_I[460] in module blk_mem_output_block is either unconnected or has no load
WARNING: [Synth 8-7129] Port DOUTB_I[459] in module blk_mem_output_block is either unconnected or has no load
WARNING: [Synth 8-7129] Port DOUTB_I[458] in module blk_mem_output_block is either unconnected or has no load
WARNING: [Synth 8-7129] Port DOUTB_I[457] in module blk_mem_output_block is either unconnected or has no load
WARNING: [Synth 8-7129] Port DOUTB_I[456] in module blk_mem_output_block is either unconnected or has no load
WARNING: [Synth 8-7129] Port DOUTB_I[455] in module blk_mem_output_block is either unconnected or has no load
WARNING: [Synth 8-7129] Port DOUTB_I[454] in module blk_mem_output_block is either unconnected or has no load
WARNING: [Synth 8-7129] Port DOUTB_I[453] in module blk_mem_output_block is either unconnected or has no load
WARNING: [Synth 8-7129] Port DOUTB_I[452] in module blk_mem_output_block is either unconnected or has no load
WARNING: [Synth 8-7129] Port DOUTB_I[451] in module blk_mem_output_block is either unconnected or has no load
WARNING: [Synth 8-7129] Port DOUTB_I[450] in module blk_mem_output_block is either unconnected or has no load
WARNING: [Synth 8-7129] Port DOUTB_I[449] in module blk_mem_output_block is either unconnected or has no load
WARNING: [Synth 8-7129] Port DOUTB_I[448] in module blk_mem_output_block is either unconnected or has no load
WARNING: [Synth 8-7129] Port DOUTB_I[447] in module blk_mem_output_block is either unconnected or has no load
WARNING: [Synth 8-7129] Port DOUTB_I[446] in module blk_mem_output_block is either unconnected or has no load
WARNING: [Synth 8-7129] Port DOUTB_I[445] in module blk_mem_output_block is either unconnected or has no load
WARNING: [Synth 8-7129] Port DOUTB_I[444] in module blk_mem_output_block is either unconnected or has no load
WARNING: [Synth 8-7129] Port DOUTB_I[443] in module blk_mem_output_block is either unconnected or has no load
WARNING: [Synth 8-7129] Port DOUTB_I[442] in module blk_mem_output_block is either unconnected or has no load
WARNING: [Synth 8-7129] Port DOUTB_I[441] in module blk_mem_output_block is either unconnected or has no load
WARNING: [Synth 8-7129] Port DOUTB_I[440] in module blk_mem_output_block is either unconnected or has no load
WARNING: [Synth 8-7129] Port DOUTB_I[439] in module blk_mem_output_block is either unconnected or has no load
WARNING: [Synth 8-7129] Port DOUTB_I[438] in module blk_mem_output_block is either unconnected or has no load
WARNING: [Synth 8-7129] Port DOUTB_I[437] in module blk_mem_output_block is either unconnected or has no load
WARNING: [Synth 8-7129] Port DOUTB_I[436] in module blk_mem_output_block is either unconnected or has no load
WARNING: [Synth 8-7129] Port DOUTB_I[435] in module blk_mem_output_block is either unconnected or has no load
WARNING: [Synth 8-7129] Port DOUTB_I[434] in module blk_mem_output_block is either unconnected or has no load
WARNING: [Synth 8-7129] Port DOUTB_I[433] in module blk_mem_output_block is either unconnected or has no load
WARNING: [Synth 8-7129] Port DOUTB_I[432] in module blk_mem_output_block is either unconnected or has no load
WARNING: [Synth 8-7129] Port DOUTB_I[431] in module blk_mem_output_block is either unconnected or has no load
WARNING: [Synth 8-7129] Port DOUTB_I[430] in module blk_mem_output_block is either unconnected or has no load
WARNING: [Synth 8-7129] Port DOUTB_I[429] in module blk_mem_output_block is either unconnected or has no load
WARNING: [Synth 8-7129] Port DOUTB_I[428] in module blk_mem_output_block is either unconnected or has no load
WARNING: [Synth 8-7129] Port DOUTB_I[427] in module blk_mem_output_block is either unconnected or has no load
WARNING: [Synth 8-7129] Port DOUTB_I[426] in module blk_mem_output_block is either unconnected or has no load
WARNING: [Synth 8-7129] Port DOUTB_I[425] in module blk_mem_output_block is either unconnected or has no load
WARNING: [Synth 8-7129] Port DOUTB_I[424] in module blk_mem_output_block is either unconnected or has no load
WARNING: [Synth 8-7129] Port DOUTB_I[423] in module blk_mem_output_block is either unconnected or has no load
WARNING: [Synth 8-7129] Port DOUTB_I[422] in module blk_mem_output_block is either unconnected or has no load
WARNING: [Synth 8-7129] Port DOUTB_I[421] in module blk_mem_output_block is either unconnected or has no load
WARNING: [Synth 8-7129] Port DOUTB_I[420] in module blk_mem_output_block is either unconnected or has no load
WARNING: [Synth 8-7129] Port DOUTB_I[419] in module blk_mem_output_block is either unconnected or has no load
WARNING: [Synth 8-7129] Port DOUTB_I[418] in module blk_mem_output_block is either unconnected or has no load
WARNING: [Synth 8-7129] Port DOUTB_I[417] in module blk_mem_output_block is either unconnected or has no load
WARNING: [Synth 8-7129] Port DOUTB_I[416] in module blk_mem_output_block is either unconnected or has no load
WARNING: [Synth 8-7129] Port DOUTB_I[415] in module blk_mem_output_block is either unconnected or has no load
WARNING: [Synth 8-7129] Port DOUTB_I[414] in module blk_mem_output_block is either unconnected or has no load
WARNING: [Synth 8-7129] Port DOUTB_I[413] in module blk_mem_output_block is either unconnected or has no load
INFO: [Common 17-14] Message 'Synth 8-7129' appears 100 times and further instances of the messages will be disabled. Use the Tcl command set_msg_config to change the current settings.
---------------------------------------------------------------------------------
Finished RTL Elaboration : Time (s): cpu = 00:00:05 ; elapsed = 00:00:06 . Memory (MB): peak = 2631.348 ; gain = 733.156 ; free physical = 16076 ; free virtual = 51960
---------------------------------------------------------------------------------
---------------------------------------------------------------------------------
Start Handling Custom Attributes
---------------------------------------------------------------------------------
---------------------------------------------------------------------------------
Finished Handling Custom Attributes : Time (s): cpu = 00:00:05 ; elapsed = 00:00:06 . Memory (MB): peak = 2631.348 ; gain = 733.156 ; free physical = 16076 ; free virtual = 51960
---------------------------------------------------------------------------------
---------------------------------------------------------------------------------
Finished RTL Optimization Phase 1 : Time (s): cpu = 00:00:05 ; elapsed = 00:00:06 . Memory (MB): peak = 2631.348 ; gain = 733.156 ; free physical = 16076 ; free virtual = 51960
---------------------------------------------------------------------------------
Netlist sorting complete. Time (s): cpu = 00:00:00.02 ; elapsed = 00:00:00.02 . Memory (MB): peak = 2631.348 ; gain = 0.000 ; free physical = 16068 ; free virtual = 51952
INFO: [Netlist 29-17] Analyzing 8 Unisim elements for replacement
INFO: [Netlist 29-28] Unisim Transformation completed in 0 CPU seconds
INFO: [Project 1-570] Preparing netlist for logic optimization

Processing XDC Constraints
Initializing timing engine
Parsing XDC File [/home/xmen/Desktop/SystolicCore/vivado/SystolicCore/SystolicCore.gen/sources_1/ip/ram_single_port/ram_single_port_ooc.xdc] for cell 'U0'
Finished Parsing XDC File [/home/xmen/Desktop/SystolicCore/vivado/SystolicCore/SystolicCore.gen/sources_1/ip/ram_single_port/ram_single_port_ooc.xdc] for cell 'U0'
Parsing XDC File [/home/xmen/Desktop/SystolicCore/vivado/SystolicCore/SystolicCore.runs/ram_single_port_synth_1/dont_touch.xdc]
Finished Parsing XDC File [/home/xmen/Desktop/SystolicCore/vivado/SystolicCore/SystolicCore.runs/ram_single_port_synth_1/dont_touch.xdc]
Completed Processing XDC Constraints

Netlist sorting complete. Time (s): cpu = 00:00:00 ; elapsed = 00:00:00 . Memory (MB): peak = 2671.367 ; gain = 0.000 ; free physical = 16169 ; free virtual = 52029
INFO: [Project 1-111] Unisim Transformation Summary:
No Unisim elements were transformed.

Constraint Validation Runtime : Time (s): cpu = 00:00:00.02 ; elapsed = 00:00:00.01 . Memory (MB): peak = 2671.402 ; gain = 0.000 ; free physical = 16168 ; free virtual = 52028
INFO: [Designutils 20-5008] Incremental synthesis strategy off
---------------------------------------------------------------------------------
Finished Constraint Validation : Time (s): cpu = 00:00:08 ; elapsed = 00:00:09 . Memory (MB): peak = 2671.402 ; gain = 773.211 ; free physical = 16133 ; free virtual = 52010
---------------------------------------------------------------------------------
---------------------------------------------------------------------------------
Start Loading Part and Timing Information
---------------------------------------------------------------------------------
Loading part: xc7a100tcsg324-3
---------------------------------------------------------------------------------
Finished Loading Part and Timing Information : Time (s): cpu = 00:00:08 ; elapsed = 00:00:09 . Memory (MB): peak = 2679.371 ; gain = 781.180 ; free physical = 16132 ; free virtual = 52009
---------------------------------------------------------------------------------
---------------------------------------------------------------------------------
Start Applying 'set_property' XDC Constraints
---------------------------------------------------------------------------------
---------------------------------------------------------------------------------
Finished applying 'set_property' XDC Constraints : Time (s): cpu = 00:00:08 ; elapsed = 00:00:09 . Memory (MB): peak = 2679.371 ; gain = 781.180 ; free physical = 16128 ; free virtual = 52006
---------------------------------------------------------------------------------
---------------------------------------------------------------------------------
Finished RTL Optimization Phase 2 : Time (s): cpu = 00:00:09 ; elapsed = 00:00:09 . Memory (MB): peak = 2679.371 ; gain = 781.180 ; free physical = 16134 ; free virtual = 52012
---------------------------------------------------------------------------------
---------------------------------------------------------------------------------
Start RTL Component Statistics 
---------------------------------------------------------------------------------
Detailed RTL Component Info : 
+---XORs : 
	   2 Input      1 Bit         XORs := 8     
+---Registers : 
	                5 Bit    Registers := 8     
	                1 Bit    Registers := 48    
---------------------------------------------------------------------------------
Finished RTL Component Statistics 
---------------------------------------------------------------------------------
---------------------------------------------------------------------------------
Start Part Resource Summary
---------------------------------------------------------------------------------
Part Resources:
DSPs: 240 (col length:80)
BRAMs: 270 (col length: RAMB18 80 RAMB36 40)
---------------------------------------------------------------------------------
Finished Part Resource Summary
---------------------------------------------------------------------------------
---------------------------------------------------------------------------------
Start Cross Boundary and Area Optimization
---------------------------------------------------------------------------------
WARNING: [Synth 8-7080] Parallel synthesis criteria is not met
---------------------------------------------------------------------------------
Finished Cross Boundary and Area Optimization : Time (s): cpu = 00:00:09 ; elapsed = 00:00:10 . Memory (MB): peak = 2687.379 ; gain = 789.188 ; free physical = 16133 ; free virtual = 52008
---------------------------------------------------------------------------------
---------------------------------------------------------------------------------
Start Applying XDC Timing Constraints
---------------------------------------------------------------------------------
---------------------------------------------------------------------------------
Finished Applying XDC Timing Constraints : Time (s): cpu = 00:00:12 ; elapsed = 00:00:12 . Memory (MB): peak = 2687.379 ; gain = 789.188 ; free physical = 16138 ; free virtual = 52015
---------------------------------------------------------------------------------
---------------------------------------------------------------------------------
Start Timing Optimization
---------------------------------------------------------------------------------
---------------------------------------------------------------------------------
Finished Timing Optimization : Time (s): cpu = 00:00:12 ; elapsed = 00:00:12 . Memory (MB): peak = 2687.379 ; gain = 789.188 ; free physical = 16138 ; free virtual = 52014
---------------------------------------------------------------------------------
---------------------------------------------------------------------------------
Start Technology Mapping
---------------------------------------------------------------------------------
---------------------------------------------------------------------------------
Finished Technology Mapping : Time (s): cpu = 00:00:12 ; elapsed = 00:00:12 . Memory (MB): peak = 2695.387 ; gain = 797.195 ; free physical = 16130 ; free virtual = 52007
---------------------------------------------------------------------------------
---------------------------------------------------------------------------------
Start IO Insertion
---------------------------------------------------------------------------------
---------------------------------------------------------------------------------
Start Flattening Before IO Insertion
---------------------------------------------------------------------------------
---------------------------------------------------------------------------------
Finished Flattening Before IO Insertion
---------------------------------------------------------------------------------
---------------------------------------------------------------------------------
Start Final Netlist Cleanup
---------------------------------------------------------------------------------
---------------------------------------------------------------------------------
Finished Final Netlist Cleanup
---------------------------------------------------------------------------------
---------------------------------------------------------------------------------
Finished IO Insertion : Time (s): cpu = 00:00:13 ; elapsed = 00:00:14 . Memory (MB): peak = 2810.199 ; gain = 912.008 ; free physical = 16028 ; free virtual = 51908
---------------------------------------------------------------------------------
---------------------------------------------------------------------------------
Start Renaming Generated Instances
---------------------------------------------------------------------------------
---------------------------------------------------------------------------------
Finished Renaming Generated Instances : Time (s): cpu = 00:00:13 ; elapsed = 00:00:14 . Memory (MB): peak = 2810.199 ; gain = 912.008 ; free physical = 16028 ; free virtual = 51908
---------------------------------------------------------------------------------
---------------------------------------------------------------------------------
Start Rebuilding User Hierarchy
---------------------------------------------------------------------------------
---------------------------------------------------------------------------------
Finished Rebuilding User Hierarchy : Time (s): cpu = 00:00:13 ; elapsed = 00:00:14 . Memory (MB): peak = 2810.199 ; gain = 912.008 ; free physical = 16025 ; free virtual = 51906
---------------------------------------------------------------------------------
---------------------------------------------------------------------------------
Start Renaming Generated Ports
---------------------------------------------------------------------------------
---------------------------------------------------------------------------------
Finished Renaming Generated Ports : Time (s): cpu = 00:00:13 ; elapsed = 00:00:14 . Memory (MB): peak = 2810.199 ; gain = 912.008 ; free physical = 16025 ; free virtual = 51906
---------------------------------------------------------------------------------
---------------------------------------------------------------------------------
Start Handling Custom Attributes
---------------------------------------------------------------------------------
---------------------------------------------------------------------------------
Finished Handling Custom Attributes : Time (s): cpu = 00:00:13 ; elapsed = 00:00:14 . Memory (MB): peak = 2810.199 ; gain = 912.008 ; free physical = 16025 ; free virtual = 51906
---------------------------------------------------------------------------------
---------------------------------------------------------------------------------
Start Renaming Generated Nets
---------------------------------------------------------------------------------
---------------------------------------------------------------------------------
Finished Renaming Generated Nets : Time (s): cpu = 00:00:13 ; elapsed = 00:00:14 . Memory (MB): peak = 2810.199 ; gain = 912.008 ; free physical = 16025 ; free virtual = 51906
---------------------------------------------------------------------------------
---------------------------------------------------------------------------------
Start ROM, RAM, DSP, Shift Register and Retiming Reporting
---------------------------------------------------------------------------------

Static Shift Register Report:
+--------------------+-----------------------------------------------------------------------------------------------------------------------+--------+-------+--------------+--------------------+-------------------+--------+---------+
|Module Name         | RTL Name                                                                                                              | Length | Width | Reset Signal | Pull out first Reg | Pull out last Reg | SRL16E | SRLC32E | 
+--------------------+-----------------------------------------------------------------------------------------------------------------------+--------+-------+--------------+--------------------+-------------------+--------+---------+
|blk_mem_gen_v8_4_11 | inst_blk_mem_gen/gnbram.gnativebmg.native_blk_mem_gen/valid.cstr/ramloop[7].ram.r/SAFETY_CKT_GEN.RSTA_SHFT_REG_reg[4] | 4      | 1     | NO           | NO                 | YES               | 1      | 0       | 
+--------------------+-----------------------------------------------------------------------------------------------------------------------+--------+-------+--------------+--------------------+-------------------+--------+---------+

---------------------------------------------------------------------------------
Finished ROM, RAM, DSP, Shift Register and Retiming Reporting
---------------------------------------------------------------------------------
---------------------------------------------------------------------------------
Start Writing Synthesis Report
---------------------------------------------------------------------------------

Report BlackBoxes: 
+-+--------------+----------+
| |BlackBox name |Instances |
+-+--------------+----------+
+-+--------------+----------+

Report Cell Usage: 
+------+---------+------+
|      |Cell     |Count |
+------+---------+------+
|1     |LUT2     |     3|
|2     |LUT4     |     1|
|3     |RAMB18E1 |     1|
|4     |RAMB36E1 |     7|
|5     |SRL16E   |     1|
|6     |FDRE     |     6|
+------+---------+------+
---------------------------------------------------------------------------------
Finished Writing Synthesis Report : Time (s): cpu = 00:00:13 ; elapsed = 00:00:14 . Memory (MB): peak = 2810.199 ; gain = 912.008 ; free physical = 16025 ; free virtual = 51906
---------------------------------------------------------------------------------
Synthesis finished with 0 errors, 0 critical warnings and 1154 warnings.
Synthesis Optimization Runtime : Time (s): cpu = 00:00:12 ; elapsed = 00:00:12 . Memory (MB): peak = 2810.199 ; gain = 871.953 ; free physical = 16025 ; free virtual = 51906
Synthesis Optimization Complete : Time (s): cpu = 00:00:13 ; elapsed = 00:00:14 . Memory (MB): peak = 2810.207 ; gain = 912.008 ; free physical = 16025 ; free virtual = 51906
INFO: [Project 1-571] Translating synthesized netlist
Netlist sorting complete. Time (s): cpu = 00:00:00.01 ; elapsed = 00:00:00.01 . Memory (MB): peak = 2810.207 ; gain = 0.000 ; free physical = 16190 ; free virtual = 52070
INFO: [Netlist 29-17] Analyzing 8 Unisim elements for replacement
INFO: [Netlist 29-28] Unisim Transformation completed in 0 CPU seconds
INFO: [Project 1-570] Preparing netlist for logic optimization
INFO: [Opt 31-138] Pushed 0 inverter(s) to 0 load pin(s).
Netlist sorting complete. Time (s): cpu = 00:00:00 ; elapsed = 00:00:00 . Memory (MB): peak = 2810.207 ; gain = 0.000 ; free physical = 16182 ; free virtual = 52063
INFO: [Project 1-111] Unisim Transformation Summary:
No Unisim elements were transformed.

Synth Design complete | Checksum: 8429ec6d
INFO: [Common 17-83] Releasing license: Synthesis
21 Infos, 101 Warnings, 0 Critical Warnings and 0 Errors encountered.
synth_design completed successfully
synth_design: Time (s): cpu = 00:00:16 ; elapsed = 00:00:15 . Memory (MB): peak = 2810.234 ; gain = 1055.285 ; free physical = 16183 ; free virtual = 52064
INFO: [Common 17-2834] synth_design peak Physical Memory [PSS] (MB): overall = 1897.148; main = 1793.130; forked = 280.835
INFO: [Common 17-2834] synth_design peak Virtual Memory [VSS] (MB): overall = 4285.238; main = 2810.203; forked = 1597.855
Write ShapeDB Complete: Time (s): cpu = 00:00:00 ; elapsed = 00:00:00 . Memory (MB): peak = 2834.211 ; gain = 0.000 ; free physical = 16183 ; free virtual = 52064
INFO: [Common 17-1381] The checkpoint '/home/xmen/Desktop/SystolicCore/vivado/SystolicCore/SystolicCore.runs/ram_single_port_synth_1/ram_single_port.dcp' has been generated.
INFO: [Coretcl 2-1648] Added synthesis output to IP cache for IP ram_single_port, cache-ID = ca1fac9ed43b7c35
INFO: [Coretcl 2-1174] Renamed 20 cell refs.
Write ShapeDB Complete: Time (s): cpu = 00:00:00 ; elapsed = 00:00:00 . Memory (MB): peak = 2834.211 ; gain = 0.000 ; free physical = 16182 ; free virtual = 52064
INFO: [Common 17-1381] The checkpoint '/home/xmen/Desktop/SystolicCore/vivado/SystolicCore/SystolicCore.runs/ram_single_port_synth_1/ram_single_port.dcp' has been generated.
INFO: [Vivado 12-24828] Executing command : report_utilization -file ram_single_port_utilization_synth.rpt -pb ram_single_port_utilization_synth.pb
INFO: [Common 17-206] Exiting Vivado at Mon Nov 10 10:35:19 2025...
[Mon Nov 10 10:35:43 2025] ram_single_port_synth_1 finished
wait_on_runs: Time (s): cpu = 00:00:00.99 ; elapsed = 00:00:40 . Memory (MB): peak = 13433.324 ; gain = 0.000 ; free physical = 17673 ; free virtual = 53557
refresh_design
INFO: [Project 1-5699] Read binary netlist with skipMacroContent - 1
INFO: [Project 1-454] Reading design checkpoint '/home/xmen/Desktop/SystolicCore/vivado/SystolicCore/SystolicCore.gen/sources_1/ip/ram_single_port/ram_single_port.dcp' for cell 'SystolicCore0/serial2mem_opA/mem'
WARNING: [Netlist 29-739] Bus range ordering inconsistency detected for bus pin SystolicCore0/serial2mem_opA/mem/dina. Existing range for black box cell is 127:0, range for replacement cell is 511:0.
WARNING: [Netlist 29-739] Bus range ordering inconsistency detected for bus pin SystolicCore0/serial2mem_opA/mem/douta. Existing range for black box cell is 127:0, range for replacement cell is 511:0.
WARNING: [Netlist 29-5] Replacement cell view : ram_single_port has additional ports (douta[128]) not seen in its original version.
WARNING: [Netlist 29-5] Replacement cell view : ram_single_port_HD12 has additional ports (douta[128]) not seen in its original version.
Netlist sorting complete. Time (s): cpu = 00:00:01 ; elapsed = 00:00:01 . Memory (MB): peak = 13676.613 ; gain = 0.000 ; free physical = 17373 ; free virtual = 53258
INFO: [Netlist 29-17] Analyzing 91389 Unisim elements for replacement
INFO: [Netlist 29-28] Unisim Transformation completed in 0 CPU seconds
INFO: [Project 1-479] Netlist was created with Vivado 2025.1
INFO: [Project 1-570] Preparing netlist for logic optimization
Parsing XDC File [/home/xmen/ARTYA7/XilinxDesignConstraint/Arty-A7-100-Master.xdc]
WARNING: [Vivado 12-584] No ports matched 'sw[0]'. [/home/xmen/ARTYA7/XilinxDesignConstraint/Arty-A7-100-Master.xdc:2]
CRITICAL WARNING: [Common 17-55] 'set_property' expects at least one object. [/home/xmen/ARTYA7/XilinxDesignConstraint/Arty-A7-100-Master.xdc:2]
Resolution: If [get_<value>] was used to populate the object, check to make sure this command returns at least one valid object.
WARNING: [Vivado 12-584] No ports matched 'sw[1]'. [/home/xmen/ARTYA7/XilinxDesignConstraint/Arty-A7-100-Master.xdc:3]
CRITICAL WARNING: [Common 17-55] 'set_property' expects at least one object. [/home/xmen/ARTYA7/XilinxDesignConstraint/Arty-A7-100-Master.xdc:3]
Resolution: If [get_<value>] was used to populate the object, check to make sure this command returns at least one valid object.
WARNING: [Vivado 12-584] No ports matched 'sw[2]'. [/home/xmen/ARTYA7/XilinxDesignConstraint/Arty-A7-100-Master.xdc:4]
CRITICAL WARNING: [Common 17-55] 'set_property' expects at least one object. [/home/xmen/ARTYA7/XilinxDesignConstraint/Arty-A7-100-Master.xdc:4]
Resolution: If [get_<value>] was used to populate the object, check to make sure this command returns at least one valid object.
WARNING: [Vivado 12-584] No ports matched 'sw[3]'. [/home/xmen/ARTYA7/XilinxDesignConstraint/Arty-A7-100-Master.xdc:5]
CRITICAL WARNING: [Common 17-55] 'set_property' expects at least one object. [/home/xmen/ARTYA7/XilinxDesignConstraint/Arty-A7-100-Master.xdc:5]
Resolution: If [get_<value>] was used to populate the object, check to make sure this command returns at least one valid object.
WARNING: [Vivado 12-584] No ports matched 'led0RGB[0]'. [/home/xmen/ARTYA7/XilinxDesignConstraint/Arty-A7-100-Master.xdc:6]
CRITICAL WARNING: [Common 17-55] 'set_property' expects at least one object. [/home/xmen/ARTYA7/XilinxDesignConstraint/Arty-A7-100-Master.xdc:6]
Resolution: If [get_<value>] was used to populate the object, check to make sure this command returns at least one valid object.
WARNING: [Vivado 12-584] No ports matched 'led0RGB[1]'. [/home/xmen/ARTYA7/XilinxDesignConstraint/Arty-A7-100-Master.xdc:7]
CRITICAL WARNING: [Common 17-55] 'set_property' expects at least one object. [/home/xmen/ARTYA7/XilinxDesignConstraint/Arty-A7-100-Master.xdc:7]
Resolution: If [get_<value>] was used to populate the object, check to make sure this command returns at least one valid object.
WARNING: [Vivado 12-584] No ports matched 'led0RGB[2]'. [/home/xmen/ARTYA7/XilinxDesignConstraint/Arty-A7-100-Master.xdc:8]
CRITICAL WARNING: [Common 17-55] 'set_property' expects at least one object. [/home/xmen/ARTYA7/XilinxDesignConstraint/Arty-A7-100-Master.xdc:8]
Resolution: If [get_<value>] was used to populate the object, check to make sure this command returns at least one valid object.
WARNING: [Vivado 12-584] No ports matched 'led1RGB[0]'. [/home/xmen/ARTYA7/XilinxDesignConstraint/Arty-A7-100-Master.xdc:9]
CRITICAL WARNING: [Common 17-55] 'set_property' expects at least one object. [/home/xmen/ARTYA7/XilinxDesignConstraint/Arty-A7-100-Master.xdc:9]
Resolution: If [get_<value>] was used to populate the object, check to make sure this command returns at least one valid object.
WARNING: [Vivado 12-584] No ports matched 'led1RGB[1]'. [/home/xmen/ARTYA7/XilinxDesignConstraint/Arty-A7-100-Master.xdc:10]
CRITICAL WARNING: [Common 17-55] 'set_property' expects at least one object. [/home/xmen/ARTYA7/XilinxDesignConstraint/Arty-A7-100-Master.xdc:10]
Resolution: If [get_<value>] was used to populate the object, check to make sure this command returns at least one valid object.
WARNING: [Vivado 12-584] No ports matched 'led1RGB[2]'. [/home/xmen/ARTYA7/XilinxDesignConstraint/Arty-A7-100-Master.xdc:11]
CRITICAL WARNING: [Common 17-55] 'set_property' expects at least one object. [/home/xmen/ARTYA7/XilinxDesignConstraint/Arty-A7-100-Master.xdc:11]
Resolution: If [get_<value>] was used to populate the object, check to make sure this command returns at least one valid object.
WARNING: [Vivado 12-584] No ports matched 'led2RGB[0]'. [/home/xmen/ARTYA7/XilinxDesignConstraint/Arty-A7-100-Master.xdc:12]
CRITICAL WARNING: [Common 17-55] 'set_property' expects at least one object. [/home/xmen/ARTYA7/XilinxDesignConstraint/Arty-A7-100-Master.xdc:12]
Resolution: If [get_<value>] was used to populate the object, check to make sure this command returns at least one valid object.
WARNING: [Vivado 12-584] No ports matched 'led2RGB[1]'. [/home/xmen/ARTYA7/XilinxDesignConstraint/Arty-A7-100-Master.xdc:13]
CRITICAL WARNING: [Common 17-55] 'set_property' expects at least one object. [/home/xmen/ARTYA7/XilinxDesignConstraint/Arty-A7-100-Master.xdc:13]
Resolution: If [get_<value>] was used to populate the object, check to make sure this command returns at least one valid object.
WARNING: [Vivado 12-584] No ports matched 'led2RGB[2]'. [/home/xmen/ARTYA7/XilinxDesignConstraint/Arty-A7-100-Master.xdc:14]
CRITICAL WARNING: [Common 17-55] 'set_property' expects at least one object. [/home/xmen/ARTYA7/XilinxDesignConstraint/Arty-A7-100-Master.xdc:14]
Resolution: If [get_<value>] was used to populate the object, check to make sure this command returns at least one valid object.
WARNING: [Vivado 12-584] No ports matched 'led3RGB[0]'. [/home/xmen/ARTYA7/XilinxDesignConstraint/Arty-A7-100-Master.xdc:15]
CRITICAL WARNING: [Common 17-55] 'set_property' expects at least one object. [/home/xmen/ARTYA7/XilinxDesignConstraint/Arty-A7-100-Master.xdc:15]
Resolution: If [get_<value>] was used to populate the object, check to make sure this command returns at least one valid object.
WARNING: [Vivado 12-584] No ports matched 'led3RGB[1]'. [/home/xmen/ARTYA7/XilinxDesignConstraint/Arty-A7-100-Master.xdc:16]
CRITICAL WARNING: [Common 17-55] 'set_property' expects at least one object. [/home/xmen/ARTYA7/XilinxDesignConstraint/Arty-A7-100-Master.xdc:16]
Resolution: If [get_<value>] was used to populate the object, check to make sure this command returns at least one valid object.
WARNING: [Vivado 12-584] No ports matched 'led3RGB[2]'. [/home/xmen/ARTYA7/XilinxDesignConstraint/Arty-A7-100-Master.xdc:17]
CRITICAL WARNING: [Common 17-55] 'set_property' expects at least one object. [/home/xmen/ARTYA7/XilinxDesignConstraint/Arty-A7-100-Master.xdc:17]
Resolution: If [get_<value>] was used to populate the object, check to make sure this command returns at least one valid object.
WARNING: [Vivado 12-584] No ports matched 'led[0]'. [/home/xmen/ARTYA7/XilinxDesignConstraint/Arty-A7-100-Master.xdc:18]
CRITICAL WARNING: [Common 17-55] 'set_property' expects at least one object. [/home/xmen/ARTYA7/XilinxDesignConstraint/Arty-A7-100-Master.xdc:18]
Resolution: If [get_<value>] was used to populate the object, check to make sure this command returns at least one valid object.
WARNING: [Vivado 12-584] No ports matched 'led[1]'. [/home/xmen/ARTYA7/XilinxDesignConstraint/Arty-A7-100-Master.xdc:19]
CRITICAL WARNING: [Common 17-55] 'set_property' expects at least one object. [/home/xmen/ARTYA7/XilinxDesignConstraint/Arty-A7-100-Master.xdc:19]
Resolution: If [get_<value>] was used to populate the object, check to make sure this command returns at least one valid object.
WARNING: [Vivado 12-584] No ports matched 'led[2]'. [/home/xmen/ARTYA7/XilinxDesignConstraint/Arty-A7-100-Master.xdc:20]
CRITICAL WARNING: [Common 17-55] 'set_property' expects at least one object. [/home/xmen/ARTYA7/XilinxDesignConstraint/Arty-A7-100-Master.xdc:20]
Resolution: If [get_<value>] was used to populate the object, check to make sure this command returns at least one valid object.
WARNING: [Vivado 12-584] No ports matched 'led[3]'. [/home/xmen/ARTYA7/XilinxDesignConstraint/Arty-A7-100-Master.xdc:21]
CRITICAL WARNING: [Common 17-55] 'set_property' expects at least one object. [/home/xmen/ARTYA7/XilinxDesignConstraint/Arty-A7-100-Master.xdc:21]
Resolution: If [get_<value>] was used to populate the object, check to make sure this command returns at least one valid object.
Finished Parsing XDC File [/home/xmen/ARTYA7/XilinxDesignConstraint/Arty-A7-100-Master.xdc]
INFO: [Opt 31-138] Pushed 0 inverter(s) to 0 load pin(s).
refresh_design: Time (s): cpu = 00:00:40 ; elapsed = 00:00:34 . Memory (MB): peak = 13692.648 ; gain = 259.324 ; free physical = 17400 ; free virtual = 53291
WARNING: [filemgmt 56-199] Attempt to get parsing info during refresh. "On-the-fly" syntax checking information may be incorrect. [/home/xmen/Desktop/SystolicCore/rtl/Arty7_top_sim.sv:]
WARNING: [filemgmt 56-199] Attempt to get parsing info during refresh. "On-the-fly" syntax checking information may be incorrect. [/home/xmen/Desktop/SystolicCore/tb/tb_fpga.sv:]
WARNING: [filemgmt 56-199] Attempt to get parsing info during refresh. "On-the-fly" syntax checking information may be incorrect. [/home/xmen/Desktop/SystolicCore/rtl/Arty7_top_sim.sv:]
WARNING: [filemgmt 56-199] Attempt to get parsing info during refresh. "On-the-fly" syntax checking information may be incorrect. [/home/xmen/Desktop/SystolicCore/rtl/Arty7_top_sim.sv:]
reset_run synth_1
INFO: [Project 1-1161] Replacing file /home/xmen/Desktop/SystolicCore/vivado/SystolicCore/SystolicCore.srcs/utils_1/imports/synth_1/Arty7_top_sim.dcp with file /home/xmen/Desktop/SystolicCore/vivado/SystolicCore/SystolicCore.runs/synth_1/Arty7_top_sim.dcp
launch_runs synth_1 -jobs 32
[Mon Nov 10 10:37:52 2025] Launched synth_1...
Run output will be captured here: /home/xmen/Desktop/SystolicCore/vivado/SystolicCore/SystolicCore.runs/synth_1/runme.log
WARNING: [filemgmt 56-199] Attempt to get parsing info during refresh. "On-the-fly" syntax checking information may be incorrect. [/home/xmen/Desktop/SystolicCore/rtl/Arty7_top_sim.sv:]
WARNING: [filemgmt 56-199] Attempt to get parsing info during refresh. "On-the-fly" syntax checking information may be incorrect. [/home/xmen/Desktop/SystolicCore/tb/tb_fpga.sv:]
WARNING: [filemgmt 56-199] Attempt to get parsing info during refresh. "On-the-fly" syntax checking information may be incorrect. [/home/xmen/Desktop/SystolicCore/rtl/Arty7_top_sim.sv:]
WARNING: [filemgmt 56-199] Attempt to get parsing info during refresh. "On-the-fly" syntax checking information may be incorrect. [/home/xmen/Desktop/SystolicCore/rtl/Arty7_top_sim.sv:]
close_design
WARNING: [filemgmt 56-199] Attempt to get parsing info during refresh. "On-the-fly" syntax checking information may be incorrect. [/home/xmen/Desktop/SystolicCore/rtl/Arty7_top_sim.sv:]
WARNING: [filemgmt 56-199] Attempt to get parsing info during refresh. "On-the-fly" syntax checking information may be incorrect. [/home/xmen/Desktop/SystolicCore/tb/tb_fpga.sv:]
WARNING: [filemgmt 56-199] Attempt to get parsing info during refresh. "On-the-fly" syntax checking information may be incorrect. [/home/xmen/Desktop/SystolicCore/rtl/Arty7_top_sim.sv:]
WARNING: [filemgmt 56-199] Attempt to get parsing info during refresh. "On-the-fly" syntax checking information may be incorrect. [/home/xmen/Desktop/SystolicCore/rtl/Arty7_top_sim.sv:]
open_run synth_1 -name synth_1
Design is defaulting to impl run constrset: constrs_1
Design is defaulting to synth run part: xc7a100tcsg324-3
INFO: [Project 1-5699] Read binary netlist with skipMacroContent - 1
INFO: [Project 1-454] Reading design checkpoint '/home/xmen/Desktop/SystolicCore/vivado/SystolicCore/SystolicCore.gen/sources_1/ip/ram_single_port/ram_single_port.dcp' for cell 'SystolicCore0/serial2mem_opA/mem'
Netlist sorting complete. Time (s): cpu = 00:00:04 ; elapsed = 00:00:04 . Memory (MB): peak = 13934.770 ; gain = 0.000 ; free physical = 17543 ; free virtual = 49685
INFO: [Netlist 29-17] Analyzing 91389 Unisim elements for replacement
INFO: [Netlist 29-28] Unisim Transformation completed in 0 CPU seconds
INFO: [Project 1-479] Netlist was created with Vivado 2025.1
INFO: [Project 1-570] Preparing netlist for logic optimization
Parsing XDC File [/home/xmen/ARTYA7/XilinxDesignConstraint/Arty-A7-100-Master.xdc]
WARNING: [Vivado 12-584] No ports matched 'sw[0]'. [/home/xmen/ARTYA7/XilinxDesignConstraint/Arty-A7-100-Master.xdc:2]
CRITICAL WARNING: [Common 17-55] 'set_property' expects at least one object. [/home/xmen/ARTYA7/XilinxDesignConstraint/Arty-A7-100-Master.xdc:2]
Resolution: If [get_<value>] was used to populate the object, check to make sure this command returns at least one valid object.
WARNING: [Vivado 12-584] No ports matched 'sw[1]'. [/home/xmen/ARTYA7/XilinxDesignConstraint/Arty-A7-100-Master.xdc:3]
CRITICAL WARNING: [Common 17-55] 'set_property' expects at least one object. [/home/xmen/ARTYA7/XilinxDesignConstraint/Arty-A7-100-Master.xdc:3]
Resolution: If [get_<value>] was used to populate the object, check to make sure this command returns at least one valid object.
WARNING: [Vivado 12-584] No ports matched 'sw[2]'. [/home/xmen/ARTYA7/XilinxDesignConstraint/Arty-A7-100-Master.xdc:4]
CRITICAL WARNING: [Common 17-55] 'set_property' expects at least one object. [/home/xmen/ARTYA7/XilinxDesignConstraint/Arty-A7-100-Master.xdc:4]
Resolution: If [get_<value>] was used to populate the object, check to make sure this command returns at least one valid object.
WARNING: [Vivado 12-584] No ports matched 'sw[3]'. [/home/xmen/ARTYA7/XilinxDesignConstraint/Arty-A7-100-Master.xdc:5]
CRITICAL WARNING: [Common 17-55] 'set_property' expects at least one object. [/home/xmen/ARTYA7/XilinxDesignConstraint/Arty-A7-100-Master.xdc:5]
Resolution: If [get_<value>] was used to populate the object, check to make sure this command returns at least one valid object.
WARNING: [Vivado 12-584] No ports matched 'led0RGB[0]'. [/home/xmen/ARTYA7/XilinxDesignConstraint/Arty-A7-100-Master.xdc:6]
CRITICAL WARNING: [Common 17-55] 'set_property' expects at least one object. [/home/xmen/ARTYA7/XilinxDesignConstraint/Arty-A7-100-Master.xdc:6]
Resolution: If [get_<value>] was used to populate the object, check to make sure this command returns at least one valid object.
WARNING: [Vivado 12-584] No ports matched 'led0RGB[1]'. [/home/xmen/ARTYA7/XilinxDesignConstraint/Arty-A7-100-Master.xdc:7]
CRITICAL WARNING: [Common 17-55] 'set_property' expects at least one object. [/home/xmen/ARTYA7/XilinxDesignConstraint/Arty-A7-100-Master.xdc:7]
Resolution: If [get_<value>] was used to populate the object, check to make sure this command returns at least one valid object.
WARNING: [Vivado 12-584] No ports matched 'led0RGB[2]'. [/home/xmen/ARTYA7/XilinxDesignConstraint/Arty-A7-100-Master.xdc:8]
CRITICAL WARNING: [Common 17-55] 'set_property' expects at least one object. [/home/xmen/ARTYA7/XilinxDesignConstraint/Arty-A7-100-Master.xdc:8]
Resolution: If [get_<value>] was used to populate the object, check to make sure this command returns at least one valid object.
WARNING: [Vivado 12-584] No ports matched 'led1RGB[0]'. [/home/xmen/ARTYA7/XilinxDesignConstraint/Arty-A7-100-Master.xdc:9]
CRITICAL WARNING: [Common 17-55] 'set_property' expects at least one object. [/home/xmen/ARTYA7/XilinxDesignConstraint/Arty-A7-100-Master.xdc:9]
Resolution: If [get_<value>] was used to populate the object, check to make sure this command returns at least one valid object.
WARNING: [Vivado 12-584] No ports matched 'led1RGB[1]'. [/home/xmen/ARTYA7/XilinxDesignConstraint/Arty-A7-100-Master.xdc:10]
CRITICAL WARNING: [Common 17-55] 'set_property' expects at least one object. [/home/xmen/ARTYA7/XilinxDesignConstraint/Arty-A7-100-Master.xdc:10]
Resolution: If [get_<value>] was used to populate the object, check to make sure this command returns at least one valid object.
WARNING: [Vivado 12-584] No ports matched 'led1RGB[2]'. [/home/xmen/ARTYA7/XilinxDesignConstraint/Arty-A7-100-Master.xdc:11]
CRITICAL WARNING: [Common 17-55] 'set_property' expects at least one object. [/home/xmen/ARTYA7/XilinxDesignConstraint/Arty-A7-100-Master.xdc:11]
Resolution: If [get_<value>] was used to populate the object, check to make sure this command returns at least one valid object.
WARNING: [Vivado 12-584] No ports matched 'led2RGB[0]'. [/home/xmen/ARTYA7/XilinxDesignConstraint/Arty-A7-100-Master.xdc:12]
CRITICAL WARNING: [Common 17-55] 'set_property' expects at least one object. [/home/xmen/ARTYA7/XilinxDesignConstraint/Arty-A7-100-Master.xdc:12]
Resolution: If [get_<value>] was used to populate the object, check to make sure this command returns at least one valid object.
WARNING: [Vivado 12-584] No ports matched 'led2RGB[1]'. [/home/xmen/ARTYA7/XilinxDesignConstraint/Arty-A7-100-Master.xdc:13]
CRITICAL WARNING: [Common 17-55] 'set_property' expects at least one object. [/home/xmen/ARTYA7/XilinxDesignConstraint/Arty-A7-100-Master.xdc:13]
Resolution: If [get_<value>] was used to populate the object, check to make sure this command returns at least one valid object.
WARNING: [Vivado 12-584] No ports matched 'led2RGB[2]'. [/home/xmen/ARTYA7/XilinxDesignConstraint/Arty-A7-100-Master.xdc:14]
CRITICAL WARNING: [Common 17-55] 'set_property' expects at least one object. [/home/xmen/ARTYA7/XilinxDesignConstraint/Arty-A7-100-Master.xdc:14]
Resolution: If [get_<value>] was used to populate the object, check to make sure this command returns at least one valid object.
WARNING: [Vivado 12-584] No ports matched 'led3RGB[0]'. [/home/xmen/ARTYA7/XilinxDesignConstraint/Arty-A7-100-Master.xdc:15]
CRITICAL WARNING: [Common 17-55] 'set_property' expects at least one object. [/home/xmen/ARTYA7/XilinxDesignConstraint/Arty-A7-100-Master.xdc:15]
Resolution: If [get_<value>] was used to populate the object, check to make sure this command returns at least one valid object.
WARNING: [Vivado 12-584] No ports matched 'led3RGB[1]'. [/home/xmen/ARTYA7/XilinxDesignConstraint/Arty-A7-100-Master.xdc:16]
CRITICAL WARNING: [Common 17-55] 'set_property' expects at least one object. [/home/xmen/ARTYA7/XilinxDesignConstraint/Arty-A7-100-Master.xdc:16]
Resolution: If [get_<value>] was used to populate the object, check to make sure this command returns at least one valid object.
WARNING: [Vivado 12-584] No ports matched 'led3RGB[2]'. [/home/xmen/ARTYA7/XilinxDesignConstraint/Arty-A7-100-Master.xdc:17]
CRITICAL WARNING: [Common 17-55] 'set_property' expects at least one object. [/home/xmen/ARTYA7/XilinxDesignConstraint/Arty-A7-100-Master.xdc:17]
Resolution: If [get_<value>] was used to populate the object, check to make sure this command returns at least one valid object.
WARNING: [Vivado 12-584] No ports matched 'led[0]'. [/home/xmen/ARTYA7/XilinxDesignConstraint/Arty-A7-100-Master.xdc:18]
CRITICAL WARNING: [Common 17-55] 'set_property' expects at least one object. [/home/xmen/ARTYA7/XilinxDesignConstraint/Arty-A7-100-Master.xdc:18]
Resolution: If [get_<value>] was used to populate the object, check to make sure this command returns at least one valid object.
WARNING: [Vivado 12-584] No ports matched 'led[1]'. [/home/xmen/ARTYA7/XilinxDesignConstraint/Arty-A7-100-Master.xdc:19]
CRITICAL WARNING: [Common 17-55] 'set_property' expects at least one object. [/home/xmen/ARTYA7/XilinxDesignConstraint/Arty-A7-100-Master.xdc:19]
Resolution: If [get_<value>] was used to populate the object, check to make sure this command returns at least one valid object.
WARNING: [Vivado 12-584] No ports matched 'led[2]'. [/home/xmen/ARTYA7/XilinxDesignConstraint/Arty-A7-100-Master.xdc:20]
CRITICAL WARNING: [Common 17-55] 'set_property' expects at least one object. [/home/xmen/ARTYA7/XilinxDesignConstraint/Arty-A7-100-Master.xdc:20]
Resolution: If [get_<value>] was used to populate the object, check to make sure this command returns at least one valid object.
WARNING: [Vivado 12-584] No ports matched 'led[3]'. [/home/xmen/ARTYA7/XilinxDesignConstraint/Arty-A7-100-Master.xdc:21]
CRITICAL WARNING: [Common 17-55] 'set_property' expects at least one object. [/home/xmen/ARTYA7/XilinxDesignConstraint/Arty-A7-100-Master.xdc:21]
Resolution: If [get_<value>] was used to populate the object, check to make sure this command returns at least one valid object.
Finished Parsing XDC File [/home/xmen/ARTYA7/XilinxDesignConstraint/Arty-A7-100-Master.xdc]
INFO: [Opt 31-138] Pushed 0 inverter(s) to 0 load pin(s).
Netlist sorting complete. Time (s): cpu = 00:00:00.1 ; elapsed = 00:00:00.1 . Memory (MB): peak = 13934.770 ; gain = 0.000 ; free physical = 17524 ; free virtual = 49679
INFO: [Project 1-111] Unisim Transformation Summary:
No Unisim elements were transformed.

open_run: Time (s): cpu = 00:00:58 ; elapsed = 00:00:52 . Memory (MB): peak = 13934.770 ; gain = 0.000 ; free physical = 17519 ; free virtual = 49680
report_utilization -name utilization_1
report_power -name {power_1}
Command: report_power -name power_1
INFO: [Timing 38-35] Done setting XDC timing constraints.
Running Vector-less Activity Propagation...

Finished Running Vector-less Activity Propagation
1 Infos, 0 Warnings, 0 Critical Warnings and 0 Errors encountered.
report_power completed successfully
report_power: Time (s): cpu = 00:03:24 ; elapsed = 00:00:51 . Memory (MB): peak = 16586.504 ; gain = 2155.031 ; free physical = 14270 ; free virtual = 46446
WARNING: [IP_Flow 19-4067] Ignoring invalid widget type specified checkbox.Providing a default widget
WARNING: [IP_Flow 19-4067] Ignoring invalid widget type specified checkbox.Providing a default widget
WARNING: [IP_Flow 19-4067] Ignoring invalid widget type specified checkbox.Providing a default widget
WARNING: [IP_Flow 19-4067] Ignoring invalid widget type specified checkbox.Providing a default widget
report_utilization -name utilization_1
WARNING: [filemgmt 56-199] Attempt to get parsing info during refresh. "On-the-fly" syntax checking information may be incorrect. [/home/xmen/Desktop/SystolicCore/rtl/Arty7_top_sim.sv:]
WARNING: [filemgmt 56-199] Attempt to get parsing info during refresh. "On-the-fly" syntax checking information may be incorrect. [/home/xmen/Desktop/SystolicCore/tb/tb_fpga.sv:]
WARNING: [filemgmt 56-199] Attempt to get parsing info during refresh. "On-the-fly" syntax checking information may be incorrect. [/home/xmen/Desktop/SystolicCore/rtl/accumulator.sv:]
WARNING: [filemgmt 56-199] Attempt to get parsing info during refresh. "On-the-fly" syntax checking information may be incorrect. [/home/xmen/Desktop/SystolicCore/rtl/systolicMatrixMultiply.sv:]
WARNING: [filemgmt 56-199] Attempt to get parsing info during refresh. "On-the-fly" syntax checking information may be incorrect. [/home/xmen/Desktop/SystolicCore/tb/tb_fpga.sv:]
WARNING: [filemgmt 56-199] Attempt to get parsing info during refresh. "On-the-fly" syntax checking information may be incorrect. [/home/xmen/Desktop/SystolicCore/tb/tb_fpga.sv:]
WARNING: [filemgmt 56-199] Attempt to get parsing info during refresh. "On-the-fly" syntax checking information may be incorrect. [/home/xmen/Desktop/SystolicCore/rtl/Arty7_top_sim.sv:]
WARNING: [filemgmt 56-199] Attempt to get parsing info during refresh. "On-the-fly" syntax checking information may be incorrect. [/home/xmen/Desktop/SystolicCore/tb/tb_fpga.sv:]
WARNING: [filemgmt 56-199] Attempt to get parsing info during refresh. "On-the-fly" syntax checking information may be incorrect. [/home/xmen/Desktop/SystolicCore/rtl/accumulator.sv:]
WARNING: [filemgmt 56-199] Attempt to get parsing info during refresh. "On-the-fly" syntax checking information may be incorrect. [/home/xmen/Desktop/SystolicCore/rtl/systolicMatrixMultiply.sv:]
WARNING: [filemgmt 56-199] Attempt to get parsing info during refresh. "On-the-fly" syntax checking information may be incorrect. [/home/xmen/Desktop/SystolicCore/rtl/accumulator.sv:]
WARNING: [filemgmt 56-199] Attempt to get parsing info during refresh. "On-the-fly" syntax checking information may be incorrect. [/home/xmen/Desktop/SystolicCore/rtl/accumulator.sv:]
WARNING: [filemgmt 56-199] Attempt to get parsing info during refresh. "On-the-fly" syntax checking information may be incorrect. [/home/xmen/Desktop/SystolicCore/rtl/Arty7_top_sim.sv:]
WARNING: [filemgmt 56-199] Attempt to get parsing info during refresh. "On-the-fly" syntax checking information may be incorrect. [/home/xmen/Desktop/SystolicCore/tb/tb_fpga.sv:]
WARNING: [filemgmt 56-199] Attempt to get parsing info during refresh. "On-the-fly" syntax checking information may be incorrect. [/home/xmen/Desktop/SystolicCore/rtl/accumulator.sv:]
WARNING: [filemgmt 56-199] Attempt to get parsing info during refresh. "On-the-fly" syntax checking information may be incorrect. [/home/xmen/Desktop/SystolicCore/rtl/systolicMatrixMultiply.sv:]
WARNING: [filemgmt 56-199] Attempt to get parsing info during refresh. "On-the-fly" syntax checking information may be incorrect. [/home/xmen/Desktop/SystolicCore/rtl/Arty7_top_sim.sv:]
WARNING: [filemgmt 56-199] Attempt to get parsing info during refresh. "On-the-fly" syntax checking information may be incorrect. [/home/xmen/Desktop/SystolicCore/rtl/Arty7_top_sim.sv:]
WARNING: [filemgmt 56-199] Attempt to get parsing info during refresh. "On-the-fly" syntax checking information may be incorrect. [/home/xmen/Desktop/SystolicCore/rtl/Arty7_top_sim.sv:]
WARNING: [filemgmt 56-199] Attempt to get parsing info during refresh. "On-the-fly" syntax checking information may be incorrect. [/home/xmen/Desktop/SystolicCore/tb/tb_fpga.sv:]
WARNING: [filemgmt 56-199] Attempt to get parsing info during refresh. "On-the-fly" syntax checking information may be incorrect. [/home/xmen/Desktop/SystolicCore/rtl/accumulator.sv:]
WARNING: [filemgmt 56-199] Attempt to get parsing info during refresh. "On-the-fly" syntax checking information may be incorrect. [/home/xmen/Desktop/SystolicCore/rtl/systolicMatrixMultiply.sv:]
WARNING: [filemgmt 56-199] Attempt to get parsing info during refresh. "On-the-fly" syntax checking information may be incorrect. [/home/xmen/Desktop/SystolicCore/tb/tb_fpga.sv:]
WARNING: [filemgmt 56-199] Attempt to get parsing info during refresh. "On-the-fly" syntax checking information may be incorrect. [/home/xmen/Desktop/SystolicCore/tb/tb_fpga.sv:]
WARNING: [filemgmt 56-199] Attempt to get parsing info during refresh. "On-the-fly" syntax checking information may be incorrect. [/home/xmen/Desktop/SystolicCore/rtl/Arty7_top_sim.sv:]
WARNING: [filemgmt 56-199] Attempt to get parsing info during refresh. "On-the-fly" syntax checking information may be incorrect. [/home/xmen/Desktop/SystolicCore/tb/tb_fpga.sv:]
WARNING: [filemgmt 56-199] Attempt to get parsing info during refresh. "On-the-fly" syntax checking information may be incorrect. [/home/xmen/Desktop/SystolicCore/rtl/accumulator.sv:]
WARNING: [filemgmt 56-199] Attempt to get parsing info during refresh. "On-the-fly" syntax checking information may be incorrect. [/home/xmen/Desktop/SystolicCore/rtl/systolicMatrixMultiply.sv:]
WARNING: [filemgmt 56-199] Attempt to get parsing info during refresh. "On-the-fly" syntax checking information may be incorrect. [/home/xmen/Desktop/SystolicCore/rtl/systolicMatrixMultiply.sv:]
WARNING: [filemgmt 56-199] Attempt to get parsing info during refresh. "On-the-fly" syntax checking information may be incorrect. [/home/xmen/Desktop/SystolicCore/rtl/systolicMatrixMultiply.sv:]
WARNING: [filemgmt 56-199] Attempt to get parsing info during refresh. "On-the-fly" syntax checking information may be incorrect. [/home/xmen/Desktop/SystolicCore/rtl/Arty7_top_sim.sv:]
WARNING: [filemgmt 56-199] Attempt to get parsing info during refresh. "On-the-fly" syntax checking information may be incorrect. [/home/xmen/Desktop/SystolicCore/tb/tb_fpga.sv:]
WARNING: [filemgmt 56-199] Attempt to get parsing info during refresh. "On-the-fly" syntax checking information may be incorrect. [/home/xmen/Desktop/SystolicCore/rtl/accumulator.sv:]
WARNING: [filemgmt 56-199] Attempt to get parsing info during refresh. "On-the-fly" syntax checking information may be incorrect. [/home/xmen/Desktop/SystolicCore/rtl/systolicMatrixMultiply.sv:]
WARNING: [filemgmt 56-199] Attempt to get parsing info during refresh. "On-the-fly" syntax checking information may be incorrect. [/home/xmen/Desktop/SystolicCore/rtl/Arty7_top_sim.sv:]
WARNING: [filemgmt 56-199] Attempt to get parsing info during refresh. "On-the-fly" syntax checking information may be incorrect. [/home/xmen/Desktop/SystolicCore/rtl/Arty7_top_sim.sv:]
WARNING: [IP_Flow 19-4067] Ignoring invalid widget type specified checkbox.Providing a default widget
WARNING: [IP_Flow 19-4067] Ignoring invalid widget type specified checkbox.Providing a default widget
set_property -dict [list \
  CONFIG.Write_Depth_A {31} \
  CONFIG.Write_Width_A {16} \
] [get_ips ram_single_port]
generate_target all [get_files  /home/xmen/Desktop/SystolicCore/vivado/SystolicCore/SystolicCore.srcs/sources_1/ip/ram_single_port/ram_single_port.xci]
INFO: [IP_Flow 19-1686] Generating 'Instantiation Template' target for IP 'ram_single_port'...
INFO: [IP_Flow 19-1686] Generating 'Synthesis' target for IP 'ram_single_port'...
INFO: [IP_Flow 19-1686] Generating 'Simulation' target for IP 'ram_single_port'...
INFO: [IP_Flow 19-1686] Generating 'Miscellaneous' target for IP 'ram_single_port'...
INFO: [IP_Flow 19-1686] Generating 'Change Log' target for IP 'ram_single_port'...
catch { config_ip_cache -export [get_ips -all ram_single_port] }
export_ip_user_files -of_objects [get_files /home/xmen/Desktop/SystolicCore/vivado/SystolicCore/SystolicCore.srcs/sources_1/ip/ram_single_port/ram_single_port.xci] -no_script -sync -force -quiet
reset_run ram_single_port_synth_1
launch_runs ram_single_port_synth_1 -jobs 32
WARNING: [filemgmt 56-199] Attempt to get parsing info during refresh. "On-the-fly" syntax checking information may be incorrect. [/home/xmen/Desktop/SystolicCore/rtl/Arty7_top_sim.sv:]
WARNING: [filemgmt 56-199] Attempt to get parsing info during refresh. "On-the-fly" syntax checking information may be incorrect. [/home/xmen/Desktop/SystolicCore/tb/tb_fpga.sv:]
WARNING: [filemgmt 56-199] Attempt to get parsing info during refresh. "On-the-fly" syntax checking information may be incorrect. [/home/xmen/Desktop/SystolicCore/rtl/accumulator.sv:]
WARNING: [filemgmt 56-199] Attempt to get parsing info during refresh. "On-the-fly" syntax checking information may be incorrect. [/home/xmen/Desktop/SystolicCore/rtl/systolicMatrixMultiply.sv:]
WARNING: [filemgmt 56-199] Attempt to get parsing info during refresh. "On-the-fly" syntax checking information may be incorrect. [/home/xmen/Desktop/SystolicCore/tb/tb_fpga.sv:]
WARNING: [filemgmt 56-199] Attempt to get parsing info during refresh. "On-the-fly" syntax checking information may be incorrect. [/home/xmen/Desktop/SystolicCore/tb/tb_fpga.sv:]
[Mon Nov 10 13:34:08 2025] Launched ram_single_port_synth_1...
Run output will be captured here: /home/xmen/Desktop/SystolicCore/vivado/SystolicCore/SystolicCore.runs/ram_single_port_synth_1/runme.log
export_simulation -lib_map_path [list {modelsim=/home/xmen/Desktop/SystolicCore/vivado/SystolicCore/SystolicCore.cache/compile_simlib/modelsim} {questa=/home/xmen/Desktop/SystolicCore/vivado/SystolicCore/SystolicCore.cache/compile_simlib/questa} {xcelium=/home/xmen/Desktop/SystolicCore/vivado/SystolicCore/SystolicCore.cache/compile_simlib/xcelium} {vcs=/home/xmen/Desktop/SystolicCore/vivado/SystolicCore/SystolicCore.cache/compile_simlib/vcs} {riviera=/home/xmen/Desktop/SystolicCore/vivado/SystolicCore/SystolicCore.cache/compile_simlib/riviera}] -of_objects [get_files /home/xmen/Desktop/SystolicCore/vivado/SystolicCore/SystolicCore.srcs/sources_1/ip/ram_single_port/ram_single_port.xci] -directory /home/xmen/Desktop/SystolicCore/vivado/SystolicCore/SystolicCore.ip_user_files/sim_scripts -ip_user_files_dir /home/xmen/Desktop/SystolicCore/vivado/SystolicCore/SystolicCore.ip_user_files -ipstatic_source_dir /home/xmen/Desktop/SystolicCore/vivado/SystolicCore/SystolicCore.ip_user_files/ipstatic -use_ip_compiled_libs -force -quiet
wait_on_run ram_single_port_synth_1
[Mon Nov 10 13:34:11 2025] Waiting for ram_single_port_synth_1 to finish...
[Mon Nov 10 13:34:16 2025] Waiting for ram_single_port_synth_1 to finish...
[Mon Nov 10 13:34:21 2025] Waiting for ram_single_port_synth_1 to finish...
[Mon Nov 10 13:34:26 2025] Waiting for ram_single_port_synth_1 to finish...
[Mon Nov 10 13:34:36 2025] Waiting for ram_single_port_synth_1 to finish...
[Mon Nov 10 13:34:46 2025] Waiting for ram_single_port_synth_1 to finish...

*** Running vivado
    with args -log ram_single_port.vds -m64 -product Vivado -mode batch -messageDb vivado.pb -notrace -source ram_single_port.tcl


****** Vivado v2025.1 (64-bit)
  **** SW Build 6140274 on Wed May 21 22:58:25 MDT 2025
  **** IP Build 6138677 on Thu May 22 03:10:11 MDT 2025
  **** SharedData Build 6139179 on Tue May 20 17:58:58 MDT 2025
  **** Start of session at: Mon Nov 10 13:34:09 2025
    ** Copyright 1986-2022 Xilinx, Inc. All Rights Reserved.
    ** Copyright 2022-2025 Advanced Micro Devices, Inc. All Rights Reserved.

source ram_single_port.tcl -notrace
Command: synth_design -top ram_single_port -part xc7a100tcsg324-3 -incremental_mode off -mode out_of_context
Starting synth_design
Attempting to get a license for feature 'Synthesis' and/or device 'xc7a100t'
INFO: [Common 17-349] Got license for feature 'Synthesis' and/or device 'xc7a100t'
INFO: [Device 21-403] Loading part xc7a100tcsg324-3
INFO: [Synth 8-7079] Multithreading enabled for synth_design using a maximum of 7 processes.
INFO: [Synth 8-7078] Launching helper process for spawning children vivado processes
INFO: [Synth 8-7075] Helper process launched with PID 910494
---------------------------------------------------------------------------------
Starting RTL Elaboration : Time (s): cpu = 00:00:02 ; elapsed = 00:00:02 . Memory (MB): peak = 2340.871 ; gain = 441.711 ; free physical = 10401 ; free virtual = 43121
---------------------------------------------------------------------------------
INFO: [Synth 8-638] synthesizing module 'ram_single_port' [/home/xmen/Desktop/SystolicCore/vivado/SystolicCore/SystolicCore.gen/sources_1/ip/ram_single_port/synth/ram_single_port.vhd:72]
	Parameter C_FAMILY bound to: artix7 - type: string 
	Parameter C_XDEVICEFAMILY bound to: artix7 - type: string 
	Parameter C_ELABORATION_DIR bound to: ./ - type: string 
	Parameter C_INTERFACE_TYPE bound to: 0 - type: integer 
	Parameter C_AXI_TYPE bound to: 1 - type: integer 
	Parameter C_AXI_SLAVE_TYPE bound to: 0 - type: integer 
	Parameter C_USE_BRAM_BLOCK bound to: 0 - type: integer 
	Parameter C_ENABLE_32BIT_ADDRESS bound to: 0 - type: integer 
	Parameter C_CTRL_ECC_ALGO bound to: NONE - type: string 
	Parameter C_HAS_AXI_ID bound to: 0 - type: integer 
	Parameter C_AXI_ID_WIDTH bound to: 4 - type: integer 
	Parameter C_MEM_TYPE bound to: 0 - type: integer 
	Parameter C_BYTE_SIZE bound to: 9 - type: integer 
	Parameter C_ALGORITHM bound to: 1 - type: integer 
	Parameter C_PRIM_TYPE bound to: 1 - type: integer 
	Parameter C_LOAD_INIT_FILE bound to: 0 - type: integer 
	Parameter C_INIT_FILE_NAME bound to: no_coe_file_loaded - type: string 
	Parameter C_INIT_FILE bound to: ram_single_port.mem - type: string 
	Parameter C_USE_DEFAULT_DATA bound to: 0 - type: integer 
	Parameter C_DEFAULT_DATA bound to: 0 - type: string 
	Parameter C_HAS_RSTA bound to: 1 - type: integer 
	Parameter C_RST_PRIORITY_A bound to: CE - type: string 
	Parameter C_RSTRAM_A bound to: 0 - type: integer 
	Parameter C_INITA_VAL bound to: 0 - type: string 
	Parameter C_HAS_ENA bound to: 1 - type: integer 
	Parameter C_HAS_REGCEA bound to: 0 - type: integer 
	Parameter C_USE_BYTE_WEA bound to: 0 - type: integer 
	Parameter C_WEA_WIDTH bound to: 1 - type: integer 
	Parameter C_WRITE_MODE_A bound to: WRITE_FIRST - type: string 
	Parameter C_WRITE_WIDTH_A bound to: 16 - type: integer 
	Parameter C_READ_WIDTH_A bound to: 16 - type: integer 
	Parameter C_WRITE_DEPTH_A bound to: 31 - type: integer 
	Parameter C_READ_DEPTH_A bound to: 31 - type: integer 
	Parameter C_ADDRA_WIDTH bound to: 5 - type: integer 
	Parameter C_HAS_RSTB bound to: 0 - type: integer 
	Parameter C_RST_PRIORITY_B bound to: CE - type: string 
	Parameter C_RSTRAM_B bound to: 0 - type: integer 
	Parameter C_INITB_VAL bound to: 0 - type: string 
	Parameter C_HAS_ENB bound to: 0 - type: integer 
	Parameter C_HAS_REGCEB bound to: 0 - type: integer 
	Parameter C_USE_BYTE_WEB bound to: 0 - type: integer 
	Parameter C_WEB_WIDTH bound to: 1 - type: integer 
	Parameter C_WRITE_MODE_B bound to: WRITE_FIRST - type: string 
	Parameter C_WRITE_WIDTH_B bound to: 16 - type: integer 
	Parameter C_READ_WIDTH_B bound to: 16 - type: integer 
	Parameter C_WRITE_DEPTH_B bound to: 31 - type: integer 
	Parameter C_READ_DEPTH_B bound to: 31 - type: integer 
	Parameter C_ADDRB_WIDTH bound to: 5 - type: integer 
	Parameter C_HAS_MEM_OUTPUT_REGS_A bound to: 0 - type: integer 
	Parameter C_HAS_MEM_OUTPUT_REGS_B bound to: 0 - type: integer 
	Parameter C_HAS_MUX_OUTPUT_REGS_A bound to: 0 - type: integer 
	Parameter C_HAS_MUX_OUTPUT_REGS_B bound to: 0 - type: integer 
	Parameter C_MUX_PIPELINE_STAGES bound to: 0 - type: integer 
	Parameter C_HAS_SOFTECC_INPUT_REGS_A bound to: 0 - type: integer 
	Parameter C_HAS_SOFTECC_OUTPUT_REGS_B bound to: 0 - type: integer 
	Parameter C_USE_SOFTECC bound to: 0 - type: integer 
	Parameter C_USE_ECC bound to: 0 - type: integer 
	Parameter C_EN_ECC_PIPE bound to: 0 - type: integer 
	Parameter C_READ_LATENCY_A bound to: 1 - type: integer 
	Parameter C_READ_LATENCY_B bound to: 1 - type: integer 
	Parameter C_HAS_INJECTERR bound to: 0 - type: integer 
	Parameter C_SIM_COLLISION_CHECK bound to: ALL - type: string 
	Parameter C_COMMON_CLK bound to: 0 - type: integer 
	Parameter C_DISABLE_WARN_BHV_COLL bound to: 0 - type: integer 
	Parameter C_EN_SLEEP_PIN bound to: 0 - type: integer 
	Parameter C_USE_URAM bound to: 0 - type: integer 
	Parameter C_EN_RDADDRA_CHG bound to: 0 - type: integer 
	Parameter C_EN_RDADDRB_CHG bound to: 0 - type: integer 
	Parameter C_EN_DEEPSLEEP_PIN bound to: 0 - type: integer 
	Parameter C_EN_SHUTDOWN_PIN bound to: 0 - type: integer 
	Parameter C_EN_SAFETY_CKT bound to: 1 - type: integer 
	Parameter C_DISABLE_WARN_BHV_RANGE bound to: 0 - type: integer 
	Parameter C_COUNT_36K_BRAM bound to: 0 - type: string 
	Parameter C_COUNT_18K_BRAM bound to: 1 - type: string 
	Parameter C_EST_POWER_SUMMARY bound to: Estimated Power for IP     :     2.87285 mW - type: string 
INFO: [Synth 8-3491] module 'blk_mem_gen_v8_4_11' declared at '/home/xmen/Desktop/SystolicCore/vivado/SystolicCore/SystolicCore.gen/sources_1/ip/ram_single_port/hdl/blk_mem_gen_v8_4_vhsyn_rfs.vhd:195209' bound to instance 'U0' of component 'blk_mem_gen_v8_4_11' [/home/xmen/Desktop/SystolicCore/vivado/SystolicCore/SystolicCore.gen/sources_1/ip/ram_single_port/synth/ram_single_port.vhd:241]
INFO: [Synth 8-256] done synthesizing module 'ram_single_port' (0#1) [/home/xmen/Desktop/SystolicCore/vivado/SystolicCore/SystolicCore.gen/sources_1/ip/ram_single_port/synth/ram_single_port.vhd:72]
WARNING: [Synth 8-7129] Port CLKB in module blk_mem_output_block is either unconnected or has no load
WARNING: [Synth 8-7129] Port DOUTB_I[15] in module blk_mem_output_block is either unconnected or has no load
WARNING: [Synth 8-7129] Port DOUTB_I[14] in module blk_mem_output_block is either unconnected or has no load
WARNING: [Synth 8-7129] Port DOUTB_I[13] in module blk_mem_output_block is either unconnected or has no load
WARNING: [Synth 8-7129] Port DOUTB_I[12] in module blk_mem_output_block is either unconnected or has no load
WARNING: [Synth 8-7129] Port DOUTB_I[11] in module blk_mem_output_block is either unconnected or has no load
WARNING: [Synth 8-7129] Port DOUTB_I[10] in module blk_mem_output_block is either unconnected or has no load
WARNING: [Synth 8-7129] Port DOUTB_I[9] in module blk_mem_output_block is either unconnected or has no load
WARNING: [Synth 8-7129] Port DOUTB_I[8] in module blk_mem_output_block is either unconnected or has no load
WARNING: [Synth 8-7129] Port DOUTB_I[7] in module blk_mem_output_block is either unconnected or has no load
WARNING: [Synth 8-7129] Port DOUTB_I[6] in module blk_mem_output_block is either unconnected or has no load
WARNING: [Synth 8-7129] Port DOUTB_I[5] in module blk_mem_output_block is either unconnected or has no load
WARNING: [Synth 8-7129] Port DOUTB_I[4] in module blk_mem_output_block is either unconnected or has no load
WARNING: [Synth 8-7129] Port DOUTB_I[3] in module blk_mem_output_block is either unconnected or has no load
WARNING: [Synth 8-7129] Port DOUTB_I[2] in module blk_mem_output_block is either unconnected or has no load
WARNING: [Synth 8-7129] Port DOUTB_I[1] in module blk_mem_output_block is either unconnected or has no load
WARNING: [Synth 8-7129] Port DOUTB_I[0] in module blk_mem_output_block is either unconnected or has no load
WARNING: [Synth 8-7129] Port SBITERR_I in module blk_mem_output_block is either unconnected or has no load
WARNING: [Synth 8-7129] Port DBITERR_I in module blk_mem_output_block is either unconnected or has no load
WARNING: [Synth 8-7129] Port RDADDRECC_I[4] in module blk_mem_output_block is either unconnected or has no load
WARNING: [Synth 8-7129] Port RDADDRECC_I[3] in module blk_mem_output_block is either unconnected or has no load
WARNING: [Synth 8-7129] Port RDADDRECC_I[2] in module blk_mem_output_block is either unconnected or has no load
WARNING: [Synth 8-7129] Port RDADDRECC_I[1] in module blk_mem_output_block is either unconnected or has no load
WARNING: [Synth 8-7129] Port RDADDRECC_I[0] in module blk_mem_output_block is either unconnected or has no load
WARNING: [Synth 8-7129] Port DOUTB[35] in module blk_mem_gen_prim_wrapper is either unconnected or has no load
WARNING: [Synth 8-7129] Port DOUTB[34] in module blk_mem_gen_prim_wrapper is either unconnected or has no load
WARNING: [Synth 8-7129] Port DOUTB[33] in module blk_mem_gen_prim_wrapper is either unconnected or has no load
WARNING: [Synth 8-7129] Port DOUTB[32] in module blk_mem_gen_prim_wrapper is either unconnected or has no load
WARNING: [Synth 8-7129] Port DOUTB[31] in module blk_mem_gen_prim_wrapper is either unconnected or has no load
WARNING: [Synth 8-7129] Port DOUTB[30] in module blk_mem_gen_prim_wrapper is either unconnected or has no load
WARNING: [Synth 8-7129] Port DOUTB[29] in module blk_mem_gen_prim_wrapper is either unconnected or has no load
WARNING: [Synth 8-7129] Port DOUTB[28] in module blk_mem_gen_prim_wrapper is either unconnected or has no load
WARNING: [Synth 8-7129] Port DOUTB[27] in module blk_mem_gen_prim_wrapper is either unconnected or has no load
WARNING: [Synth 8-7129] Port DOUTB[26] in module blk_mem_gen_prim_wrapper is either unconnected or has no load
WARNING: [Synth 8-7129] Port DOUTB[25] in module blk_mem_gen_prim_wrapper is either unconnected or has no load
WARNING: [Synth 8-7129] Port DOUTB[24] in module blk_mem_gen_prim_wrapper is either unconnected or has no load
WARNING: [Synth 8-7129] Port DOUTB[23] in module blk_mem_gen_prim_wrapper is either unconnected or has no load
WARNING: [Synth 8-7129] Port DOUTB[22] in module blk_mem_gen_prim_wrapper is either unconnected or has no load
WARNING: [Synth 8-7129] Port DOUTB[21] in module blk_mem_gen_prim_wrapper is either unconnected or has no load
WARNING: [Synth 8-7129] Port DOUTB[20] in module blk_mem_gen_prim_wrapper is either unconnected or has no load
WARNING: [Synth 8-7129] Port DOUTB[19] in module blk_mem_gen_prim_wrapper is either unconnected or has no load
WARNING: [Synth 8-7129] Port DOUTB[18] in module blk_mem_gen_prim_wrapper is either unconnected or has no load
WARNING: [Synth 8-7129] Port DOUTB[17] in module blk_mem_gen_prim_wrapper is either unconnected or has no load
WARNING: [Synth 8-7129] Port DOUTB[16] in module blk_mem_gen_prim_wrapper is either unconnected or has no load
WARNING: [Synth 8-7129] Port DOUTB[15] in module blk_mem_gen_prim_wrapper is either unconnected or has no load
WARNING: [Synth 8-7129] Port DOUTB[14] in module blk_mem_gen_prim_wrapper is either unconnected or has no load
WARNING: [Synth 8-7129] Port DOUTB[13] in module blk_mem_gen_prim_wrapper is either unconnected or has no load
WARNING: [Synth 8-7129] Port DOUTB[12] in module blk_mem_gen_prim_wrapper is either unconnected or has no load
WARNING: [Synth 8-7129] Port DOUTB[11] in module blk_mem_gen_prim_wrapper is either unconnected or has no load
WARNING: [Synth 8-7129] Port DOUTB[10] in module blk_mem_gen_prim_wrapper is either unconnected or has no load
WARNING: [Synth 8-7129] Port DOUTB[9] in module blk_mem_gen_prim_wrapper is either unconnected or has no load
WARNING: [Synth 8-7129] Port DOUTB[8] in module blk_mem_gen_prim_wrapper is either unconnected or has no load
WARNING: [Synth 8-7129] Port DOUTB[7] in module blk_mem_gen_prim_wrapper is either unconnected or has no load
WARNING: [Synth 8-7129] Port DOUTB[6] in module blk_mem_gen_prim_wrapper is either unconnected or has no load
WARNING: [Synth 8-7129] Port DOUTB[5] in module blk_mem_gen_prim_wrapper is either unconnected or has no load
WARNING: [Synth 8-7129] Port DOUTB[4] in module blk_mem_gen_prim_wrapper is either unconnected or has no load
WARNING: [Synth 8-7129] Port DOUTB[3] in module blk_mem_gen_prim_wrapper is either unconnected or has no load
WARNING: [Synth 8-7129] Port DOUTB[2] in module blk_mem_gen_prim_wrapper is either unconnected or has no load
WARNING: [Synth 8-7129] Port DOUTB[1] in module blk_mem_gen_prim_wrapper is either unconnected or has no load
WARNING: [Synth 8-7129] Port DOUTB[0] in module blk_mem_gen_prim_wrapper is either unconnected or has no load
WARNING: [Synth 8-7129] Port SBITERR in module blk_mem_gen_prim_wrapper is either unconnected or has no load
WARNING: [Synth 8-7129] Port DBITERR in module blk_mem_gen_prim_wrapper is either unconnected or has no load
WARNING: [Synth 8-7129] Port SSRA in module blk_mem_gen_prim_wrapper is either unconnected or has no load
WARNING: [Synth 8-7129] Port CLKB in module blk_mem_gen_prim_wrapper is either unconnected or has no load
WARNING: [Synth 8-7129] Port SSRB in module blk_mem_gen_prim_wrapper is either unconnected or has no load
WARNING: [Synth 8-7129] Port ENB in module blk_mem_gen_prim_wrapper is either unconnected or has no load
WARNING: [Synth 8-7129] Port REGCEB in module blk_mem_gen_prim_wrapper is either unconnected or has no load
WARNING: [Synth 8-7129] Port WEB[0] in module blk_mem_gen_prim_wrapper is either unconnected or has no load
WARNING: [Synth 8-7129] Port ADDRB[8] in module blk_mem_gen_prim_wrapper is either unconnected or has no load
WARNING: [Synth 8-7129] Port ADDRB[7] in module blk_mem_gen_prim_wrapper is either unconnected or has no load
WARNING: [Synth 8-7129] Port ADDRB[6] in module blk_mem_gen_prim_wrapper is either unconnected or has no load
WARNING: [Synth 8-7129] Port ADDRB[5] in module blk_mem_gen_prim_wrapper is either unconnected or has no load
WARNING: [Synth 8-7129] Port ADDRB[4] in module blk_mem_gen_prim_wrapper is either unconnected or has no load
WARNING: [Synth 8-7129] Port ADDRB[3] in module blk_mem_gen_prim_wrapper is either unconnected or has no load
WARNING: [Synth 8-7129] Port ADDRB[2] in module blk_mem_gen_prim_wrapper is either unconnected or has no load
WARNING: [Synth 8-7129] Port ADDRB[1] in module blk_mem_gen_prim_wrapper is either unconnected or has no load
WARNING: [Synth 8-7129] Port ADDRB[0] in module blk_mem_gen_prim_wrapper is either unconnected or has no load
WARNING: [Synth 8-7129] Port DINB[35] in module blk_mem_gen_prim_wrapper is either unconnected or has no load
WARNING: [Synth 8-7129] Port DINB[34] in module blk_mem_gen_prim_wrapper is either unconnected or has no load
WARNING: [Synth 8-7129] Port DINB[33] in module blk_mem_gen_prim_wrapper is either unconnected or has no load
WARNING: [Synth 8-7129] Port DINB[32] in module blk_mem_gen_prim_wrapper is either unconnected or has no load
WARNING: [Synth 8-7129] Port DINB[31] in module blk_mem_gen_prim_wrapper is either unconnected or has no load
WARNING: [Synth 8-7129] Port DINB[30] in module blk_mem_gen_prim_wrapper is either unconnected or has no load
WARNING: [Synth 8-7129] Port DINB[29] in module blk_mem_gen_prim_wrapper is either unconnected or has no load
WARNING: [Synth 8-7129] Port DINB[28] in module blk_mem_gen_prim_wrapper is either unconnected or has no load
WARNING: [Synth 8-7129] Port DINB[27] in module blk_mem_gen_prim_wrapper is either unconnected or has no load
WARNING: [Synth 8-7129] Port DINB[26] in module blk_mem_gen_prim_wrapper is either unconnected or has no load
WARNING: [Synth 8-7129] Port DINB[25] in module blk_mem_gen_prim_wrapper is either unconnected or has no load
WARNING: [Synth 8-7129] Port DINB[24] in module blk_mem_gen_prim_wrapper is either unconnected or has no load
WARNING: [Synth 8-7129] Port DINB[23] in module blk_mem_gen_prim_wrapper is either unconnected or has no load
WARNING: [Synth 8-7129] Port DINB[22] in module blk_mem_gen_prim_wrapper is either unconnected or has no load
WARNING: [Synth 8-7129] Port DINB[21] in module blk_mem_gen_prim_wrapper is either unconnected or has no load
WARNING: [Synth 8-7129] Port DINB[20] in module blk_mem_gen_prim_wrapper is either unconnected or has no load
WARNING: [Synth 8-7129] Port DINB[19] in module blk_mem_gen_prim_wrapper is either unconnected or has no load
WARNING: [Synth 8-7129] Port DINB[18] in module blk_mem_gen_prim_wrapper is either unconnected or has no load
WARNING: [Synth 8-7129] Port DINB[17] in module blk_mem_gen_prim_wrapper is either unconnected or has no load
WARNING: [Synth 8-7129] Port DINB[16] in module blk_mem_gen_prim_wrapper is either unconnected or has no load
WARNING: [Synth 8-7129] Port DINB[15] in module blk_mem_gen_prim_wrapper is either unconnected or has no load
WARNING: [Synth 8-7129] Port DINB[14] in module blk_mem_gen_prim_wrapper is either unconnected or has no load
WARNING: [Synth 8-7129] Port DINB[13] in module blk_mem_gen_prim_wrapper is either unconnected or has no load
INFO: [Common 17-14] Message 'Synth 8-7129' appears 100 times and further instances of the messages will be disabled. Use the Tcl command set_msg_config to change the current settings.
---------------------------------------------------------------------------------
Finished RTL Elaboration : Time (s): cpu = 00:00:05 ; elapsed = 00:00:05 . Memory (MB): peak = 2618.910 ; gain = 719.750 ; free physical = 10077 ; free virtual = 42802
---------------------------------------------------------------------------------
---------------------------------------------------------------------------------
Start Handling Custom Attributes
---------------------------------------------------------------------------------
---------------------------------------------------------------------------------
Finished Handling Custom Attributes : Time (s): cpu = 00:00:05 ; elapsed = 00:00:05 . Memory (MB): peak = 2618.910 ; gain = 719.750 ; free physical = 10077 ; free virtual = 42802
---------------------------------------------------------------------------------
---------------------------------------------------------------------------------
Finished RTL Optimization Phase 1 : Time (s): cpu = 00:00:05 ; elapsed = 00:00:05 . Memory (MB): peak = 2618.910 ; gain = 719.750 ; free physical = 10077 ; free virtual = 42802
---------------------------------------------------------------------------------
Netlist sorting complete. Time (s): cpu = 00:00:00.01 ; elapsed = 00:00:00 . Memory (MB): peak = 2618.910 ; gain = 0.000 ; free physical = 10073 ; free virtual = 42799
INFO: [Netlist 29-17] Analyzing 1 Unisim elements for replacement
INFO: [Netlist 29-28] Unisim Transformation completed in 0 CPU seconds
INFO: [Project 1-570] Preparing netlist for logic optimization

Processing XDC Constraints
Initializing timing engine
Parsing XDC File [/home/xmen/Desktop/SystolicCore/vivado/SystolicCore/SystolicCore.gen/sources_1/ip/ram_single_port/ram_single_port_ooc.xdc] for cell 'U0'
Finished Parsing XDC File [/home/xmen/Desktop/SystolicCore/vivado/SystolicCore/SystolicCore.gen/sources_1/ip/ram_single_port/ram_single_port_ooc.xdc] for cell 'U0'
Parsing XDC File [/home/xmen/Desktop/SystolicCore/vivado/SystolicCore/SystolicCore.runs/ram_single_port_synth_1/dont_touch.xdc]
Finished Parsing XDC File [/home/xmen/Desktop/SystolicCore/vivado/SystolicCore/SystolicCore.runs/ram_single_port_synth_1/dont_touch.xdc]
Completed Processing XDC Constraints

Netlist sorting complete. Time (s): cpu = 00:00:00 ; elapsed = 00:00:00 . Memory (MB): peak = 2658.930 ; gain = 0.000 ; free physical = 10065 ; free virtual = 42786
INFO: [Project 1-111] Unisim Transformation Summary:
No Unisim elements were transformed.

Constraint Validation Runtime : Time (s): cpu = 00:00:00.01 ; elapsed = 00:00:00 . Memory (MB): peak = 2658.965 ; gain = 0.000 ; free physical = 10064 ; free virtual = 42785
INFO: [Designutils 20-5008] Incremental synthesis strategy off
---------------------------------------------------------------------------------
Finished Constraint Validation : Time (s): cpu = 00:00:08 ; elapsed = 00:00:08 . Memory (MB): peak = 2658.965 ; gain = 759.805 ; free physical = 10072 ; free virtual = 42784
---------------------------------------------------------------------------------
---------------------------------------------------------------------------------
Start Loading Part and Timing Information
---------------------------------------------------------------------------------
Loading part: xc7a100tcsg324-3
---------------------------------------------------------------------------------
Finished Loading Part and Timing Information : Time (s): cpu = 00:00:08 ; elapsed = 00:00:08 . Memory (MB): peak = 2666.934 ; gain = 767.773 ; free physical = 10072 ; free virtual = 42784
---------------------------------------------------------------------------------
---------------------------------------------------------------------------------
Start Applying 'set_property' XDC Constraints
---------------------------------------------------------------------------------
---------------------------------------------------------------------------------
Finished applying 'set_property' XDC Constraints : Time (s): cpu = 00:00:08 ; elapsed = 00:00:08 . Memory (MB): peak = 2666.934 ; gain = 767.773 ; free physical = 10072 ; free virtual = 42784
---------------------------------------------------------------------------------
---------------------------------------------------------------------------------
Finished RTL Optimization Phase 2 : Time (s): cpu = 00:00:08 ; elapsed = 00:00:08 . Memory (MB): peak = 2666.934 ; gain = 767.773 ; free physical = 10072 ; free virtual = 42785
---------------------------------------------------------------------------------
---------------------------------------------------------------------------------
Start RTL Component Statistics 
---------------------------------------------------------------------------------
Detailed RTL Component Info : 
+---XORs : 
	   2 Input      1 Bit         XORs := 1     
+---Registers : 
	                5 Bit    Registers := 1     
	                1 Bit    Registers := 6     
---------------------------------------------------------------------------------
Finished RTL Component Statistics 
---------------------------------------------------------------------------------
---------------------------------------------------------------------------------
Start Part Resource Summary
---------------------------------------------------------------------------------
Part Resources:
DSPs: 240 (col length:80)
BRAMs: 270 (col length: RAMB18 80 RAMB36 40)
---------------------------------------------------------------------------------
Finished Part Resource Summary
---------------------------------------------------------------------------------
---------------------------------------------------------------------------------
Start Cross Boundary and Area Optimization
---------------------------------------------------------------------------------
WARNING: [Synth 8-7080] Parallel synthesis criteria is not met
---------------------------------------------------------------------------------
Finished Cross Boundary and Area Optimization : Time (s): cpu = 00:00:08 ; elapsed = 00:00:09 . Memory (MB): peak = 2666.934 ; gain = 767.773 ; free physical = 10073 ; free virtual = 42787
---------------------------------------------------------------------------------
---------------------------------------------------------------------------------
Start Applying XDC Timing Constraints
---------------------------------------------------------------------------------
---------------------------------------------------------------------------------
Finished Applying XDC Timing Constraints : Time (s): cpu = 00:00:11 ; elapsed = 00:00:11 . Memory (MB): peak = 2666.934 ; gain = 767.773 ; free physical = 10096 ; free virtual = 42811
---------------------------------------------------------------------------------
---------------------------------------------------------------------------------
Start Timing Optimization
---------------------------------------------------------------------------------
---------------------------------------------------------------------------------
Finished Timing Optimization : Time (s): cpu = 00:00:11 ; elapsed = 00:00:11 . Memory (MB): peak = 2666.934 ; gain = 767.773 ; free physical = 10096 ; free virtual = 42811
---------------------------------------------------------------------------------
---------------------------------------------------------------------------------
Start Technology Mapping
---------------------------------------------------------------------------------
---------------------------------------------------------------------------------
Finished Technology Mapping : Time (s): cpu = 00:00:11 ; elapsed = 00:00:11 . Memory (MB): peak = 2666.934 ; gain = 767.773 ; free physical = 10096 ; free virtual = 42811
---------------------------------------------------------------------------------
---------------------------------------------------------------------------------
Start IO Insertion
---------------------------------------------------------------------------------
---------------------------------------------------------------------------------
Start Flattening Before IO Insertion
---------------------------------------------------------------------------------
---------------------------------------------------------------------------------
Finished Flattening Before IO Insertion
---------------------------------------------------------------------------------
---------------------------------------------------------------------------------
Start Final Netlist Cleanup
---------------------------------------------------------------------------------
---------------------------------------------------------------------------------
Finished Final Netlist Cleanup
---------------------------------------------------------------------------------
---------------------------------------------------------------------------------
Finished IO Insertion : Time (s): cpu = 00:00:12 ; elapsed = 00:00:12 . Memory (MB): peak = 2797.746 ; gain = 898.586 ; free physical = 9970 ; free virtual = 42685
---------------------------------------------------------------------------------
---------------------------------------------------------------------------------
Start Renaming Generated Instances
---------------------------------------------------------------------------------
---------------------------------------------------------------------------------
Finished Renaming Generated Instances : Time (s): cpu = 00:00:12 ; elapsed = 00:00:12 . Memory (MB): peak = 2797.746 ; gain = 898.586 ; free physical = 9970 ; free virtual = 42685
---------------------------------------------------------------------------------
---------------------------------------------------------------------------------
Start Rebuilding User Hierarchy
---------------------------------------------------------------------------------
---------------------------------------------------------------------------------
Finished Rebuilding User Hierarchy : Time (s): cpu = 00:00:12 ; elapsed = 00:00:12 . Memory (MB): peak = 2797.746 ; gain = 898.586 ; free physical = 9970 ; free virtual = 42685
---------------------------------------------------------------------------------
---------------------------------------------------------------------------------
Start Renaming Generated Ports
---------------------------------------------------------------------------------
---------------------------------------------------------------------------------
Finished Renaming Generated Ports : Time (s): cpu = 00:00:12 ; elapsed = 00:00:12 . Memory (MB): peak = 2797.746 ; gain = 898.586 ; free physical = 9970 ; free virtual = 42685
---------------------------------------------------------------------------------
---------------------------------------------------------------------------------
Start Handling Custom Attributes
---------------------------------------------------------------------------------
---------------------------------------------------------------------------------
Finished Handling Custom Attributes : Time (s): cpu = 00:00:12 ; elapsed = 00:00:12 . Memory (MB): peak = 2797.746 ; gain = 898.586 ; free physical = 9970 ; free virtual = 42685
---------------------------------------------------------------------------------
---------------------------------------------------------------------------------
Start Renaming Generated Nets
---------------------------------------------------------------------------------
---------------------------------------------------------------------------------
Finished Renaming Generated Nets : Time (s): cpu = 00:00:12 ; elapsed = 00:00:12 . Memory (MB): peak = 2797.746 ; gain = 898.586 ; free physical = 9970 ; free virtual = 42685
---------------------------------------------------------------------------------
---------------------------------------------------------------------------------
Start ROM, RAM, DSP, Shift Register and Retiming Reporting
---------------------------------------------------------------------------------

Static Shift Register Report:
+--------------------+-----------------------------------------------------------------------------------------------------------------------+--------+-------+--------------+--------------------+-------------------+--------+---------+
|Module Name         | RTL Name                                                                                                              | Length | Width | Reset Signal | Pull out first Reg | Pull out last Reg | SRL16E | SRLC32E | 
+--------------------+-----------------------------------------------------------------------------------------------------------------------+--------+-------+--------------+--------------------+-------------------+--------+---------+
|blk_mem_gen_v8_4_11 | inst_blk_mem_gen/gnbram.gnativebmg.native_blk_mem_gen/valid.cstr/ramloop[0].ram.r/SAFETY_CKT_GEN.RSTA_SHFT_REG_reg[4] | 4      | 1     | NO           | NO                 | YES               | 1      | 0       | 
+--------------------+-----------------------------------------------------------------------------------------------------------------------+--------+-------+--------------+--------------------+-------------------+--------+---------+

---------------------------------------------------------------------------------
Finished ROM, RAM, DSP, Shift Register and Retiming Reporting
---------------------------------------------------------------------------------
---------------------------------------------------------------------------------
Start Writing Synthesis Report
---------------------------------------------------------------------------------

Report BlackBoxes: 
+-+--------------+----------+
| |BlackBox name |Instances |
+-+--------------+----------+
+-+--------------+----------+

Report Cell Usage: 
+------+---------+------+
|      |Cell     |Count |
+------+---------+------+
|1     |LUT2     |     3|
|2     |LUT4     |     1|
|3     |RAMB18E1 |     1|
|4     |SRL16E   |     1|
|5     |FDRE     |     6|
+------+---------+------+
---------------------------------------------------------------------------------
Finished Writing Synthesis Report : Time (s): cpu = 00:00:12 ; elapsed = 00:00:12 . Memory (MB): peak = 2797.746 ; gain = 898.586 ; free physical = 9970 ; free virtual = 42685
---------------------------------------------------------------------------------
Synthesis finished with 0 errors, 0 critical warnings and 159 warnings.
Synthesis Optimization Runtime : Time (s): cpu = 00:00:11 ; elapsed = 00:00:12 . Memory (MB): peak = 2797.746 ; gain = 858.531 ; free physical = 9974 ; free virtual = 42689
Synthesis Optimization Complete : Time (s): cpu = 00:00:12 ; elapsed = 00:00:13 . Memory (MB): peak = 2797.754 ; gain = 898.586 ; free physical = 9974 ; free virtual = 42689
INFO: [Project 1-571] Translating synthesized netlist
Netlist sorting complete. Time (s): cpu = 00:00:00 ; elapsed = 00:00:00.01 . Memory (MB): peak = 2797.754 ; gain = 0.000 ; free physical = 9974 ; free virtual = 42689
INFO: [Netlist 29-17] Analyzing 1 Unisim elements for replacement
INFO: [Netlist 29-28] Unisim Transformation completed in 0 CPU seconds
INFO: [Project 1-570] Preparing netlist for logic optimization
INFO: [Opt 31-138] Pushed 0 inverter(s) to 0 load pin(s).
Netlist sorting complete. Time (s): cpu = 00:00:00 ; elapsed = 00:00:00 . Memory (MB): peak = 2800.715 ; gain = 0.000 ; free physical = 10126 ; free virtual = 42841
INFO: [Project 1-111] Unisim Transformation Summary:
No Unisim elements were transformed.

Synth Design complete | Checksum: 86ac999a
INFO: [Common 17-83] Releasing license: Synthesis
21 Infos, 101 Warnings, 0 Critical Warnings and 0 Errors encountered.
synth_design completed successfully
synth_design: Time (s): cpu = 00:00:15 ; elapsed = 00:00:14 . Memory (MB): peak = 2800.750 ; gain = 1044.801 ; free physical = 10125 ; free virtual = 42841
INFO: [Common 17-2834] synth_design peak Physical Memory [PSS] (MB): overall = 1871.298; main = 1774.170; forked = 283.396
INFO: [Common 17-2834] synth_design peak Virtual Memory [VSS] (MB): overall = 4264.793; main = 2800.719; forked = 1597.855
Write ShapeDB Complete: Time (s): cpu = 00:00:00 ; elapsed = 00:00:00 . Memory (MB): peak = 2824.727 ; gain = 0.000 ; free physical = 10125 ; free virtual = 42841
INFO: [Common 17-1381] The checkpoint '/home/xmen/Desktop/SystolicCore/vivado/SystolicCore/SystolicCore.runs/ram_single_port_synth_1/ram_single_port.dcp' has been generated.
INFO: [Coretcl 2-1648] Added synthesis output to IP cache for IP ram_single_port, cache-ID = 6b1f398a01378ab1
INFO: [Coretcl 2-1174] Renamed 6 cell refs.
Write ShapeDB Complete: Time (s): cpu = 00:00:00.01 ; elapsed = 00:00:00 . Memory (MB): peak = 2824.727 ; gain = 0.000 ; free physical = 10121 ; free virtual = 42836
INFO: [Common 17-1381] The checkpoint '/home/xmen/Desktop/SystolicCore/vivado/SystolicCore/SystolicCore.runs/ram_single_port_synth_1/ram_single_port.dcp' has been generated.
INFO: [Vivado 12-24828] Executing command : report_utilization -file ram_single_port_utilization_synth.rpt -pb ram_single_port_utilization_synth.pb
INFO: [Common 17-206] Exiting Vivado at Mon Nov 10 13:34:26 2025...
[Mon Nov 10 13:34:46 2025] ram_single_port_synth_1 finished
wait_on_runs: Time (s): cpu = 00:00:00.88 ; elapsed = 00:00:35 . Memory (MB): peak = 17036.395 ; gain = 0.000 ; free physical = 11710 ; free virtual = 44424
refresh_design
INFO: [Project 1-5699] Read binary netlist with skipMacroContent - 1
INFO: [Project 1-454] Reading design checkpoint '/home/xmen/Desktop/SystolicCore/vivado/SystolicCore/SystolicCore.gen/sources_1/ip/ram_single_port/ram_single_port.dcp' for cell 'SystolicCore0/serial2mem_opA/mem'
WARNING: [Netlist 29-739] Bus range ordering inconsistency detected for bus pin SystolicCore0/serial2mem_opA/mem/addra. Existing range for black box cell is 7:0, range for replacement cell is 4:0.
WARNING: [Netlist 29-739] Bus range ordering inconsistency detected for bus pin SystolicCore0/serial2mem_opA/mem/dina. Existing range for black box cell is 511:0, range for replacement cell is 15:0.
WARNING: [Netlist 29-739] Bus range ordering inconsistency detected for bus pin SystolicCore0/serial2mem_opA/mem/douta. Existing range for black box cell is 511:0, range for replacement cell is 15:0.
ERROR: [Netlist 29-77] Could not replace (cell 'ram_single_port', library 'work', file 'NOFILE') with (cell 'ram_single_port', library 'work_library0_4', file 'ram_single_port.edf') because of a port interface mismatch; 995 ports are missing on the replacing cell. 5 of the missing ports are: 'addra[7]' 'addra[6]' 'addra[5]' 'douta[17]' 'douta[16]'.
Resolution: Modify RTL to reference correct ports from the netlist
WARNING: [filemgmt 56-199] Attempt to get parsing info during refresh. "On-the-fly" syntax checking information may be incorrect. [/home/xmen/Desktop/SystolicCore/rtl/Arty7_top_sim.sv:]
WARNING: [filemgmt 56-199] Attempt to get parsing info during refresh. "On-the-fly" syntax checking information may be incorrect. [/home/xmen/Desktop/SystolicCore/tb/tb_fpga.sv:]
WARNING: [filemgmt 56-199] Attempt to get parsing info during refresh. "On-the-fly" syntax checking information may be incorrect. [/home/xmen/Desktop/SystolicCore/rtl/accumulator.sv:]
WARNING: [filemgmt 56-199] Attempt to get parsing info during refresh. "On-the-fly" syntax checking information may be incorrect. [/home/xmen/Desktop/SystolicCore/rtl/systolicMatrixMultiply.sv:]
WARNING: [filemgmt 56-199] Attempt to get parsing info during refresh. "On-the-fly" syntax checking information may be incorrect. [/home/xmen/Desktop/SystolicCore/rtl/Arty7_top_sim.sv:]
WARNING: [filemgmt 56-199] Attempt to get parsing info during refresh. "On-the-fly" syntax checking information may be incorrect. [/home/xmen/Desktop/SystolicCore/rtl/Arty7_top_sim.sv:]
WARNING: [filemgmt 56-199] Attempt to get parsing info during refresh. "On-the-fly" syntax checking information may be incorrect. [/home/xmen/Desktop/SystolicCore/rtl/Arty7_top_sim.sv:]
WARNING: [filemgmt 56-199] Attempt to get parsing info during refresh. "On-the-fly" syntax checking information may be incorrect. [/home/xmen/Desktop/SystolicCore/tb/tb_fpga.sv:]
WARNING: [filemgmt 56-199] Attempt to get parsing info during refresh. "On-the-fly" syntax checking information may be incorrect. [/home/xmen/Desktop/SystolicCore/rtl/accumulator.sv:]
WARNING: [filemgmt 56-199] Attempt to get parsing info during refresh. "On-the-fly" syntax checking information may be incorrect. [/home/xmen/Desktop/SystolicCore/rtl/systolicMatrixMultiply.sv:]
WARNING: [filemgmt 56-199] Attempt to get parsing info during refresh. "On-the-fly" syntax checking information may be incorrect. [/home/xmen/Desktop/SystolicCore/rtl/accumulator.sv:]
WARNING: [filemgmt 56-199] Attempt to get parsing info during refresh. "On-the-fly" syntax checking information may be incorrect. [/home/xmen/Desktop/SystolicCore/rtl/accumulator.sv:]
WARNING: [filemgmt 56-199] Attempt to get parsing info during refresh. "On-the-fly" syntax checking information may be incorrect. [/home/xmen/Desktop/SystolicCore/rtl/Arty7_top_sim.sv:]
WARNING: [filemgmt 56-199] Attempt to get parsing info during refresh. "On-the-fly" syntax checking information may be incorrect. [/home/xmen/Desktop/SystolicCore/tb/tb_fpga.sv:]
WARNING: [filemgmt 56-199] Attempt to get parsing info during refresh. "On-the-fly" syntax checking information may be incorrect. [/home/xmen/Desktop/SystolicCore/rtl/accumulator.sv:]
WARNING: [filemgmt 56-199] Attempt to get parsing info during refresh. "On-the-fly" syntax checking information may be incorrect. [/home/xmen/Desktop/SystolicCore/rtl/systolicMatrixMultiply.sv:]
WARNING: [filemgmt 56-199] Attempt to get parsing info during refresh. "On-the-fly" syntax checking information may be incorrect. [/home/xmen/Desktop/SystolicCore/rtl/systolicMatrixMultiply.sv:]
WARNING: [filemgmt 56-199] Attempt to get parsing info during refresh. "On-the-fly" syntax checking information may be incorrect. [/home/xmen/Desktop/SystolicCore/rtl/systolicMatrixMultiply.sv:]
WARNING: [IP_Flow 19-4067] Ignoring invalid widget type specified checkbox.Providing a default widget
WARNING: [IP_Flow 19-4067] Ignoring invalid widget type specified checkbox.Providing a default widget
set_property needs_refresh false [get_runs synth_1]
set_property needs_refresh false [get_runs impl_1]
set_property needs_refresh false [get_runs ram_single_port_synth_1]
WARNING: [IP_Flow 19-4067] Ignoring invalid widget type specified checkbox.Providing a default widget
WARNING: [IP_Flow 19-4067] Ignoring invalid widget type specified checkbox.Providing a default widget
reset_run synth_1
INFO: [Project 1-1161] Replacing file /home/xmen/Desktop/SystolicCore/vivado/SystolicCore/SystolicCore.srcs/utils_1/imports/synth_1/Arty7_top_sim.dcp with file /home/xmen/Desktop/SystolicCore/vivado/SystolicCore/SystolicCore.runs/synth_1/Arty7_top_sim.dcp
launch_runs synth_1 -jobs 32
[Mon Nov 10 13:35:54 2025] Launched synth_1...
Run output will be captured here: /home/xmen/Desktop/SystolicCore/vivado/SystolicCore/SystolicCore.runs/synth_1/runme.log
launch_runs impl_1 -jobs 32
WARNING: [Project 1-478] Design 'synth_1' is stale and will not be used when launching 'impl_1'
[Mon Nov 10 13:37:20 2025] Launched impl_1...
Run output will be captured here: /home/xmen/Desktop/SystolicCore/vivado/SystolicCore/SystolicCore.runs/impl_1/runme.log
close_design
open_run impl_1
Netlist sorting complete. Time (s): cpu = 00:00:00.01 ; elapsed = 00:00:00.02 . Memory (MB): peak = 17847.371 ; gain = 0.000 ; free physical = 11254 ; free virtual = 43750
INFO: [Netlist 29-17] Analyzing 924 Unisim elements for replacement
INFO: [Netlist 29-28] Unisim Transformation completed in 0 CPU seconds
INFO: [Project 1-479] Netlist was created with Vivado 2025.1
INFO: [Project 1-570] Preparing netlist for logic optimization
Read ShapeDB Complete: Time (s): cpu = 00:00:00.01 ; elapsed = 00:00:00.01 . Memory (MB): peak = 17847.371 ; gain = 0.000 ; free physical = 11255 ; free virtual = 43751
INFO: [Timing 38-478] Restoring timing data from binary archive.
INFO: [Timing 38-479] Binary timing data restore complete.
INFO: [Project 1-856] Restoring constraints from binary archive.
INFO: [Project 1-853] Binary constraint restore complete.
INFO: [Designutils 20-5722] Start Reading Physical Databases.
Reading placement.
Read Netlist Cache: Time (s): cpu = 00:00:00.01 ; elapsed = 00:00:00 . Memory (MB): peak = 17847.371 ; gain = 0.000 ; free physical = 11268 ; free virtual = 43755
Reading placer database...
Read Device Cache: Time (s): cpu = 00:00:00 ; elapsed = 00:00:00.01 . Memory (MB): peak = 17847.371 ; gain = 0.000 ; free physical = 11268 ; free virtual = 43755
Read PlaceDB: Time (s): cpu = 00:00:00.09 ; elapsed = 00:00:00.09 . Memory (MB): peak = 17847.371 ; gain = 0.000 ; free physical = 11268 ; free virtual = 43755
Read PulsedLatchDB: Time (s): cpu = 00:00:00 ; elapsed = 00:00:00 . Memory (MB): peak = 17847.371 ; gain = 0.000 ; free physical = 11268 ; free virtual = 43755
Reading routing.
Read RouteStorage: Time (s): cpu = 00:00:00.04 ; elapsed = 00:00:00.01 . Memory (MB): peak = 17847.371 ; gain = 0.000 ; free physical = 11268 ; free virtual = 43755
Read Physdb Files: Time (s): cpu = 00:00:00.14 ; elapsed = 00:00:00.11 . Memory (MB): peak = 17847.371 ; gain = 0.000 ; free physical = 11268 ; free virtual = 43755
Restored from archive | CPU: 0.140000 secs | Memory: 7.306381 MB |
Finished XDEF File Restore: Time (s): cpu = 00:00:00.14 ; elapsed = 00:00:00.11 . Memory (MB): peak = 17847.371 ; gain = 0.000 ; free physical = 11268 ; free virtual = 43755
Netlist sorting complete. Time (s): cpu = 00:00:00 ; elapsed = 00:00:00 . Memory (MB): peak = 17847.371 ; gain = 0.000 ; free physical = 11268 ; free virtual = 43755
INFO: [Project 1-111] Unisim Transformation Summary:
No Unisim elements were transformed.

report_utilization -name utilization_1
report_utilization -name utilization_2
create_dataflow_design
INFO: [Vivado_Tcl 4-1924] Creating dataflow design from design 'impl_1'. Use the current_design command to change the design from which dataflow design is created.
INFO: [Implflow 47-2768] Generation of Dataflow netlist complete, took 0 seconds
Netlist sorting complete. Time (s): cpu = 00:00:00 ; elapsed = 00:00:00 . Memory (MB): peak = 17847.371 ; gain = 0.000 ; free physical = 10904 ; free virtual = 43406
INFO: [Project 1-570] Preparing netlist for logic optimization
Netlist sorting complete. Time (s): cpu = 00:00:00 ; elapsed = 00:00:00 . Memory (MB): peak = 17847.371 ; gain = 0.000 ; free physical = 10903 ; free virtual = 43405
INFO: [Project 1-111] Unisim Transformation Summary:
No Unisim elements were transformed.

WARNING: [filemgmt 56-199] Attempt to get parsing info during refresh. "On-the-fly" syntax checking information may be incorrect. [/home/xmen/Desktop/SystolicCore/rtl/Arty7_top_sim.sv:]
WARNING: [filemgmt 56-199] Attempt to get parsing info during refresh. "On-the-fly" syntax checking information may be incorrect. [/home/xmen/Desktop/SystolicCore/rtl/SystolicCore.sv:]
WARNING: [filemgmt 56-199] Attempt to get parsing info during refresh. "On-the-fly" syntax checking information may be incorrect. [/home/xmen/Desktop/SystolicCore/rtl/SystolicCore.sv:]
WARNING: [filemgmt 56-199] Attempt to get parsing info during refresh. "On-the-fly" syntax checking information may be incorrect. [/home/xmen/Desktop/SystolicCore/rtl/SystolicCore.sv:]
WARNING: [IP_Flow 19-4067] Ignoring invalid widget type specified checkbox.Providing a default widget
create_ip -name ila -vendor xilinx.com -library ip -version 6.2 -module_name ila_0
set_property -dict [list \
  CONFIG.C_DATA_DEPTH {16384} \
  CONFIG.C_NUM_OF_PROBES {16} \
  CONFIG.C_PROBE0_WIDTH {8} \
  CONFIG.C_PROBE10_WIDTH {8} \
  CONFIG.C_PROBE11_WIDTH {8} \
  CONFIG.C_PROBE12_WIDTH {8} \
  CONFIG.C_PROBE13_WIDTH {8} \
  CONFIG.C_PROBE14_WIDTH {8} \
  CONFIG.C_PROBE15_WIDTH {8} \
  CONFIG.C_PROBE1_WIDTH {8} \
  CONFIG.C_PROBE2_WIDTH {8} \
  CONFIG.C_PROBE3_WIDTH {8} \
  CONFIG.C_PROBE4_WIDTH {8} \
  CONFIG.C_PROBE5_WIDTH {8} \
  CONFIG.C_PROBE6_WIDTH {8} \
  CONFIG.C_PROBE7_WIDTH {8} \
  CONFIG.C_PROBE8_WIDTH {8} \
  CONFIG.C_PROBE9_WIDTH {8} \
] [get_ips ila_0]
generate_target {instantiation_template} [get_files /home/xmen/Desktop/SystolicCore/vivado/SystolicCore/SystolicCore.srcs/sources_1/ip/ila_0_1/ila_0.xci]
INFO: [IP_Flow 19-1686] Generating 'Instantiation Template' target for IP 'ila_0'...
WARNING: [filemgmt 56-199] Attempt to get parsing info during refresh. "On-the-fly" syntax checking information may be incorrect. [/home/xmen/Desktop/SystolicCore/rtl/Arty7_top_sim.sv:]
WARNING: [filemgmt 56-199] Attempt to get parsing info during refresh. "On-the-fly" syntax checking information may be incorrect. [/home/xmen/Desktop/SystolicCore/rtl/SystolicCore.sv:]
WARNING: [filemgmt 56-199] Attempt to get parsing info during refresh. "On-the-fly" syntax checking information may be incorrect. [/home/xmen/Desktop/SystolicCore/rtl/SystolicCore.sv:]
WARNING: [filemgmt 56-199] Attempt to get parsing info during refresh. "On-the-fly" syntax checking information may be incorrect. [/home/xmen/Desktop/SystolicCore/rtl/SystolicCore.sv:]
generate_target all [get_files  /home/xmen/Desktop/SystolicCore/vivado/SystolicCore/SystolicCore.srcs/sources_1/ip/ila_0_1/ila_0.xci]
INFO: [IP_Flow 19-1686] Generating 'Synthesis' target for IP 'ila_0'...
WARNING: [IP_Flow 19-4994] Overwriting existing constraint file '/home/xmen/Desktop/SystolicCore/vivado/SystolicCore/SystolicCore.gen/sources_1/ip/ila_0_1/ila_0_ooc.xdc'
INFO: [IP_Flow 19-1686] Generating 'Simulation' target for IP 'ila_0'...
INFO: [IP_Flow 19-1686] Generating 'Implementation' target for IP 'ila_0'...
INFO: [IP_Flow 19-1686] Generating 'Change Log' target for IP 'ila_0'...
catch { config_ip_cache -export [get_ips -all ila_0] }
export_ip_user_files -of_objects [get_files /home/xmen/Desktop/SystolicCore/vivado/SystolicCore/SystolicCore.srcs/sources_1/ip/ila_0_1/ila_0.xci] -no_script -sync -force -quiet
create_ip_run [get_files -of_objects [get_fileset sources_1] /home/xmen/Desktop/SystolicCore/vivado/SystolicCore/SystolicCore.srcs/sources_1/ip/ila_0_1/ila_0.xci]
launch_runs ila_0_synth_1 -jobs 32
[Mon Nov 10 13:45:27 2025] Launched ila_0_synth_1...
Run output will be captured here: /home/xmen/Desktop/SystolicCore/vivado/SystolicCore/SystolicCore.runs/ila_0_synth_1/runme.log
export_simulation -lib_map_path [list {modelsim=/home/xmen/Desktop/SystolicCore/vivado/SystolicCore/SystolicCore.cache/compile_simlib/modelsim} {questa=/home/xmen/Desktop/SystolicCore/vivado/SystolicCore/SystolicCore.cache/compile_simlib/questa} {xcelium=/home/xmen/Desktop/SystolicCore/vivado/SystolicCore/SystolicCore.cache/compile_simlib/xcelium} {vcs=/home/xmen/Desktop/SystolicCore/vivado/SystolicCore/SystolicCore.cache/compile_simlib/vcs} {riviera=/home/xmen/Desktop/SystolicCore/vivado/SystolicCore/SystolicCore.cache/compile_simlib/riviera}] -of_objects [get_files /home/xmen/Desktop/SystolicCore/vivado/SystolicCore/SystolicCore.srcs/sources_1/ip/ila_0_1/ila_0.xci] -directory /home/xmen/Desktop/SystolicCore/vivado/SystolicCore/SystolicCore.ip_user_files/sim_scripts -ip_user_files_dir /home/xmen/Desktop/SystolicCore/vivado/SystolicCore/SystolicCore.ip_user_files -ipstatic_source_dir /home/xmen/Desktop/SystolicCore/vivado/SystolicCore/SystolicCore.ip_user_files/ipstatic -use_ip_compiled_libs -force -quiet
WARNING: [IP_Flow 19-4067] Ignoring invalid widget type specified checkbox.Providing a default widget
WARNING: [IP_Flow 19-4067] Ignoring invalid widget type specified checkbox.Providing a default widget
WARNING: [IP_Flow 19-4067] Ignoring invalid widget type specified checkbox.Providing a default widget
WARNING: [filemgmt 56-199] Attempt to get parsing info during refresh. "On-the-fly" syntax checking information may be incorrect. [/home/xmen/Desktop/SystolicCore/rtl/Arty7_top_sim.sv:]
WARNING: [filemgmt 56-199] Attempt to get parsing info during refresh. "On-the-fly" syntax checking information may be incorrect. [/home/xmen/Desktop/SystolicCore/rtl/SystolicCore.sv:]
WARNING: [filemgmt 56-199] Attempt to get parsing info during refresh. "On-the-fly" syntax checking information may be incorrect. [/home/xmen/Desktop/SystolicCore/rtl/SystolicCore.sv:]
WARNING: [filemgmt 56-199] Attempt to get parsing info during refresh. "On-the-fly" syntax checking information may be incorrect. [/home/xmen/Desktop/SystolicCore/rtl/SystolicCore.sv:]
WARNING: [filemgmt 56-199] Attempt to get parsing info during refresh. "On-the-fly" syntax checking information may be incorrect. [/home/xmen/Desktop/SystolicCore/vivado/SystolicCore/SystolicCore.gen/sources_1/ip/ila_0_1/ila_0.veo:]
WARNING: [filemgmt 56-199] Attempt to get parsing info during refresh. "On-the-fly" syntax checking information may be incorrect. [/home/xmen/Desktop/SystolicCore/vivado/SystolicCore/SystolicCore.gen/sources_1/ip/ila_0_1/ila_0.veo:]
WARNING: [filemgmt 56-199] Attempt to get parsing info during refresh. "On-the-fly" syntax checking information may be incorrect. [/home/xmen/Desktop/SystolicCore/vivado/SystolicCore/SystolicCore.gen/sources_1/ip/ram_single_port/ram_single_port.veo:]
WARNING: [filemgmt 56-199] Attempt to get parsing info during refresh. "On-the-fly" syntax checking information may be incorrect. [/home/xmen/Desktop/SystolicCore/vivado/SystolicCore/SystolicCore.gen/sources_1/ip/ram_single_port/ram_single_port.veo:]
reset_run synth_1
INFO: [Project 1-1161] Replacing file /home/xmen/Desktop/SystolicCore/vivado/SystolicCore/SystolicCore.srcs/utils_1/imports/synth_1/Arty7_top_sim.dcp with file /home/xmen/Desktop/SystolicCore/vivado/SystolicCore/SystolicCore.runs/synth_1/Arty7_top_sim.dcp
launch_runs impl_1 -to_step write_bitstream -jobs 32
[Mon Nov 10 13:46:07 2025] Launched ila_0_synth_1, synth_1...
Run output will be captured here:
ila_0_synth_1: /home/xmen/Desktop/SystolicCore/vivado/SystolicCore/SystolicCore.runs/ila_0_synth_1/runme.log
synth_1: /home/xmen/Desktop/SystolicCore/vivado/SystolicCore/SystolicCore.runs/synth_1/runme.log
[Mon Nov 10 13:46:07 2025] Launched impl_1...
Run output will be captured here: /home/xmen/Desktop/SystolicCore/vivado/SystolicCore/SystolicCore.runs/impl_1/runme.log
WARNING: [filemgmt 56-199] Attempt to get parsing info during refresh. "On-the-fly" syntax checking information may be incorrect. [/home/xmen/Desktop/SystolicCore/rtl/Arty7_top_sim.sv:]
WARNING: [filemgmt 56-199] Attempt to get parsing info during refresh. "On-the-fly" syntax checking information may be incorrect. [/home/xmen/Desktop/SystolicCore/rtl/SystolicCore.sv:]
WARNING: [filemgmt 56-199] Attempt to get parsing info during refresh. "On-the-fly" syntax checking information may be incorrect. [/home/xmen/Desktop/SystolicCore/rtl/SystolicCore.sv:]
WARNING: [filemgmt 56-199] Attempt to get parsing info during refresh. "On-the-fly" syntax checking information may be incorrect. [/home/xmen/Desktop/SystolicCore/rtl/SystolicCore.sv:]
WARNING: [filemgmt 56-199] Attempt to get parsing info during refresh. "On-the-fly" syntax checking information may be incorrect. [/home/xmen/Desktop/SystolicCore/vivado/SystolicCore/SystolicCore.gen/sources_1/ip/ram_single_port/ram_single_port.veo:]
WARNING: [filemgmt 56-199] Attempt to get parsing info during refresh. "On-the-fly" syntax checking information may be incorrect. [/home/xmen/Desktop/SystolicCore/vivado/SystolicCore/SystolicCore.gen/sources_1/ip/ram_single_port/ram_single_port.veo:]
WARNING: [filemgmt 56-199] Attempt to get parsing info during refresh. "On-the-fly" syntax checking information may be incorrect. [/home/xmen/Desktop/SystolicCore/vivado/SystolicCore/SystolicCore.gen/sources_1/ip/ila_0_1/ila_0.veo:]
WARNING: [filemgmt 56-199] Attempt to get parsing info during refresh. "On-the-fly" syntax checking information may be incorrect. [/home/xmen/Desktop/SystolicCore/vivado/SystolicCore/SystolicCore.gen/sources_1/ip/ila_0_1/ila_0.veo:]
current_design impl_1
report_utilization -name utilization_3
refresh_design
Netlist sorting complete. Time (s): cpu = 00:00:00.04 ; elapsed = 00:00:00.05 . Memory (MB): peak = 17991.891 ; gain = 0.000 ; free physical = 12769 ; free virtual = 45223
INFO: [Netlist 29-17] Analyzing 1226 Unisim elements for replacement
INFO: [Netlist 29-28] Unisim Transformation completed in 0 CPU seconds
INFO: [Project 1-479] Netlist was created with Vivado 2025.1
INFO: [Project 1-570] Preparing netlist for logic optimization
Read ShapeDB Complete: Time (s): cpu = 00:00:00.01 ; elapsed = 00:00:00.01 . Memory (MB): peak = 17991.891 ; gain = 0.000 ; free physical = 12770 ; free virtual = 45224
INFO: [Timing 38-478] Restoring timing data from binary archive.
INFO: [Timing 38-479] Binary timing data restore complete.
INFO: [Project 1-856] Restoring constraints from binary archive.
INFO: [Project 1-853] Binary constraint restore complete.
INFO: [Designutils 20-5722] Start Reading Physical Databases.
Reading placement.
Read Netlist Cache: Time (s): cpu = 00:00:00.01 ; elapsed = 00:00:00.01 . Memory (MB): peak = 17991.891 ; gain = 0.000 ; free physical = 12782 ; free virtual = 45237
Reading placer database...
Read Device Cache: Time (s): cpu = 00:00:00 ; elapsed = 00:00:00 . Memory (MB): peak = 17991.891 ; gain = 0.000 ; free physical = 12782 ; free virtual = 45237
Read PlaceDB: Time (s): cpu = 00:00:00.16 ; elapsed = 00:00:00.16 . Memory (MB): peak = 17991.891 ; gain = 0.000 ; free physical = 12782 ; free virtual = 45237
Read PulsedLatchDB: Time (s): cpu = 00:00:00 ; elapsed = 00:00:00 . Memory (MB): peak = 17991.891 ; gain = 0.000 ; free physical = 12782 ; free virtual = 45237
Reading routing.
Read RouteStorage: Time (s): cpu = 00:00:00.07 ; elapsed = 00:00:00.03 . Memory (MB): peak = 17991.891 ; gain = 0.000 ; free physical = 12782 ; free virtual = 45237
Read Physdb Files: Time (s): cpu = 00:00:00.24 ; elapsed = 00:00:00.2 . Memory (MB): peak = 17991.891 ; gain = 0.000 ; free physical = 12782 ; free virtual = 45237
Restored from archive | CPU: 0.250000 secs | Memory: 13.828911 MB |
Finished XDEF File Restore: Time (s): cpu = 00:00:00.24 ; elapsed = 00:00:00.2 . Memory (MB): peak = 17991.891 ; gain = 0.000 ; free physical = 12782 ; free virtual = 45237
WARNING: [Timing 38-436] There are set_bus_skew constraint(s) in this design. Please run report_bus_skew to ensure that bus skew requirements are met.
open_hw_manager
connect_hw_server -allow_non_jtag
INFO: [Labtools 27-2285] Connecting to hw_server url TCP:localhost:3121
INFO: [Labtools 27-2222] Launching hw_server...
INFO: [Labtools 27-2221] Launch Output:

****** Xilinx hw_server v2025.1
  **** Build date : May  6 2025 at 15:14:51
    ** Copyright 1986-2022 Xilinx, Inc. All Rights Reserved.


INFO: [Labtools 27-3415] Connecting to cs_server url TCP:localhost:0
INFO: [Labtools 27-3417] Launching cs_server...
INFO: [Labtools 27-2221] Launch Output:


******** Xilinx cs_server v2025.1.0
  ****** Build date   : May 13 2025-16:15:27
    **** Build number : 2025.1.1747163727
      ** Copyright 2017-2022 Xilinx, Inc. All Rights Reserved.
      ** Copyright 2022-2025 Advanced Micro Devices, Inc. All Rights Reserved.



open_hw_target
INFO: [Labtoolstcl 44-466] Opening hw_target localhost:3121/xilinx_tcf/Digilent/210319B9B255A
set_property PROGRAM.FILE {/home/xmen/Desktop/SystolicCore/vivado/SystolicCore/SystolicCore.runs/impl_1/Arty7_top_sim.bit} [get_hw_devices xc7a100t_0]
set_property PROBES.FILE {/home/xmen/Desktop/SystolicCore/vivado/SystolicCore/SystolicCore.runs/impl_1/Arty7_top_sim.ltx} [get_hw_devices xc7a100t_0]
set_property FULL_PROBES.FILE {/home/xmen/Desktop/SystolicCore/vivado/SystolicCore/SystolicCore.runs/impl_1/Arty7_top_sim.ltx} [get_hw_devices xc7a100t_0]
current_hw_device [get_hw_devices xc7a100t_0]
refresh_hw_device [lindex [get_hw_devices xc7a100t_0] 0]
INFO: [Labtools 27-2302] Device xc7a100t (JTAG device index = 0) is programmed with a design that has 1 ILA core(s).
WARNING: [Labtools 27-1972] Mismatch between the design programmed into the device xc7a100t (JTAG device index = 0) and the probes file(s) /home/xmen/Desktop/SystolicCore/vivado/SystolicCore/SystolicCore.runs/impl_1/Arty7_top_sim.ltx.
 The core at location uuid_EB9DBFC8A24953E592C4564A55F4188E has different widths for ILA input port 8. Port width in the device core is 1, but port width in the probes file is 8.
Resolution: 
1. Reprogram device with the correct programming file and associated probes file(s) OR
2. Goto device properties and associate the correct probes file(s) with the programming file already programmed in the device.
set_property PROBES.FILE {/home/xmen/Desktop/SystolicCore/vivado/SystolicCore/SystolicCore.runs/impl_1/Arty7_top_sim.ltx} [get_hw_devices xc7a100t_0]
set_property FULL_PROBES.FILE {/home/xmen/Desktop/SystolicCore/vivado/SystolicCore/SystolicCore.runs/impl_1/Arty7_top_sim.ltx} [get_hw_devices xc7a100t_0]
set_property PROGRAM.FILE {/home/xmen/Desktop/SystolicCore/vivado/SystolicCore/SystolicCore.runs/impl_1/Arty7_top_sim.bit} [get_hw_devices xc7a100t_0]
program_hw_devices [get_hw_devices xc7a100t_0]
INFO: [Labtools 27-3164] End of startup status: HIGH
refresh_hw_device [lindex [get_hw_devices xc7a100t_0] 0]
INFO: [Labtools 27-2302] Device xc7a100t (JTAG device index = 0) is programmed with a design that has 1 ILA core(s).
display_hw_ila_data [ get_hw_ila_data hw_ila_data_1 -of_objects [get_hw_ilas -of_objects [get_hw_devices xc7a100t_0] -filter {CELL_NAME=~"SystolicCore0/ILA"}]]
run_hw_ila [get_hw_ilas -of_objects [get_hw_devices xc7a100t_0] -filter {CELL_NAME=~"SystolicCore0/ILA"}]
INFO: [Labtools 27-1964] The ILA core 'hw_ila_1' trigger was armed at 2025-Nov-10 13:52:46
wait_on_hw_ila [get_hw_ilas -of_objects [get_hw_devices xc7a100t_0] -filter {CELL_NAME=~"SystolicCore0/ILA"}]
display_hw_ila_data [upload_hw_ila_data [get_hw_ilas -of_objects [get_hw_devices xc7a100t_0] -filter {CELL_NAME=~"SystolicCore0/ILA"}]]
INFO: [Labtools 27-1966] The ILA core 'hw_ila_1' triggered at 2025-Nov-10 13:52:46
INFO: [Labtools 27-3304] ILA Waveform data saved to file /home/xmen/Desktop/SystolicCore/vivado/SystolicCore/SystolicCore.hw/backup/hw_ila_data_1.ila. Use Tcl command 'read_hw_ila_data' or Vivado File->Import->Import ILA Data menu item to import the previously saved data.
run_hw_ila [get_hw_ilas -of_objects [get_hw_devices xc7a100t_0] -filter {CELL_NAME=~"SystolicCore0/ILA"}]
INFO: [Labtools 27-1964] The ILA core 'hw_ila_1' trigger was armed at 2025-Nov-10 13:52:50
wait_on_hw_ila [get_hw_ilas -of_objects [get_hw_devices xc7a100t_0] -filter {CELL_NAME=~"SystolicCore0/ILA"}]
display_hw_ila_data [upload_hw_ila_data [get_hw_ilas -of_objects [get_hw_devices xc7a100t_0] -filter {CELL_NAME=~"SystolicCore0/ILA"}]]
INFO: [Labtools 27-1966] The ILA core 'hw_ila_1' triggered at 2025-Nov-10 13:52:50
INFO: [Labtools 27-3304] ILA Waveform data saved to file /home/xmen/Desktop/SystolicCore/vivado/SystolicCore/SystolicCore.hw/backup/hw_ila_data_1.ila. Use Tcl command 'read_hw_ila_data' or Vivado File->Import->Import ILA Data menu item to import the previously saved data.
run_hw_ila [get_hw_ilas -of_objects [get_hw_devices xc7a100t_0] -filter {CELL_NAME=~"SystolicCore0/ILA"}]
INFO: [Labtools 27-1964] The ILA core 'hw_ila_1' trigger was armed at 2025-Nov-10 13:52:53
wait_on_hw_ila [get_hw_ilas -of_objects [get_hw_devices xc7a100t_0] -filter {CELL_NAME=~"SystolicCore0/ILA"}]
display_hw_ila_data [upload_hw_ila_data [get_hw_ilas -of_objects [get_hw_devices xc7a100t_0] -filter {CELL_NAME=~"SystolicCore0/ILA"}]]
INFO: [Labtools 27-1966] The ILA core 'hw_ila_1' triggered at 2025-Nov-10 13:52:53
INFO: [Labtools 27-3304] ILA Waveform data saved to file /home/xmen/Desktop/SystolicCore/vivado/SystolicCore/SystolicCore.hw/backup/hw_ila_data_1.ila. Use Tcl command 'read_hw_ila_data' or Vivado File->Import->Import ILA Data menu item to import the previously saved data.
run_hw_ila [get_hw_ilas -of_objects [get_hw_devices xc7a100t_0] -filter {CELL_NAME=~"SystolicCore0/ILA"}]
INFO: [Labtools 27-1964] The ILA core 'hw_ila_1' trigger was armed at 2025-Nov-10 13:52:56
wait_on_hw_ila [get_hw_ilas -of_objects [get_hw_devices xc7a100t_0] -filter {CELL_NAME=~"SystolicCore0/ILA"}]
display_hw_ila_data [upload_hw_ila_data [get_hw_ilas -of_objects [get_hw_devices xc7a100t_0] -filter {CELL_NAME=~"SystolicCore0/ILA"}]]
INFO: [Labtools 27-1966] The ILA core 'hw_ila_1' triggered at 2025-Nov-10 13:52:56
INFO: [Labtools 27-3304] ILA Waveform data saved to file /home/xmen/Desktop/SystolicCore/vivado/SystolicCore/SystolicCore.hw/backup/hw_ila_data_1.ila. Use Tcl command 'read_hw_ila_data' or Vivado File->Import->Import ILA Data menu item to import the previously saved data.
run_hw_ila [get_hw_ilas -of_objects [get_hw_devices xc7a100t_0] -filter {CELL_NAME=~"SystolicCore0/ILA"}]
INFO: [Labtools 27-1964] The ILA core 'hw_ila_1' trigger was armed at 2025-Nov-10 13:52:59
wait_on_hw_ila [get_hw_ilas -of_objects [get_hw_devices xc7a100t_0] -filter {CELL_NAME=~"SystolicCore0/ILA"}]
display_hw_ila_data [upload_hw_ila_data [get_hw_ilas -of_objects [get_hw_devices xc7a100t_0] -filter {CELL_NAME=~"SystolicCore0/ILA"}]]
INFO: [Labtools 27-1966] The ILA core 'hw_ila_1' triggered at 2025-Nov-10 13:52:59
INFO: [Labtools 27-3304] ILA Waveform data saved to file /home/xmen/Desktop/SystolicCore/vivado/SystolicCore/SystolicCore.hw/backup/hw_ila_data_1.ila. Use Tcl command 'read_hw_ila_data' or Vivado File->Import->Import ILA Data menu item to import the previously saved data.
run_hw_ila [get_hw_ilas -of_objects [get_hw_devices xc7a100t_0] -filter {CELL_NAME=~"SystolicCore0/ILA"}]
INFO: [Labtools 27-1964] The ILA core 'hw_ila_1' trigger was armed at 2025-Nov-10 13:53:03
wait_on_hw_ila [get_hw_ilas -of_objects [get_hw_devices xc7a100t_0] -filter {CELL_NAME=~"SystolicCore0/ILA"}]
display_hw_ila_data [upload_hw_ila_data [get_hw_ilas -of_objects [get_hw_devices xc7a100t_0] -filter {CELL_NAME=~"SystolicCore0/ILA"}]]
INFO: [Labtools 27-1966] The ILA core 'hw_ila_1' triggered at 2025-Nov-10 13:53:03
INFO: [Labtools 27-3304] ILA Waveform data saved to file /home/xmen/Desktop/SystolicCore/vivado/SystolicCore/SystolicCore.hw/backup/hw_ila_data_1.ila. Use Tcl command 'read_hw_ila_data' or Vivado File->Import->Import ILA Data menu item to import the previously saved data.
run_hw_ila [get_hw_ilas -of_objects [get_hw_devices xc7a100t_0] -filter {CELL_NAME=~"SystolicCore0/ILA"}]
INFO: [Labtools 27-1964] The ILA core 'hw_ila_1' trigger was armed at 2025-Nov-10 13:53:06
wait_on_hw_ila [get_hw_ilas -of_objects [get_hw_devices xc7a100t_0] -filter {CELL_NAME=~"SystolicCore0/ILA"}]
display_hw_ila_data [upload_hw_ila_data [get_hw_ilas -of_objects [get_hw_devices xc7a100t_0] -filter {CELL_NAME=~"SystolicCore0/ILA"}]]
INFO: [Labtools 27-1966] The ILA core 'hw_ila_1' triggered at 2025-Nov-10 13:53:06
INFO: [Labtools 27-3304] ILA Waveform data saved to file /home/xmen/Desktop/SystolicCore/vivado/SystolicCore/SystolicCore.hw/backup/hw_ila_data_1.ila. Use Tcl command 'read_hw_ila_data' or Vivado File->Import->Import ILA Data menu item to import the previously saved data.
run_hw_ila [get_hw_ilas -of_objects [get_hw_devices xc7a100t_0] -filter {CELL_NAME=~"SystolicCore0/ILA"}]
INFO: [Labtools 27-1964] The ILA core 'hw_ila_1' trigger was armed at 2025-Nov-10 13:53:09
wait_on_hw_ila [get_hw_ilas -of_objects [get_hw_devices xc7a100t_0] -filter {CELL_NAME=~"SystolicCore0/ILA"}]
display_hw_ila_data [upload_hw_ila_data [get_hw_ilas -of_objects [get_hw_devices xc7a100t_0] -filter {CELL_NAME=~"SystolicCore0/ILA"}]]
INFO: [Labtools 27-1966] The ILA core 'hw_ila_1' triggered at 2025-Nov-10 13:53:09
INFO: [Labtools 27-3304] ILA Waveform data saved to file /home/xmen/Desktop/SystolicCore/vivado/SystolicCore/SystolicCore.hw/backup/hw_ila_data_1.ila. Use Tcl command 'read_hw_ila_data' or Vivado File->Import->Import ILA Data menu item to import the previously saved data.
run_hw_ila [get_hw_ilas -of_objects [get_hw_devices xc7a100t_0] -filter {CELL_NAME=~"SystolicCore0/ILA"}]
INFO: [Labtools 27-1964] The ILA core 'hw_ila_1' trigger was armed at 2025-Nov-10 13:53:12
wait_on_hw_ila [get_hw_ilas -of_objects [get_hw_devices xc7a100t_0] -filter {CELL_NAME=~"SystolicCore0/ILA"}]
display_hw_ila_data [upload_hw_ila_data [get_hw_ilas -of_objects [get_hw_devices xc7a100t_0] -filter {CELL_NAME=~"SystolicCore0/ILA"}]]
INFO: [Labtools 27-1966] The ILA core 'hw_ila_1' triggered at 2025-Nov-10 13:53:13
INFO: [Labtools 27-3304] ILA Waveform data saved to file /home/xmen/Desktop/SystolicCore/vivado/SystolicCore/SystolicCore.hw/backup/hw_ila_data_1.ila. Use Tcl command 'read_hw_ila_data' or Vivado File->Import->Import ILA Data menu item to import the previously saved data.
run_hw_ila [get_hw_ilas -of_objects [get_hw_devices xc7a100t_0] -filter {CELL_NAME=~"SystolicCore0/ILA"}]
INFO: [Labtools 27-1964] The ILA core 'hw_ila_1' trigger was armed at 2025-Nov-10 13:53:16
wait_on_hw_ila [get_hw_ilas -of_objects [get_hw_devices xc7a100t_0] -filter {CELL_NAME=~"SystolicCore0/ILA"}]
display_hw_ila_data [upload_hw_ila_data [get_hw_ilas -of_objects [get_hw_devices xc7a100t_0] -filter {CELL_NAME=~"SystolicCore0/ILA"}]]
INFO: [Labtools 27-1966] The ILA core 'hw_ila_1' triggered at 2025-Nov-10 13:53:16
INFO: [Labtools 27-3304] ILA Waveform data saved to file /home/xmen/Desktop/SystolicCore/vivado/SystolicCore/SystolicCore.hw/backup/hw_ila_data_1.ila. Use Tcl command 'read_hw_ila_data' or Vivado File->Import->Import ILA Data menu item to import the previously saved data.
run_hw_ila [get_hw_ilas -of_objects [get_hw_devices xc7a100t_0] -filter {CELL_NAME=~"SystolicCore0/ILA"}]
INFO: [Labtools 27-1964] The ILA core 'hw_ila_1' trigger was armed at 2025-Nov-10 13:53:19
wait_on_hw_ila [get_hw_ilas -of_objects [get_hw_devices xc7a100t_0] -filter {CELL_NAME=~"SystolicCore0/ILA"}]
display_hw_ila_data [upload_hw_ila_data [get_hw_ilas -of_objects [get_hw_devices xc7a100t_0] -filter {CELL_NAME=~"SystolicCore0/ILA"}]]
INFO: [Labtools 27-1966] The ILA core 'hw_ila_1' triggered at 2025-Nov-10 13:53:19
INFO: [Labtools 27-3304] ILA Waveform data saved to file /home/xmen/Desktop/SystolicCore/vivado/SystolicCore/SystolicCore.hw/backup/hw_ila_data_1.ila. Use Tcl command 'read_hw_ila_data' or Vivado File->Import->Import ILA Data menu item to import the previously saved data.
run_hw_ila [get_hw_ilas -of_objects [get_hw_devices xc7a100t_0] -filter {CELL_NAME=~"SystolicCore0/ILA"}]
INFO: [Labtools 27-1964] The ILA core 'hw_ila_1' trigger was armed at 2025-Nov-10 13:53:22
wait_on_hw_ila [get_hw_ilas -of_objects [get_hw_devices xc7a100t_0] -filter {CELL_NAME=~"SystolicCore0/ILA"}]
display_hw_ila_data [upload_hw_ila_data [get_hw_ilas -of_objects [get_hw_devices xc7a100t_0] -filter {CELL_NAME=~"SystolicCore0/ILA"}]]
INFO: [Labtools 27-1966] The ILA core 'hw_ila_1' triggered at 2025-Nov-10 13:53:22
INFO: [Labtools 27-3304] ILA Waveform data saved to file /home/xmen/Desktop/SystolicCore/vivado/SystolicCore/SystolicCore.hw/backup/hw_ila_data_1.ila. Use Tcl command 'read_hw_ila_data' or Vivado File->Import->Import ILA Data menu item to import the previously saved data.
run_hw_ila [get_hw_ilas -of_objects [get_hw_devices xc7a100t_0] -filter {CELL_NAME=~"SystolicCore0/ILA"}]
INFO: [Labtools 27-1964] The ILA core 'hw_ila_1' trigger was armed at 2025-Nov-10 13:53:26
wait_on_hw_ila [get_hw_ilas -of_objects [get_hw_devices xc7a100t_0] -filter {CELL_NAME=~"SystolicCore0/ILA"}]
display_hw_ila_data [upload_hw_ila_data [get_hw_ilas -of_objects [get_hw_devices xc7a100t_0] -filter {CELL_NAME=~"SystolicCore0/ILA"}]]
INFO: [Labtools 27-1966] The ILA core 'hw_ila_1' triggered at 2025-Nov-10 13:53:26
INFO: [Labtools 27-3304] ILA Waveform data saved to file /home/xmen/Desktop/SystolicCore/vivado/SystolicCore/SystolicCore.hw/backup/hw_ila_data_1.ila. Use Tcl command 'read_hw_ila_data' or Vivado File->Import->Import ILA Data menu item to import the previously saved data.
run_hw_ila [get_hw_ilas -of_objects [get_hw_devices xc7a100t_0] -filter {CELL_NAME=~"SystolicCore0/ILA"}]
INFO: [Labtools 27-1964] The ILA core 'hw_ila_1' trigger was armed at 2025-Nov-10 13:53:29
wait_on_hw_ila [get_hw_ilas -of_objects [get_hw_devices xc7a100t_0] -filter {CELL_NAME=~"SystolicCore0/ILA"}]
display_hw_ila_data [upload_hw_ila_data [get_hw_ilas -of_objects [get_hw_devices xc7a100t_0] -filter {CELL_NAME=~"SystolicCore0/ILA"}]]
INFO: [Labtools 27-1966] The ILA core 'hw_ila_1' triggered at 2025-Nov-10 13:53:29
INFO: [Labtools 27-3304] ILA Waveform data saved to file /home/xmen/Desktop/SystolicCore/vivado/SystolicCore/SystolicCore.hw/backup/hw_ila_data_1.ila. Use Tcl command 'read_hw_ila_data' or Vivado File->Import->Import ILA Data menu item to import the previously saved data.
run_hw_ila [get_hw_ilas -of_objects [get_hw_devices xc7a100t_0] -filter {CELL_NAME=~"SystolicCore0/ILA"}]
INFO: [Labtools 27-1964] The ILA core 'hw_ila_1' trigger was armed at 2025-Nov-10 13:53:32
wait_on_hw_ila [get_hw_ilas -of_objects [get_hw_devices xc7a100t_0] -filter {CELL_NAME=~"SystolicCore0/ILA"}]
display_hw_ila_data [upload_hw_ila_data [get_hw_ilas -of_objects [get_hw_devices xc7a100t_0] -filter {CELL_NAME=~"SystolicCore0/ILA"}]]
INFO: [Labtools 27-1966] The ILA core 'hw_ila_1' triggered at 2025-Nov-10 13:53:32
INFO: [Labtools 27-3304] ILA Waveform data saved to file /home/xmen/Desktop/SystolicCore/vivado/SystolicCore/SystolicCore.hw/backup/hw_ila_data_1.ila. Use Tcl command 'read_hw_ila_data' or Vivado File->Import->Import ILA Data menu item to import the previously saved data.
run_hw_ila [get_hw_ilas -of_objects [get_hw_devices xc7a100t_0] -filter {CELL_NAME=~"SystolicCore0/ILA"}]
INFO: [Labtools 27-1964] The ILA core 'hw_ila_1' trigger was armed at 2025-Nov-10 13:53:36
wait_on_hw_ila [get_hw_ilas -of_objects [get_hw_devices xc7a100t_0] -filter {CELL_NAME=~"SystolicCore0/ILA"}]
display_hw_ila_data [upload_hw_ila_data [get_hw_ilas -of_objects [get_hw_devices xc7a100t_0] -filter {CELL_NAME=~"SystolicCore0/ILA"}]]
INFO: [Labtools 27-1966] The ILA core 'hw_ila_1' triggered at 2025-Nov-10 13:53:36
INFO: [Labtools 27-3304] ILA Waveform data saved to file /home/xmen/Desktop/SystolicCore/vivado/SystolicCore/SystolicCore.hw/backup/hw_ila_data_1.ila. Use Tcl command 'read_hw_ila_data' or Vivado File->Import->Import ILA Data menu item to import the previously saved data.
run_hw_ila [get_hw_ilas -of_objects [get_hw_devices xc7a100t_0] -filter {CELL_NAME=~"SystolicCore0/ILA"}]
INFO: [Labtools 27-1964] The ILA core 'hw_ila_1' trigger was armed at 2025-Nov-10 13:53:39
wait_on_hw_ila [get_hw_ilas -of_objects [get_hw_devices xc7a100t_0] -filter {CELL_NAME=~"SystolicCore0/ILA"}]
display_hw_ila_data [upload_hw_ila_data [get_hw_ilas -of_objects [get_hw_devices xc7a100t_0] -filter {CELL_NAME=~"SystolicCore0/ILA"}]]
INFO: [Labtools 27-1966] The ILA core 'hw_ila_1' triggered at 2025-Nov-10 13:53:39
INFO: [Labtools 27-3304] ILA Waveform data saved to file /home/xmen/Desktop/SystolicCore/vivado/SystolicCore/SystolicCore.hw/backup/hw_ila_data_1.ila. Use Tcl command 'read_hw_ila_data' or Vivado File->Import->Import ILA Data menu item to import the previously saved data.
run_hw_ila [get_hw_ilas -of_objects [get_hw_devices xc7a100t_0] -filter {CELL_NAME=~"SystolicCore0/ILA"}]
INFO: [Labtools 27-1964] The ILA core 'hw_ila_1' trigger was armed at 2025-Nov-10 13:53:42
wait_on_hw_ila [get_hw_ilas -of_objects [get_hw_devices xc7a100t_0] -filter {CELL_NAME=~"SystolicCore0/ILA"}]
display_hw_ila_data [upload_hw_ila_data [get_hw_ilas -of_objects [get_hw_devices xc7a100t_0] -filter {CELL_NAME=~"SystolicCore0/ILA"}]]
INFO: [Labtools 27-1966] The ILA core 'hw_ila_1' triggered at 2025-Nov-10 13:53:42
INFO: [Labtools 27-3304] ILA Waveform data saved to file /home/xmen/Desktop/SystolicCore/vivado/SystolicCore/SystolicCore.hw/backup/hw_ila_data_1.ila. Use Tcl command 'read_hw_ila_data' or Vivado File->Import->Import ILA Data menu item to import the previously saved data.
set_property TRIGGER_COMPARE_VALUE neq8'hXX [get_hw_probes {SystolicCore0/mem2serial_pmatrix_in[0][0]_271} -of_objects [get_hw_ilas -of_objects [get_hw_devices xc7a100t_0] -filter {CELL_NAME=~"SystolicCore0/ILA"}]]
run_hw_ila [get_hw_ilas -of_objects [get_hw_devices xc7a100t_0] -filter {CELL_NAME=~"SystolicCore0/ILA"}]
INFO: [Labtools 27-1964] The ILA core 'hw_ila_1' trigger was armed at 2025-Nov-10 13:53:45
wait_on_hw_ila [get_hw_ilas -of_objects [get_hw_devices xc7a100t_0] -filter {CELL_NAME=~"SystolicCore0/ILA"}]
display_hw_ila_data [upload_hw_ila_data [get_hw_ilas -of_objects [get_hw_devices xc7a100t_0] -filter {CELL_NAME=~"SystolicCore0/ILA"}]]
INFO: [Labtools 27-1966] The ILA core 'hw_ila_1' triggered at 2025-Nov-10 13:53:45
INFO: [Labtools 27-3304] ILA Waveform data saved to file /home/xmen/Desktop/SystolicCore/vivado/SystolicCore/SystolicCore.hw/backup/hw_ila_data_1.ila. Use Tcl command 'read_hw_ila_data' or Vivado File->Import->Import ILA Data menu item to import the previously saved data.
run_hw_ila [get_hw_ilas -of_objects [get_hw_devices xc7a100t_0] -filter {CELL_NAME=~"SystolicCore0/ILA"}]
INFO: [Labtools 27-1964] The ILA core 'hw_ila_1' trigger was armed at 2025-Nov-10 13:53:49
wait_on_hw_ila [get_hw_ilas -of_objects [get_hw_devices xc7a100t_0] -filter {CELL_NAME=~"SystolicCore0/ILA"}]
display_hw_ila_data [upload_hw_ila_data [get_hw_ilas -of_objects [get_hw_devices xc7a100t_0] -filter {CELL_NAME=~"SystolicCore0/ILA"}]]
INFO: [Labtools 27-1966] The ILA core 'hw_ila_1' triggered at 2025-Nov-10 13:53:49
INFO: [Labtools 27-3304] ILA Waveform data saved to file /home/xmen/Desktop/SystolicCore/vivado/SystolicCore/SystolicCore.hw/backup/hw_ila_data_1.ila. Use Tcl command 'read_hw_ila_data' or Vivado File->Import->Import ILA Data menu item to import the previously saved data.
run_hw_ila [get_hw_ilas -of_objects [get_hw_devices xc7a100t_0] -filter {CELL_NAME=~"SystolicCore0/ILA"}]
INFO: [Labtools 27-1964] The ILA core 'hw_ila_1' trigger was armed at 2025-Nov-10 13:53:52
wait_on_hw_ila [get_hw_ilas -of_objects [get_hw_devices xc7a100t_0] -filter {CELL_NAME=~"SystolicCore0/ILA"}]
display_hw_ila_data [upload_hw_ila_data [get_hw_ilas -of_objects [get_hw_devices xc7a100t_0] -filter {CELL_NAME=~"SystolicCore0/ILA"}]]
INFO: [Labtools 27-1966] The ILA core 'hw_ila_1' triggered at 2025-Nov-10 13:53:52
INFO: [Labtools 27-3304] ILA Waveform data saved to file /home/xmen/Desktop/SystolicCore/vivado/SystolicCore/SystolicCore.hw/backup/hw_ila_data_1.ila. Use Tcl command 'read_hw_ila_data' or Vivado File->Import->Import ILA Data menu item to import the previously saved data.
run_hw_ila [get_hw_ilas -of_objects [get_hw_devices xc7a100t_0] -filter {CELL_NAME=~"SystolicCore0/ILA"}]
INFO: [Labtools 27-1964] The ILA core 'hw_ila_1' trigger was armed at 2025-Nov-10 13:53:55
wait_on_hw_ila [get_hw_ilas -of_objects [get_hw_devices xc7a100t_0] -filter {CELL_NAME=~"SystolicCore0/ILA"}]
display_hw_ila_data [upload_hw_ila_data [get_hw_ilas -of_objects [get_hw_devices xc7a100t_0] -filter {CELL_NAME=~"SystolicCore0/ILA"}]]
INFO: [Labtools 27-1966] The ILA core 'hw_ila_1' triggered at 2025-Nov-10 13:53:55
INFO: [Labtools 27-3304] ILA Waveform data saved to file /home/xmen/Desktop/SystolicCore/vivado/SystolicCore/SystolicCore.hw/backup/hw_ila_data_1.ila. Use Tcl command 'read_hw_ila_data' or Vivado File->Import->Import ILA Data menu item to import the previously saved data.
set_property TRIGGER_COMPARE_VALUE neq8'h00 [get_hw_probes {SystolicCore0/mem2serial_pmatrix_in[0][0]_271} -of_objects [get_hw_ilas -of_objects [get_hw_devices xc7a100t_0] -filter {CELL_NAME=~"SystolicCore0/ILA"}]]
run_hw_ila [get_hw_ilas -of_objects [get_hw_devices xc7a100t_0] -filter {CELL_NAME=~"SystolicCore0/ILA"}]
INFO: [Labtools 27-1964] The ILA core 'hw_ila_1' trigger was armed at 2025-Nov-10 13:54:08
WARNING: [IP_Flow 19-4067] Ignoring invalid widget type specified checkbox.Providing a default widget
set_property -dict [list \
  CONFIG.C_DATA_DEPTH {65536} \
  CONFIG.C_NUM_OF_PROBES {18} \
] [get_ips ila_0]
WARNING: [filemgmt 56-199] Attempt to get parsing info during refresh. "On-the-fly" syntax checking information may be incorrect. [/home/xmen/Desktop/SystolicCore/rtl/Arty7_top_sim.sv:]
WARNING: [filemgmt 56-199] Attempt to get parsing info during refresh. "On-the-fly" syntax checking information may be incorrect. [/home/xmen/Desktop/SystolicCore/rtl/SystolicCore.sv:]
WARNING: [filemgmt 56-199] Attempt to get parsing info during refresh. "On-the-fly" syntax checking information may be incorrect. [/home/xmen/Desktop/SystolicCore/rtl/SystolicCore.sv:]
WARNING: [filemgmt 56-199] Attempt to get parsing info during refresh. "On-the-fly" syntax checking information may be incorrect. [/home/xmen/Desktop/SystolicCore/rtl/SystolicCore.sv:]
WARNING: [filemgmt 56-199] Attempt to get parsing info during refresh. "On-the-fly" syntax checking information may be incorrect. [/home/xmen/Desktop/SystolicCore/vivado/SystolicCore/SystolicCore.gen/sources_1/ip/ram_single_port/ram_single_port.veo:]
WARNING: [filemgmt 56-199] Attempt to get parsing info during refresh. "On-the-fly" syntax checking information may be incorrect. [/home/xmen/Desktop/SystolicCore/vivado/SystolicCore/SystolicCore.gen/sources_1/ip/ram_single_port/ram_single_port.veo:]
WARNING: [filemgmt 56-199] Attempt to get parsing info during refresh. "On-the-fly" syntax checking information may be incorrect. [/home/xmen/Desktop/SystolicCore/vivado/SystolicCore/SystolicCore.gen/sources_1/ip/ila_0_1/ila_0.veo:]
WARNING: [filemgmt 56-199] Attempt to get parsing info during refresh. "On-the-fly" syntax checking information may be incorrect. [/home/xmen/Desktop/SystolicCore/vivado/SystolicCore/SystolicCore.gen/sources_1/ip/ila_0_1/ila_0.veo:]
generate_target all [get_files  /home/xmen/Desktop/SystolicCore/vivado/SystolicCore/SystolicCore.srcs/sources_1/ip/ila_0_1/ila_0.xci]
INFO: [IP_Flow 19-1686] Generating 'Instantiation Template' target for IP 'ila_0'...
INFO: [IP_Flow 19-1686] Generating 'Synthesis' target for IP 'ila_0'...
WARNING: [IP_Flow 19-4994] Overwriting existing constraint file '/home/xmen/Desktop/SystolicCore/vivado/SystolicCore/SystolicCore.gen/sources_1/ip/ila_0_1/ila_0_ooc.xdc'
INFO: [IP_Flow 19-1686] Generating 'Simulation' target for IP 'ila_0'...
INFO: [IP_Flow 19-1686] Generating 'Implementation' target for IP 'ila_0'...
INFO: [IP_Flow 19-1686] Generating 'Change Log' target for IP 'ila_0'...
catch { config_ip_cache -export [get_ips -all ila_0] }
export_ip_user_files -of_objects [get_files /home/xmen/Desktop/SystolicCore/vivado/SystolicCore/SystolicCore.srcs/sources_1/ip/ila_0_1/ila_0.xci] -no_script -sync -force -quiet
reset_run ila_0_synth_1
launch_runs ila_0_synth_1 -jobs 32
[Mon Nov 10 13:57:25 2025] Launched ila_0_synth_1...
Run output will be captured here: /home/xmen/Desktop/SystolicCore/vivado/SystolicCore/SystolicCore.runs/ila_0_synth_1/runme.log
export_simulation -lib_map_path [list {modelsim=/home/xmen/Desktop/SystolicCore/vivado/SystolicCore/SystolicCore.cache/compile_simlib/modelsim} {questa=/home/xmen/Desktop/SystolicCore/vivado/SystolicCore/SystolicCore.cache/compile_simlib/questa} {xcelium=/home/xmen/Desktop/SystolicCore/vivado/SystolicCore/SystolicCore.cache/compile_simlib/xcelium} {vcs=/home/xmen/Desktop/SystolicCore/vivado/SystolicCore/SystolicCore.cache/compile_simlib/vcs} {riviera=/home/xmen/Desktop/SystolicCore/vivado/SystolicCore/SystolicCore.cache/compile_simlib/riviera}] -of_objects [get_files /home/xmen/Desktop/SystolicCore/vivado/SystolicCore/SystolicCore.srcs/sources_1/ip/ila_0_1/ila_0.xci] -directory /home/xmen/Desktop/SystolicCore/vivado/SystolicCore/SystolicCore.ip_user_files/sim_scripts -ip_user_files_dir /home/xmen/Desktop/SystolicCore/vivado/SystolicCore/SystolicCore.ip_user_files -ipstatic_source_dir /home/xmen/Desktop/SystolicCore/vivado/SystolicCore/SystolicCore.ip_user_files/ipstatic -use_ip_compiled_libs -force -quiet
reset_run synth_1
INFO: [Project 1-1161] Replacing file /home/xmen/Desktop/SystolicCore/vivado/SystolicCore/SystolicCore.srcs/utils_1/imports/synth_1/Arty7_top_sim.dcp with file /home/xmen/Desktop/SystolicCore/vivado/SystolicCore/SystolicCore.runs/synth_1/Arty7_top_sim.dcp
launch_runs impl_1 -to_step write_bitstream -jobs 32
[Mon Nov 10 13:57:34 2025] Launched ila_0_synth_1, synth_1...
Run output will be captured here:
ila_0_synth_1: /home/xmen/Desktop/SystolicCore/vivado/SystolicCore/SystolicCore.runs/ila_0_synth_1/runme.log
synth_1: /home/xmen/Desktop/SystolicCore/vivado/SystolicCore/SystolicCore.runs/synth_1/runme.log
[Mon Nov 10 13:57:34 2025] Launched impl_1...
Run output will be captured here: /home/xmen/Desktop/SystolicCore/vivado/SystolicCore/SystolicCore.runs/impl_1/runme.log
WARNING: [filemgmt 56-199] Attempt to get parsing info during refresh. "On-the-fly" syntax checking information may be incorrect. [/home/xmen/Desktop/SystolicCore/rtl/Arty7_top_sim.sv:]
WARNING: [filemgmt 56-199] Attempt to get parsing info during refresh. "On-the-fly" syntax checking information may be incorrect. [/home/xmen/Desktop/SystolicCore/rtl/SystolicCore.sv:]
WARNING: [filemgmt 56-199] Attempt to get parsing info during refresh. "On-the-fly" syntax checking information may be incorrect. [/home/xmen/Desktop/SystolicCore/rtl/SystolicCore.sv:]
WARNING: [filemgmt 56-199] Attempt to get parsing info during refresh. "On-the-fly" syntax checking information may be incorrect. [/home/xmen/Desktop/SystolicCore/rtl/SystolicCore.sv:]
WARNING: [filemgmt 56-199] Attempt to get parsing info during refresh. "On-the-fly" syntax checking information may be incorrect. [/home/xmen/Desktop/SystolicCore/vivado/SystolicCore/SystolicCore.gen/sources_1/ip/ram_single_port/ram_single_port.veo:]
WARNING: [filemgmt 56-199] Attempt to get parsing info during refresh. "On-the-fly" syntax checking information may be incorrect. [/home/xmen/Desktop/SystolicCore/vivado/SystolicCore/SystolicCore.gen/sources_1/ip/ram_single_port/ram_single_port.veo:]
WARNING: [filemgmt 56-199] Attempt to get parsing info during refresh. "On-the-fly" syntax checking information may be incorrect. [/home/xmen/Desktop/SystolicCore/vivado/SystolicCore/SystolicCore.gen/sources_1/ip/ila_0_1/ila_0.veo:]
WARNING: [filemgmt 56-199] Attempt to get parsing info during refresh. "On-the-fly" syntax checking information may be incorrect. [/home/xmen/Desktop/SystolicCore/vivado/SystolicCore/SystolicCore.gen/sources_1/ip/ila_0_1/ila_0.veo:]
WARNING: [IP_Flow 19-4067] Ignoring invalid widget type specified checkbox.Providing a default widget
WARNING: [filemgmt 56-199] Attempt to get parsing info during refresh. "On-the-fly" syntax checking information may be incorrect. [/home/xmen/Desktop/SystolicCore/vivado/SystolicCore/SystolicCore.gen/sources_1/ip/ram_single_port/ram_single_port.veo:]
WARNING: [filemgmt 56-199] Attempt to get parsing info during refresh. "On-the-fly" syntax checking information may be incorrect. [/home/xmen/Desktop/SystolicCore/vivado/SystolicCore/SystolicCore.gen/sources_1/ip/ram_single_port/ram_single_port.veo:]
WARNING: [filemgmt 56-199] Attempt to get parsing info during refresh. "On-the-fly" syntax checking information may be incorrect. [/home/xmen/Desktop/SystolicCore/rtl/Arty7_top_sim.sv:]
WARNING: [filemgmt 56-199] Attempt to get parsing info during refresh. "On-the-fly" syntax checking information may be incorrect. [/home/xmen/Desktop/SystolicCore/rtl/SystolicCore.sv:]
WARNING: [filemgmt 56-199] Attempt to get parsing info during refresh. "On-the-fly" syntax checking information may be incorrect. [/home/xmen/Desktop/SystolicCore/rtl/SystolicCore.sv:]
WARNING: [filemgmt 56-199] Attempt to get parsing info during refresh. "On-the-fly" syntax checking information may be incorrect. [/home/xmen/Desktop/SystolicCore/rtl/SystolicCore.sv:]
WARNING: [filemgmt 56-199] Attempt to get parsing info during refresh. "On-the-fly" syntax checking information may be incorrect. [/home/xmen/Desktop/SystolicCore/vivado/SystolicCore/SystolicCore.gen/sources_1/ip/ila_0_1/ila_0.veo:]
WARNING: [filemgmt 56-199] Attempt to get parsing info during refresh. "On-the-fly" syntax checking information may be incorrect. [/home/xmen/Desktop/SystolicCore/vivado/SystolicCore/SystolicCore.gen/sources_1/ip/ila_0_1/ila_0.veo:]
WARNING: [filemgmt 56-199] Attempt to get parsing info during refresh. "On-the-fly" syntax checking information may be incorrect. [/home/xmen/Desktop/SystolicCore/vivado/SystolicCore/SystolicCore.gen/sources_1/ip/ram_single_port/ram_single_port.veo:]
WARNING: [filemgmt 56-199] Attempt to get parsing info during refresh. "On-the-fly" syntax checking information may be incorrect. [/home/xmen/Desktop/SystolicCore/vivado/SystolicCore/SystolicCore.gen/sources_1/ip/ram_single_port/ram_single_port.veo:]
WARNING: [filemgmt 56-199] Attempt to get parsing info during refresh. "On-the-fly" syntax checking information may be incorrect. [/home/xmen/Desktop/SystolicCore/rtl/Arty7_top_sim.sv:]
WARNING: [filemgmt 56-199] Attempt to get parsing info during refresh. "On-the-fly" syntax checking information may be incorrect. [/home/xmen/Desktop/SystolicCore/rtl/SystolicCore.sv:]
WARNING: [filemgmt 56-199] Attempt to get parsing info during refresh. "On-the-fly" syntax checking information may be incorrect. [/home/xmen/Desktop/SystolicCore/rtl/SystolicCore.sv:]
WARNING: [filemgmt 56-199] Attempt to get parsing info during refresh. "On-the-fly" syntax checking information may be incorrect. [/home/xmen/Desktop/SystolicCore/rtl/SystolicCore.sv:]
WARNING: [filemgmt 56-199] Attempt to get parsing info during refresh. "On-the-fly" syntax checking information may be incorrect. [/home/xmen/Desktop/SystolicCore/vivado/SystolicCore/SystolicCore.gen/sources_1/ip/ila_0_1/ila_0.veo:]
WARNING: [filemgmt 56-199] Attempt to get parsing info during refresh. "On-the-fly" syntax checking information may be incorrect. [/home/xmen/Desktop/SystolicCore/vivado/SystolicCore/SystolicCore.gen/sources_1/ip/ila_0_1/ila_0.veo:]
reset_run synth_1
reset_run ila_0_synth_1
launch_runs impl_1 -to_step write_bitstream -jobs 32
[Mon Nov 10 14:02:24 2025] Launched ila_0_synth_1, synth_1...
Run output will be captured here:
ila_0_synth_1: /home/xmen/Desktop/SystolicCore/vivado/SystolicCore/SystolicCore.runs/ila_0_synth_1/runme.log
synth_1: /home/xmen/Desktop/SystolicCore/vivado/SystolicCore/SystolicCore.runs/synth_1/runme.log
[Mon Nov 10 14:02:24 2025] Launched impl_1...
Run output will be captured here: /home/xmen/Desktop/SystolicCore/vivado/SystolicCore/SystolicCore.runs/impl_1/runme.log
reset_run synth_1
reset_run ila_0_synth_1
WARNING: [filemgmt 56-199] Attempt to get parsing info during refresh. "On-the-fly" syntax checking information may be incorrect. [/home/xmen/Desktop/SystolicCore/rtl/Arty7_top_sim.sv:]
WARNING: [filemgmt 56-199] Attempt to get parsing info during refresh. "On-the-fly" syntax checking information may be incorrect. [/home/xmen/Desktop/SystolicCore/rtl/SystolicCore.sv:]
WARNING: [filemgmt 56-199] Attempt to get parsing info during refresh. "On-the-fly" syntax checking information may be incorrect. [/home/xmen/Desktop/SystolicCore/rtl/SystolicCore.sv:]
WARNING: [filemgmt 56-199] Attempt to get parsing info during refresh. "On-the-fly" syntax checking information may be incorrect. [/home/xmen/Desktop/SystolicCore/rtl/SystolicCore.sv:]
WARNING: [filemgmt 56-199] Attempt to get parsing info during refresh. "On-the-fly" syntax checking information may be incorrect. [/home/xmen/Desktop/SystolicCore/vivado/SystolicCore/SystolicCore.gen/sources_1/ip/ram_single_port/ram_single_port.veo:]
WARNING: [filemgmt 56-199] Attempt to get parsing info during refresh. "On-the-fly" syntax checking information may be incorrect. [/home/xmen/Desktop/SystolicCore/vivado/SystolicCore/SystolicCore.gen/sources_1/ip/ram_single_port/ram_single_port.veo:]
WARNING: [filemgmt 56-199] Attempt to get parsing info during refresh. "On-the-fly" syntax checking information may be incorrect. [/home/xmen/Desktop/SystolicCore/vivado/SystolicCore/SystolicCore.gen/sources_1/ip/ila_0_1/ila_0.veo:]
WARNING: [filemgmt 56-199] Attempt to get parsing info during refresh. "On-the-fly" syntax checking information may be incorrect. [/home/xmen/Desktop/SystolicCore/vivado/SystolicCore/SystolicCore.gen/sources_1/ip/ila_0_1/ila_0.veo:]
launch_runs impl_1 -to_step write_bitstream -jobs 32
[Mon Nov 10 14:02:35 2025] Launched ila_0_synth_1, synth_1...
Run output will be captured here:
ila_0_synth_1: /home/xmen/Desktop/SystolicCore/vivado/SystolicCore/SystolicCore.runs/ila_0_synth_1/runme.log
synth_1: /home/xmen/Desktop/SystolicCore/vivado/SystolicCore/SystolicCore.runs/synth_1/runme.log
[Mon Nov 10 14:02:35 2025] Launched impl_1...
Run output will be captured here: /home/xmen/Desktop/SystolicCore/vivado/SystolicCore/SystolicCore.runs/impl_1/runme.log
WARNING: [IP_Flow 19-4067] Ignoring invalid widget type specified checkbox.Providing a default widget
set_property CONFIG.C_DATA_DEPTH {16384} [get_ips ila_0]
WARNING: [filemgmt 56-199] Attempt to get parsing info during refresh. "On-the-fly" syntax checking information may be incorrect. [/home/xmen/Desktop/SystolicCore/vivado/SystolicCore/SystolicCore.gen/sources_1/ip/ram_single_port/ram_single_port.veo:]
WARNING: [filemgmt 56-199] Attempt to get parsing info during refresh. "On-the-fly" syntax checking information may be incorrect. [/home/xmen/Desktop/SystolicCore/vivado/SystolicCore/SystolicCore.gen/sources_1/ip/ram_single_port/ram_single_port.veo:]
WARNING: [filemgmt 56-199] Attempt to get parsing info during refresh. "On-the-fly" syntax checking information may be incorrect. [/home/xmen/Desktop/SystolicCore/rtl/Arty7_top_sim.sv:]
WARNING: [filemgmt 56-199] Attempt to get parsing info during refresh. "On-the-fly" syntax checking information may be incorrect. [/home/xmen/Desktop/SystolicCore/rtl/SystolicCore.sv:]
WARNING: [filemgmt 56-199] Attempt to get parsing info during refresh. "On-the-fly" syntax checking information may be incorrect. [/home/xmen/Desktop/SystolicCore/rtl/SystolicCore.sv:]
WARNING: [filemgmt 56-199] Attempt to get parsing info during refresh. "On-the-fly" syntax checking information may be incorrect. [/home/xmen/Desktop/SystolicCore/rtl/SystolicCore.sv:]
WARNING: [filemgmt 56-199] Attempt to get parsing info during refresh. "On-the-fly" syntax checking information may be incorrect. [/home/xmen/Desktop/SystolicCore/vivado/SystolicCore/SystolicCore.gen/sources_1/ip/ila_0_1/ila_0.veo:]
WARNING: [filemgmt 56-199] Attempt to get parsing info during refresh. "On-the-fly" syntax checking information may be incorrect. [/home/xmen/Desktop/SystolicCore/vivado/SystolicCore/SystolicCore.gen/sources_1/ip/ila_0_1/ila_0.veo:]
generate_target all [get_files  /home/xmen/Desktop/SystolicCore/vivado/SystolicCore/SystolicCore.srcs/sources_1/ip/ila_0_1/ila_0.xci]
INFO: [IP_Flow 19-1686] Generating 'Instantiation Template' target for IP 'ila_0'...
INFO: [IP_Flow 19-1686] Generating 'Synthesis' target for IP 'ila_0'...
WARNING: [IP_Flow 19-4994] Overwriting existing constraint file '/home/xmen/Desktop/SystolicCore/vivado/SystolicCore/SystolicCore.gen/sources_1/ip/ila_0_1/ila_0_ooc.xdc'
INFO: [IP_Flow 19-1686] Generating 'Simulation' target for IP 'ila_0'...
INFO: [IP_Flow 19-1686] Generating 'Implementation' target for IP 'ila_0'...
INFO: [IP_Flow 19-1686] Generating 'Change Log' target for IP 'ila_0'...
catch { config_ip_cache -export [get_ips -all ila_0] }
export_ip_user_files -of_objects [get_files /home/xmen/Desktop/SystolicCore/vivado/SystolicCore/SystolicCore.srcs/sources_1/ip/ila_0_1/ila_0.xci] -no_script -sync -force -quiet
reset_run ila_0_synth_1
launch_runs ila_0_synth_1 -jobs 32
[Mon Nov 10 14:07:26 2025] Launched ila_0_synth_1...
Run output will be captured here: /home/xmen/Desktop/SystolicCore/vivado/SystolicCore/SystolicCore.runs/ila_0_synth_1/runme.log
export_simulation -lib_map_path [list {modelsim=/home/xmen/Desktop/SystolicCore/vivado/SystolicCore/SystolicCore.cache/compile_simlib/modelsim} {questa=/home/xmen/Desktop/SystolicCore/vivado/SystolicCore/SystolicCore.cache/compile_simlib/questa} {xcelium=/home/xmen/Desktop/SystolicCore/vivado/SystolicCore/SystolicCore.cache/compile_simlib/xcelium} {vcs=/home/xmen/Desktop/SystolicCore/vivado/SystolicCore/SystolicCore.cache/compile_simlib/vcs} {riviera=/home/xmen/Desktop/SystolicCore/vivado/SystolicCore/SystolicCore.cache/compile_simlib/riviera}] -of_objects [get_files /home/xmen/Desktop/SystolicCore/vivado/SystolicCore/SystolicCore.srcs/sources_1/ip/ila_0_1/ila_0.xci] -directory /home/xmen/Desktop/SystolicCore/vivado/SystolicCore/SystolicCore.ip_user_files/sim_scripts -ip_user_files_dir /home/xmen/Desktop/SystolicCore/vivado/SystolicCore/SystolicCore.ip_user_files -ipstatic_source_dir /home/xmen/Desktop/SystolicCore/vivado/SystolicCore/SystolicCore.ip_user_files/ipstatic -use_ip_compiled_libs -force -quiet
WARNING: [IP_Flow 19-4067] Ignoring invalid widget type specified checkbox.Providing a default widget
WARNING: [IP_Flow 19-4067] Ignoring invalid widget type specified checkbox.Providing a default widget
WARNING: [filemgmt 56-199] Attempt to get parsing info during refresh. "On-the-fly" syntax checking information may be incorrect. [/home/xmen/Desktop/SystolicCore/vivado/SystolicCore/SystolicCore.gen/sources_1/ip/ram_single_port/ram_single_port.veo:]
WARNING: [filemgmt 56-199] Attempt to get parsing info during refresh. "On-the-fly" syntax checking information may be incorrect. [/home/xmen/Desktop/SystolicCore/vivado/SystolicCore/SystolicCore.gen/sources_1/ip/ram_single_port/ram_single_port.veo:]
WARNING: [filemgmt 56-199] Attempt to get parsing info during refresh. "On-the-fly" syntax checking information may be incorrect. [/home/xmen/Desktop/SystolicCore/rtl/Arty7_top_sim.sv:]
WARNING: [filemgmt 56-199] Attempt to get parsing info during refresh. "On-the-fly" syntax checking information may be incorrect. [/home/xmen/Desktop/SystolicCore/rtl/SystolicCore.sv:]
WARNING: [filemgmt 56-199] Attempt to get parsing info during refresh. "On-the-fly" syntax checking information may be incorrect. [/home/xmen/Desktop/SystolicCore/rtl/SystolicCore.sv:]
WARNING: [filemgmt 56-199] Attempt to get parsing info during refresh. "On-the-fly" syntax checking information may be incorrect. [/home/xmen/Desktop/SystolicCore/rtl/SystolicCore.sv:]
WARNING: [filemgmt 56-199] Attempt to get parsing info during refresh. "On-the-fly" syntax checking information may be incorrect. [/home/xmen/Desktop/SystolicCore/vivado/SystolicCore/SystolicCore.gen/sources_1/ip/ila_0_1/ila_0.veo:]
WARNING: [filemgmt 56-199] Attempt to get parsing info during refresh. "On-the-fly" syntax checking information may be incorrect. [/home/xmen/Desktop/SystolicCore/vivado/SystolicCore/SystolicCore.gen/sources_1/ip/ila_0_1/ila_0.veo:]
reset_run synth_1
launch_runs impl_1 -to_step write_bitstream -jobs 32
[Mon Nov 10 14:08:28 2025] Launched synth_1...
Run output will be captured here: /home/xmen/Desktop/SystolicCore/vivado/SystolicCore/SystolicCore.runs/synth_1/runme.log
[Mon Nov 10 14:08:28 2025] Launched impl_1...
Run output will be captured here: /home/xmen/Desktop/SystolicCore/vivado/SystolicCore/SystolicCore.runs/impl_1/runme.log
set_property PROBES.FILE {/home/xmen/Desktop/SystolicCore/vivado/SystolicCore/SystolicCore.runs/impl_1/Arty7_top_sim.ltx} [get_hw_devices xc7a100t_0]
set_property FULL_PROBES.FILE {/home/xmen/Desktop/SystolicCore/vivado/SystolicCore/SystolicCore.runs/impl_1/Arty7_top_sim.ltx} [get_hw_devices xc7a100t_0]
set_property PROGRAM.FILE {/home/xmen/Desktop/SystolicCore/vivado/SystolicCore/SystolicCore.runs/impl_1/Arty7_top_sim.bit} [get_hw_devices xc7a100t_0]
program_hw_devices [get_hw_devices xc7a100t_0]
INFO: [Labtools 27-3164] End of startup status: HIGH
refresh_hw_device [lindex [get_hw_devices xc7a100t_0] 0]
INFO: [Labtools 27-2302] Device xc7a100t (JTAG device index = 0) is programmed with a design that has 1 ILA core(s).
add_wave -into {hw_ila_data_1.wcfg} -radix hex { {SystolicCore0/clock} {SystolicCore0/mem2serial_pmatrix_in[0][0]} {SystolicCore0/mem2serial_pmatrix_in[0][1]} {SystolicCore0/mem2serial_pmatrix_in[0][2]} {SystolicCore0/mem2serial_pmatrix_in[0][3]} {SystolicCore0/mem2serial_pmatrix_in[0][4]} {SystolicCore0/mem2serial_pmatrix_in[0][5]} {SystolicCore0/mem2serial_pmatrix_in[0][6]} {SystolicCore0/mem2serial_pmatrix_in[0][7]} {SystolicCore0/mem2serial_pmatrix_in[7][0]} {SystolicCore0/mem2serial_pmatrix_in[7][1]} {SystolicCore0/mem2serial_pmatrix_in[7][2]} {SystolicCore0/mem2serial_pmatrix_in[7][4]} {SystolicCore0/mem2serial_pmatrix_in[7][5]} {SystolicCore0/mem2serial_pmatrix_in[7][6]} {SystolicCore0/mem2serial_pmatrix_in[7][7]} {SystolicCore0/mem2serial_pmatrix_in[7][8]} {SystolicCore0/uart_txd_in} }
run_hw_ila [get_hw_ilas -of_objects [get_hw_devices xc7a100t_0] -filter {CELL_NAME=~"SystolicCore0/ILA"}]
INFO: [Labtools 27-1964] The ILA core 'hw_ila_1' trigger was armed at 2025-Nov-10 14:15:57
wait_on_hw_ila [get_hw_ilas -of_objects [get_hw_devices xc7a100t_0] -filter {CELL_NAME=~"SystolicCore0/ILA"}]
display_hw_ila_data [upload_hw_ila_data [get_hw_ilas -of_objects [get_hw_devices xc7a100t_0] -filter {CELL_NAME=~"SystolicCore0/ILA"}]]
INFO: [Labtools 27-1966] The ILA core 'hw_ila_1' triggered at 2025-Nov-10 14:15:57
INFO: [Labtools 27-3304] ILA Waveform data saved to file /home/xmen/Desktop/SystolicCore/vivado/SystolicCore/SystolicCore.hw/backup/hw_ila_data_1.ila. Use Tcl command 'read_hw_ila_data' or Vivado File->Import->Import ILA Data menu item to import the previously saved data.
run_hw_ila [get_hw_ilas -of_objects [get_hw_devices xc7a100t_0] -filter {CELL_NAME=~"SystolicCore0/ILA"}]
INFO: [Labtools 27-1964] The ILA core 'hw_ila_1' trigger was armed at 2025-Nov-10 14:16:00
wait_on_hw_ila [get_hw_ilas -of_objects [get_hw_devices xc7a100t_0] -filter {CELL_NAME=~"SystolicCore0/ILA"}]
display_hw_ila_data [upload_hw_ila_data [get_hw_ilas -of_objects [get_hw_devices xc7a100t_0] -filter {CELL_NAME=~"SystolicCore0/ILA"}]]
INFO: [Labtools 27-1966] The ILA core 'hw_ila_1' triggered at 2025-Nov-10 14:16:00
INFO: [Labtools 27-3304] ILA Waveform data saved to file /home/xmen/Desktop/SystolicCore/vivado/SystolicCore/SystolicCore.hw/backup/hw_ila_data_1.ila. Use Tcl command 'read_hw_ila_data' or Vivado File->Import->Import ILA Data menu item to import the previously saved data.
run_hw_ila [get_hw_ilas -of_objects [get_hw_devices xc7a100t_0] -filter {CELL_NAME=~"SystolicCore0/ILA"}]
INFO: [Labtools 27-1964] The ILA core 'hw_ila_1' trigger was armed at 2025-Nov-10 14:16:04
wait_on_hw_ila [get_hw_ilas -of_objects [get_hw_devices xc7a100t_0] -filter {CELL_NAME=~"SystolicCore0/ILA"}]
display_hw_ila_data [upload_hw_ila_data [get_hw_ilas -of_objects [get_hw_devices xc7a100t_0] -filter {CELL_NAME=~"SystolicCore0/ILA"}]]
INFO: [Labtools 27-1966] The ILA core 'hw_ila_1' triggered at 2025-Nov-10 14:16:04
INFO: [Labtools 27-3304] ILA Waveform data saved to file /home/xmen/Desktop/SystolicCore/vivado/SystolicCore/SystolicCore.hw/backup/hw_ila_data_1.ila. Use Tcl command 'read_hw_ila_data' or Vivado File->Import->Import ILA Data menu item to import the previously saved data.
run_hw_ila [get_hw_ilas -of_objects [get_hw_devices xc7a100t_0] -filter {CELL_NAME=~"SystolicCore0/ILA"}]
INFO: [Labtools 27-1964] The ILA core 'hw_ila_1' trigger was armed at 2025-Nov-10 14:16:07
wait_on_hw_ila [get_hw_ilas -of_objects [get_hw_devices xc7a100t_0] -filter {CELL_NAME=~"SystolicCore0/ILA"}]
display_hw_ila_data [upload_hw_ila_data [get_hw_ilas -of_objects [get_hw_devices xc7a100t_0] -filter {CELL_NAME=~"SystolicCore0/ILA"}]]
INFO: [Labtools 27-1966] The ILA core 'hw_ila_1' triggered at 2025-Nov-10 14:16:07
INFO: [Labtools 27-3304] ILA Waveform data saved to file /home/xmen/Desktop/SystolicCore/vivado/SystolicCore/SystolicCore.hw/backup/hw_ila_data_1.ila. Use Tcl command 'read_hw_ila_data' or Vivado File->Import->Import ILA Data menu item to import the previously saved data.
run_hw_ila [get_hw_ilas -of_objects [get_hw_devices xc7a100t_0] -filter {CELL_NAME=~"SystolicCore0/ILA"}]
INFO: [Labtools 27-1964] The ILA core 'hw_ila_1' trigger was armed at 2025-Nov-10 14:16:10
wait_on_hw_ila [get_hw_ilas -of_objects [get_hw_devices xc7a100t_0] -filter {CELL_NAME=~"SystolicCore0/ILA"}]
display_hw_ila_data [upload_hw_ila_data [get_hw_ilas -of_objects [get_hw_devices xc7a100t_0] -filter {CELL_NAME=~"SystolicCore0/ILA"}]]
INFO: [Labtools 27-1966] The ILA core 'hw_ila_1' triggered at 2025-Nov-10 14:16:10
INFO: [Labtools 27-3304] ILA Waveform data saved to file /home/xmen/Desktop/SystolicCore/vivado/SystolicCore/SystolicCore.hw/backup/hw_ila_data_1.ila. Use Tcl command 'read_hw_ila_data' or Vivado File->Import->Import ILA Data menu item to import the previously saved data.
run_hw_ila [get_hw_ilas -of_objects [get_hw_devices xc7a100t_0] -filter {CELL_NAME=~"SystolicCore0/ILA"}]
INFO: [Labtools 27-1964] The ILA core 'hw_ila_1' trigger was armed at 2025-Nov-10 14:16:14
wait_on_hw_ila [get_hw_ilas -of_objects [get_hw_devices xc7a100t_0] -filter {CELL_NAME=~"SystolicCore0/ILA"}]
display_hw_ila_data [upload_hw_ila_data [get_hw_ilas -of_objects [get_hw_devices xc7a100t_0] -filter {CELL_NAME=~"SystolicCore0/ILA"}]]
INFO: [Labtools 27-1966] The ILA core 'hw_ila_1' triggered at 2025-Nov-10 14:16:14
INFO: [Labtools 27-3304] ILA Waveform data saved to file /home/xmen/Desktop/SystolicCore/vivado/SystolicCore/SystolicCore.hw/backup/hw_ila_data_1.ila. Use Tcl command 'read_hw_ila_data' or Vivado File->Import->Import ILA Data menu item to import the previously saved data.
run_hw_ila [get_hw_ilas -of_objects [get_hw_devices xc7a100t_0] -filter {CELL_NAME=~"SystolicCore0/ILA"}]
INFO: [Labtools 27-1964] The ILA core 'hw_ila_1' trigger was armed at 2025-Nov-10 14:16:17
wait_on_hw_ila [get_hw_ilas -of_objects [get_hw_devices xc7a100t_0] -filter {CELL_NAME=~"SystolicCore0/ILA"}]
display_hw_ila_data [upload_hw_ila_data [get_hw_ilas -of_objects [get_hw_devices xc7a100t_0] -filter {CELL_NAME=~"SystolicCore0/ILA"}]]
INFO: [Labtools 27-1966] The ILA core 'hw_ila_1' triggered at 2025-Nov-10 14:16:17
INFO: [Labtools 27-3304] ILA Waveform data saved to file /home/xmen/Desktop/SystolicCore/vivado/SystolicCore/SystolicCore.hw/backup/hw_ila_data_1.ila. Use Tcl command 'read_hw_ila_data' or Vivado File->Import->Import ILA Data menu item to import the previously saved data.
run_hw_ila [get_hw_ilas -of_objects [get_hw_devices xc7a100t_0] -filter {CELL_NAME=~"SystolicCore0/ILA"}]
INFO: [Labtools 27-1964] The ILA core 'hw_ila_1' trigger was armed at 2025-Nov-10 14:16:20
wait_on_hw_ila [get_hw_ilas -of_objects [get_hw_devices xc7a100t_0] -filter {CELL_NAME=~"SystolicCore0/ILA"}]
display_hw_ila_data [upload_hw_ila_data [get_hw_ilas -of_objects [get_hw_devices xc7a100t_0] -filter {CELL_NAME=~"SystolicCore0/ILA"}]]
INFO: [Labtools 27-1966] The ILA core 'hw_ila_1' triggered at 2025-Nov-10 14:16:20
INFO: [Labtools 27-3304] ILA Waveform data saved to file /home/xmen/Desktop/SystolicCore/vivado/SystolicCore/SystolicCore.hw/backup/hw_ila_data_1.ila. Use Tcl command 'read_hw_ila_data' or Vivado File->Import->Import ILA Data menu item to import the previously saved data.
run_hw_ila [get_hw_ilas -of_objects [get_hw_devices xc7a100t_0] -filter {CELL_NAME=~"SystolicCore0/ILA"}]
INFO: [Labtools 27-1964] The ILA core 'hw_ila_1' trigger was armed at 2025-Nov-10 14:16:23
wait_on_hw_ila [get_hw_ilas -of_objects [get_hw_devices xc7a100t_0] -filter {CELL_NAME=~"SystolicCore0/ILA"}]
display_hw_ila_data [upload_hw_ila_data [get_hw_ilas -of_objects [get_hw_devices xc7a100t_0] -filter {CELL_NAME=~"SystolicCore0/ILA"}]]
INFO: [Labtools 27-1966] The ILA core 'hw_ila_1' triggered at 2025-Nov-10 14:16:23
INFO: [Labtools 27-3304] ILA Waveform data saved to file /home/xmen/Desktop/SystolicCore/vivado/SystolicCore/SystolicCore.hw/backup/hw_ila_data_1.ila. Use Tcl command 'read_hw_ila_data' or Vivado File->Import->Import ILA Data menu item to import the previously saved data.
run_hw_ila [get_hw_ilas -of_objects [get_hw_devices xc7a100t_0] -filter {CELL_NAME=~"SystolicCore0/ILA"}]
INFO: [Labtools 27-1964] The ILA core 'hw_ila_1' trigger was armed at 2025-Nov-10 14:16:27
wait_on_hw_ila [get_hw_ilas -of_objects [get_hw_devices xc7a100t_0] -filter {CELL_NAME=~"SystolicCore0/ILA"}]
display_hw_ila_data [upload_hw_ila_data [get_hw_ilas -of_objects [get_hw_devices xc7a100t_0] -filter {CELL_NAME=~"SystolicCore0/ILA"}]]
INFO: [Labtools 27-1966] The ILA core 'hw_ila_1' triggered at 2025-Nov-10 14:16:27
INFO: [Labtools 27-3304] ILA Waveform data saved to file /home/xmen/Desktop/SystolicCore/vivado/SystolicCore/SystolicCore.hw/backup/hw_ila_data_1.ila. Use Tcl command 'read_hw_ila_data' or Vivado File->Import->Import ILA Data menu item to import the previously saved data.
run_hw_ila [get_hw_ilas -of_objects [get_hw_devices xc7a100t_0] -filter {CELL_NAME=~"SystolicCore0/ILA"}]
INFO: [Labtools 27-1964] The ILA core 'hw_ila_1' trigger was armed at 2025-Nov-10 14:16:30
wait_on_hw_ila [get_hw_ilas -of_objects [get_hw_devices xc7a100t_0] -filter {CELL_NAME=~"SystolicCore0/ILA"}]
display_hw_ila_data [upload_hw_ila_data [get_hw_ilas -of_objects [get_hw_devices xc7a100t_0] -filter {CELL_NAME=~"SystolicCore0/ILA"}]]
INFO: [Labtools 27-1966] The ILA core 'hw_ila_1' triggered at 2025-Nov-10 14:16:30
INFO: [Labtools 27-3304] ILA Waveform data saved to file /home/xmen/Desktop/SystolicCore/vivado/SystolicCore/SystolicCore.hw/backup/hw_ila_data_1.ila. Use Tcl command 'read_hw_ila_data' or Vivado File->Import->Import ILA Data menu item to import the previously saved data.
run_hw_ila [get_hw_ilas -of_objects [get_hw_devices xc7a100t_0] -filter {CELL_NAME=~"SystolicCore0/ILA"}]
INFO: [Labtools 27-1964] The ILA core 'hw_ila_1' trigger was armed at 2025-Nov-10 14:16:33
wait_on_hw_ila [get_hw_ilas -of_objects [get_hw_devices xc7a100t_0] -filter {CELL_NAME=~"SystolicCore0/ILA"}]
display_hw_ila_data [upload_hw_ila_data [get_hw_ilas -of_objects [get_hw_devices xc7a100t_0] -filter {CELL_NAME=~"SystolicCore0/ILA"}]]
INFO: [Labtools 27-1966] The ILA core 'hw_ila_1' triggered at 2025-Nov-10 14:16:33
INFO: [Labtools 27-3304] ILA Waveform data saved to file /home/xmen/Desktop/SystolicCore/vivado/SystolicCore/SystolicCore.hw/backup/hw_ila_data_1.ila. Use Tcl command 'read_hw_ila_data' or Vivado File->Import->Import ILA Data menu item to import the previously saved data.
run_hw_ila [get_hw_ilas -of_objects [get_hw_devices xc7a100t_0] -filter {CELL_NAME=~"SystolicCore0/ILA"}]
INFO: [Labtools 27-1964] The ILA core 'hw_ila_1' trigger was armed at 2025-Nov-10 14:16:36
wait_on_hw_ila [get_hw_ilas -of_objects [get_hw_devices xc7a100t_0] -filter {CELL_NAME=~"SystolicCore0/ILA"}]
display_hw_ila_data [upload_hw_ila_data [get_hw_ilas -of_objects [get_hw_devices xc7a100t_0] -filter {CELL_NAME=~"SystolicCore0/ILA"}]]
INFO: [Labtools 27-1966] The ILA core 'hw_ila_1' triggered at 2025-Nov-10 14:16:36
INFO: [Labtools 27-3304] ILA Waveform data saved to file /home/xmen/Desktop/SystolicCore/vivado/SystolicCore/SystolicCore.hw/backup/hw_ila_data_1.ila. Use Tcl command 'read_hw_ila_data' or Vivado File->Import->Import ILA Data menu item to import the previously saved data.
run_hw_ila [get_hw_ilas -of_objects [get_hw_devices xc7a100t_0] -filter {CELL_NAME=~"SystolicCore0/ILA"}]
INFO: [Labtools 27-1964] The ILA core 'hw_ila_1' trigger was armed at 2025-Nov-10 14:16:40
wait_on_hw_ila [get_hw_ilas -of_objects [get_hw_devices xc7a100t_0] -filter {CELL_NAME=~"SystolicCore0/ILA"}]
display_hw_ila_data [upload_hw_ila_data [get_hw_ilas -of_objects [get_hw_devices xc7a100t_0] -filter {CELL_NAME=~"SystolicCore0/ILA"}]]
INFO: [Labtools 27-1966] The ILA core 'hw_ila_1' triggered at 2025-Nov-10 14:16:40
INFO: [Labtools 27-3304] ILA Waveform data saved to file /home/xmen/Desktop/SystolicCore/vivado/SystolicCore/SystolicCore.hw/backup/hw_ila_data_1.ila. Use Tcl command 'read_hw_ila_data' or Vivado File->Import->Import ILA Data menu item to import the previously saved data.
run_hw_ila [get_hw_ilas -of_objects [get_hw_devices xc7a100t_0] -filter {CELL_NAME=~"SystolicCore0/ILA"}]
INFO: [Labtools 27-1964] The ILA core 'hw_ila_1' trigger was armed at 2025-Nov-10 14:16:43
wait_on_hw_ila [get_hw_ilas -of_objects [get_hw_devices xc7a100t_0] -filter {CELL_NAME=~"SystolicCore0/ILA"}]
display_hw_ila_data [upload_hw_ila_data [get_hw_ilas -of_objects [get_hw_devices xc7a100t_0] -filter {CELL_NAME=~"SystolicCore0/ILA"}]]
INFO: [Labtools 27-1966] The ILA core 'hw_ila_1' triggered at 2025-Nov-10 14:16:43
INFO: [Labtools 27-3304] ILA Waveform data saved to file /home/xmen/Desktop/SystolicCore/vivado/SystolicCore/SystolicCore.hw/backup/hw_ila_data_1.ila. Use Tcl command 'read_hw_ila_data' or Vivado File->Import->Import ILA Data menu item to import the previously saved data.
run_hw_ila [get_hw_ilas -of_objects [get_hw_devices xc7a100t_0] -filter {CELL_NAME=~"SystolicCore0/ILA"}]
INFO: [Labtools 27-1964] The ILA core 'hw_ila_1' trigger was armed at 2025-Nov-10 14:16:46
wait_on_hw_ila [get_hw_ilas -of_objects [get_hw_devices xc7a100t_0] -filter {CELL_NAME=~"SystolicCore0/ILA"}]
display_hw_ila_data [upload_hw_ila_data [get_hw_ilas -of_objects [get_hw_devices xc7a100t_0] -filter {CELL_NAME=~"SystolicCore0/ILA"}]]
INFO: [Labtools 27-1966] The ILA core 'hw_ila_1' triggered at 2025-Nov-10 14:16:46
INFO: [Labtools 27-3304] ILA Waveform data saved to file /home/xmen/Desktop/SystolicCore/vivado/SystolicCore/SystolicCore.hw/backup/hw_ila_data_1.ila. Use Tcl command 'read_hw_ila_data' or Vivado File->Import->Import ILA Data menu item to import the previously saved data.
save_wave_config {/home/xmen/Desktop/SystolicCore/vivado/SystolicCore/SystolicCore.hw/hw_1/wave/hw_ila_data_1/hw_ila_data_1.wcfg}
close_hw_manager
WARNING: [IP_Flow 19-4067] Ignoring invalid widget type specified checkbox.Providing a default widget
set_property CONFIG.C_DATA_DEPTH {65536} [get_ips ila_0]
WARNING: [filemgmt 56-199] Attempt to get parsing info during refresh. "On-the-fly" syntax checking information may be incorrect. [/home/xmen/Desktop/SystolicCore/rtl/Arty7_top_sim.sv:]
WARNING: [filemgmt 56-199] Attempt to get parsing info during refresh. "On-the-fly" syntax checking information may be incorrect. [/home/xmen/Desktop/SystolicCore/rtl/SystolicCore.sv:]
WARNING: [filemgmt 56-199] Attempt to get parsing info during refresh. "On-the-fly" syntax checking information may be incorrect. [/home/xmen/Desktop/SystolicCore/rtl/SystolicCore.sv:]
WARNING: [filemgmt 56-199] Attempt to get parsing info during refresh. "On-the-fly" syntax checking information may be incorrect. [/home/xmen/Desktop/SystolicCore/rtl/SystolicCore.sv:]
WARNING: [filemgmt 56-199] Attempt to get parsing info during refresh. "On-the-fly" syntax checking information may be incorrect. [/home/xmen/Desktop/SystolicCore/vivado/SystolicCore/SystolicCore.gen/sources_1/ip/ram_single_port/ram_single_port.veo:]
WARNING: [filemgmt 56-199] Attempt to get parsing info during refresh. "On-the-fly" syntax checking information may be incorrect. [/home/xmen/Desktop/SystolicCore/vivado/SystolicCore/SystolicCore.gen/sources_1/ip/ram_single_port/ram_single_port.veo:]
WARNING: [filemgmt 56-199] Attempt to get parsing info during refresh. "On-the-fly" syntax checking information may be incorrect. [/home/xmen/Desktop/SystolicCore/vivado/SystolicCore/SystolicCore.gen/sources_1/ip/ila_0_1/ila_0.veo:]
WARNING: [filemgmt 56-199] Attempt to get parsing info during refresh. "On-the-fly" syntax checking information may be incorrect. [/home/xmen/Desktop/SystolicCore/vivado/SystolicCore/SystolicCore.gen/sources_1/ip/ila_0_1/ila_0.veo:]
generate_target all [get_files  /home/xmen/Desktop/SystolicCore/vivado/SystolicCore/SystolicCore.srcs/sources_1/ip/ila_0_1/ila_0.xci]
INFO: [IP_Flow 19-1686] Generating 'Instantiation Template' target for IP 'ila_0'...
INFO: [IP_Flow 19-1686] Generating 'Synthesis' target for IP 'ila_0'...
WARNING: [IP_Flow 19-4994] Overwriting existing constraint file '/home/xmen/Desktop/SystolicCore/vivado/SystolicCore/SystolicCore.gen/sources_1/ip/ila_0_1/ila_0_ooc.xdc'
INFO: [IP_Flow 19-1686] Generating 'Simulation' target for IP 'ila_0'...
INFO: [IP_Flow 19-1686] Generating 'Implementation' target for IP 'ila_0'...
INFO: [IP_Flow 19-1686] Generating 'Change Log' target for IP 'ila_0'...
catch { config_ip_cache -export [get_ips -all ila_0] }
export_ip_user_files -of_objects [get_files /home/xmen/Desktop/SystolicCore/vivado/SystolicCore/SystolicCore.srcs/sources_1/ip/ila_0_1/ila_0.xci] -no_script -sync -force -quiet
reset_run ila_0_synth_1
launch_runs ila_0_synth_1 -jobs 32
[Mon Nov 10 14:17:02 2025] Launched ila_0_synth_1...
Run output will be captured here: /home/xmen/Desktop/SystolicCore/vivado/SystolicCore/SystolicCore.runs/ila_0_synth_1/runme.log
export_simulation -lib_map_path [list {modelsim=/home/xmen/Desktop/SystolicCore/vivado/SystolicCore/SystolicCore.cache/compile_simlib/modelsim} {questa=/home/xmen/Desktop/SystolicCore/vivado/SystolicCore/SystolicCore.cache/compile_simlib/questa} {xcelium=/home/xmen/Desktop/SystolicCore/vivado/SystolicCore/SystolicCore.cache/compile_simlib/xcelium} {vcs=/home/xmen/Desktop/SystolicCore/vivado/SystolicCore/SystolicCore.cache/compile_simlib/vcs} {riviera=/home/xmen/Desktop/SystolicCore/vivado/SystolicCore/SystolicCore.cache/compile_simlib/riviera}] -of_objects [get_files /home/xmen/Desktop/SystolicCore/vivado/SystolicCore/SystolicCore.srcs/sources_1/ip/ila_0_1/ila_0.xci] -directory /home/xmen/Desktop/SystolicCore/vivado/SystolicCore/SystolicCore.ip_user_files/sim_scripts -ip_user_files_dir /home/xmen/Desktop/SystolicCore/vivado/SystolicCore/SystolicCore.ip_user_files -ipstatic_source_dir /home/xmen/Desktop/SystolicCore/vivado/SystolicCore/SystolicCore.ip_user_files/ipstatic -use_ip_compiled_libs -force -quiet
WARNING: [IP_Flow 19-4067] Ignoring invalid widget type specified checkbox.Providing a default widget
set_property CONFIG.C_DATA_DEPTH {32768} [get_ips ila_0]
WARNING: [filemgmt 56-199] Attempt to get parsing info during refresh. "On-the-fly" syntax checking information may be incorrect. [/home/xmen/Desktop/SystolicCore/rtl/Arty7_top_sim.sv:]
WARNING: [filemgmt 56-199] Attempt to get parsing info during refresh. "On-the-fly" syntax checking information may be incorrect. [/home/xmen/Desktop/SystolicCore/rtl/SystolicCore.sv:]
WARNING: [filemgmt 56-199] Attempt to get parsing info during refresh. "On-the-fly" syntax checking information may be incorrect. [/home/xmen/Desktop/SystolicCore/rtl/SystolicCore.sv:]
WARNING: [filemgmt 56-199] Attempt to get parsing info during refresh. "On-the-fly" syntax checking information may be incorrect. [/home/xmen/Desktop/SystolicCore/rtl/SystolicCore.sv:]
WARNING: [filemgmt 56-199] Attempt to get parsing info during refresh. "On-the-fly" syntax checking information may be incorrect. [/home/xmen/Desktop/SystolicCore/vivado/SystolicCore/SystolicCore.gen/sources_1/ip/ram_single_port/ram_single_port.veo:]
WARNING: [filemgmt 56-199] Attempt to get parsing info during refresh. "On-the-fly" syntax checking information may be incorrect. [/home/xmen/Desktop/SystolicCore/vivado/SystolicCore/SystolicCore.gen/sources_1/ip/ram_single_port/ram_single_port.veo:]
WARNING: [filemgmt 56-199] Attempt to get parsing info during refresh. "On-the-fly" syntax checking information may be incorrect. [/home/xmen/Desktop/SystolicCore/vivado/SystolicCore/SystolicCore.gen/sources_1/ip/ila_0_1/ila_0.veo:]
WARNING: [filemgmt 56-199] Attempt to get parsing info during refresh. "On-the-fly" syntax checking information may be incorrect. [/home/xmen/Desktop/SystolicCore/vivado/SystolicCore/SystolicCore.gen/sources_1/ip/ila_0_1/ila_0.veo:]
generate_target all [get_files  /home/xmen/Desktop/SystolicCore/vivado/SystolicCore/SystolicCore.srcs/sources_1/ip/ila_0_1/ila_0.xci]
INFO: [IP_Flow 19-1686] Generating 'Instantiation Template' target for IP 'ila_0'...
INFO: [IP_Flow 19-1686] Generating 'Synthesis' target for IP 'ila_0'...
WARNING: [IP_Flow 19-4994] Overwriting existing constraint file '/home/xmen/Desktop/SystolicCore/vivado/SystolicCore/SystolicCore.gen/sources_1/ip/ila_0_1/ila_0_ooc.xdc'
INFO: [IP_Flow 19-1686] Generating 'Simulation' target for IP 'ila_0'...
INFO: [IP_Flow 19-1686] Generating 'Implementation' target for IP 'ila_0'...
INFO: [IP_Flow 19-1686] Generating 'Change Log' target for IP 'ila_0'...
catch { config_ip_cache -export [get_ips -all ila_0] }
export_ip_user_files -of_objects [get_files /home/xmen/Desktop/SystolicCore/vivado/SystolicCore/SystolicCore.srcs/sources_1/ip/ila_0_1/ila_0.xci] -no_script -sync -force -quiet
reset_run ila_0_synth_1
launch_runs ila_0_synth_1 -jobs 32
[Mon Nov 10 14:18:17 2025] Launched ila_0_synth_1...
Run output will be captured here: /home/xmen/Desktop/SystolicCore/vivado/SystolicCore/SystolicCore.runs/ila_0_synth_1/runme.log
export_simulation -lib_map_path [list {modelsim=/home/xmen/Desktop/SystolicCore/vivado/SystolicCore/SystolicCore.cache/compile_simlib/modelsim} {questa=/home/xmen/Desktop/SystolicCore/vivado/SystolicCore/SystolicCore.cache/compile_simlib/questa} {xcelium=/home/xmen/Desktop/SystolicCore/vivado/SystolicCore/SystolicCore.cache/compile_simlib/xcelium} {vcs=/home/xmen/Desktop/SystolicCore/vivado/SystolicCore/SystolicCore.cache/compile_simlib/vcs} {riviera=/home/xmen/Desktop/SystolicCore/vivado/SystolicCore/SystolicCore.cache/compile_simlib/riviera}] -of_objects [get_files /home/xmen/Desktop/SystolicCore/vivado/SystolicCore/SystolicCore.srcs/sources_1/ip/ila_0_1/ila_0.xci] -directory /home/xmen/Desktop/SystolicCore/vivado/SystolicCore/SystolicCore.ip_user_files/sim_scripts -ip_user_files_dir /home/xmen/Desktop/SystolicCore/vivado/SystolicCore/SystolicCore.ip_user_files -ipstatic_source_dir /home/xmen/Desktop/SystolicCore/vivado/SystolicCore/SystolicCore.ip_user_files/ipstatic -use_ip_compiled_libs -force -quiet
WARNING: [filemgmt 56-199] Attempt to get parsing info during refresh. "On-the-fly" syntax checking information may be incorrect. [/home/xmen/Desktop/SystolicCore/rtl/Arty7_top_sim.sv:]
WARNING: [filemgmt 56-199] Attempt to get parsing info during refresh. "On-the-fly" syntax checking information may be incorrect. [/home/xmen/Desktop/SystolicCore/rtl/SystolicCore.sv:]
WARNING: [filemgmt 56-199] Attempt to get parsing info during refresh. "On-the-fly" syntax checking information may be incorrect. [/home/xmen/Desktop/SystolicCore/rtl/SystolicCore.sv:]
WARNING: [filemgmt 56-199] Attempt to get parsing info during refresh. "On-the-fly" syntax checking information may be incorrect. [/home/xmen/Desktop/SystolicCore/rtl/SystolicCore.sv:]
WARNING: [filemgmt 56-199] Attempt to get parsing info during refresh. "On-the-fly" syntax checking information may be incorrect. [/home/xmen/Desktop/SystolicCore/vivado/SystolicCore/SystolicCore.gen/sources_1/ip/ram_single_port/ram_single_port.veo:]
WARNING: [filemgmt 56-199] Attempt to get parsing info during refresh. "On-the-fly" syntax checking information may be incorrect. [/home/xmen/Desktop/SystolicCore/vivado/SystolicCore/SystolicCore.gen/sources_1/ip/ram_single_port/ram_single_port.veo:]
WARNING: [filemgmt 56-199] Attempt to get parsing info during refresh. "On-the-fly" syntax checking information may be incorrect. [/home/xmen/Desktop/SystolicCore/vivado/SystolicCore/SystolicCore.gen/sources_1/ip/ila_0_1/ila_0.veo:]
WARNING: [filemgmt 56-199] Attempt to get parsing info during refresh. "On-the-fly" syntax checking information may be incorrect. [/home/xmen/Desktop/SystolicCore/vivado/SystolicCore/SystolicCore.gen/sources_1/ip/ila_0_1/ila_0.veo:]
WARNING: [filemgmt 56-199] Attempt to get parsing info during refresh. "On-the-fly" syntax checking information may be incorrect. [/home/xmen/Desktop/SystolicCore/rtl/Arty7_top_sim.sv:]
WARNING: [filemgmt 56-199] Attempt to get parsing info during refresh. "On-the-fly" syntax checking information may be incorrect. [/home/xmen/Desktop/SystolicCore/rtl/SystolicCore.sv:]
WARNING: [filemgmt 56-199] Attempt to get parsing info during refresh. "On-the-fly" syntax checking information may be incorrect. [/home/xmen/Desktop/SystolicCore/rtl/SystolicCore.sv:]
WARNING: [filemgmt 56-199] Attempt to get parsing info during refresh. "On-the-fly" syntax checking information may be incorrect. [/home/xmen/Desktop/SystolicCore/rtl/SystolicCore.sv:]
WARNING: [filemgmt 56-199] Attempt to get parsing info during refresh. "On-the-fly" syntax checking information may be incorrect. [/home/xmen/Desktop/SystolicCore/vivado/SystolicCore/SystolicCore.gen/sources_1/ip/ram_single_port/ram_single_port.veo:]
WARNING: [filemgmt 56-199] Attempt to get parsing info during refresh. "On-the-fly" syntax checking information may be incorrect. [/home/xmen/Desktop/SystolicCore/vivado/SystolicCore/SystolicCore.gen/sources_1/ip/ram_single_port/ram_single_port.veo:]
WARNING: [filemgmt 56-199] Attempt to get parsing info during refresh. "On-the-fly" syntax checking information may be incorrect. [/home/xmen/Desktop/SystolicCore/vivado/SystolicCore/SystolicCore.gen/sources_1/ip/ila_0_1/ila_0.veo:]
WARNING: [filemgmt 56-199] Attempt to get parsing info during refresh. "On-the-fly" syntax checking information may be incorrect. [/home/xmen/Desktop/SystolicCore/vivado/SystolicCore/SystolicCore.gen/sources_1/ip/ila_0_1/ila_0.veo:]
set_property needs_refresh false [get_runs synth_1]
set_property needs_refresh false [get_runs impl_1]
set_property needs_refresh false [get_runs ram_single_port_synth_1]
set_property needs_refresh false [get_runs ila_0_synth_1]
open_hw_manager
connect_hw_server -allow_non_jtag
INFO: [Labtools 27-2285] Connecting to hw_server url TCP:localhost:3121
INFO: [Labtools 27-2222] Launching hw_server...
INFO: [Labtools 27-2221] Launch Output:

****** Xilinx hw_server v2025.1
  **** Build date : May  6 2025 at 15:14:51
    ** Copyright 1986-2022 Xilinx, Inc. All Rights Reserved.


INFO: [Labtools 27-3415] Connecting to cs_server url TCP:localhost:0
INFO: [Labtools 27-3417] Launching cs_server...
INFO: [Labtools 27-2221] Launch Output:


******** Xilinx cs_server v2025.1.0
  ****** Build date   : May 13 2025-16:15:27
    **** Build number : 2025.1.1747163727
      ** Copyright 2017-2022 Xilinx, Inc. All Rights Reserved.
      ** Copyright 2022-2025 Advanced Micro Devices, Inc. All Rights Reserved.



open_hw_target
INFO: [Labtoolstcl 44-466] Opening hw_target localhost:3121/xilinx_tcf/Digilent/210319B9B255A
set_property PROGRAM.FILE {/home/xmen/Desktop/SystolicCore/vivado/SystolicCore/SystolicCore.runs/impl_1/Arty7_top_sim.bit} [get_hw_devices xc7a100t_0]
set_property PROBES.FILE {/home/xmen/Desktop/SystolicCore/vivado/SystolicCore/SystolicCore.runs/impl_1/Arty7_top_sim.ltx} [get_hw_devices xc7a100t_0]
set_property FULL_PROBES.FILE {/home/xmen/Desktop/SystolicCore/vivado/SystolicCore/SystolicCore.runs/impl_1/Arty7_top_sim.ltx} [get_hw_devices xc7a100t_0]
current_hw_device [get_hw_devices xc7a100t_0]
refresh_hw_device [lindex [get_hw_devices xc7a100t_0] 0]
INFO: [Labtools 27-2302] Device xc7a100t (JTAG device index = 0) is programmed with a design that has 1 ILA core(s).
display_hw_ila_data [ get_hw_ila_data hw_ila_data_1 -of_objects [get_hw_ilas -of_objects [get_hw_devices xc7a100t_0] -filter {CELL_NAME=~"SystolicCore0/ILA"}]]
set_property PROBES.FILE {/home/xmen/Desktop/SystolicCore/vivado/SystolicCore/SystolicCore.runs/impl_1/Arty7_top_sim.ltx} [get_hw_devices xc7a100t_0]
set_property FULL_PROBES.FILE {/home/xmen/Desktop/SystolicCore/vivado/SystolicCore/SystolicCore.runs/impl_1/Arty7_top_sim.ltx} [get_hw_devices xc7a100t_0]
set_property PROGRAM.FILE {/home/xmen/Desktop/SystolicCore/vivado/SystolicCore/SystolicCore.runs/impl_1/Arty7_top_sim.bit} [get_hw_devices xc7a100t_0]
program_hw_devices [get_hw_devices xc7a100t_0]
INFO: [Labtools 27-3164] End of startup status: HIGH
refresh_hw_device [lindex [get_hw_devices xc7a100t_0] 0]
INFO: [Labtools 27-2302] Device xc7a100t (JTAG device index = 0) is programmed with a design that has 1 ILA core(s).
save_wave_config {/home/xmen/Desktop/SystolicCore/vivado/SystolicCore/SystolicCore.hw/hw_1/wave/hw_ila_data_1/hw_ila_data_1.wcfg}
close_hw_manager
WARNING: [IP_Flow 19-4067] Ignoring invalid widget type specified checkbox.Providing a default widget
reset_run impl_1 -prev_step 
launch_runs impl_1 -to_step write_bitstream -jobs 32
[Mon Nov 10 14:20:56 2025] Launched impl_1...
Run output will be captured here: /home/xmen/Desktop/SystolicCore/vivado/SystolicCore/SystolicCore.runs/impl_1/runme.log
open_hw_manager
connect_hw_server -allow_non_jtag
INFO: [Labtools 27-2285] Connecting to hw_server url TCP:localhost:3121
INFO: [Labtools 27-2222] Launching hw_server...
INFO: [Labtools 27-2221] Launch Output:

****** Xilinx hw_server v2025.1
  **** Build date : May  6 2025 at 15:14:51
    ** Copyright 1986-2022 Xilinx, Inc. All Rights Reserved.


INFO: [Labtools 27-3415] Connecting to cs_server url TCP:localhost:0
INFO: [Labtools 27-3417] Launching cs_server...
INFO: [Labtools 27-2221] Launch Output:


******** Xilinx cs_server v2025.1.0
  ****** Build date   : May 13 2025-16:15:27
    **** Build number : 2025.1.1747163727
      ** Copyright 2017-2022 Xilinx, Inc. All Rights Reserved.
      ** Copyright 2022-2025 Advanced Micro Devices, Inc. All Rights Reserved.



open_hw_target
INFO: [Labtoolstcl 44-466] Opening hw_target localhost:3121/xilinx_tcf/Digilent/210319B9B255A
set_property PROGRAM.FILE {/home/xmen/Desktop/SystolicCore/vivado/SystolicCore/SystolicCore.runs/impl_1/Arty7_top_sim.bit} [get_hw_devices xc7a100t_0]
set_property PROBES.FILE {/home/xmen/Desktop/SystolicCore/vivado/SystolicCore/SystolicCore.runs/impl_1/Arty7_top_sim.ltx} [get_hw_devices xc7a100t_0]
set_property FULL_PROBES.FILE {/home/xmen/Desktop/SystolicCore/vivado/SystolicCore/SystolicCore.runs/impl_1/Arty7_top_sim.ltx} [get_hw_devices xc7a100t_0]
current_hw_device [get_hw_devices xc7a100t_0]
refresh_hw_device [lindex [get_hw_devices xc7a100t_0] 0]
INFO: [Labtools 27-2302] Device xc7a100t (JTAG device index = 0) is programmed with a design that has 1 ILA core(s).
display_hw_ila_data [ get_hw_ila_data hw_ila_data_1 -of_objects [get_hw_ilas -of_objects [get_hw_devices xc7a100t_0] -filter {CELL_NAME=~"SystolicCore0/ILA"}]]
set_property PROBES.FILE {/home/xmen/Desktop/SystolicCore/vivado/SystolicCore/SystolicCore.runs/impl_1/Arty7_top_sim.ltx} [get_hw_devices xc7a100t_0]
set_property FULL_PROBES.FILE {/home/xmen/Desktop/SystolicCore/vivado/SystolicCore/SystolicCore.runs/impl_1/Arty7_top_sim.ltx} [get_hw_devices xc7a100t_0]
set_property PROGRAM.FILE {/home/xmen/Desktop/SystolicCore/vivado/SystolicCore/SystolicCore.runs/impl_1/Arty7_top_sim.bit} [get_hw_devices xc7a100t_0]
program_hw_devices [get_hw_devices xc7a100t_0]
INFO: [Labtools 27-3164] End of startup status: HIGH
refresh_hw_device [lindex [get_hw_devices xc7a100t_0] 0]
INFO: [Labtools 27-2302] Device xc7a100t (JTAG device index = 0) is programmed with a design that has 1 ILA core(s).
startgroup 
set_property CONTROL.DATA_DEPTH 512 [get_hw_ilas -of_objects [get_hw_devices xc7a100t_0] -filter {CELL_NAME=~"SystolicCore0/ILA"}]
set_property CONTROL.TRIGGER_POSITION 511 [get_hw_ilas -of_objects [get_hw_devices xc7a100t_0] -filter {CELL_NAME=~"SystolicCore0/ILA"}]
endgroup
set_property CONTROL.DATA_DEPTH 16384 [get_hw_ilas -of_objects [get_hw_devices xc7a100t_0] -filter {CELL_NAME=~"SystolicCore0/ILA"}]
run_hw_ila [get_hw_ilas -of_objects [get_hw_devices xc7a100t_0] -filter {CELL_NAME=~"SystolicCore0/ILA"}]
INFO: [Labtools 27-1964] The ILA core 'hw_ila_1' trigger was armed at 2025-Nov-10 14:22:07
wait_on_hw_ila [get_hw_ilas -of_objects [get_hw_devices xc7a100t_0] -filter {CELL_NAME=~"SystolicCore0/ILA"}]
display_hw_ila_data [upload_hw_ila_data [get_hw_ilas -of_objects [get_hw_devices xc7a100t_0] -filter {CELL_NAME=~"SystolicCore0/ILA"}]]
INFO: [Labtools 27-1966] The ILA core 'hw_ila_1' triggered at 2025-Nov-10 14:22:07
INFO: [Labtools 27-3304] ILA Waveform data saved to file /home/xmen/Desktop/SystolicCore/vivado/SystolicCore/SystolicCore.hw/backup/hw_ila_data_1.ila. Use Tcl command 'read_hw_ila_data' or Vivado File->Import->Import ILA Data menu item to import the previously saved data.
run_hw_ila [get_hw_ilas -of_objects [get_hw_devices xc7a100t_0] -filter {CELL_NAME=~"SystolicCore0/ILA"}]
INFO: [Labtools 27-1964] The ILA core 'hw_ila_1' trigger was armed at 2025-Nov-10 14:22:10
wait_on_hw_ila [get_hw_ilas -of_objects [get_hw_devices xc7a100t_0] -filter {CELL_NAME=~"SystolicCore0/ILA"}]
display_hw_ila_data [upload_hw_ila_data [get_hw_ilas -of_objects [get_hw_devices xc7a100t_0] -filter {CELL_NAME=~"SystolicCore0/ILA"}]]
INFO: [Labtools 27-1966] The ILA core 'hw_ila_1' triggered at 2025-Nov-10 14:22:10
INFO: [Labtools 27-3304] ILA Waveform data saved to file /home/xmen/Desktop/SystolicCore/vivado/SystolicCore/SystolicCore.hw/backup/hw_ila_data_1.ila. Use Tcl command 'read_hw_ila_data' or Vivado File->Import->Import ILA Data menu item to import the previously saved data.
run_hw_ila [get_hw_ilas -of_objects [get_hw_devices xc7a100t_0] -filter {CELL_NAME=~"SystolicCore0/ILA"}]
INFO: [Labtools 27-1964] The ILA core 'hw_ila_1' trigger was armed at 2025-Nov-10 14:22:11
wait_on_hw_ila [get_hw_ilas -of_objects [get_hw_devices xc7a100t_0] -filter {CELL_NAME=~"SystolicCore0/ILA"}]
display_hw_ila_data [upload_hw_ila_data [get_hw_ilas -of_objects [get_hw_devices xc7a100t_0] -filter {CELL_NAME=~"SystolicCore0/ILA"}]]
INFO: [Labtools 27-1966] The ILA core 'hw_ila_1' triggered at 2025-Nov-10 14:22:11
INFO: [Labtools 27-3304] ILA Waveform data saved to file /home/xmen/Desktop/SystolicCore/vivado/SystolicCore/SystolicCore.hw/backup/hw_ila_data_1.ila. Use Tcl command 'read_hw_ila_data' or Vivado File->Import->Import ILA Data menu item to import the previously saved data.
run_hw_ila [get_hw_ilas -of_objects [get_hw_devices xc7a100t_0] -filter {CELL_NAME=~"SystolicCore0/ILA"}]
INFO: [Labtools 27-1964] The ILA core 'hw_ila_1' trigger was armed at 2025-Nov-10 14:22:13
wait_on_hw_ila [get_hw_ilas -of_objects [get_hw_devices xc7a100t_0] -filter {CELL_NAME=~"SystolicCore0/ILA"}]
display_hw_ila_data [upload_hw_ila_data [get_hw_ilas -of_objects [get_hw_devices xc7a100t_0] -filter {CELL_NAME=~"SystolicCore0/ILA"}]]
INFO: [Labtools 27-1966] The ILA core 'hw_ila_1' triggered at 2025-Nov-10 14:22:13
INFO: [Labtools 27-3304] ILA Waveform data saved to file /home/xmen/Desktop/SystolicCore/vivado/SystolicCore/SystolicCore.hw/backup/hw_ila_data_1.ila. Use Tcl command 'read_hw_ila_data' or Vivado File->Import->Import ILA Data menu item to import the previously saved data.
set_property TRIGGER_COMPARE_VALUE eq1'bF [get_hw_probes SystolicCore0/clock -of_objects [get_hw_ilas -of_objects [get_hw_devices xc7a100t_0] -filter {CELL_NAME=~"SystolicCore0/ILA"}]]
run_hw_ila [get_hw_ilas -of_objects [get_hw_devices xc7a100t_0] -filter {CELL_NAME=~"SystolicCore0/ILA"}]
INFO: [Labtools 27-1964] The ILA core 'hw_ila_1' trigger was armed at 2025-Nov-10 14:22:32
set_property TRIGGER_COMPARE_VALUE eq1'bR [get_hw_probes SystolicCore0/clock -of_objects [get_hw_ilas -of_objects [get_hw_devices xc7a100t_0] -filter {CELL_NAME=~"SystolicCore0/ILA"}]]
WARNING: [IP_Flow 19-4067] Ignoring invalid widget type specified checkbox.Providing a default widget
reset_run impl_1
launch_runs impl_1 -jobs 32
[Mon Nov 10 14:23:50 2025] Launched impl_1...
Run output will be captured here: /home/xmen/Desktop/SystolicCore/vivado/SystolicCore/SystolicCore.runs/impl_1/runme.log
WARNING: [IP_Flow 19-4067] Ignoring invalid widget type specified checkbox.Providing a default widget
set_property CONFIG.C_INPUT_PIPE_STAGES {6} [get_ips ila_0]
generate_target all [get_files  /home/xmen/Desktop/SystolicCore/vivado/SystolicCore/SystolicCore.srcs/sources_1/ip/ila_0_1/ila_0.xci]
INFO: [IP_Flow 19-1686] Generating 'Instantiation Template' target for IP 'ila_0'...
INFO: [IP_Flow 19-1686] Generating 'Synthesis' target for IP 'ila_0'...
WARNING: [IP_Flow 19-4994] Overwriting existing constraint file '/home/xmen/Desktop/SystolicCore/vivado/SystolicCore/SystolicCore.gen/sources_1/ip/ila_0_1/ila_0_ooc.xdc'
INFO: [IP_Flow 19-1686] Generating 'Simulation' target for IP 'ila_0'...
INFO: [IP_Flow 19-1686] Generating 'Implementation' target for IP 'ila_0'...
INFO: [IP_Flow 19-1686] Generating 'Change Log' target for IP 'ila_0'...
catch { config_ip_cache -export [get_ips -all ila_0] }
WARNING: [filemgmt 56-199] Attempt to get parsing info during refresh. "On-the-fly" syntax checking information may be incorrect. [/home/xmen/Desktop/SystolicCore/rtl/Arty7_top_sim.sv:]
WARNING: [filemgmt 56-199] Attempt to get parsing info during refresh. "On-the-fly" syntax checking information may be incorrect. [/home/xmen/Desktop/SystolicCore/rtl/SystolicCore.sv:]
WARNING: [filemgmt 56-199] Attempt to get parsing info during refresh. "On-the-fly" syntax checking information may be incorrect. [/home/xmen/Desktop/SystolicCore/rtl/SystolicCore.sv:]
WARNING: [filemgmt 56-199] Attempt to get parsing info during refresh. "On-the-fly" syntax checking information may be incorrect. [/home/xmen/Desktop/SystolicCore/rtl/SystolicCore.sv:]
export_ip_user_files -of_objects [get_files /home/xmen/Desktop/SystolicCore/vivado/SystolicCore/SystolicCore.srcs/sources_1/ip/ila_0_1/ila_0.xci] -no_script -sync -force -quiet
reset_run ila_0_synth_1
launch_runs ila_0_synth_1 -jobs 32
[Mon Nov 10 14:25:47 2025] Launched ila_0_synth_1...
Run output will be captured here: /home/xmen/Desktop/SystolicCore/vivado/SystolicCore/SystolicCore.runs/ila_0_synth_1/runme.log
export_simulation -lib_map_path [list {modelsim=/home/xmen/Desktop/SystolicCore/vivado/SystolicCore/SystolicCore.cache/compile_simlib/modelsim} {questa=/home/xmen/Desktop/SystolicCore/vivado/SystolicCore/SystolicCore.cache/compile_simlib/questa} {xcelium=/home/xmen/Desktop/SystolicCore/vivado/SystolicCore/SystolicCore.cache/compile_simlib/xcelium} {vcs=/home/xmen/Desktop/SystolicCore/vivado/SystolicCore/SystolicCore.cache/compile_simlib/vcs} {riviera=/home/xmen/Desktop/SystolicCore/vivado/SystolicCore/SystolicCore.cache/compile_simlib/riviera}] -of_objects [get_files /home/xmen/Desktop/SystolicCore/vivado/SystolicCore/SystolicCore.srcs/sources_1/ip/ila_0_1/ila_0.xci] -directory /home/xmen/Desktop/SystolicCore/vivado/SystolicCore/SystolicCore.ip_user_files/sim_scripts -ip_user_files_dir /home/xmen/Desktop/SystolicCore/vivado/SystolicCore/SystolicCore.ip_user_files -ipstatic_source_dir /home/xmen/Desktop/SystolicCore/vivado/SystolicCore/SystolicCore.ip_user_files/ipstatic -use_ip_compiled_libs -force -quiet
WARNING: [filemgmt 56-199] Attempt to get parsing info during refresh. "On-the-fly" syntax checking information may be incorrect. [/home/xmen/Desktop/SystolicCore/rtl/Arty7_top_sim.sv:]
WARNING: [filemgmt 56-199] Attempt to get parsing info during refresh. "On-the-fly" syntax checking information may be incorrect. [/home/xmen/Desktop/SystolicCore/rtl/SystolicCore.sv:]
WARNING: [filemgmt 56-199] Attempt to get parsing info during refresh. "On-the-fly" syntax checking information may be incorrect. [/home/xmen/Desktop/SystolicCore/rtl/SystolicCore.sv:]
WARNING: [filemgmt 56-199] Attempt to get parsing info during refresh. "On-the-fly" syntax checking information may be incorrect. [/home/xmen/Desktop/SystolicCore/rtl/SystolicCore.sv:]
WARNING: [filemgmt 56-199] Attempt to get parsing info during refresh. "On-the-fly" syntax checking information may be incorrect. [/home/xmen/Desktop/SystolicCore/vivado/SystolicCore/SystolicCore.gen/sources_1/ip/ram_single_port/ram_single_port.veo:]
WARNING: [filemgmt 56-199] Attempt to get parsing info during refresh. "On-the-fly" syntax checking information may be incorrect. [/home/xmen/Desktop/SystolicCore/vivado/SystolicCore/SystolicCore.gen/sources_1/ip/ram_single_port/ram_single_port.veo:]
WARNING: [filemgmt 56-199] Attempt to get parsing info during refresh. "On-the-fly" syntax checking information may be incorrect. [/home/xmen/Desktop/SystolicCore/vivado/SystolicCore/SystolicCore.gen/sources_1/ip/ila_0_1/ila_0.veo:]
WARNING: [filemgmt 56-199] Attempt to get parsing info during refresh. "On-the-fly" syntax checking information may be incorrect. [/home/xmen/Desktop/SystolicCore/vivado/SystolicCore/SystolicCore.gen/sources_1/ip/ila_0_1/ila_0.veo:]
reset_run synth_1
INFO: [Project 1-1161] Replacing file /home/xmen/Desktop/SystolicCore/vivado/SystolicCore/SystolicCore.srcs/utils_1/imports/synth_1/Arty7_top_sim.dcp with file /home/xmen/Desktop/SystolicCore/vivado/SystolicCore/SystolicCore.runs/synth_1/Arty7_top_sim.dcp
launch_runs impl_1 -to_step write_bitstream -jobs 32
[Mon Nov 10 14:26:56 2025] Launched synth_1...
Run output will be captured here: /home/xmen/Desktop/SystolicCore/vivado/SystolicCore/SystolicCore.runs/synth_1/runme.log
[Mon Nov 10 14:26:56 2025] Launched impl_1...
Run output will be captured here: /home/xmen/Desktop/SystolicCore/vivado/SystolicCore/SystolicCore.runs/impl_1/runme.log
WARNING: [filemgmt 56-199] Attempt to get parsing info during refresh. "On-the-fly" syntax checking information may be incorrect. [/home/xmen/Desktop/SystolicCore/rtl/Arty7_top_sim.sv:]
WARNING: [filemgmt 56-199] Attempt to get parsing info during refresh. "On-the-fly" syntax checking information may be incorrect. [/home/xmen/Desktop/SystolicCore/rtl/SystolicCore.sv:]
WARNING: [filemgmt 56-199] Attempt to get parsing info during refresh. "On-the-fly" syntax checking information may be incorrect. [/home/xmen/Desktop/SystolicCore/rtl/SystolicCore.sv:]
WARNING: [filemgmt 56-199] Attempt to get parsing info during refresh. "On-the-fly" syntax checking information may be incorrect. [/home/xmen/Desktop/SystolicCore/rtl/SystolicCore.sv:]
WARNING: [filemgmt 56-199] Attempt to get parsing info during refresh. "On-the-fly" syntax checking information may be incorrect. [/home/xmen/Desktop/SystolicCore/vivado/SystolicCore/SystolicCore.gen/sources_1/ip/ram_single_port/ram_single_port.veo:]
WARNING: [filemgmt 56-199] Attempt to get parsing info during refresh. "On-the-fly" syntax checking information may be incorrect. [/home/xmen/Desktop/SystolicCore/vivado/SystolicCore/SystolicCore.gen/sources_1/ip/ram_single_port/ram_single_port.veo:]
WARNING: [filemgmt 56-199] Attempt to get parsing info during refresh. "On-the-fly" syntax checking information may be incorrect. [/home/xmen/Desktop/SystolicCore/vivado/SystolicCore/SystolicCore.gen/sources_1/ip/ila_0_1/ila_0.veo:]
WARNING: [filemgmt 56-199] Attempt to get parsing info during refresh. "On-the-fly" syntax checking information may be incorrect. [/home/xmen/Desktop/SystolicCore/vivado/SystolicCore/SystolicCore.gen/sources_1/ip/ila_0_1/ila_0.veo:]
set_property PROBES.FILE {/home/xmen/Desktop/SystolicCore/vivado/SystolicCore/SystolicCore.runs/impl_1/Arty7_top_sim.ltx} [get_hw_devices xc7a100t_0]
set_property FULL_PROBES.FILE {/home/xmen/Desktop/SystolicCore/vivado/SystolicCore/SystolicCore.runs/impl_1/Arty7_top_sim.ltx} [get_hw_devices xc7a100t_0]
set_property PROGRAM.FILE {/home/xmen/Desktop/SystolicCore/vivado/SystolicCore/SystolicCore.runs/impl_1/Arty7_top_sim.bit} [get_hw_devices xc7a100t_0]
program_hw_devices [get_hw_devices xc7a100t_0]
INFO: [Labtools 27-3164] End of startup status: HIGH
refresh_hw_device [lindex [get_hw_devices xc7a100t_0] 0]
INFO: [Labtools 27-2302] Device xc7a100t (JTAG device index = 0) is programmed with a design that has 1 ILA core(s).
run_hw_ila [get_hw_ilas -of_objects [get_hw_devices xc7a100t_0] -filter {CELL_NAME=~"SystolicCore0/ILA"}]
INFO: [Labtools 27-1964] The ILA core 'hw_ila_1' trigger was armed at 2025-Nov-10 14:38:55
set_property PROBES.FILE {/home/xmen/Desktop/SystolicCore/vivado/SystolicCore/SystolicCore.runs/impl_1/Arty7_top_sim.ltx} [get_hw_devices xc7a100t_0]
set_property FULL_PROBES.FILE {/home/xmen/Desktop/SystolicCore/vivado/SystolicCore/SystolicCore.runs/impl_1/Arty7_top_sim.ltx} [get_hw_devices xc7a100t_0]
set_property PROGRAM.FILE {/home/xmen/Desktop/SystolicCore/vivado/SystolicCore/SystolicCore.runs/impl_1/Arty7_top_sim.bit} [get_hw_devices xc7a100t_0]
program_hw_devices [get_hw_devices xc7a100t_0]
INFO: [Labtools 27-3164] End of startup status: HIGH
refresh_hw_device [lindex [get_hw_devices xc7a100t_0] 0]
INFO: [Labtools 27-2302] Device xc7a100t (JTAG device index = 0) is programmed with a design that has 1 ILA core(s).
set_property TRIGGER_COMPARE_VALUE eq1'b1 [get_hw_probes SystolicCore0/clock -of_objects [get_hw_ilas -of_objects [get_hw_devices xc7a100t_0] -filter {CELL_NAME=~"SystolicCore0/ILA"}]]
run_hw_ila [get_hw_ilas -of_objects [get_hw_devices xc7a100t_0] -filter {CELL_NAME=~"SystolicCore0/ILA"}]
INFO: [Labtools 27-1964] The ILA core 'hw_ila_1' trigger was armed at 2025-Nov-10 14:40:59
wait_on_hw_ila -timeout 0 [get_hw_ilas -of_objects [get_hw_devices xc7a100t_0] -filter {CELL_NAME=~"SystolicCore0/ILA"}]
upload_hw_ila_data [get_hw_ilas -of_objects [get_hw_devices xc7a100t_0] -filter {CELL_NAME=~"SystolicCore0/ILA"}]
INFO: [Labtools 27-1965] The ILA core 'hw_ila_1' trigger was stopped by user at 2025-Nov-10 14:41:05
WARNING: [Labtools 27-157] hw_ila [hw_ila_1] stopped. No data to upload.
run_hw_ila [get_hw_ilas -of_objects [get_hw_devices xc7a100t_0] -filter {CELL_NAME=~"SystolicCore0/ILA"}]
INFO: [Labtools 27-1964] The ILA core 'hw_ila_1' trigger was armed at 2025-Nov-10 14:41:07
set_property CONTROL.DATA_DEPTH 32768 [get_hw_ilas -of_objects [get_hw_devices xc7a100t_0] -filter {CELL_NAME=~"SystolicCore0/ILA"}]
set_property TRIGGER_COMPARE_VALUE eq1'bX [get_hw_probes SystolicCore0/clock -of_objects [get_hw_ilas -of_objects [get_hw_devices xc7a100t_0] -filter {CELL_NAME=~"SystolicCore0/ILA"}]]
set_property CONTROL.DATA_DEPTH 1024 [get_hw_ilas -of_objects [get_hw_devices xc7a100t_0] -filter {CELL_NAME=~"SystolicCore0/ILA"}]
wait_on_hw_ila -timeout 0 [get_hw_ilas -of_objects [get_hw_devices xc7a100t_0] -filter {CELL_NAME=~"SystolicCore0/ILA"}]
upload_hw_ila_data [get_hw_ilas -of_objects [get_hw_devices xc7a100t_0] -filter {CELL_NAME=~"SystolicCore0/ILA"}]
INFO: [Labtools 27-1965] The ILA core 'hw_ila_1' trigger was stopped by user at 2025-Nov-10 14:42:18
WARNING: [Labtools 27-157] hw_ila [hw_ila_1] stopped. No data to upload.
run_hw_ila [get_hw_ilas -of_objects [get_hw_devices xc7a100t_0] -filter {CELL_NAME=~"SystolicCore0/ILA"}]
INFO: [Labtools 27-1964] The ILA core 'hw_ila_1' trigger was armed at 2025-Nov-10 14:42:22
wait_on_hw_ila [get_hw_ilas -of_objects [get_hw_devices xc7a100t_0] -filter {CELL_NAME=~"SystolicCore0/ILA"}]
display_hw_ila_data [upload_hw_ila_data [get_hw_ilas -of_objects [get_hw_devices xc7a100t_0] -filter {CELL_NAME=~"SystolicCore0/ILA"}]]
INFO: [Labtools 27-1966] The ILA core 'hw_ila_1' triggered at 2025-Nov-10 14:42:22
INFO: [Labtools 27-3304] ILA Waveform data saved to file /home/xmen/Desktop/SystolicCore/vivado/SystolicCore/SystolicCore.hw/backup/hw_ila_data_1.ila. Use Tcl command 'read_hw_ila_data' or Vivado File->Import->Import ILA Data menu item to import the previously saved data.
run_hw_ila [get_hw_ilas -of_objects [get_hw_devices xc7a100t_0] -filter {CELL_NAME=~"SystolicCore0/ILA"}]
INFO: [Labtools 27-1964] The ILA core 'hw_ila_1' trigger was armed at 2025-Nov-10 14:42:25
wait_on_hw_ila [get_hw_ilas -of_objects [get_hw_devices xc7a100t_0] -filter {CELL_NAME=~"SystolicCore0/ILA"}]
display_hw_ila_data [upload_hw_ila_data [get_hw_ilas -of_objects [get_hw_devices xc7a100t_0] -filter {CELL_NAME=~"SystolicCore0/ILA"}]]
INFO: [Labtools 27-1966] The ILA core 'hw_ila_1' triggered at 2025-Nov-10 14:42:25
INFO: [Labtools 27-3304] ILA Waveform data saved to file /home/xmen/Desktop/SystolicCore/vivado/SystolicCore/SystolicCore.hw/backup/hw_ila_data_1.ila. Use Tcl command 'read_hw_ila_data' or Vivado File->Import->Import ILA Data menu item to import the previously saved data.
run_hw_ila [get_hw_ilas -of_objects [get_hw_devices xc7a100t_0] -filter {CELL_NAME=~"SystolicCore0/ILA"}]
INFO: [Labtools 27-1964] The ILA core 'hw_ila_1' trigger was armed at 2025-Nov-10 14:42:28
wait_on_hw_ila [get_hw_ilas -of_objects [get_hw_devices xc7a100t_0] -filter {CELL_NAME=~"SystolicCore0/ILA"}]
display_hw_ila_data [upload_hw_ila_data [get_hw_ilas -of_objects [get_hw_devices xc7a100t_0] -filter {CELL_NAME=~"SystolicCore0/ILA"}]]
INFO: [Labtools 27-1966] The ILA core 'hw_ila_1' triggered at 2025-Nov-10 14:42:28
INFO: [Labtools 27-3304] ILA Waveform data saved to file /home/xmen/Desktop/SystolicCore/vivado/SystolicCore/SystolicCore.hw/backup/hw_ila_data_1.ila. Use Tcl command 'read_hw_ila_data' or Vivado File->Import->Import ILA Data menu item to import the previously saved data.
set_property CONTROL.DATA_DEPTH 32768 [get_hw_ilas -of_objects [get_hw_devices xc7a100t_0] -filter {CELL_NAME=~"SystolicCore0/ILA"}]
run_hw_ila [get_hw_ilas -of_objects [get_hw_devices xc7a100t_0] -filter {CELL_NAME=~"SystolicCore0/ILA"}]
INFO: [Labtools 27-1964] The ILA core 'hw_ila_1' trigger was armed at 2025-Nov-10 14:42:31
wait_on_hw_ila [get_hw_ilas -of_objects [get_hw_devices xc7a100t_0] -filter {CELL_NAME=~"SystolicCore0/ILA"}]
display_hw_ila_data [upload_hw_ila_data [get_hw_ilas -of_objects [get_hw_devices xc7a100t_0] -filter {CELL_NAME=~"SystolicCore0/ILA"}]]
INFO: [Labtools 27-1966] The ILA core 'hw_ila_1' triggered at 2025-Nov-10 14:42:31
INFO: [Labtools 27-3304] ILA Waveform data saved to file /home/xmen/Desktop/SystolicCore/vivado/SystolicCore/SystolicCore.hw/backup/hw_ila_data_1.ila. Use Tcl command 'read_hw_ila_data' or Vivado File->Import->Import ILA Data menu item to import the previously saved data.
run_hw_ila [get_hw_ilas -of_objects [get_hw_devices xc7a100t_0] -filter {CELL_NAME=~"SystolicCore0/ILA"}]
INFO: [Labtools 27-1964] The ILA core 'hw_ila_1' trigger was armed at 2025-Nov-10 14:42:34
wait_on_hw_ila [get_hw_ilas -of_objects [get_hw_devices xc7a100t_0] -filter {CELL_NAME=~"SystolicCore0/ILA"}]
display_hw_ila_data [upload_hw_ila_data [get_hw_ilas -of_objects [get_hw_devices xc7a100t_0] -filter {CELL_NAME=~"SystolicCore0/ILA"}]]
INFO: [Labtools 27-1966] The ILA core 'hw_ila_1' triggered at 2025-Nov-10 14:42:34
INFO: [Labtools 27-3304] ILA Waveform data saved to file /home/xmen/Desktop/SystolicCore/vivado/SystolicCore/SystolicCore.hw/backup/hw_ila_data_1.ila. Use Tcl command 'read_hw_ila_data' or Vivado File->Import->Import ILA Data menu item to import the previously saved data.
run_hw_ila [get_hw_ilas -of_objects [get_hw_devices xc7a100t_0] -filter {CELL_NAME=~"SystolicCore0/ILA"}]
INFO: [Labtools 27-1964] The ILA core 'hw_ila_1' trigger was armed at 2025-Nov-10 14:42:38
wait_on_hw_ila [get_hw_ilas -of_objects [get_hw_devices xc7a100t_0] -filter {CELL_NAME=~"SystolicCore0/ILA"}]
display_hw_ila_data [upload_hw_ila_data [get_hw_ilas -of_objects [get_hw_devices xc7a100t_0] -filter {CELL_NAME=~"SystolicCore0/ILA"}]]
INFO: [Labtools 27-1966] The ILA core 'hw_ila_1' triggered at 2025-Nov-10 14:42:38
INFO: [Labtools 27-3304] ILA Waveform data saved to file /home/xmen/Desktop/SystolicCore/vivado/SystolicCore/SystolicCore.hw/backup/hw_ila_data_1.ila. Use Tcl command 'read_hw_ila_data' or Vivado File->Import->Import ILA Data menu item to import the previously saved data.
run_hw_ila [get_hw_ilas -of_objects [get_hw_devices xc7a100t_0] -filter {CELL_NAME=~"SystolicCore0/ILA"}]
INFO: [Labtools 27-1964] The ILA core 'hw_ila_1' trigger was armed at 2025-Nov-10 14:42:41
wait_on_hw_ila [get_hw_ilas -of_objects [get_hw_devices xc7a100t_0] -filter {CELL_NAME=~"SystolicCore0/ILA"}]
display_hw_ila_data [upload_hw_ila_data [get_hw_ilas -of_objects [get_hw_devices xc7a100t_0] -filter {CELL_NAME=~"SystolicCore0/ILA"}]]
INFO: [Labtools 27-1966] The ILA core 'hw_ila_1' triggered at 2025-Nov-10 14:42:41
INFO: [Labtools 27-3304] ILA Waveform data saved to file /home/xmen/Desktop/SystolicCore/vivado/SystolicCore/SystolicCore.hw/backup/hw_ila_data_1.ila. Use Tcl command 'read_hw_ila_data' or Vivado File->Import->Import ILA Data menu item to import the previously saved data.
run_hw_ila [get_hw_ilas -of_objects [get_hw_devices xc7a100t_0] -filter {CELL_NAME=~"SystolicCore0/ILA"}]
INFO: [Labtools 27-1964] The ILA core 'hw_ila_1' trigger was armed at 2025-Nov-10 14:42:45
wait_on_hw_ila [get_hw_ilas -of_objects [get_hw_devices xc7a100t_0] -filter {CELL_NAME=~"SystolicCore0/ILA"}]
display_hw_ila_data [upload_hw_ila_data [get_hw_ilas -of_objects [get_hw_devices xc7a100t_0] -filter {CELL_NAME=~"SystolicCore0/ILA"}]]
INFO: [Labtools 27-1966] The ILA core 'hw_ila_1' triggered at 2025-Nov-10 14:42:45
INFO: [Labtools 27-3304] ILA Waveform data saved to file /home/xmen/Desktop/SystolicCore/vivado/SystolicCore/SystolicCore.hw/backup/hw_ila_data_1.ila. Use Tcl command 'read_hw_ila_data' or Vivado File->Import->Import ILA Data menu item to import the previously saved data.
run_hw_ila [get_hw_ilas -of_objects [get_hw_devices xc7a100t_0] -filter {CELL_NAME=~"SystolicCore0/ILA"}]
INFO: [Labtools 27-1964] The ILA core 'hw_ila_1' trigger was armed at 2025-Nov-10 14:42:48
wait_on_hw_ila [get_hw_ilas -of_objects [get_hw_devices xc7a100t_0] -filter {CELL_NAME=~"SystolicCore0/ILA"}]
display_hw_ila_data [upload_hw_ila_data [get_hw_ilas -of_objects [get_hw_devices xc7a100t_0] -filter {CELL_NAME=~"SystolicCore0/ILA"}]]
INFO: [Labtools 27-1966] The ILA core 'hw_ila_1' triggered at 2025-Nov-10 14:42:48
INFO: [Labtools 27-3304] ILA Waveform data saved to file /home/xmen/Desktop/SystolicCore/vivado/SystolicCore/SystolicCore.hw/backup/hw_ila_data_1.ila. Use Tcl command 'read_hw_ila_data' or Vivado File->Import->Import ILA Data menu item to import the previously saved data.
run_hw_ila [get_hw_ilas -of_objects [get_hw_devices xc7a100t_0] -filter {CELL_NAME=~"SystolicCore0/ILA"}]
INFO: [Labtools 27-1964] The ILA core 'hw_ila_1' trigger was armed at 2025-Nov-10 14:42:52
wait_on_hw_ila [get_hw_ilas -of_objects [get_hw_devices xc7a100t_0] -filter {CELL_NAME=~"SystolicCore0/ILA"}]
display_hw_ila_data [upload_hw_ila_data [get_hw_ilas -of_objects [get_hw_devices xc7a100t_0] -filter {CELL_NAME=~"SystolicCore0/ILA"}]]
INFO: [Labtools 27-1966] The ILA core 'hw_ila_1' triggered at 2025-Nov-10 14:42:52
INFO: [Labtools 27-3304] ILA Waveform data saved to file /home/xmen/Desktop/SystolicCore/vivado/SystolicCore/SystolicCore.hw/backup/hw_ila_data_1.ila. Use Tcl command 'read_hw_ila_data' or Vivado File->Import->Import ILA Data menu item to import the previously saved data.
run_hw_ila [get_hw_ilas -of_objects [get_hw_devices xc7a100t_0] -filter {CELL_NAME=~"SystolicCore0/ILA"}]
INFO: [Labtools 27-1964] The ILA core 'hw_ila_1' trigger was armed at 2025-Nov-10 14:42:55
wait_on_hw_ila [get_hw_ilas -of_objects [get_hw_devices xc7a100t_0] -filter {CELL_NAME=~"SystolicCore0/ILA"}]
display_hw_ila_data [upload_hw_ila_data [get_hw_ilas -of_objects [get_hw_devices xc7a100t_0] -filter {CELL_NAME=~"SystolicCore0/ILA"}]]
INFO: [Labtools 27-1966] The ILA core 'hw_ila_1' triggered at 2025-Nov-10 14:42:55
INFO: [Labtools 27-3304] ILA Waveform data saved to file /home/xmen/Desktop/SystolicCore/vivado/SystolicCore/SystolicCore.hw/backup/hw_ila_data_1.ila. Use Tcl command 'read_hw_ila_data' or Vivado File->Import->Import ILA Data menu item to import the previously saved data.
run_hw_ila [get_hw_ilas -of_objects [get_hw_devices xc7a100t_0] -filter {CELL_NAME=~"SystolicCore0/ILA"}]
INFO: [Labtools 27-1964] The ILA core 'hw_ila_1' trigger was armed at 2025-Nov-10 14:42:59
wait_on_hw_ila [get_hw_ilas -of_objects [get_hw_devices xc7a100t_0] -filter {CELL_NAME=~"SystolicCore0/ILA"}]
display_hw_ila_data [upload_hw_ila_data [get_hw_ilas -of_objects [get_hw_devices xc7a100t_0] -filter {CELL_NAME=~"SystolicCore0/ILA"}]]
INFO: [Labtools 27-1966] The ILA core 'hw_ila_1' triggered at 2025-Nov-10 14:42:59
INFO: [Labtools 27-3304] ILA Waveform data saved to file /home/xmen/Desktop/SystolicCore/vivado/SystolicCore/SystolicCore.hw/backup/hw_ila_data_1.ila. Use Tcl command 'read_hw_ila_data' or Vivado File->Import->Import ILA Data menu item to import the previously saved data.
run_hw_ila [get_hw_ilas -of_objects [get_hw_devices xc7a100t_0] -filter {CELL_NAME=~"SystolicCore0/ILA"}]
INFO: [Labtools 27-1964] The ILA core 'hw_ila_1' trigger was armed at 2025-Nov-10 14:43:02
wait_on_hw_ila [get_hw_ilas -of_objects [get_hw_devices xc7a100t_0] -filter {CELL_NAME=~"SystolicCore0/ILA"}]
display_hw_ila_data [upload_hw_ila_data [get_hw_ilas -of_objects [get_hw_devices xc7a100t_0] -filter {CELL_NAME=~"SystolicCore0/ILA"}]]
INFO: [Labtools 27-1966] The ILA core 'hw_ila_1' triggered at 2025-Nov-10 14:43:02
INFO: [Labtools 27-3304] ILA Waveform data saved to file /home/xmen/Desktop/SystolicCore/vivado/SystolicCore/SystolicCore.hw/backup/hw_ila_data_1.ila. Use Tcl command 'read_hw_ila_data' or Vivado File->Import->Import ILA Data menu item to import the previously saved data.
run_hw_ila [get_hw_ilas -of_objects [get_hw_devices xc7a100t_0] -filter {CELL_NAME=~"SystolicCore0/ILA"}]
INFO: [Labtools 27-1964] The ILA core 'hw_ila_1' trigger was armed at 2025-Nov-10 14:43:05
wait_on_hw_ila [get_hw_ilas -of_objects [get_hw_devices xc7a100t_0] -filter {CELL_NAME=~"SystolicCore0/ILA"}]
display_hw_ila_data [upload_hw_ila_data [get_hw_ilas -of_objects [get_hw_devices xc7a100t_0] -filter {CELL_NAME=~"SystolicCore0/ILA"}]]
INFO: [Labtools 27-1966] The ILA core 'hw_ila_1' triggered at 2025-Nov-10 14:43:05
INFO: [Labtools 27-3304] ILA Waveform data saved to file /home/xmen/Desktop/SystolicCore/vivado/SystolicCore/SystolicCore.hw/backup/hw_ila_data_1.ila. Use Tcl command 'read_hw_ila_data' or Vivado File->Import->Import ILA Data menu item to import the previously saved data.
run_hw_ila [get_hw_ilas -of_objects [get_hw_devices xc7a100t_0] -filter {CELL_NAME=~"SystolicCore0/ILA"}]
INFO: [Labtools 27-1964] The ILA core 'hw_ila_1' trigger was armed at 2025-Nov-10 14:43:09
wait_on_hw_ila [get_hw_ilas -of_objects [get_hw_devices xc7a100t_0] -filter {CELL_NAME=~"SystolicCore0/ILA"}]
display_hw_ila_data [upload_hw_ila_data [get_hw_ilas -of_objects [get_hw_devices xc7a100t_0] -filter {CELL_NAME=~"SystolicCore0/ILA"}]]
INFO: [Labtools 27-1966] The ILA core 'hw_ila_1' triggered at 2025-Nov-10 14:43:09
INFO: [Labtools 27-3304] ILA Waveform data saved to file /home/xmen/Desktop/SystolicCore/vivado/SystolicCore/SystolicCore.hw/backup/hw_ila_data_1.ila. Use Tcl command 'read_hw_ila_data' or Vivado File->Import->Import ILA Data menu item to import the previously saved data.
run_hw_ila [get_hw_ilas -of_objects [get_hw_devices xc7a100t_0] -filter {CELL_NAME=~"SystolicCore0/ILA"}]
INFO: [Labtools 27-1964] The ILA core 'hw_ila_1' trigger was armed at 2025-Nov-10 14:43:12
wait_on_hw_ila [get_hw_ilas -of_objects [get_hw_devices xc7a100t_0] -filter {CELL_NAME=~"SystolicCore0/ILA"}]
display_hw_ila_data [upload_hw_ila_data [get_hw_ilas -of_objects [get_hw_devices xc7a100t_0] -filter {CELL_NAME=~"SystolicCore0/ILA"}]]
INFO: [Labtools 27-1966] The ILA core 'hw_ila_1' triggered at 2025-Nov-10 14:43:12
INFO: [Labtools 27-3304] ILA Waveform data saved to file /home/xmen/Desktop/SystolicCore/vivado/SystolicCore/SystolicCore.hw/backup/hw_ila_data_1.ila. Use Tcl command 'read_hw_ila_data' or Vivado File->Import->Import ILA Data menu item to import the previously saved data.
run_hw_ila [get_hw_ilas -of_objects [get_hw_devices xc7a100t_0] -filter {CELL_NAME=~"SystolicCore0/ILA"}]
INFO: [Labtools 27-1964] The ILA core 'hw_ila_1' trigger was armed at 2025-Nov-10 14:43:16
wait_on_hw_ila [get_hw_ilas -of_objects [get_hw_devices xc7a100t_0] -filter {CELL_NAME=~"SystolicCore0/ILA"}]
display_hw_ila_data [upload_hw_ila_data [get_hw_ilas -of_objects [get_hw_devices xc7a100t_0] -filter {CELL_NAME=~"SystolicCore0/ILA"}]]
INFO: [Labtools 27-1966] The ILA core 'hw_ila_1' triggered at 2025-Nov-10 14:43:16
INFO: [Labtools 27-3304] ILA Waveform data saved to file /home/xmen/Desktop/SystolicCore/vivado/SystolicCore/SystolicCore.hw/backup/hw_ila_data_1.ila. Use Tcl command 'read_hw_ila_data' or Vivado File->Import->Import ILA Data menu item to import the previously saved data.
run_hw_ila [get_hw_ilas -of_objects [get_hw_devices xc7a100t_0] -filter {CELL_NAME=~"SystolicCore0/ILA"}]
INFO: [Labtools 27-1964] The ILA core 'hw_ila_1' trigger was armed at 2025-Nov-10 14:43:19
wait_on_hw_ila [get_hw_ilas -of_objects [get_hw_devices xc7a100t_0] -filter {CELL_NAME=~"SystolicCore0/ILA"}]
display_hw_ila_data [upload_hw_ila_data [get_hw_ilas -of_objects [get_hw_devices xc7a100t_0] -filter {CELL_NAME=~"SystolicCore0/ILA"}]]
INFO: [Labtools 27-1966] The ILA core 'hw_ila_1' triggered at 2025-Nov-10 14:43:19
INFO: [Labtools 27-3304] ILA Waveform data saved to file /home/xmen/Desktop/SystolicCore/vivado/SystolicCore/SystolicCore.hw/backup/hw_ila_data_1.ila. Use Tcl command 'read_hw_ila_data' or Vivado File->Import->Import ILA Data menu item to import the previously saved data.
run_hw_ila [get_hw_ilas -of_objects [get_hw_devices xc7a100t_0] -filter {CELL_NAME=~"SystolicCore0/ILA"}]
INFO: [Labtools 27-1964] The ILA core 'hw_ila_1' trigger was armed at 2025-Nov-10 14:43:22
wait_on_hw_ila [get_hw_ilas -of_objects [get_hw_devices xc7a100t_0] -filter {CELL_NAME=~"SystolicCore0/ILA"}]
display_hw_ila_data [upload_hw_ila_data [get_hw_ilas -of_objects [get_hw_devices xc7a100t_0] -filter {CELL_NAME=~"SystolicCore0/ILA"}]]
INFO: [Labtools 27-1966] The ILA core 'hw_ila_1' triggered at 2025-Nov-10 14:43:22
INFO: [Labtools 27-3304] ILA Waveform data saved to file /home/xmen/Desktop/SystolicCore/vivado/SystolicCore/SystolicCore.hw/backup/hw_ila_data_1.ila. Use Tcl command 'read_hw_ila_data' or Vivado File->Import->Import ILA Data menu item to import the previously saved data.
run_hw_ila [get_hw_ilas -of_objects [get_hw_devices xc7a100t_0] -filter {CELL_NAME=~"SystolicCore0/ILA"}]
INFO: [Labtools 27-1964] The ILA core 'hw_ila_1' trigger was armed at 2025-Nov-10 14:43:26
wait_on_hw_ila [get_hw_ilas -of_objects [get_hw_devices xc7a100t_0] -filter {CELL_NAME=~"SystolicCore0/ILA"}]
display_hw_ila_data [upload_hw_ila_data [get_hw_ilas -of_objects [get_hw_devices xc7a100t_0] -filter {CELL_NAME=~"SystolicCore0/ILA"}]]
INFO: [Labtools 27-1966] The ILA core 'hw_ila_1' triggered at 2025-Nov-10 14:43:26
INFO: [Labtools 27-3304] ILA Waveform data saved to file /home/xmen/Desktop/SystolicCore/vivado/SystolicCore/SystolicCore.hw/backup/hw_ila_data_1.ila. Use Tcl command 'read_hw_ila_data' or Vivado File->Import->Import ILA Data menu item to import the previously saved data.
run_hw_ila [get_hw_ilas -of_objects [get_hw_devices xc7a100t_0] -filter {CELL_NAME=~"SystolicCore0/ILA"}]
INFO: [Labtools 27-1964] The ILA core 'hw_ila_1' trigger was armed at 2025-Nov-10 14:43:29
wait_on_hw_ila [get_hw_ilas -of_objects [get_hw_devices xc7a100t_0] -filter {CELL_NAME=~"SystolicCore0/ILA"}]
display_hw_ila_data [upload_hw_ila_data [get_hw_ilas -of_objects [get_hw_devices xc7a100t_0] -filter {CELL_NAME=~"SystolicCore0/ILA"}]]
INFO: [Labtools 27-1966] The ILA core 'hw_ila_1' triggered at 2025-Nov-10 14:43:29
INFO: [Labtools 27-3304] ILA Waveform data saved to file /home/xmen/Desktop/SystolicCore/vivado/SystolicCore/SystolicCore.hw/backup/hw_ila_data_1.ila. Use Tcl command 'read_hw_ila_data' or Vivado File->Import->Import ILA Data menu item to import the previously saved data.
run_hw_ila [get_hw_ilas -of_objects [get_hw_devices xc7a100t_0] -filter {CELL_NAME=~"SystolicCore0/ILA"}]
INFO: [Labtools 27-1964] The ILA core 'hw_ila_1' trigger was armed at 2025-Nov-10 14:43:33
wait_on_hw_ila [get_hw_ilas -of_objects [get_hw_devices xc7a100t_0] -filter {CELL_NAME=~"SystolicCore0/ILA"}]
display_hw_ila_data [upload_hw_ila_data [get_hw_ilas -of_objects [get_hw_devices xc7a100t_0] -filter {CELL_NAME=~"SystolicCore0/ILA"}]]
INFO: [Labtools 27-1966] The ILA core 'hw_ila_1' triggered at 2025-Nov-10 14:43:33
INFO: [Labtools 27-3304] ILA Waveform data saved to file /home/xmen/Desktop/SystolicCore/vivado/SystolicCore/SystolicCore.hw/backup/hw_ila_data_1.ila. Use Tcl command 'read_hw_ila_data' or Vivado File->Import->Import ILA Data menu item to import the previously saved data.
run_hw_ila [get_hw_ilas -of_objects [get_hw_devices xc7a100t_0] -filter {CELL_NAME=~"SystolicCore0/ILA"}]
INFO: [Labtools 27-1964] The ILA core 'hw_ila_1' trigger was armed at 2025-Nov-10 14:43:36
wait_on_hw_ila [get_hw_ilas -of_objects [get_hw_devices xc7a100t_0] -filter {CELL_NAME=~"SystolicCore0/ILA"}]
display_hw_ila_data [upload_hw_ila_data [get_hw_ilas -of_objects [get_hw_devices xc7a100t_0] -filter {CELL_NAME=~"SystolicCore0/ILA"}]]
INFO: [Labtools 27-1966] The ILA core 'hw_ila_1' triggered at 2025-Nov-10 14:43:36
INFO: [Labtools 27-3304] ILA Waveform data saved to file /home/xmen/Desktop/SystolicCore/vivado/SystolicCore/SystolicCore.hw/backup/hw_ila_data_1.ila. Use Tcl command 'read_hw_ila_data' or Vivado File->Import->Import ILA Data menu item to import the previously saved data.
run_hw_ila [get_hw_ilas -of_objects [get_hw_devices xc7a100t_0] -filter {CELL_NAME=~"SystolicCore0/ILA"}]
INFO: [Labtools 27-1964] The ILA core 'hw_ila_1' trigger was armed at 2025-Nov-10 14:43:40
wait_on_hw_ila [get_hw_ilas -of_objects [get_hw_devices xc7a100t_0] -filter {CELL_NAME=~"SystolicCore0/ILA"}]
display_hw_ila_data [upload_hw_ila_data [get_hw_ilas -of_objects [get_hw_devices xc7a100t_0] -filter {CELL_NAME=~"SystolicCore0/ILA"}]]
INFO: [Labtools 27-1966] The ILA core 'hw_ila_1' triggered at 2025-Nov-10 14:43:40
INFO: [Labtools 27-3304] ILA Waveform data saved to file /home/xmen/Desktop/SystolicCore/vivado/SystolicCore/SystolicCore.hw/backup/hw_ila_data_1.ila. Use Tcl command 'read_hw_ila_data' or Vivado File->Import->Import ILA Data menu item to import the previously saved data.
run_hw_ila [get_hw_ilas -of_objects [get_hw_devices xc7a100t_0] -filter {CELL_NAME=~"SystolicCore0/ILA"}]
INFO: [Labtools 27-1964] The ILA core 'hw_ila_1' trigger was armed at 2025-Nov-10 14:43:43
wait_on_hw_ila [get_hw_ilas -of_objects [get_hw_devices xc7a100t_0] -filter {CELL_NAME=~"SystolicCore0/ILA"}]
display_hw_ila_data [upload_hw_ila_data [get_hw_ilas -of_objects [get_hw_devices xc7a100t_0] -filter {CELL_NAME=~"SystolicCore0/ILA"}]]
INFO: [Labtools 27-1966] The ILA core 'hw_ila_1' triggered at 2025-Nov-10 14:43:43
INFO: [Labtools 27-3304] ILA Waveform data saved to file /home/xmen/Desktop/SystolicCore/vivado/SystolicCore/SystolicCore.hw/backup/hw_ila_data_1.ila. Use Tcl command 'read_hw_ila_data' or Vivado File->Import->Import ILA Data menu item to import the previously saved data.
run_hw_ila [get_hw_ilas -of_objects [get_hw_devices xc7a100t_0] -filter {CELL_NAME=~"SystolicCore0/ILA"}]
INFO: [Labtools 27-1964] The ILA core 'hw_ila_1' trigger was armed at 2025-Nov-10 14:43:47
wait_on_hw_ila [get_hw_ilas -of_objects [get_hw_devices xc7a100t_0] -filter {CELL_NAME=~"SystolicCore0/ILA"}]
display_hw_ila_data [upload_hw_ila_data [get_hw_ilas -of_objects [get_hw_devices xc7a100t_0] -filter {CELL_NAME=~"SystolicCore0/ILA"}]]
INFO: [Labtools 27-1966] The ILA core 'hw_ila_1' triggered at 2025-Nov-10 14:43:47
INFO: [Labtools 27-3304] ILA Waveform data saved to file /home/xmen/Desktop/SystolicCore/vivado/SystolicCore/SystolicCore.hw/backup/hw_ila_data_1.ila. Use Tcl command 'read_hw_ila_data' or Vivado File->Import->Import ILA Data menu item to import the previously saved data.
run_hw_ila [get_hw_ilas -of_objects [get_hw_devices xc7a100t_0] -filter {CELL_NAME=~"SystolicCore0/ILA"}]
INFO: [Labtools 27-1964] The ILA core 'hw_ila_1' trigger was armed at 2025-Nov-10 14:43:50
wait_on_hw_ila [get_hw_ilas -of_objects [get_hw_devices xc7a100t_0] -filter {CELL_NAME=~"SystolicCore0/ILA"}]
display_hw_ila_data [upload_hw_ila_data [get_hw_ilas -of_objects [get_hw_devices xc7a100t_0] -filter {CELL_NAME=~"SystolicCore0/ILA"}]]
INFO: [Labtools 27-1966] The ILA core 'hw_ila_1' triggered at 2025-Nov-10 14:43:50
INFO: [Labtools 27-3304] ILA Waveform data saved to file /home/xmen/Desktop/SystolicCore/vivado/SystolicCore/SystolicCore.hw/backup/hw_ila_data_1.ila. Use Tcl command 'read_hw_ila_data' or Vivado File->Import->Import ILA Data menu item to import the previously saved data.
run_hw_ila [get_hw_ilas -of_objects [get_hw_devices xc7a100t_0] -filter {CELL_NAME=~"SystolicCore0/ILA"}]
INFO: [Labtools 27-1964] The ILA core 'hw_ila_1' trigger was armed at 2025-Nov-10 14:43:54
wait_on_hw_ila [get_hw_ilas -of_objects [get_hw_devices xc7a100t_0] -filter {CELL_NAME=~"SystolicCore0/ILA"}]
display_hw_ila_data [upload_hw_ila_data [get_hw_ilas -of_objects [get_hw_devices xc7a100t_0] -filter {CELL_NAME=~"SystolicCore0/ILA"}]]
INFO: [Labtools 27-1966] The ILA core 'hw_ila_1' triggered at 2025-Nov-10 14:43:54
INFO: [Labtools 27-3304] ILA Waveform data saved to file /home/xmen/Desktop/SystolicCore/vivado/SystolicCore/SystolicCore.hw/backup/hw_ila_data_1.ila. Use Tcl command 'read_hw_ila_data' or Vivado File->Import->Import ILA Data menu item to import the previously saved data.
run_hw_ila [get_hw_ilas -of_objects [get_hw_devices xc7a100t_0] -filter {CELL_NAME=~"SystolicCore0/ILA"}]
INFO: [Labtools 27-1964] The ILA core 'hw_ila_1' trigger was armed at 2025-Nov-10 14:43:57
wait_on_hw_ila [get_hw_ilas -of_objects [get_hw_devices xc7a100t_0] -filter {CELL_NAME=~"SystolicCore0/ILA"}]
display_hw_ila_data [upload_hw_ila_data [get_hw_ilas -of_objects [get_hw_devices xc7a100t_0] -filter {CELL_NAME=~"SystolicCore0/ILA"}]]
INFO: [Labtools 27-1966] The ILA core 'hw_ila_1' triggered at 2025-Nov-10 14:43:57
INFO: [Labtools 27-3304] ILA Waveform data saved to file /home/xmen/Desktop/SystolicCore/vivado/SystolicCore/SystolicCore.hw/backup/hw_ila_data_1.ila. Use Tcl command 'read_hw_ila_data' or Vivado File->Import->Import ILA Data menu item to import the previously saved data.
run_hw_ila [get_hw_ilas -of_objects [get_hw_devices xc7a100t_0] -filter {CELL_NAME=~"SystolicCore0/ILA"}]
INFO: [Labtools 27-1964] The ILA core 'hw_ila_1' trigger was armed at 2025-Nov-10 14:44:01
wait_on_hw_ila [get_hw_ilas -of_objects [get_hw_devices xc7a100t_0] -filter {CELL_NAME=~"SystolicCore0/ILA"}]
display_hw_ila_data [upload_hw_ila_data [get_hw_ilas -of_objects [get_hw_devices xc7a100t_0] -filter {CELL_NAME=~"SystolicCore0/ILA"}]]
INFO: [Labtools 27-1966] The ILA core 'hw_ila_1' triggered at 2025-Nov-10 14:44:01
INFO: [Labtools 27-3304] ILA Waveform data saved to file /home/xmen/Desktop/SystolicCore/vivado/SystolicCore/SystolicCore.hw/backup/hw_ila_data_1.ila. Use Tcl command 'read_hw_ila_data' or Vivado File->Import->Import ILA Data menu item to import the previously saved data.
run_hw_ila [get_hw_ilas -of_objects [get_hw_devices xc7a100t_0] -filter {CELL_NAME=~"SystolicCore0/ILA"}]
INFO: [Labtools 27-1964] The ILA core 'hw_ila_1' trigger was armed at 2025-Nov-10 14:44:04
wait_on_hw_ila [get_hw_ilas -of_objects [get_hw_devices xc7a100t_0] -filter {CELL_NAME=~"SystolicCore0/ILA"}]
display_hw_ila_data [upload_hw_ila_data [get_hw_ilas -of_objects [get_hw_devices xc7a100t_0] -filter {CELL_NAME=~"SystolicCore0/ILA"}]]
INFO: [Labtools 27-1966] The ILA core 'hw_ila_1' triggered at 2025-Nov-10 14:44:04
INFO: [Labtools 27-3304] ILA Waveform data saved to file /home/xmen/Desktop/SystolicCore/vivado/SystolicCore/SystolicCore.hw/backup/hw_ila_data_1.ila. Use Tcl command 'read_hw_ila_data' or Vivado File->Import->Import ILA Data menu item to import the previously saved data.
run_hw_ila [get_hw_ilas -of_objects [get_hw_devices xc7a100t_0] -filter {CELL_NAME=~"SystolicCore0/ILA"}]
INFO: [Labtools 27-1964] The ILA core 'hw_ila_1' trigger was armed at 2025-Nov-10 14:44:07
wait_on_hw_ila [get_hw_ilas -of_objects [get_hw_devices xc7a100t_0] -filter {CELL_NAME=~"SystolicCore0/ILA"}]
display_hw_ila_data [upload_hw_ila_data [get_hw_ilas -of_objects [get_hw_devices xc7a100t_0] -filter {CELL_NAME=~"SystolicCore0/ILA"}]]
INFO: [Labtools 27-1966] The ILA core 'hw_ila_1' triggered at 2025-Nov-10 14:44:07
INFO: [Labtools 27-3304] ILA Waveform data saved to file /home/xmen/Desktop/SystolicCore/vivado/SystolicCore/SystolicCore.hw/backup/hw_ila_data_1.ila. Use Tcl command 'read_hw_ila_data' or Vivado File->Import->Import ILA Data menu item to import the previously saved data.
run_hw_ila [get_hw_ilas -of_objects [get_hw_devices xc7a100t_0] -filter {CELL_NAME=~"SystolicCore0/ILA"}]
INFO: [Labtools 27-1964] The ILA core 'hw_ila_1' trigger was armed at 2025-Nov-10 14:44:10
wait_on_hw_ila [get_hw_ilas -of_objects [get_hw_devices xc7a100t_0] -filter {CELL_NAME=~"SystolicCore0/ILA"}]
display_hw_ila_data [upload_hw_ila_data [get_hw_ilas -of_objects [get_hw_devices xc7a100t_0] -filter {CELL_NAME=~"SystolicCore0/ILA"}]]
INFO: [Labtools 27-1966] The ILA core 'hw_ila_1' triggered at 2025-Nov-10 14:44:10
INFO: [Labtools 27-3304] ILA Waveform data saved to file /home/xmen/Desktop/SystolicCore/vivado/SystolicCore/SystolicCore.hw/backup/hw_ila_data_1.ila. Use Tcl command 'read_hw_ila_data' or Vivado File->Import->Import ILA Data menu item to import the previously saved data.
run_hw_ila [get_hw_ilas -of_objects [get_hw_devices xc7a100t_0] -filter {CELL_NAME=~"SystolicCore0/ILA"}]
INFO: [Labtools 27-1964] The ILA core 'hw_ila_1' trigger was armed at 2025-Nov-10 14:44:14
wait_on_hw_ila [get_hw_ilas -of_objects [get_hw_devices xc7a100t_0] -filter {CELL_NAME=~"SystolicCore0/ILA"}]
display_hw_ila_data [upload_hw_ila_data [get_hw_ilas -of_objects [get_hw_devices xc7a100t_0] -filter {CELL_NAME=~"SystolicCore0/ILA"}]]
INFO: [Labtools 27-1966] The ILA core 'hw_ila_1' triggered at 2025-Nov-10 14:44:14
INFO: [Labtools 27-3304] ILA Waveform data saved to file /home/xmen/Desktop/SystolicCore/vivado/SystolicCore/SystolicCore.hw/backup/hw_ila_data_1.ila. Use Tcl command 'read_hw_ila_data' or Vivado File->Import->Import ILA Data menu item to import the previously saved data.
run_hw_ila [get_hw_ilas -of_objects [get_hw_devices xc7a100t_0] -filter {CELL_NAME=~"SystolicCore0/ILA"}]
INFO: [Labtools 27-1964] The ILA core 'hw_ila_1' trigger was armed at 2025-Nov-10 14:44:17
wait_on_hw_ila [get_hw_ilas -of_objects [get_hw_devices xc7a100t_0] -filter {CELL_NAME=~"SystolicCore0/ILA"}]
display_hw_ila_data [upload_hw_ila_data [get_hw_ilas -of_objects [get_hw_devices xc7a100t_0] -filter {CELL_NAME=~"SystolicCore0/ILA"}]]
INFO: [Labtools 27-1966] The ILA core 'hw_ila_1' triggered at 2025-Nov-10 14:44:17
INFO: [Labtools 27-3304] ILA Waveform data saved to file /home/xmen/Desktop/SystolicCore/vivado/SystolicCore/SystolicCore.hw/backup/hw_ila_data_1.ila. Use Tcl command 'read_hw_ila_data' or Vivado File->Import->Import ILA Data menu item to import the previously saved data.
run_hw_ila [get_hw_ilas -of_objects [get_hw_devices xc7a100t_0] -filter {CELL_NAME=~"SystolicCore0/ILA"}]
INFO: [Labtools 27-1964] The ILA core 'hw_ila_1' trigger was armed at 2025-Nov-10 14:44:21
wait_on_hw_ila [get_hw_ilas -of_objects [get_hw_devices xc7a100t_0] -filter {CELL_NAME=~"SystolicCore0/ILA"}]
display_hw_ila_data [upload_hw_ila_data [get_hw_ilas -of_objects [get_hw_devices xc7a100t_0] -filter {CELL_NAME=~"SystolicCore0/ILA"}]]
INFO: [Labtools 27-1966] The ILA core 'hw_ila_1' triggered at 2025-Nov-10 14:44:21
INFO: [Labtools 27-3304] ILA Waveform data saved to file /home/xmen/Desktop/SystolicCore/vivado/SystolicCore/SystolicCore.hw/backup/hw_ila_data_1.ila. Use Tcl command 'read_hw_ila_data' or Vivado File->Import->Import ILA Data menu item to import the previously saved data.
run_hw_ila [get_hw_ilas -of_objects [get_hw_devices xc7a100t_0] -filter {CELL_NAME=~"SystolicCore0/ILA"}]
INFO: [Labtools 27-1964] The ILA core 'hw_ila_1' trigger was armed at 2025-Nov-10 14:44:24
wait_on_hw_ila [get_hw_ilas -of_objects [get_hw_devices xc7a100t_0] -filter {CELL_NAME=~"SystolicCore0/ILA"}]
display_hw_ila_data [upload_hw_ila_data [get_hw_ilas -of_objects [get_hw_devices xc7a100t_0] -filter {CELL_NAME=~"SystolicCore0/ILA"}]]
INFO: [Labtools 27-1966] The ILA core 'hw_ila_1' triggered at 2025-Nov-10 14:44:24
INFO: [Labtools 27-3304] ILA Waveform data saved to file /home/xmen/Desktop/SystolicCore/vivado/SystolicCore/SystolicCore.hw/backup/hw_ila_data_1.ila. Use Tcl command 'read_hw_ila_data' or Vivado File->Import->Import ILA Data menu item to import the previously saved data.
run_hw_ila [get_hw_ilas -of_objects [get_hw_devices xc7a100t_0] -filter {CELL_NAME=~"SystolicCore0/ILA"}]
INFO: [Labtools 27-1964] The ILA core 'hw_ila_1' trigger was armed at 2025-Nov-10 14:44:28
wait_on_hw_ila [get_hw_ilas -of_objects [get_hw_devices xc7a100t_0] -filter {CELL_NAME=~"SystolicCore0/ILA"}]
display_hw_ila_data [upload_hw_ila_data [get_hw_ilas -of_objects [get_hw_devices xc7a100t_0] -filter {CELL_NAME=~"SystolicCore0/ILA"}]]
INFO: [Labtools 27-1966] The ILA core 'hw_ila_1' triggered at 2025-Nov-10 14:44:28
INFO: [Labtools 27-3304] ILA Waveform data saved to file /home/xmen/Desktop/SystolicCore/vivado/SystolicCore/SystolicCore.hw/backup/hw_ila_data_1.ila. Use Tcl command 'read_hw_ila_data' or Vivado File->Import->Import ILA Data menu item to import the previously saved data.
run_hw_ila [get_hw_ilas -of_objects [get_hw_devices xc7a100t_0] -filter {CELL_NAME=~"SystolicCore0/ILA"}]
INFO: [Labtools 27-1964] The ILA core 'hw_ila_1' trigger was armed at 2025-Nov-10 14:44:31
wait_on_hw_ila [get_hw_ilas -of_objects [get_hw_devices xc7a100t_0] -filter {CELL_NAME=~"SystolicCore0/ILA"}]
display_hw_ila_data [upload_hw_ila_data [get_hw_ilas -of_objects [get_hw_devices xc7a100t_0] -filter {CELL_NAME=~"SystolicCore0/ILA"}]]
INFO: [Labtools 27-1966] The ILA core 'hw_ila_1' triggered at 2025-Nov-10 14:44:31
INFO: [Labtools 27-3304] ILA Waveform data saved to file /home/xmen/Desktop/SystolicCore/vivado/SystolicCore/SystolicCore.hw/backup/hw_ila_data_1.ila. Use Tcl command 'read_hw_ila_data' or Vivado File->Import->Import ILA Data menu item to import the previously saved data.
run_hw_ila [get_hw_ilas -of_objects [get_hw_devices xc7a100t_0] -filter {CELL_NAME=~"SystolicCore0/ILA"}]
INFO: [Labtools 27-1964] The ILA core 'hw_ila_1' trigger was armed at 2025-Nov-10 14:44:35
wait_on_hw_ila [get_hw_ilas -of_objects [get_hw_devices xc7a100t_0] -filter {CELL_NAME=~"SystolicCore0/ILA"}]
display_hw_ila_data [upload_hw_ila_data [get_hw_ilas -of_objects [get_hw_devices xc7a100t_0] -filter {CELL_NAME=~"SystolicCore0/ILA"}]]
INFO: [Labtools 27-1966] The ILA core 'hw_ila_1' triggered at 2025-Nov-10 14:44:35
INFO: [Labtools 27-3304] ILA Waveform data saved to file /home/xmen/Desktop/SystolicCore/vivado/SystolicCore/SystolicCore.hw/backup/hw_ila_data_1.ila. Use Tcl command 'read_hw_ila_data' or Vivado File->Import->Import ILA Data menu item to import the previously saved data.
run_hw_ila [get_hw_ilas -of_objects [get_hw_devices xc7a100t_0] -filter {CELL_NAME=~"SystolicCore0/ILA"}]
INFO: [Labtools 27-1964] The ILA core 'hw_ila_1' trigger was armed at 2025-Nov-10 14:44:38
wait_on_hw_ila [get_hw_ilas -of_objects [get_hw_devices xc7a100t_0] -filter {CELL_NAME=~"SystolicCore0/ILA"}]
display_hw_ila_data [upload_hw_ila_data [get_hw_ilas -of_objects [get_hw_devices xc7a100t_0] -filter {CELL_NAME=~"SystolicCore0/ILA"}]]
INFO: [Labtools 27-1966] The ILA core 'hw_ila_1' triggered at 2025-Nov-10 14:44:38
INFO: [Labtools 27-3304] ILA Waveform data saved to file /home/xmen/Desktop/SystolicCore/vivado/SystolicCore/SystolicCore.hw/backup/hw_ila_data_1.ila. Use Tcl command 'read_hw_ila_data' or Vivado File->Import->Import ILA Data menu item to import the previously saved data.
run_hw_ila [get_hw_ilas -of_objects [get_hw_devices xc7a100t_0] -filter {CELL_NAME=~"SystolicCore0/ILA"}]
INFO: [Labtools 27-1964] The ILA core 'hw_ila_1' trigger was armed at 2025-Nov-10 14:44:42
wait_on_hw_ila [get_hw_ilas -of_objects [get_hw_devices xc7a100t_0] -filter {CELL_NAME=~"SystolicCore0/ILA"}]
display_hw_ila_data [upload_hw_ila_data [get_hw_ilas -of_objects [get_hw_devices xc7a100t_0] -filter {CELL_NAME=~"SystolicCore0/ILA"}]]
INFO: [Labtools 27-1966] The ILA core 'hw_ila_1' triggered at 2025-Nov-10 14:44:42
INFO: [Labtools 27-3304] ILA Waveform data saved to file /home/xmen/Desktop/SystolicCore/vivado/SystolicCore/SystolicCore.hw/backup/hw_ila_data_1.ila. Use Tcl command 'read_hw_ila_data' or Vivado File->Import->Import ILA Data menu item to import the previously saved data.
run_hw_ila [get_hw_ilas -of_objects [get_hw_devices xc7a100t_0] -filter {CELL_NAME=~"SystolicCore0/ILA"}]
INFO: [Labtools 27-1964] The ILA core 'hw_ila_1' trigger was armed at 2025-Nov-10 14:44:45
wait_on_hw_ila [get_hw_ilas -of_objects [get_hw_devices xc7a100t_0] -filter {CELL_NAME=~"SystolicCore0/ILA"}]
display_hw_ila_data [upload_hw_ila_data [get_hw_ilas -of_objects [get_hw_devices xc7a100t_0] -filter {CELL_NAME=~"SystolicCore0/ILA"}]]
INFO: [Labtools 27-1966] The ILA core 'hw_ila_1' triggered at 2025-Nov-10 14:44:45
INFO: [Labtools 27-3304] ILA Waveform data saved to file /home/xmen/Desktop/SystolicCore/vivado/SystolicCore/SystolicCore.hw/backup/hw_ila_data_1.ila. Use Tcl command 'read_hw_ila_data' or Vivado File->Import->Import ILA Data menu item to import the previously saved data.
run_hw_ila [get_hw_ilas -of_objects [get_hw_devices xc7a100t_0] -filter {CELL_NAME=~"SystolicCore0/ILA"}]
INFO: [Labtools 27-1964] The ILA core 'hw_ila_1' trigger was armed at 2025-Nov-10 14:44:49
wait_on_hw_ila [get_hw_ilas -of_objects [get_hw_devices xc7a100t_0] -filter {CELL_NAME=~"SystolicCore0/ILA"}]
display_hw_ila_data [upload_hw_ila_data [get_hw_ilas -of_objects [get_hw_devices xc7a100t_0] -filter {CELL_NAME=~"SystolicCore0/ILA"}]]
INFO: [Labtools 27-1966] The ILA core 'hw_ila_1' triggered at 2025-Nov-10 14:44:49
INFO: [Labtools 27-3304] ILA Waveform data saved to file /home/xmen/Desktop/SystolicCore/vivado/SystolicCore/SystolicCore.hw/backup/hw_ila_data_1.ila. Use Tcl command 'read_hw_ila_data' or Vivado File->Import->Import ILA Data menu item to import the previously saved data.
run_hw_ila [get_hw_ilas -of_objects [get_hw_devices xc7a100t_0] -filter {CELL_NAME=~"SystolicCore0/ILA"}]
INFO: [Labtools 27-1964] The ILA core 'hw_ila_1' trigger was armed at 2025-Nov-10 14:44:52
wait_on_hw_ila [get_hw_ilas -of_objects [get_hw_devices xc7a100t_0] -filter {CELL_NAME=~"SystolicCore0/ILA"}]
display_hw_ila_data [upload_hw_ila_data [get_hw_ilas -of_objects [get_hw_devices xc7a100t_0] -filter {CELL_NAME=~"SystolicCore0/ILA"}]]
INFO: [Labtools 27-1966] The ILA core 'hw_ila_1' triggered at 2025-Nov-10 14:44:52
INFO: [Labtools 27-3304] ILA Waveform data saved to file /home/xmen/Desktop/SystolicCore/vivado/SystolicCore/SystolicCore.hw/backup/hw_ila_data_1.ila. Use Tcl command 'read_hw_ila_data' or Vivado File->Import->Import ILA Data menu item to import the previously saved data.
run_hw_ila [get_hw_ilas -of_objects [get_hw_devices xc7a100t_0] -filter {CELL_NAME=~"SystolicCore0/ILA"}]
INFO: [Labtools 27-1964] The ILA core 'hw_ila_1' trigger was armed at 2025-Nov-10 14:44:56
wait_on_hw_ila [get_hw_ilas -of_objects [get_hw_devices xc7a100t_0] -filter {CELL_NAME=~"SystolicCore0/ILA"}]
display_hw_ila_data [upload_hw_ila_data [get_hw_ilas -of_objects [get_hw_devices xc7a100t_0] -filter {CELL_NAME=~"SystolicCore0/ILA"}]]
INFO: [Labtools 27-1966] The ILA core 'hw_ila_1' triggered at 2025-Nov-10 14:44:56
INFO: [Labtools 27-3304] ILA Waveform data saved to file /home/xmen/Desktop/SystolicCore/vivado/SystolicCore/SystolicCore.hw/backup/hw_ila_data_1.ila. Use Tcl command 'read_hw_ila_data' or Vivado File->Import->Import ILA Data menu item to import the previously saved data.
run_hw_ila [get_hw_ilas -of_objects [get_hw_devices xc7a100t_0] -filter {CELL_NAME=~"SystolicCore0/ILA"}]
INFO: [Labtools 27-1964] The ILA core 'hw_ila_1' trigger was armed at 2025-Nov-10 14:44:59
wait_on_hw_ila [get_hw_ilas -of_objects [get_hw_devices xc7a100t_0] -filter {CELL_NAME=~"SystolicCore0/ILA"}]
display_hw_ila_data [upload_hw_ila_data [get_hw_ilas -of_objects [get_hw_devices xc7a100t_0] -filter {CELL_NAME=~"SystolicCore0/ILA"}]]
INFO: [Labtools 27-1966] The ILA core 'hw_ila_1' triggered at 2025-Nov-10 14:44:59
INFO: [Labtools 27-3304] ILA Waveform data saved to file /home/xmen/Desktop/SystolicCore/vivado/SystolicCore/SystolicCore.hw/backup/hw_ila_data_1.ila. Use Tcl command 'read_hw_ila_data' or Vivado File->Import->Import ILA Data menu item to import the previously saved data.
run_hw_ila [get_hw_ilas -of_objects [get_hw_devices xc7a100t_0] -filter {CELL_NAME=~"SystolicCore0/ILA"}]
INFO: [Labtools 27-1964] The ILA core 'hw_ila_1' trigger was armed at 2025-Nov-10 14:45:03
wait_on_hw_ila [get_hw_ilas -of_objects [get_hw_devices xc7a100t_0] -filter {CELL_NAME=~"SystolicCore0/ILA"}]
display_hw_ila_data [upload_hw_ila_data [get_hw_ilas -of_objects [get_hw_devices xc7a100t_0] -filter {CELL_NAME=~"SystolicCore0/ILA"}]]
INFO: [Labtools 27-1966] The ILA core 'hw_ila_1' triggered at 2025-Nov-10 14:45:03
INFO: [Labtools 27-3304] ILA Waveform data saved to file /home/xmen/Desktop/SystolicCore/vivado/SystolicCore/SystolicCore.hw/backup/hw_ila_data_1.ila. Use Tcl command 'read_hw_ila_data' or Vivado File->Import->Import ILA Data menu item to import the previously saved data.
run_hw_ila [get_hw_ilas -of_objects [get_hw_devices xc7a100t_0] -filter {CELL_NAME=~"SystolicCore0/ILA"}]
INFO: [Labtools 27-1964] The ILA core 'hw_ila_1' trigger was armed at 2025-Nov-10 14:45:06
wait_on_hw_ila [get_hw_ilas -of_objects [get_hw_devices xc7a100t_0] -filter {CELL_NAME=~"SystolicCore0/ILA"}]
display_hw_ila_data [upload_hw_ila_data [get_hw_ilas -of_objects [get_hw_devices xc7a100t_0] -filter {CELL_NAME=~"SystolicCore0/ILA"}]]
INFO: [Labtools 27-1966] The ILA core 'hw_ila_1' triggered at 2025-Nov-10 14:45:06
INFO: [Labtools 27-3304] ILA Waveform data saved to file /home/xmen/Desktop/SystolicCore/vivado/SystolicCore/SystolicCore.hw/backup/hw_ila_data_1.ila. Use Tcl command 'read_hw_ila_data' or Vivado File->Import->Import ILA Data menu item to import the previously saved data.
run_hw_ila [get_hw_ilas -of_objects [get_hw_devices xc7a100t_0] -filter {CELL_NAME=~"SystolicCore0/ILA"}]
INFO: [Labtools 27-1964] The ILA core 'hw_ila_1' trigger was armed at 2025-Nov-10 14:45:10
wait_on_hw_ila [get_hw_ilas -of_objects [get_hw_devices xc7a100t_0] -filter {CELL_NAME=~"SystolicCore0/ILA"}]
display_hw_ila_data [upload_hw_ila_data [get_hw_ilas -of_objects [get_hw_devices xc7a100t_0] -filter {CELL_NAME=~"SystolicCore0/ILA"}]]
INFO: [Labtools 27-1966] The ILA core 'hw_ila_1' triggered at 2025-Nov-10 14:45:10
INFO: [Labtools 27-3304] ILA Waveform data saved to file /home/xmen/Desktop/SystolicCore/vivado/SystolicCore/SystolicCore.hw/backup/hw_ila_data_1.ila. Use Tcl command 'read_hw_ila_data' or Vivado File->Import->Import ILA Data menu item to import the previously saved data.
run_hw_ila [get_hw_ilas -of_objects [get_hw_devices xc7a100t_0] -filter {CELL_NAME=~"SystolicCore0/ILA"}]
INFO: [Labtools 27-1964] The ILA core 'hw_ila_1' trigger was armed at 2025-Nov-10 14:45:14
wait_on_hw_ila [get_hw_ilas -of_objects [get_hw_devices xc7a100t_0] -filter {CELL_NAME=~"SystolicCore0/ILA"}]
display_hw_ila_data [upload_hw_ila_data [get_hw_ilas -of_objects [get_hw_devices xc7a100t_0] -filter {CELL_NAME=~"SystolicCore0/ILA"}]]
INFO: [Labtools 27-1966] The ILA core 'hw_ila_1' triggered at 2025-Nov-10 14:45:14
INFO: [Labtools 27-3304] ILA Waveform data saved to file /home/xmen/Desktop/SystolicCore/vivado/SystolicCore/SystolicCore.hw/backup/hw_ila_data_1.ila. Use Tcl command 'read_hw_ila_data' or Vivado File->Import->Import ILA Data menu item to import the previously saved data.
run_hw_ila [get_hw_ilas -of_objects [get_hw_devices xc7a100t_0] -filter {CELL_NAME=~"SystolicCore0/ILA"}]
INFO: [Labtools 27-1964] The ILA core 'hw_ila_1' trigger was armed at 2025-Nov-10 14:45:17
wait_on_hw_ila [get_hw_ilas -of_objects [get_hw_devices xc7a100t_0] -filter {CELL_NAME=~"SystolicCore0/ILA"}]
display_hw_ila_data [upload_hw_ila_data [get_hw_ilas -of_objects [get_hw_devices xc7a100t_0] -filter {CELL_NAME=~"SystolicCore0/ILA"}]]
INFO: [Labtools 27-1966] The ILA core 'hw_ila_1' triggered at 2025-Nov-10 14:45:17
INFO: [Labtools 27-3304] ILA Waveform data saved to file /home/xmen/Desktop/SystolicCore/vivado/SystolicCore/SystolicCore.hw/backup/hw_ila_data_1.ila. Use Tcl command 'read_hw_ila_data' or Vivado File->Import->Import ILA Data menu item to import the previously saved data.
run_hw_ila [get_hw_ilas -of_objects [get_hw_devices xc7a100t_0] -filter {CELL_NAME=~"SystolicCore0/ILA"}]
INFO: [Labtools 27-1964] The ILA core 'hw_ila_1' trigger was armed at 2025-Nov-10 14:45:20
wait_on_hw_ila [get_hw_ilas -of_objects [get_hw_devices xc7a100t_0] -filter {CELL_NAME=~"SystolicCore0/ILA"}]
display_hw_ila_data [upload_hw_ila_data [get_hw_ilas -of_objects [get_hw_devices xc7a100t_0] -filter {CELL_NAME=~"SystolicCore0/ILA"}]]
INFO: [Labtools 27-1966] The ILA core 'hw_ila_1' triggered at 2025-Nov-10 14:45:20
INFO: [Labtools 27-3304] ILA Waveform data saved to file /home/xmen/Desktop/SystolicCore/vivado/SystolicCore/SystolicCore.hw/backup/hw_ila_data_1.ila. Use Tcl command 'read_hw_ila_data' or Vivado File->Import->Import ILA Data menu item to import the previously saved data.
run_hw_ila [get_hw_ilas -of_objects [get_hw_devices xc7a100t_0] -filter {CELL_NAME=~"SystolicCore0/ILA"}]
INFO: [Labtools 27-1964] The ILA core 'hw_ila_1' trigger was armed at 2025-Nov-10 14:45:24
wait_on_hw_ila [get_hw_ilas -of_objects [get_hw_devices xc7a100t_0] -filter {CELL_NAME=~"SystolicCore0/ILA"}]
display_hw_ila_data [upload_hw_ila_data [get_hw_ilas -of_objects [get_hw_devices xc7a100t_0] -filter {CELL_NAME=~"SystolicCore0/ILA"}]]
INFO: [Labtools 27-1966] The ILA core 'hw_ila_1' triggered at 2025-Nov-10 14:45:24
INFO: [Labtools 27-3304] ILA Waveform data saved to file /home/xmen/Desktop/SystolicCore/vivado/SystolicCore/SystolicCore.hw/backup/hw_ila_data_1.ila. Use Tcl command 'read_hw_ila_data' or Vivado File->Import->Import ILA Data menu item to import the previously saved data.
run_hw_ila [get_hw_ilas -of_objects [get_hw_devices xc7a100t_0] -filter {CELL_NAME=~"SystolicCore0/ILA"}]
INFO: [Labtools 27-1964] The ILA core 'hw_ila_1' trigger was armed at 2025-Nov-10 14:45:27
wait_on_hw_ila [get_hw_ilas -of_objects [get_hw_devices xc7a100t_0] -filter {CELL_NAME=~"SystolicCore0/ILA"}]
display_hw_ila_data [upload_hw_ila_data [get_hw_ilas -of_objects [get_hw_devices xc7a100t_0] -filter {CELL_NAME=~"SystolicCore0/ILA"}]]
INFO: [Labtools 27-1966] The ILA core 'hw_ila_1' triggered at 2025-Nov-10 14:45:27
INFO: [Labtools 27-3304] ILA Waveform data saved to file /home/xmen/Desktop/SystolicCore/vivado/SystolicCore/SystolicCore.hw/backup/hw_ila_data_1.ila. Use Tcl command 'read_hw_ila_data' or Vivado File->Import->Import ILA Data menu item to import the previously saved data.
run_hw_ila [get_hw_ilas -of_objects [get_hw_devices xc7a100t_0] -filter {CELL_NAME=~"SystolicCore0/ILA"}]
INFO: [Labtools 27-1964] The ILA core 'hw_ila_1' trigger was armed at 2025-Nov-10 14:45:31
wait_on_hw_ila [get_hw_ilas -of_objects [get_hw_devices xc7a100t_0] -filter {CELL_NAME=~"SystolicCore0/ILA"}]
display_hw_ila_data [upload_hw_ila_data [get_hw_ilas -of_objects [get_hw_devices xc7a100t_0] -filter {CELL_NAME=~"SystolicCore0/ILA"}]]
INFO: [Labtools 27-1966] The ILA core 'hw_ila_1' triggered at 2025-Nov-10 14:45:31
INFO: [Labtools 27-3304] ILA Waveform data saved to file /home/xmen/Desktop/SystolicCore/vivado/SystolicCore/SystolicCore.hw/backup/hw_ila_data_1.ila. Use Tcl command 'read_hw_ila_data' or Vivado File->Import->Import ILA Data menu item to import the previously saved data.
run_hw_ila [get_hw_ilas -of_objects [get_hw_devices xc7a100t_0] -filter {CELL_NAME=~"SystolicCore0/ILA"}]
INFO: [Labtools 27-1964] The ILA core 'hw_ila_1' trigger was armed at 2025-Nov-10 14:45:34
wait_on_hw_ila [get_hw_ilas -of_objects [get_hw_devices xc7a100t_0] -filter {CELL_NAME=~"SystolicCore0/ILA"}]
display_hw_ila_data [upload_hw_ila_data [get_hw_ilas -of_objects [get_hw_devices xc7a100t_0] -filter {CELL_NAME=~"SystolicCore0/ILA"}]]
INFO: [Labtools 27-1966] The ILA core 'hw_ila_1' triggered at 2025-Nov-10 14:45:34
INFO: [Labtools 27-3304] ILA Waveform data saved to file /home/xmen/Desktop/SystolicCore/vivado/SystolicCore/SystolicCore.hw/backup/hw_ila_data_1.ila. Use Tcl command 'read_hw_ila_data' or Vivado File->Import->Import ILA Data menu item to import the previously saved data.
set_property CORE_REFRESH_RATE_MS 1 [get_hw_ilas -of_objects [get_hw_devices xc7a100t_0] -filter {CELL_NAME=~"SystolicCore0/ILA"}]
run_hw_ila [get_hw_ilas -of_objects [get_hw_devices xc7a100t_0] -filter {CELL_NAME=~"SystolicCore0/ILA"}]
INFO: [Labtools 27-1964] The ILA core 'hw_ila_1' trigger was armed at 2025-Nov-10 14:45:40
wait_on_hw_ila [get_hw_ilas -of_objects [get_hw_devices xc7a100t_0] -filter {CELL_NAME=~"SystolicCore0/ILA"}]
display_hw_ila_data [upload_hw_ila_data [get_hw_ilas -of_objects [get_hw_devices xc7a100t_0] -filter {CELL_NAME=~"SystolicCore0/ILA"}]]
INFO: [Labtools 27-1966] The ILA core 'hw_ila_1' triggered at 2025-Nov-10 14:45:40
INFO: [Labtools 27-3304] ILA Waveform data saved to file /home/xmen/Desktop/SystolicCore/vivado/SystolicCore/SystolicCore.hw/backup/hw_ila_data_1.ila. Use Tcl command 'read_hw_ila_data' or Vivado File->Import->Import ILA Data menu item to import the previously saved data.
run_hw_ila [get_hw_ilas -of_objects [get_hw_devices xc7a100t_0] -filter {CELL_NAME=~"SystolicCore0/ILA"}]
INFO: [Labtools 27-1964] The ILA core 'hw_ila_1' trigger was armed at 2025-Nov-10 14:45:45
wait_on_hw_ila [get_hw_ilas -of_objects [get_hw_devices xc7a100t_0] -filter {CELL_NAME=~"SystolicCore0/ILA"}]
display_hw_ila_data [upload_hw_ila_data [get_hw_ilas -of_objects [get_hw_devices xc7a100t_0] -filter {CELL_NAME=~"SystolicCore0/ILA"}]]
INFO: [Labtools 27-1966] The ILA core 'hw_ila_1' triggered at 2025-Nov-10 14:45:45
INFO: [Labtools 27-3304] ILA Waveform data saved to file /home/xmen/Desktop/SystolicCore/vivado/SystolicCore/SystolicCore.hw/backup/hw_ila_data_1.ila. Use Tcl command 'read_hw_ila_data' or Vivado File->Import->Import ILA Data menu item to import the previously saved data.
run_hw_ila [get_hw_ilas -of_objects [get_hw_devices xc7a100t_0] -filter {CELL_NAME=~"SystolicCore0/ILA"}]
INFO: [Labtools 27-1964] The ILA core 'hw_ila_1' trigger was armed at 2025-Nov-10 14:45:48
wait_on_hw_ila [get_hw_ilas -of_objects [get_hw_devices xc7a100t_0] -filter {CELL_NAME=~"SystolicCore0/ILA"}]
display_hw_ila_data [upload_hw_ila_data [get_hw_ilas -of_objects [get_hw_devices xc7a100t_0] -filter {CELL_NAME=~"SystolicCore0/ILA"}]]
INFO: [Labtools 27-1966] The ILA core 'hw_ila_1' triggered at 2025-Nov-10 14:45:48
INFO: [Labtools 27-3304] ILA Waveform data saved to file /home/xmen/Desktop/SystolicCore/vivado/SystolicCore/SystolicCore.hw/backup/hw_ila_data_1.ila. Use Tcl command 'read_hw_ila_data' or Vivado File->Import->Import ILA Data menu item to import the previously saved data.
run_hw_ila [get_hw_ilas -of_objects [get_hw_devices xc7a100t_0] -filter {CELL_NAME=~"SystolicCore0/ILA"}]
INFO: [Labtools 27-1964] The ILA core 'hw_ila_1' trigger was armed at 2025-Nov-10 14:45:52
wait_on_hw_ila [get_hw_ilas -of_objects [get_hw_devices xc7a100t_0] -filter {CELL_NAME=~"SystolicCore0/ILA"}]
display_hw_ila_data [upload_hw_ila_data [get_hw_ilas -of_objects [get_hw_devices xc7a100t_0] -filter {CELL_NAME=~"SystolicCore0/ILA"}]]
INFO: [Labtools 27-1966] The ILA core 'hw_ila_1' triggered at 2025-Nov-10 14:45:52
INFO: [Labtools 27-3304] ILA Waveform data saved to file /home/xmen/Desktop/SystolicCore/vivado/SystolicCore/SystolicCore.hw/backup/hw_ila_data_1.ila. Use Tcl command 'read_hw_ila_data' or Vivado File->Import->Import ILA Data menu item to import the previously saved data.
run_hw_ila [get_hw_ilas -of_objects [get_hw_devices xc7a100t_0] -filter {CELL_NAME=~"SystolicCore0/ILA"}]
INFO: [Labtools 27-1964] The ILA core 'hw_ila_1' trigger was armed at 2025-Nov-10 14:45:55
wait_on_hw_ila [get_hw_ilas -of_objects [get_hw_devices xc7a100t_0] -filter {CELL_NAME=~"SystolicCore0/ILA"}]
display_hw_ila_data [upload_hw_ila_data [get_hw_ilas -of_objects [get_hw_devices xc7a100t_0] -filter {CELL_NAME=~"SystolicCore0/ILA"}]]
INFO: [Labtools 27-1966] The ILA core 'hw_ila_1' triggered at 2025-Nov-10 14:45:55
INFO: [Labtools 27-3304] ILA Waveform data saved to file /home/xmen/Desktop/SystolicCore/vivado/SystolicCore/SystolicCore.hw/backup/hw_ila_data_1.ila. Use Tcl command 'read_hw_ila_data' or Vivado File->Import->Import ILA Data menu item to import the previously saved data.
run_hw_ila [get_hw_ilas -of_objects [get_hw_devices xc7a100t_0] -filter {CELL_NAME=~"SystolicCore0/ILA"}]
INFO: [Labtools 27-1964] The ILA core 'hw_ila_1' trigger was armed at 2025-Nov-10 14:45:58
wait_on_hw_ila [get_hw_ilas -of_objects [get_hw_devices xc7a100t_0] -filter {CELL_NAME=~"SystolicCore0/ILA"}]
display_hw_ila_data [upload_hw_ila_data [get_hw_ilas -of_objects [get_hw_devices xc7a100t_0] -filter {CELL_NAME=~"SystolicCore0/ILA"}]]
INFO: [Labtools 27-1966] The ILA core 'hw_ila_1' triggered at 2025-Nov-10 14:45:58
INFO: [Labtools 27-3304] ILA Waveform data saved to file /home/xmen/Desktop/SystolicCore/vivado/SystolicCore/SystolicCore.hw/backup/hw_ila_data_1.ila. Use Tcl command 'read_hw_ila_data' or Vivado File->Import->Import ILA Data menu item to import the previously saved data.
run_hw_ila [get_hw_ilas -of_objects [get_hw_devices xc7a100t_0] -filter {CELL_NAME=~"SystolicCore0/ILA"}]
INFO: [Labtools 27-1964] The ILA core 'hw_ila_1' trigger was armed at 2025-Nov-10 14:46:01
wait_on_hw_ila [get_hw_ilas -of_objects [get_hw_devices xc7a100t_0] -filter {CELL_NAME=~"SystolicCore0/ILA"}]
display_hw_ila_data [upload_hw_ila_data [get_hw_ilas -of_objects [get_hw_devices xc7a100t_0] -filter {CELL_NAME=~"SystolicCore0/ILA"}]]
INFO: [Labtools 27-1966] The ILA core 'hw_ila_1' triggered at 2025-Nov-10 14:46:01
INFO: [Labtools 27-3304] ILA Waveform data saved to file /home/xmen/Desktop/SystolicCore/vivado/SystolicCore/SystolicCore.hw/backup/hw_ila_data_1.ila. Use Tcl command 'read_hw_ila_data' or Vivado File->Import->Import ILA Data menu item to import the previously saved data.
run_hw_ila [get_hw_ilas -of_objects [get_hw_devices xc7a100t_0] -filter {CELL_NAME=~"SystolicCore0/ILA"}]
INFO: [Labtools 27-1964] The ILA core 'hw_ila_1' trigger was armed at 2025-Nov-10 14:46:05
wait_on_hw_ila [get_hw_ilas -of_objects [get_hw_devices xc7a100t_0] -filter {CELL_NAME=~"SystolicCore0/ILA"}]
display_hw_ila_data [upload_hw_ila_data [get_hw_ilas -of_objects [get_hw_devices xc7a100t_0] -filter {CELL_NAME=~"SystolicCore0/ILA"}]]
INFO: [Labtools 27-1966] The ILA core 'hw_ila_1' triggered at 2025-Nov-10 14:46:05
INFO: [Labtools 27-3304] ILA Waveform data saved to file /home/xmen/Desktop/SystolicCore/vivado/SystolicCore/SystolicCore.hw/backup/hw_ila_data_1.ila. Use Tcl command 'read_hw_ila_data' or Vivado File->Import->Import ILA Data menu item to import the previously saved data.
run_hw_ila [get_hw_ilas -of_objects [get_hw_devices xc7a100t_0] -filter {CELL_NAME=~"SystolicCore0/ILA"}]
INFO: [Labtools 27-1964] The ILA core 'hw_ila_1' trigger was armed at 2025-Nov-10 14:46:08
wait_on_hw_ila [get_hw_ilas -of_objects [get_hw_devices xc7a100t_0] -filter {CELL_NAME=~"SystolicCore0/ILA"}]
display_hw_ila_data [upload_hw_ila_data [get_hw_ilas -of_objects [get_hw_devices xc7a100t_0] -filter {CELL_NAME=~"SystolicCore0/ILA"}]]
INFO: [Labtools 27-1966] The ILA core 'hw_ila_1' triggered at 2025-Nov-10 14:46:08
INFO: [Labtools 27-3304] ILA Waveform data saved to file /home/xmen/Desktop/SystolicCore/vivado/SystolicCore/SystolicCore.hw/backup/hw_ila_data_1.ila. Use Tcl command 'read_hw_ila_data' or Vivado File->Import->Import ILA Data menu item to import the previously saved data.
run_hw_ila [get_hw_ilas -of_objects [get_hw_devices xc7a100t_0] -filter {CELL_NAME=~"SystolicCore0/ILA"}]
INFO: [Labtools 27-1964] The ILA core 'hw_ila_1' trigger was armed at 2025-Nov-10 14:46:11
wait_on_hw_ila [get_hw_ilas -of_objects [get_hw_devices xc7a100t_0] -filter {CELL_NAME=~"SystolicCore0/ILA"}]
display_hw_ila_data [upload_hw_ila_data [get_hw_ilas -of_objects [get_hw_devices xc7a100t_0] -filter {CELL_NAME=~"SystolicCore0/ILA"}]]
INFO: [Labtools 27-1966] The ILA core 'hw_ila_1' triggered at 2025-Nov-10 14:46:11
INFO: [Labtools 27-3304] ILA Waveform data saved to file /home/xmen/Desktop/SystolicCore/vivado/SystolicCore/SystolicCore.hw/backup/hw_ila_data_1.ila. Use Tcl command 'read_hw_ila_data' or Vivado File->Import->Import ILA Data menu item to import the previously saved data.
run_hw_ila [get_hw_ilas -of_objects [get_hw_devices xc7a100t_0] -filter {CELL_NAME=~"SystolicCore0/ILA"}]
INFO: [Labtools 27-1964] The ILA core 'hw_ila_1' trigger was armed at 2025-Nov-10 14:46:15
wait_on_hw_ila [get_hw_ilas -of_objects [get_hw_devices xc7a100t_0] -filter {CELL_NAME=~"SystolicCore0/ILA"}]
display_hw_ila_data [upload_hw_ila_data [get_hw_ilas -of_objects [get_hw_devices xc7a100t_0] -filter {CELL_NAME=~"SystolicCore0/ILA"}]]
INFO: [Labtools 27-1966] The ILA core 'hw_ila_1' triggered at 2025-Nov-10 14:46:15
INFO: [Labtools 27-3304] ILA Waveform data saved to file /home/xmen/Desktop/SystolicCore/vivado/SystolicCore/SystolicCore.hw/backup/hw_ila_data_1.ila. Use Tcl command 'read_hw_ila_data' or Vivado File->Import->Import ILA Data menu item to import the previously saved data.
run_hw_ila [get_hw_ilas -of_objects [get_hw_devices xc7a100t_0] -filter {CELL_NAME=~"SystolicCore0/ILA"}]
INFO: [Labtools 27-1964] The ILA core 'hw_ila_1' trigger was armed at 2025-Nov-10 14:46:18
wait_on_hw_ila [get_hw_ilas -of_objects [get_hw_devices xc7a100t_0] -filter {CELL_NAME=~"SystolicCore0/ILA"}]
display_hw_ila_data [upload_hw_ila_data [get_hw_ilas -of_objects [get_hw_devices xc7a100t_0] -filter {CELL_NAME=~"SystolicCore0/ILA"}]]
INFO: [Labtools 27-1966] The ILA core 'hw_ila_1' triggered at 2025-Nov-10 14:46:18
INFO: [Labtools 27-3304] ILA Waveform data saved to file /home/xmen/Desktop/SystolicCore/vivado/SystolicCore/SystolicCore.hw/backup/hw_ila_data_1.ila. Use Tcl command 'read_hw_ila_data' or Vivado File->Import->Import ILA Data menu item to import the previously saved data.
set_property CORE_REFRESH_RATE_MS 9 [get_hw_ilas -of_objects [get_hw_devices xc7a100t_0] -filter {CELL_NAME=~"SystolicCore0/ILA"}]
run_hw_ila [get_hw_ilas -of_objects [get_hw_devices xc7a100t_0] -filter {CELL_NAME=~"SystolicCore0/ILA"}]
INFO: [Labtools 27-1964] The ILA core 'hw_ila_1' trigger was armed at 2025-Nov-10 14:46:21
wait_on_hw_ila [get_hw_ilas -of_objects [get_hw_devices xc7a100t_0] -filter {CELL_NAME=~"SystolicCore0/ILA"}]
display_hw_ila_data [upload_hw_ila_data [get_hw_ilas -of_objects [get_hw_devices xc7a100t_0] -filter {CELL_NAME=~"SystolicCore0/ILA"}]]
INFO: [Labtools 27-1966] The ILA core 'hw_ila_1' triggered at 2025-Nov-10 14:46:21
INFO: [Labtools 27-3304] ILA Waveform data saved to file /home/xmen/Desktop/SystolicCore/vivado/SystolicCore/SystolicCore.hw/backup/hw_ila_data_1.ila. Use Tcl command 'read_hw_ila_data' or Vivado File->Import->Import ILA Data menu item to import the previously saved data.
set_property CORE_REFRESH_RATE_MS 0 [get_hw_ilas -of_objects [get_hw_devices xc7a100t_0] -filter {CELL_NAME=~"SystolicCore0/ILA"}]
run_hw_ila [get_hw_ilas -of_objects [get_hw_devices xc7a100t_0] -filter {CELL_NAME=~"SystolicCore0/ILA"}]
INFO: [Labtools 27-1964] The ILA core 'hw_ila_1' trigger was armed at 2025-Nov-10 14:46:25
run_hw_ila [get_hw_ilas -of_objects [get_hw_devices xc7a100t_0] -filter {CELL_NAME=~"SystolicCore0/ILA"}]
INFO: [Labtools 27-1964] The ILA core 'hw_ila_1' trigger was armed at 2025-Nov-10 14:47:04
run_hw_ila [get_hw_ilas -of_objects [get_hw_devices xc7a100t_0] -filter {CELL_NAME=~"SystolicCore0/ILA"}]
INFO: [Labtools 27-1964] The ILA core 'hw_ila_1' trigger was armed at 2025-Nov-10 14:47:09
run_hw_ila [get_hw_ilas -of_objects [get_hw_devices xc7a100t_0] -filter {CELL_NAME=~"SystolicCore0/ILA"}]
INFO: [Labtools 27-1964] The ILA core 'hw_ila_1' trigger was armed at 2025-Nov-10 14:47:14
run_hw_ila [get_hw_ilas -of_objects [get_hw_devices xc7a100t_0] -filter {CELL_NAME=~"SystolicCore0/ILA"}]
INFO: [Labtools 27-1964] The ILA core 'hw_ila_1' trigger was armed at 2025-Nov-10 14:47:15
run_hw_ila [get_hw_ilas -of_objects [get_hw_devices xc7a100t_0] -filter {CELL_NAME=~"SystolicCore0/ILA"}]
INFO: [Labtools 27-1964] The ILA core 'hw_ila_1' trigger was armed at 2025-Nov-10 14:47:17
run_hw_ila [get_hw_ilas -of_objects [get_hw_devices xc7a100t_0] -filter {CELL_NAME=~"SystolicCore0/ILA"}]
INFO: [Labtools 27-1964] The ILA core 'hw_ila_1' trigger was armed at 2025-Nov-10 14:47:38
set_property CORE_REFRESH_RATE_MS 1 [get_hw_ilas -of_objects [get_hw_devices xc7a100t_0] -filter {CELL_NAME=~"SystolicCore0/ILA"}]
wait_on_hw_ila [get_hw_ilas -of_objects [get_hw_devices xc7a100t_0] -filter {CELL_NAME=~"SystolicCore0/ILA"}]
display_hw_ila_data [upload_hw_ila_data [get_hw_ilas -of_objects [get_hw_devices xc7a100t_0] -filter {CELL_NAME=~"SystolicCore0/ILA"}]]
INFO: [Labtools 27-1966] The ILA core 'hw_ila_1' triggered at 2025-Nov-10 14:47:38
INFO: [Labtools 27-3304] ILA Waveform data saved to file /home/xmen/Desktop/SystolicCore/vivado/SystolicCore/SystolicCore.hw/backup/hw_ila_data_1.ila. Use Tcl command 'read_hw_ila_data' or Vivado File->Import->Import ILA Data menu item to import the previously saved data.
run_hw_ila [get_hw_ilas -of_objects [get_hw_devices xc7a100t_0] -filter {CELL_NAME=~"SystolicCore0/ILA"}]
INFO: [Labtools 27-1964] The ILA core 'hw_ila_1' trigger was armed at 2025-Nov-10 14:47:47
wait_on_hw_ila [get_hw_ilas -of_objects [get_hw_devices xc7a100t_0] -filter {CELL_NAME=~"SystolicCore0/ILA"}]
display_hw_ila_data [upload_hw_ila_data [get_hw_ilas -of_objects [get_hw_devices xc7a100t_0] -filter {CELL_NAME=~"SystolicCore0/ILA"}]]
INFO: [Labtools 27-1966] The ILA core 'hw_ila_1' triggered at 2025-Nov-10 14:47:47
INFO: [Labtools 27-3304] ILA Waveform data saved to file /home/xmen/Desktop/SystolicCore/vivado/SystolicCore/SystolicCore.hw/backup/hw_ila_data_1.ila. Use Tcl command 'read_hw_ila_data' or Vivado File->Import->Import ILA Data menu item to import the previously saved data.
run_hw_ila [get_hw_ilas -of_objects [get_hw_devices xc7a100t_0] -filter {CELL_NAME=~"SystolicCore0/ILA"}]
INFO: [Labtools 27-1964] The ILA core 'hw_ila_1' trigger was armed at 2025-Nov-10 14:47:50
wait_on_hw_ila [get_hw_ilas -of_objects [get_hw_devices xc7a100t_0] -filter {CELL_NAME=~"SystolicCore0/ILA"}]
display_hw_ila_data [upload_hw_ila_data [get_hw_ilas -of_objects [get_hw_devices xc7a100t_0] -filter {CELL_NAME=~"SystolicCore0/ILA"}]]
INFO: [Labtools 27-1966] The ILA core 'hw_ila_1' triggered at 2025-Nov-10 14:47:50
INFO: [Labtools 27-3304] ILA Waveform data saved to file /home/xmen/Desktop/SystolicCore/vivado/SystolicCore/SystolicCore.hw/backup/hw_ila_data_1.ila. Use Tcl command 'read_hw_ila_data' or Vivado File->Import->Import ILA Data menu item to import the previously saved data.
set_property TRIGGER_COMPARE_VALUE eq1'b0 [get_hw_probes SystolicCore0/clock -of_objects [get_hw_ilas -of_objects [get_hw_devices xc7a100t_0] -filter {CELL_NAME=~"SystolicCore0/ILA"}]]
run_hw_ila [get_hw_ilas -of_objects [get_hw_devices xc7a100t_0] -filter {CELL_NAME=~"SystolicCore0/ILA"}]
INFO: [Labtools 27-1964] The ILA core 'hw_ila_1' trigger was armed at 2025-Nov-10 14:47:53
wait_on_hw_ila [get_hw_ilas -of_objects [get_hw_devices xc7a100t_0] -filter {CELL_NAME=~"SystolicCore0/ILA"}]
display_hw_ila_data [upload_hw_ila_data [get_hw_ilas -of_objects [get_hw_devices xc7a100t_0] -filter {CELL_NAME=~"SystolicCore0/ILA"}]]
INFO: [Labtools 27-1966] The ILA core 'hw_ila_1' triggered at 2025-Nov-10 14:47:53
INFO: [Labtools 27-3304] ILA Waveform data saved to file /home/xmen/Desktop/SystolicCore/vivado/SystolicCore/SystolicCore.hw/backup/hw_ila_data_1.ila. Use Tcl command 'read_hw_ila_data' or Vivado File->Import->Import ILA Data menu item to import the previously saved data.
run_hw_ila [get_hw_ilas -of_objects [get_hw_devices xc7a100t_0] -filter {CELL_NAME=~"SystolicCore0/ILA"}]
INFO: [Labtools 27-1964] The ILA core 'hw_ila_1' trigger was armed at 2025-Nov-10 14:47:57
wait_on_hw_ila [get_hw_ilas -of_objects [get_hw_devices xc7a100t_0] -filter {CELL_NAME=~"SystolicCore0/ILA"}]
display_hw_ila_data [upload_hw_ila_data [get_hw_ilas -of_objects [get_hw_devices xc7a100t_0] -filter {CELL_NAME=~"SystolicCore0/ILA"}]]
INFO: [Labtools 27-1966] The ILA core 'hw_ila_1' triggered at 2025-Nov-10 14:47:57
INFO: [Labtools 27-3304] ILA Waveform data saved to file /home/xmen/Desktop/SystolicCore/vivado/SystolicCore/SystolicCore.hw/backup/hw_ila_data_1.ila. Use Tcl command 'read_hw_ila_data' or Vivado File->Import->Import ILA Data menu item to import the previously saved data.
run_hw_ila [get_hw_ilas -of_objects [get_hw_devices xc7a100t_0] -filter {CELL_NAME=~"SystolicCore0/ILA"}]
INFO: [Labtools 27-1964] The ILA core 'hw_ila_1' trigger was armed at 2025-Nov-10 14:48:00
wait_on_hw_ila [get_hw_ilas -of_objects [get_hw_devices xc7a100t_0] -filter {CELL_NAME=~"SystolicCore0/ILA"}]
display_hw_ila_data [upload_hw_ila_data [get_hw_ilas -of_objects [get_hw_devices xc7a100t_0] -filter {CELL_NAME=~"SystolicCore0/ILA"}]]
INFO: [Labtools 27-1966] The ILA core 'hw_ila_1' triggered at 2025-Nov-10 14:48:00
INFO: [Labtools 27-3304] ILA Waveform data saved to file /home/xmen/Desktop/SystolicCore/vivado/SystolicCore/SystolicCore.hw/backup/hw_ila_data_1.ila. Use Tcl command 'read_hw_ila_data' or Vivado File->Import->Import ILA Data menu item to import the previously saved data.
run_hw_ila [get_hw_ilas -of_objects [get_hw_devices xc7a100t_0] -filter {CELL_NAME=~"SystolicCore0/ILA"}]
INFO: [Labtools 27-1964] The ILA core 'hw_ila_1' trigger was armed at 2025-Nov-10 14:48:04
wait_on_hw_ila [get_hw_ilas -of_objects [get_hw_devices xc7a100t_0] -filter {CELL_NAME=~"SystolicCore0/ILA"}]
display_hw_ila_data [upload_hw_ila_data [get_hw_ilas -of_objects [get_hw_devices xc7a100t_0] -filter {CELL_NAME=~"SystolicCore0/ILA"}]]
INFO: [Labtools 27-1966] The ILA core 'hw_ila_1' triggered at 2025-Nov-10 14:48:04
INFO: [Labtools 27-3304] ILA Waveform data saved to file /home/xmen/Desktop/SystolicCore/vivado/SystolicCore/SystolicCore.hw/backup/hw_ila_data_1.ila. Use Tcl command 'read_hw_ila_data' or Vivado File->Import->Import ILA Data menu item to import the previously saved data.
run_hw_ila [get_hw_ilas -of_objects [get_hw_devices xc7a100t_0] -filter {CELL_NAME=~"SystolicCore0/ILA"}]
INFO: [Labtools 27-1964] The ILA core 'hw_ila_1' trigger was armed at 2025-Nov-10 14:48:07
wait_on_hw_ila [get_hw_ilas -of_objects [get_hw_devices xc7a100t_0] -filter {CELL_NAME=~"SystolicCore0/ILA"}]
display_hw_ila_data [upload_hw_ila_data [get_hw_ilas -of_objects [get_hw_devices xc7a100t_0] -filter {CELL_NAME=~"SystolicCore0/ILA"}]]
INFO: [Labtools 27-1966] The ILA core 'hw_ila_1' triggered at 2025-Nov-10 14:48:07
INFO: [Labtools 27-3304] ILA Waveform data saved to file /home/xmen/Desktop/SystolicCore/vivado/SystolicCore/SystolicCore.hw/backup/hw_ila_data_1.ila. Use Tcl command 'read_hw_ila_data' or Vivado File->Import->Import ILA Data menu item to import the previously saved data.
set_property TRIGGER_COMPARE_VALUE eq1'bX [get_hw_probes SystolicCore0/clock -of_objects [get_hw_ilas -of_objects [get_hw_devices xc7a100t_0] -filter {CELL_NAME=~"SystolicCore0/ILA"}]]
run_hw_ila [get_hw_ilas -of_objects [get_hw_devices xc7a100t_0] -filter {CELL_NAME=~"SystolicCore0/ILA"}]
INFO: [Labtools 27-1964] The ILA core 'hw_ila_1' trigger was armed at 2025-Nov-10 14:48:10
wait_on_hw_ila [get_hw_ilas -of_objects [get_hw_devices xc7a100t_0] -filter {CELL_NAME=~"SystolicCore0/ILA"}]
display_hw_ila_data [upload_hw_ila_data [get_hw_ilas -of_objects [get_hw_devices xc7a100t_0] -filter {CELL_NAME=~"SystolicCore0/ILA"}]]
INFO: [Labtools 27-1966] The ILA core 'hw_ila_1' triggered at 2025-Nov-10 14:48:10
INFO: [Labtools 27-3304] ILA Waveform data saved to file /home/xmen/Desktop/SystolicCore/vivado/SystolicCore/SystolicCore.hw/backup/hw_ila_data_1.ila. Use Tcl command 'read_hw_ila_data' or Vivado File->Import->Import ILA Data menu item to import the previously saved data.
set_property TRIGGER_COMPARE_VALUE eq1'oX [get_hw_probes SystolicCore0/uart_txd_in -of_objects [get_hw_ilas -of_objects [get_hw_devices xc7a100t_0] -filter {CELL_NAME=~"SystolicCore0/ILA"}]]
run_hw_ila [get_hw_ilas -of_objects [get_hw_devices xc7a100t_0] -filter {CELL_NAME=~"SystolicCore0/ILA"}]
INFO: [Labtools 27-1964] The ILA core 'hw_ila_1' trigger was armed at 2025-Nov-10 14:48:14
wait_on_hw_ila [get_hw_ilas -of_objects [get_hw_devices xc7a100t_0] -filter {CELL_NAME=~"SystolicCore0/ILA"}]
display_hw_ila_data [upload_hw_ila_data [get_hw_ilas -of_objects [get_hw_devices xc7a100t_0] -filter {CELL_NAME=~"SystolicCore0/ILA"}]]
INFO: [Labtools 27-1966] The ILA core 'hw_ila_1' triggered at 2025-Nov-10 14:48:14
INFO: [Labtools 27-3304] ILA Waveform data saved to file /home/xmen/Desktop/SystolicCore/vivado/SystolicCore/SystolicCore.hw/backup/hw_ila_data_1.ila. Use Tcl command 'read_hw_ila_data' or Vivado File->Import->Import ILA Data menu item to import the previously saved data.
set_property TRIGGER_COMPARE_VALUE eq1'o1 [get_hw_probes SystolicCore0/uart_txd_in -of_objects [get_hw_ilas -of_objects [get_hw_devices xc7a100t_0] -filter {CELL_NAME=~"SystolicCore0/ILA"}]]
run_hw_ila [get_hw_ilas -of_objects [get_hw_devices xc7a100t_0] -filter {CELL_NAME=~"SystolicCore0/ILA"}]
INFO: [Labtools 27-1964] The ILA core 'hw_ila_1' trigger was armed at 2025-Nov-10 14:48:17
wait_on_hw_ila [get_hw_ilas -of_objects [get_hw_devices xc7a100t_0] -filter {CELL_NAME=~"SystolicCore0/ILA"}]
display_hw_ila_data [upload_hw_ila_data [get_hw_ilas -of_objects [get_hw_devices xc7a100t_0] -filter {CELL_NAME=~"SystolicCore0/ILA"}]]
INFO: [Labtools 27-1966] The ILA core 'hw_ila_1' triggered at 2025-Nov-10 14:48:17
INFO: [Labtools 27-3304] ILA Waveform data saved to file /home/xmen/Desktop/SystolicCore/vivado/SystolicCore/SystolicCore.hw/backup/hw_ila_data_1.ila. Use Tcl command 'read_hw_ila_data' or Vivado File->Import->Import ILA Data menu item to import the previously saved data.
set_property TRIGGER_COMPARE_VALUE eq1'o0 [get_hw_probes SystolicCore0/uart_txd_in -of_objects [get_hw_ilas -of_objects [get_hw_devices xc7a100t_0] -filter {CELL_NAME=~"SystolicCore0/ILA"}]]
run_hw_ila [get_hw_ilas -of_objects [get_hw_devices xc7a100t_0] -filter {CELL_NAME=~"SystolicCore0/ILA"}]
INFO: [Labtools 27-1964] The ILA core 'hw_ila_1' trigger was armed at 2025-Nov-10 14:48:20
wait_on_hw_ila [get_hw_ilas -of_objects [get_hw_devices xc7a100t_0] -filter {CELL_NAME=~"SystolicCore0/ILA"}]
display_hw_ila_data [upload_hw_ila_data [get_hw_ilas -of_objects [get_hw_devices xc7a100t_0] -filter {CELL_NAME=~"SystolicCore0/ILA"}]]
INFO: [Labtools 27-1966] The ILA core 'hw_ila_1' triggered at 2025-Nov-10 14:48:30
INFO: [Labtools 27-3304] ILA Waveform data saved to file /home/xmen/Desktop/SystolicCore/vivado/SystolicCore/SystolicCore.hw/backup/hw_ila_data_1.ila. Use Tcl command 'read_hw_ila_data' or Vivado File->Import->Import ILA Data menu item to import the previously saved data.
run_hw_ila [get_hw_ilas -of_objects [get_hw_devices xc7a100t_0] -filter {CELL_NAME=~"SystolicCore0/ILA"}]
INFO: [Labtools 27-1964] The ILA core 'hw_ila_1' trigger was armed at 2025-Nov-10 14:48:33
wait_on_hw_ila [get_hw_ilas -of_objects [get_hw_devices xc7a100t_0] -filter {CELL_NAME=~"SystolicCore0/ILA"}]
display_hw_ila_data [upload_hw_ila_data [get_hw_ilas -of_objects [get_hw_devices xc7a100t_0] -filter {CELL_NAME=~"SystolicCore0/ILA"}]]
INFO: [Labtools 27-1966] The ILA core 'hw_ila_1' triggered at 2025-Nov-10 14:48:33
INFO: [Labtools 27-3304] ILA Waveform data saved to file /home/xmen/Desktop/SystolicCore/vivado/SystolicCore/SystolicCore.hw/backup/hw_ila_data_1.ila. Use Tcl command 'read_hw_ila_data' or Vivado File->Import->Import ILA Data menu item to import the previously saved data.
run_hw_ila [get_hw_ilas -of_objects [get_hw_devices xc7a100t_0] -filter {CELL_NAME=~"SystolicCore0/ILA"}]
INFO: [Labtools 27-1964] The ILA core 'hw_ila_1' trigger was armed at 2025-Nov-10 14:48:37
wait_on_hw_ila [get_hw_ilas -of_objects [get_hw_devices xc7a100t_0] -filter {CELL_NAME=~"SystolicCore0/ILA"}]
display_hw_ila_data [upload_hw_ila_data [get_hw_ilas -of_objects [get_hw_devices xc7a100t_0] -filter {CELL_NAME=~"SystolicCore0/ILA"}]]
INFO: [Labtools 27-1966] The ILA core 'hw_ila_1' triggered at 2025-Nov-10 14:48:37
INFO: [Labtools 27-3304] ILA Waveform data saved to file /home/xmen/Desktop/SystolicCore/vivado/SystolicCore/SystolicCore.hw/backup/hw_ila_data_1.ila. Use Tcl command 'read_hw_ila_data' or Vivado File->Import->Import ILA Data menu item to import the previously saved data.
run_hw_ila [get_hw_ilas -of_objects [get_hw_devices xc7a100t_0] -filter {CELL_NAME=~"SystolicCore0/ILA"}]
INFO: [Labtools 27-1964] The ILA core 'hw_ila_1' trigger was armed at 2025-Nov-10 14:48:40
wait_on_hw_ila [get_hw_ilas -of_objects [get_hw_devices xc7a100t_0] -filter {CELL_NAME=~"SystolicCore0/ILA"}]
display_hw_ila_data [upload_hw_ila_data [get_hw_ilas -of_objects [get_hw_devices xc7a100t_0] -filter {CELL_NAME=~"SystolicCore0/ILA"}]]
INFO: [Labtools 27-1966] The ILA core 'hw_ila_1' triggered at 2025-Nov-10 14:48:40
INFO: [Labtools 27-3304] ILA Waveform data saved to file /home/xmen/Desktop/SystolicCore/vivado/SystolicCore/SystolicCore.hw/backup/hw_ila_data_1.ila. Use Tcl command 'read_hw_ila_data' or Vivado File->Import->Import ILA Data menu item to import the previously saved data.
run_hw_ila [get_hw_ilas -of_objects [get_hw_devices xc7a100t_0] -filter {CELL_NAME=~"SystolicCore0/ILA"}]
INFO: [Labtools 27-1964] The ILA core 'hw_ila_1' trigger was armed at 2025-Nov-10 14:48:43
wait_on_hw_ila [get_hw_ilas -of_objects [get_hw_devices xc7a100t_0] -filter {CELL_NAME=~"SystolicCore0/ILA"}]
display_hw_ila_data [upload_hw_ila_data [get_hw_ilas -of_objects [get_hw_devices xc7a100t_0] -filter {CELL_NAME=~"SystolicCore0/ILA"}]]
INFO: [Labtools 27-1966] The ILA core 'hw_ila_1' triggered at 2025-Nov-10 14:48:43
INFO: [Labtools 27-3304] ILA Waveform data saved to file /home/xmen/Desktop/SystolicCore/vivado/SystolicCore/SystolicCore.hw/backup/hw_ila_data_1.ila. Use Tcl command 'read_hw_ila_data' or Vivado File->Import->Import ILA Data menu item to import the previously saved data.
run_hw_ila [get_hw_ilas -of_objects [get_hw_devices xc7a100t_0] -filter {CELL_NAME=~"SystolicCore0/ILA"}]
INFO: [Labtools 27-1964] The ILA core 'hw_ila_1' trigger was armed at 2025-Nov-10 14:48:47
wait_on_hw_ila [get_hw_ilas -of_objects [get_hw_devices xc7a100t_0] -filter {CELL_NAME=~"SystolicCore0/ILA"}]
display_hw_ila_data [upload_hw_ila_data [get_hw_ilas -of_objects [get_hw_devices xc7a100t_0] -filter {CELL_NAME=~"SystolicCore0/ILA"}]]
INFO: [Labtools 27-1966] The ILA core 'hw_ila_1' triggered at 2025-Nov-10 14:48:47
INFO: [Labtools 27-3304] ILA Waveform data saved to file /home/xmen/Desktop/SystolicCore/vivado/SystolicCore/SystolicCore.hw/backup/hw_ila_data_1.ila. Use Tcl command 'read_hw_ila_data' or Vivado File->Import->Import ILA Data menu item to import the previously saved data.
run_hw_ila [get_hw_ilas -of_objects [get_hw_devices xc7a100t_0] -filter {CELL_NAME=~"SystolicCore0/ILA"}]
INFO: [Labtools 27-1964] The ILA core 'hw_ila_1' trigger was armed at 2025-Nov-10 14:48:50
wait_on_hw_ila [get_hw_ilas -of_objects [get_hw_devices xc7a100t_0] -filter {CELL_NAME=~"SystolicCore0/ILA"}]
display_hw_ila_data [upload_hw_ila_data [get_hw_ilas -of_objects [get_hw_devices xc7a100t_0] -filter {CELL_NAME=~"SystolicCore0/ILA"}]]
INFO: [Labtools 27-1966] The ILA core 'hw_ila_1' triggered at 2025-Nov-10 14:48:50
INFO: [Labtools 27-3304] ILA Waveform data saved to file /home/xmen/Desktop/SystolicCore/vivado/SystolicCore/SystolicCore.hw/backup/hw_ila_data_1.ila. Use Tcl command 'read_hw_ila_data' or Vivado File->Import->Import ILA Data menu item to import the previously saved data.
run_hw_ila [get_hw_ilas -of_objects [get_hw_devices xc7a100t_0] -filter {CELL_NAME=~"SystolicCore0/ILA"}]
INFO: [Labtools 27-1964] The ILA core 'hw_ila_1' trigger was armed at 2025-Nov-10 14:48:53
wait_on_hw_ila [get_hw_ilas -of_objects [get_hw_devices xc7a100t_0] -filter {CELL_NAME=~"SystolicCore0/ILA"}]
display_hw_ila_data [upload_hw_ila_data [get_hw_ilas -of_objects [get_hw_devices xc7a100t_0] -filter {CELL_NAME=~"SystolicCore0/ILA"}]]
INFO: [Labtools 27-1966] The ILA core 'hw_ila_1' triggered at 2025-Nov-10 14:48:53
INFO: [Labtools 27-3304] ILA Waveform data saved to file /home/xmen/Desktop/SystolicCore/vivado/SystolicCore/SystolicCore.hw/backup/hw_ila_data_1.ila. Use Tcl command 'read_hw_ila_data' or Vivado File->Import->Import ILA Data menu item to import the previously saved data.
run_hw_ila [get_hw_ilas -of_objects [get_hw_devices xc7a100t_0] -filter {CELL_NAME=~"SystolicCore0/ILA"}]
INFO: [Labtools 27-1964] The ILA core 'hw_ila_1' trigger was armed at 2025-Nov-10 14:48:57
wait_on_hw_ila [get_hw_ilas -of_objects [get_hw_devices xc7a100t_0] -filter {CELL_NAME=~"SystolicCore0/ILA"}]
display_hw_ila_data [upload_hw_ila_data [get_hw_ilas -of_objects [get_hw_devices xc7a100t_0] -filter {CELL_NAME=~"SystolicCore0/ILA"}]]
INFO: [Labtools 27-1966] The ILA core 'hw_ila_1' triggered at 2025-Nov-10 14:49:02
INFO: [Labtools 27-3304] ILA Waveform data saved to file /home/xmen/Desktop/SystolicCore/vivado/SystolicCore/SystolicCore.hw/backup/hw_ila_data_1.ila. Use Tcl command 'read_hw_ila_data' or Vivado File->Import->Import ILA Data menu item to import the previously saved data.
run_hw_ila [get_hw_ilas -of_objects [get_hw_devices xc7a100t_0] -filter {CELL_NAME=~"SystolicCore0/ILA"}]
INFO: [Labtools 27-1964] The ILA core 'hw_ila_1' trigger was armed at 2025-Nov-10 14:49:05
INFO: [Common 17-14] Message 'Labtools 27-1964' appears 100 times and further instances of the messages will be disabled. Use the Tcl command set_msg_config to change the current settings.
wait_on_hw_ila [get_hw_ilas -of_objects [get_hw_devices xc7a100t_0] -filter {CELL_NAME=~"SystolicCore0/ILA"}]
display_hw_ila_data [upload_hw_ila_data [get_hw_ilas -of_objects [get_hw_devices xc7a100t_0] -filter {CELL_NAME=~"SystolicCore0/ILA"}]]
INFO: [Labtools 27-1966] The ILA core 'hw_ila_1' triggered at 2025-Nov-10 14:49:07
INFO: [Labtools 27-3304] ILA Waveform data saved to file /home/xmen/Desktop/SystolicCore/vivado/SystolicCore/SystolicCore.hw/backup/hw_ila_data_1.ila. Use Tcl command 'read_hw_ila_data' or Vivado File->Import->Import ILA Data menu item to import the previously saved data.
run_hw_ila [get_hw_ilas -of_objects [get_hw_devices xc7a100t_0] -filter {CELL_NAME=~"SystolicCore0/ILA"}]
wait_on_hw_ila [get_hw_ilas -of_objects [get_hw_devices xc7a100t_0] -filter {CELL_NAME=~"SystolicCore0/ILA"}]
display_hw_ila_data [upload_hw_ila_data [get_hw_ilas -of_objects [get_hw_devices xc7a100t_0] -filter {CELL_NAME=~"SystolicCore0/ILA"}]]
INFO: [Labtools 27-1966] The ILA core 'hw_ila_1' triggered at 2025-Nov-10 14:49:28
INFO: [Labtools 27-3304] ILA Waveform data saved to file /home/xmen/Desktop/SystolicCore/vivado/SystolicCore/SystolicCore.hw/backup/hw_ila_data_1.ila. Use Tcl command 'read_hw_ila_data' or Vivado File->Import->Import ILA Data menu item to import the previously saved data.
run_hw_ila [get_hw_ilas -of_objects [get_hw_devices xc7a100t_0] -filter {CELL_NAME=~"SystolicCore0/ILA"}]
wait_on_hw_ila [get_hw_ilas -of_objects [get_hw_devices xc7a100t_0] -filter {CELL_NAME=~"SystolicCore0/ILA"}]
display_hw_ila_data [upload_hw_ila_data [get_hw_ilas -of_objects [get_hw_devices xc7a100t_0] -filter {CELL_NAME=~"SystolicCore0/ILA"}]]
INFO: [Labtools 27-1966] The ILA core 'hw_ila_1' triggered at 2025-Nov-10 14:49:38
INFO: [Labtools 27-3304] ILA Waveform data saved to file /home/xmen/Desktop/SystolicCore/vivado/SystolicCore/SystolicCore.hw/backup/hw_ila_data_1.ila. Use Tcl command 'read_hw_ila_data' or Vivado File->Import->Import ILA Data menu item to import the previously saved data.
run_hw_ila [get_hw_ilas -of_objects [get_hw_devices xc7a100t_0] -filter {CELL_NAME=~"SystolicCore0/ILA"}]
wait_on_hw_ila [get_hw_ilas -of_objects [get_hw_devices xc7a100t_0] -filter {CELL_NAME=~"SystolicCore0/ILA"}]
display_hw_ila_data [upload_hw_ila_data [get_hw_ilas -of_objects [get_hw_devices xc7a100t_0] -filter {CELL_NAME=~"SystolicCore0/ILA"}]]
INFO: [Labtools 27-1966] The ILA core 'hw_ila_1' triggered at 2025-Nov-10 14:49:41
INFO: [Labtools 27-3304] ILA Waveform data saved to file /home/xmen/Desktop/SystolicCore/vivado/SystolicCore/SystolicCore.hw/backup/hw_ila_data_1.ila. Use Tcl command 'read_hw_ila_data' or Vivado File->Import->Import ILA Data menu item to import the previously saved data.
run_hw_ila [get_hw_ilas -of_objects [get_hw_devices xc7a100t_0] -filter {CELL_NAME=~"SystolicCore0/ILA"}]
wait_on_hw_ila -timeout 0 [get_hw_ilas -of_objects [get_hw_devices xc7a100t_0] -filter {CELL_NAME=~"SystolicCore0/ILA"}]
upload_hw_ila_data [get_hw_ilas -of_objects [get_hw_devices xc7a100t_0] -filter {CELL_NAME=~"SystolicCore0/ILA"}]
INFO: [Labtools 27-1965] The ILA core 'hw_ila_1' trigger was stopped by user at 2025-Nov-10 14:58:47
WARNING: [Labtools 27-157] hw_ila [hw_ila_1] stopped. No data to upload.
run_hw_ila [get_hw_ilas -of_objects [get_hw_devices xc7a100t_0] -filter {CELL_NAME=~"SystolicCore0/ILA"}]
add_wave -into {hw_ila_data_1.wcfg} -radix hex { {SystolicCore0/clock} }
set_property TRIGGER_COMPARE_VALUE eq1'hX [get_hw_probes SystolicCore0/uart_txd_in -of_objects [get_hw_ilas -of_objects [get_hw_devices xc7a100t_0] -filter {CELL_NAME=~"SystolicCore0/ILA"}]]
set_property TRIGGER_COMPARE_VALUE eq1'bR [get_hw_probes SystolicCore0/clock -of_objects [get_hw_ilas -of_objects [get_hw_devices xc7a100t_0] -filter {CELL_NAME=~"SystolicCore0/ILA"}]]
wait_on_hw_ila -timeout 0 [get_hw_ilas -of_objects [get_hw_devices xc7a100t_0] -filter {CELL_NAME=~"SystolicCore0/ILA"}]
upload_hw_ila_data [get_hw_ilas -of_objects [get_hw_devices xc7a100t_0] -filter {CELL_NAME=~"SystolicCore0/ILA"}]
INFO: [Labtools 27-1965] The ILA core 'hw_ila_1' trigger was stopped by user at 2025-Nov-10 15:00:12
WARNING: [Labtools 27-157] hw_ila [hw_ila_1] stopped. No data to upload.
set_property PROBES.FILE {/home/xmen/Desktop/SystolicCore/vivado/SystolicCore/SystolicCore.runs/impl_1/Arty7_top_sim.ltx} [get_hw_devices xc7a100t_0]
set_property FULL_PROBES.FILE {/home/xmen/Desktop/SystolicCore/vivado/SystolicCore/SystolicCore.runs/impl_1/Arty7_top_sim.ltx} [get_hw_devices xc7a100t_0]
set_property PROGRAM.FILE {/home/xmen/Desktop/SystolicCore/vivado/SystolicCore/SystolicCore.runs/impl_1/Arty7_top_sim.bit} [get_hw_devices xc7a100t_0]
program_hw_devices [get_hw_devices xc7a100t_0]
INFO: [Labtools 27-3164] End of startup status: HIGH
refresh_hw_device [lindex [get_hw_devices xc7a100t_0] 0]
INFO: [Labtools 27-2302] Device xc7a100t (JTAG device index = 0) is programmed with a design that has 1 ILA core(s).
run_hw_ila [get_hw_ilas -of_objects [get_hw_devices xc7a100t_0] -filter {CELL_NAME=~"SystolicCore0/ILA"}]
set_property CONTROL.DATA_DEPTH 4096 [get_hw_ilas -of_objects [get_hw_devices xc7a100t_0] -filter {CELL_NAME=~"SystolicCore0/ILA"}]
startgroup 
set_property CONTROL.DATA_DEPTH 256 [get_hw_ilas -of_objects [get_hw_devices xc7a100t_0] -filter {CELL_NAME=~"SystolicCore0/ILA"}]
set_property CONTROL.TRIGGER_POSITION 255 [get_hw_ilas -of_objects [get_hw_devices xc7a100t_0] -filter {CELL_NAME=~"SystolicCore0/ILA"}]
endgroup
set_property TRIGGER_COMPARE_VALUE eq1'b1 [get_hw_probes SystolicCore0/clock -of_objects [get_hw_ilas -of_objects [get_hw_devices xc7a100t_0] -filter {CELL_NAME=~"SystolicCore0/ILA"}]]
set_property TRIGGER_COMPARE_VALUE neq1'b1 [get_hw_probes SystolicCore0/clock -of_objects [get_hw_ilas -of_objects [get_hw_devices xc7a100t_0] -filter {CELL_NAME=~"SystolicCore0/ILA"}]]
set_property TRIGGER_COMPARE_VALUE eq1'bX [get_hw_probes SystolicCore0/clock -of_objects [get_hw_ilas -of_objects [get_hw_devices xc7a100t_0] -filter {CELL_NAME=~"SystolicCore0/ILA"}]]
set_property CONTROL.DATA_DEPTH 32768 [get_hw_ilas -of_objects [get_hw_devices xc7a100t_0] -filter {CELL_NAME=~"SystolicCore0/ILA"}]
set_property CORE_REFRESH_RATE_MS 5 [get_hw_ilas -of_objects [get_hw_devices xc7a100t_0] -filter {CELL_NAME=~"SystolicCore0/ILA"}]
wait_on_hw_ila -timeout 0 [get_hw_ilas -of_objects [get_hw_devices xc7a100t_0] -filter {CELL_NAME=~"SystolicCore0/ILA"}]
upload_hw_ila_data [get_hw_ilas -of_objects [get_hw_devices xc7a100t_0] -filter {CELL_NAME=~"SystolicCore0/ILA"}]
INFO: [Labtools 27-1965] The ILA core 'hw_ila_1' trigger was stopped by user at 2025-Nov-10 15:02:13
WARNING: [Labtools 27-157] hw_ila [hw_ila_1] stopped. No data to upload.
run_hw_ila [get_hw_ilas -of_objects [get_hw_devices xc7a100t_0] -filter {CELL_NAME=~"SystolicCore0/ILA"}]
wait_on_hw_ila [get_hw_ilas -of_objects [get_hw_devices xc7a100t_0] -filter {CELL_NAME=~"SystolicCore0/ILA"}]
display_hw_ila_data [upload_hw_ila_data [get_hw_ilas -of_objects [get_hw_devices xc7a100t_0] -filter {CELL_NAME=~"SystolicCore0/ILA"}]]
INFO: [Labtools 27-1966] The ILA core 'hw_ila_1' triggered at 2025-Nov-10 15:02:15
INFO: [Labtools 27-3304] ILA Waveform data saved to file /home/xmen/Desktop/SystolicCore/vivado/SystolicCore/SystolicCore.hw/backup/hw_ila_data_1.ila. Use Tcl command 'read_hw_ila_data' or Vivado File->Import->Import ILA Data menu item to import the previously saved data.
run_hw_ila [get_hw_ilas -of_objects [get_hw_devices xc7a100t_0] -filter {CELL_NAME=~"SystolicCore0/ILA"}]
wait_on_hw_ila [get_hw_ilas -of_objects [get_hw_devices xc7a100t_0] -filter {CELL_NAME=~"SystolicCore0/ILA"}]
display_hw_ila_data [upload_hw_ila_data [get_hw_ilas -of_objects [get_hw_devices xc7a100t_0] -filter {CELL_NAME=~"SystolicCore0/ILA"}]]
INFO: [Labtools 27-1966] The ILA core 'hw_ila_1' triggered at 2025-Nov-10 15:02:18
INFO: [Labtools 27-3304] ILA Waveform data saved to file /home/xmen/Desktop/SystolicCore/vivado/SystolicCore/SystolicCore.hw/backup/hw_ila_data_1.ila. Use Tcl command 'read_hw_ila_data' or Vivado File->Import->Import ILA Data menu item to import the previously saved data.
run_hw_ila [get_hw_ilas -of_objects [get_hw_devices xc7a100t_0] -filter {CELL_NAME=~"SystolicCore0/ILA"}]
wait_on_hw_ila [get_hw_ilas -of_objects [get_hw_devices xc7a100t_0] -filter {CELL_NAME=~"SystolicCore0/ILA"}]
display_hw_ila_data [upload_hw_ila_data [get_hw_ilas -of_objects [get_hw_devices xc7a100t_0] -filter {CELL_NAME=~"SystolicCore0/ILA"}]]
INFO: [Labtools 27-1966] The ILA core 'hw_ila_1' triggered at 2025-Nov-10 15:02:20
INFO: [Labtools 27-3304] ILA Waveform data saved to file /home/xmen/Desktop/SystolicCore/vivado/SystolicCore/SystolicCore.hw/backup/hw_ila_data_1.ila. Use Tcl command 'read_hw_ila_data' or Vivado File->Import->Import ILA Data menu item to import the previously saved data.
run_hw_ila [get_hw_ilas -of_objects [get_hw_devices xc7a100t_0] -filter {CELL_NAME=~"SystolicCore0/ILA"}]
wait_on_hw_ila [get_hw_ilas -of_objects [get_hw_devices xc7a100t_0] -filter {CELL_NAME=~"SystolicCore0/ILA"}]
display_hw_ila_data [upload_hw_ila_data [get_hw_ilas -of_objects [get_hw_devices xc7a100t_0] -filter {CELL_NAME=~"SystolicCore0/ILA"}]]
INFO: [Labtools 27-1966] The ILA core 'hw_ila_1' triggered at 2025-Nov-10 15:02:21
INFO: [Labtools 27-3304] ILA Waveform data saved to file /home/xmen/Desktop/SystolicCore/vivado/SystolicCore/SystolicCore.hw/backup/hw_ila_data_1.ila. Use Tcl command 'read_hw_ila_data' or Vivado File->Import->Import ILA Data menu item to import the previously saved data.
run_hw_ila [get_hw_ilas -of_objects [get_hw_devices xc7a100t_0] -filter {CELL_NAME=~"SystolicCore0/ILA"}]
wait_on_hw_ila [get_hw_ilas -of_objects [get_hw_devices xc7a100t_0] -filter {CELL_NAME=~"SystolicCore0/ILA"}]
display_hw_ila_data [upload_hw_ila_data [get_hw_ilas -of_objects [get_hw_devices xc7a100t_0] -filter {CELL_NAME=~"SystolicCore0/ILA"}]]
INFO: [Labtools 27-1966] The ILA core 'hw_ila_1' triggered at 2025-Nov-10 15:02:23
INFO: [Labtools 27-3304] ILA Waveform data saved to file /home/xmen/Desktop/SystolicCore/vivado/SystolicCore/SystolicCore.hw/backup/hw_ila_data_1.ila. Use Tcl command 'read_hw_ila_data' or Vivado File->Import->Import ILA Data menu item to import the previously saved data.
run_hw_ila [get_hw_ilas -of_objects [get_hw_devices xc7a100t_0] -filter {CELL_NAME=~"SystolicCore0/ILA"}]
wait_on_hw_ila [get_hw_ilas -of_objects [get_hw_devices xc7a100t_0] -filter {CELL_NAME=~"SystolicCore0/ILA"}]
display_hw_ila_data [upload_hw_ila_data [get_hw_ilas -of_objects [get_hw_devices xc7a100t_0] -filter {CELL_NAME=~"SystolicCore0/ILA"}]]
INFO: [Labtools 27-1966] The ILA core 'hw_ila_1' triggered at 2025-Nov-10 15:02:24
INFO: [Common 17-14] Message 'Labtools 27-1966' appears 100 times and further instances of the messages will be disabled. Use the Tcl command set_msg_config to change the current settings.
INFO: [Labtools 27-3304] ILA Waveform data saved to file /home/xmen/Desktop/SystolicCore/vivado/SystolicCore/SystolicCore.hw/backup/hw_ila_data_1.ila. Use Tcl command 'read_hw_ila_data' or Vivado File->Import->Import ILA Data menu item to import the previously saved data.
INFO: [Common 17-14] Message 'Labtools 27-3304' appears 100 times and further instances of the messages will be disabled. Use the Tcl command set_msg_config to change the current settings.
run_hw_ila [get_hw_ilas -of_objects [get_hw_devices xc7a100t_0] -filter {CELL_NAME=~"SystolicCore0/ILA"}]
wait_on_hw_ila [get_hw_ilas -of_objects [get_hw_devices xc7a100t_0] -filter {CELL_NAME=~"SystolicCore0/ILA"}]
display_hw_ila_data [upload_hw_ila_data [get_hw_ilas -of_objects [get_hw_devices xc7a100t_0] -filter {CELL_NAME=~"SystolicCore0/ILA"}]]
run_hw_ila [get_hw_ilas -of_objects [get_hw_devices xc7a100t_0] -filter {CELL_NAME=~"SystolicCore0/ILA"}]
wait_on_hw_ila [get_hw_ilas -of_objects [get_hw_devices xc7a100t_0] -filter {CELL_NAME=~"SystolicCore0/ILA"}]
display_hw_ila_data [upload_hw_ila_data [get_hw_ilas -of_objects [get_hw_devices xc7a100t_0] -filter {CELL_NAME=~"SystolicCore0/ILA"}]]
run_hw_ila [get_hw_ilas -of_objects [get_hw_devices xc7a100t_0] -filter {CELL_NAME=~"SystolicCore0/ILA"}]
wait_on_hw_ila [get_hw_ilas -of_objects [get_hw_devices xc7a100t_0] -filter {CELL_NAME=~"SystolicCore0/ILA"}]
display_hw_ila_data [upload_hw_ila_data [get_hw_ilas -of_objects [get_hw_devices xc7a100t_0] -filter {CELL_NAME=~"SystolicCore0/ILA"}]]
run_hw_ila [get_hw_ilas -of_objects [get_hw_devices xc7a100t_0] -filter {CELL_NAME=~"SystolicCore0/ILA"}]
wait_on_hw_ila [get_hw_ilas -of_objects [get_hw_devices xc7a100t_0] -filter {CELL_NAME=~"SystolicCore0/ILA"}]
display_hw_ila_data [upload_hw_ila_data [get_hw_ilas -of_objects [get_hw_devices xc7a100t_0] -filter {CELL_NAME=~"SystolicCore0/ILA"}]]
run_hw_ila [get_hw_ilas -of_objects [get_hw_devices xc7a100t_0] -filter {CELL_NAME=~"SystolicCore0/ILA"}]
wait_on_hw_ila [get_hw_ilas -of_objects [get_hw_devices xc7a100t_0] -filter {CELL_NAME=~"SystolicCore0/ILA"}]
display_hw_ila_data [upload_hw_ila_data [get_hw_ilas -of_objects [get_hw_devices xc7a100t_0] -filter {CELL_NAME=~"SystolicCore0/ILA"}]]
run_hw_ila [get_hw_ilas -of_objects [get_hw_devices xc7a100t_0] -filter {CELL_NAME=~"SystolicCore0/ILA"}]
wait_on_hw_ila [get_hw_ilas -of_objects [get_hw_devices xc7a100t_0] -filter {CELL_NAME=~"SystolicCore0/ILA"}]
display_hw_ila_data [upload_hw_ila_data [get_hw_ilas -of_objects [get_hw_devices xc7a100t_0] -filter {CELL_NAME=~"SystolicCore0/ILA"}]]
run_hw_ila [get_hw_ilas -of_objects [get_hw_devices xc7a100t_0] -filter {CELL_NAME=~"SystolicCore0/ILA"}]
wait_on_hw_ila [get_hw_ilas -of_objects [get_hw_devices xc7a100t_0] -filter {CELL_NAME=~"SystolicCore0/ILA"}]
display_hw_ila_data [upload_hw_ila_data [get_hw_ilas -of_objects [get_hw_devices xc7a100t_0] -filter {CELL_NAME=~"SystolicCore0/ILA"}]]
run_hw_ila [get_hw_ilas -of_objects [get_hw_devices xc7a100t_0] -filter {CELL_NAME=~"SystolicCore0/ILA"}]
wait_on_hw_ila [get_hw_ilas -of_objects [get_hw_devices xc7a100t_0] -filter {CELL_NAME=~"SystolicCore0/ILA"}]
display_hw_ila_data [upload_hw_ila_data [get_hw_ilas -of_objects [get_hw_devices xc7a100t_0] -filter {CELL_NAME=~"SystolicCore0/ILA"}]]
run_hw_ila [get_hw_ilas -of_objects [get_hw_devices xc7a100t_0] -filter {CELL_NAME=~"SystolicCore0/ILA"}]
wait_on_hw_ila [get_hw_ilas -of_objects [get_hw_devices xc7a100t_0] -filter {CELL_NAME=~"SystolicCore0/ILA"}]
display_hw_ila_data [upload_hw_ila_data [get_hw_ilas -of_objects [get_hw_devices xc7a100t_0] -filter {CELL_NAME=~"SystolicCore0/ILA"}]]
run_hw_ila [get_hw_ilas -of_objects [get_hw_devices xc7a100t_0] -filter {CELL_NAME=~"SystolicCore0/ILA"}]
wait_on_hw_ila [get_hw_ilas -of_objects [get_hw_devices xc7a100t_0] -filter {CELL_NAME=~"SystolicCore0/ILA"}]
display_hw_ila_data [upload_hw_ila_data [get_hw_ilas -of_objects [get_hw_devices xc7a100t_0] -filter {CELL_NAME=~"SystolicCore0/ILA"}]]
run_hw_ila [get_hw_ilas -of_objects [get_hw_devices xc7a100t_0] -filter {CELL_NAME=~"SystolicCore0/ILA"}]
wait_on_hw_ila [get_hw_ilas -of_objects [get_hw_devices xc7a100t_0] -filter {CELL_NAME=~"SystolicCore0/ILA"}]
display_hw_ila_data [upload_hw_ila_data [get_hw_ilas -of_objects [get_hw_devices xc7a100t_0] -filter {CELL_NAME=~"SystolicCore0/ILA"}]]
set_property TRIGGER_COMPARE_VALUE eq1'bR [get_hw_probes SystolicCore0/clock -of_objects [get_hw_ilas -of_objects [get_hw_devices xc7a100t_0] -filter {CELL_NAME=~"SystolicCore0/ILA"}]]
run_hw_ila [get_hw_ilas -of_objects [get_hw_devices xc7a100t_0] -filter {CELL_NAME=~"SystolicCore0/ILA"}]
set_property TRIGGER_COMPARE_VALUE eq1'bN [get_hw_probes SystolicCore0/clock -of_objects [get_hw_ilas -of_objects [get_hw_devices xc7a100t_0] -filter {CELL_NAME=~"SystolicCore0/ILA"}]]
set_property TRIGGER_COMPARE_VALUE eq1'bB [get_hw_probes SystolicCore0/clock -of_objects [get_hw_ilas -of_objects [get_hw_devices xc7a100t_0] -filter {CELL_NAME=~"SystolicCore0/ILA"}]]
set_property TRIGGER_COMPARE_VALUE eq1'bR [get_hw_probes SystolicCore0/clock -of_objects [get_hw_ilas -of_objects [get_hw_devices xc7a100t_0] -filter {CELL_NAME=~"SystolicCore0/ILA"}]]
set_property TRIGGER_COMPARE_VALUE eq1'bF [get_hw_probes SystolicCore0/clock -of_objects [get_hw_ilas -of_objects [get_hw_devices xc7a100t_0] -filter {CELL_NAME=~"SystolicCore0/ILA"}]]
set_property TRIGGER_COMPARE_VALUE eq1'b0 [get_hw_probes SystolicCore0/clock -of_objects [get_hw_ilas -of_objects [get_hw_devices xc7a100t_0] -filter {CELL_NAME=~"SystolicCore0/ILA"}]]
set_property TRIGGER_COMPARE_VALUE eq1'b1 [get_hw_probes SystolicCore0/clock -of_objects [get_hw_ilas -of_objects [get_hw_devices xc7a100t_0] -filter {CELL_NAME=~"SystolicCore0/ILA"}]]
set_property TRIGGER_COMPARE_VALUE eq1'b0 [get_hw_probes SystolicCore0/clock -of_objects [get_hw_ilas -of_objects [get_hw_devices xc7a100t_0] -filter {CELL_NAME=~"SystolicCore0/ILA"}]]
set_property TRIGGER_COMPARE_VALUE eq1'bR [get_hw_probes SystolicCore0/clock -of_objects [get_hw_ilas -of_objects [get_hw_devices xc7a100t_0] -filter {CELL_NAME=~"SystolicCore0/ILA"}]]
wait_on_hw_ila -timeout 0 [get_hw_ilas -of_objects [get_hw_devices xc7a100t_0] -filter {CELL_NAME=~"SystolicCore0/ILA"}]
upload_hw_ila_data [get_hw_ilas -of_objects [get_hw_devices xc7a100t_0] -filter {CELL_NAME=~"SystolicCore0/ILA"}]
INFO: [Labtools 27-1965] The ILA core 'hw_ila_1' trigger was stopped by user at 2025-Nov-10 15:03:15
WARNING: [Labtools 27-157] hw_ila [hw_ila_1] stopped. No data to upload.
run_hw_ila [get_hw_ilas -of_objects [get_hw_devices xc7a100t_0] -filter {CELL_NAME=~"SystolicCore0/ILA"}] -trigger_now
wait_on_hw_ila [get_hw_ilas -of_objects [get_hw_devices xc7a100t_0] -filter {CELL_NAME=~"SystolicCore0/ILA"}]
display_hw_ila_data [upload_hw_ila_data [get_hw_ilas -of_objects [get_hw_devices xc7a100t_0] -filter {CELL_NAME=~"SystolicCore0/ILA"}]]
run_hw_ila [get_hw_ilas -of_objects [get_hw_devices xc7a100t_0] -filter {CELL_NAME=~"SystolicCore0/ILA"}]
wait_on_hw_ila -timeout 0 [get_hw_ilas -of_objects [get_hw_devices xc7a100t_0] -filter {CELL_NAME=~"SystolicCore0/ILA"}]
upload_hw_ila_data [get_hw_ilas -of_objects [get_hw_devices xc7a100t_0] -filter {CELL_NAME=~"SystolicCore0/ILA"}]
INFO: [Labtools 27-1965] The ILA core 'hw_ila_1' trigger was stopped by user at 2025-Nov-10 15:03:39
WARNING: [Labtools 27-157] hw_ila [hw_ila_1] stopped. No data to upload.
set_property TRIGGER_COMPARE_VALUE eq1'bX [get_hw_probes SystolicCore0/clock -of_objects [get_hw_ilas -of_objects [get_hw_devices xc7a100t_0] -filter {CELL_NAME=~"SystolicCore0/ILA"}]]
run_hw_ila [get_hw_ilas -of_objects [get_hw_devices xc7a100t_0] -filter {CELL_NAME=~"SystolicCore0/ILA"}]
wait_on_hw_ila [get_hw_ilas -of_objects [get_hw_devices xc7a100t_0] -filter {CELL_NAME=~"SystolicCore0/ILA"}]
display_hw_ila_data [upload_hw_ila_data [get_hw_ilas -of_objects [get_hw_devices xc7a100t_0] -filter {CELL_NAME=~"SystolicCore0/ILA"}]]
set_property CORE_REFRESH_RATE_MS 1 [get_hw_ilas -of_objects [get_hw_devices xc7a100t_0] -filter {CELL_NAME=~"SystolicCore0/ILA"}]
run_hw_ila [get_hw_ilas -of_objects [get_hw_devices xc7a100t_0] -filter {CELL_NAME=~"SystolicCore0/ILA"}]
wait_on_hw_ila [get_hw_ilas -of_objects [get_hw_devices xc7a100t_0] -filter {CELL_NAME=~"SystolicCore0/ILA"}]
display_hw_ila_data [upload_hw_ila_data [get_hw_ilas -of_objects [get_hw_devices xc7a100t_0] -filter {CELL_NAME=~"SystolicCore0/ILA"}]]
run_hw_ila [get_hw_ilas -of_objects [get_hw_devices xc7a100t_0] -filter {CELL_NAME=~"SystolicCore0/ILA"}]
wait_on_hw_ila [get_hw_ilas -of_objects [get_hw_devices xc7a100t_0] -filter {CELL_NAME=~"SystolicCore0/ILA"}]
display_hw_ila_data [upload_hw_ila_data [get_hw_ilas -of_objects [get_hw_devices xc7a100t_0] -filter {CELL_NAME=~"SystolicCore0/ILA"}]]
run_hw_ila [get_hw_ilas -of_objects [get_hw_devices xc7a100t_0] -filter {CELL_NAME=~"SystolicCore0/ILA"}]
wait_on_hw_ila [get_hw_ilas -of_objects [get_hw_devices xc7a100t_0] -filter {CELL_NAME=~"SystolicCore0/ILA"}]
display_hw_ila_data [upload_hw_ila_data [get_hw_ilas -of_objects [get_hw_devices xc7a100t_0] -filter {CELL_NAME=~"SystolicCore0/ILA"}]]
run_hw_ila [get_hw_ilas -of_objects [get_hw_devices xc7a100t_0] -filter {CELL_NAME=~"SystolicCore0/ILA"}]
wait_on_hw_ila [get_hw_ilas -of_objects [get_hw_devices xc7a100t_0] -filter {CELL_NAME=~"SystolicCore0/ILA"}]
display_hw_ila_data [upload_hw_ila_data [get_hw_ilas -of_objects [get_hw_devices xc7a100t_0] -filter {CELL_NAME=~"SystolicCore0/ILA"}]]
run_hw_ila [get_hw_ilas -of_objects [get_hw_devices xc7a100t_0] -filter {CELL_NAME=~"SystolicCore0/ILA"}]
wait_on_hw_ila [get_hw_ilas -of_objects [get_hw_devices xc7a100t_0] -filter {CELL_NAME=~"SystolicCore0/ILA"}]
display_hw_ila_data [upload_hw_ila_data [get_hw_ilas -of_objects [get_hw_devices xc7a100t_0] -filter {CELL_NAME=~"SystolicCore0/ILA"}]]
run_hw_ila [get_hw_ilas -of_objects [get_hw_devices xc7a100t_0] -filter {CELL_NAME=~"SystolicCore0/ILA"}]
wait_on_hw_ila [get_hw_ilas -of_objects [get_hw_devices xc7a100t_0] -filter {CELL_NAME=~"SystolicCore0/ILA"}]
display_hw_ila_data [upload_hw_ila_data [get_hw_ilas -of_objects [get_hw_devices xc7a100t_0] -filter {CELL_NAME=~"SystolicCore0/ILA"}]]
run_hw_ila [get_hw_ilas -of_objects [get_hw_devices xc7a100t_0] -filter {CELL_NAME=~"SystolicCore0/ILA"}]
wait_on_hw_ila [get_hw_ilas -of_objects [get_hw_devices xc7a100t_0] -filter {CELL_NAME=~"SystolicCore0/ILA"}]
display_hw_ila_data [upload_hw_ila_data [get_hw_ilas -of_objects [get_hw_devices xc7a100t_0] -filter {CELL_NAME=~"SystolicCore0/ILA"}]]
run_hw_ila [get_hw_ilas -of_objects [get_hw_devices xc7a100t_0] -filter {CELL_NAME=~"SystolicCore0/ILA"}]
wait_on_hw_ila [get_hw_ilas -of_objects [get_hw_devices xc7a100t_0] -filter {CELL_NAME=~"SystolicCore0/ILA"}]
display_hw_ila_data [upload_hw_ila_data [get_hw_ilas -of_objects [get_hw_devices xc7a100t_0] -filter {CELL_NAME=~"SystolicCore0/ILA"}]]
run_hw_ila [get_hw_ilas -of_objects [get_hw_devices xc7a100t_0] -filter {CELL_NAME=~"SystolicCore0/ILA"}]
wait_on_hw_ila [get_hw_ilas -of_objects [get_hw_devices xc7a100t_0] -filter {CELL_NAME=~"SystolicCore0/ILA"}]
display_hw_ila_data [upload_hw_ila_data [get_hw_ilas -of_objects [get_hw_devices xc7a100t_0] -filter {CELL_NAME=~"SystolicCore0/ILA"}]]
run_hw_ila [get_hw_ilas -of_objects [get_hw_devices xc7a100t_0] -filter {CELL_NAME=~"SystolicCore0/ILA"}]
wait_on_hw_ila [get_hw_ilas -of_objects [get_hw_devices xc7a100t_0] -filter {CELL_NAME=~"SystolicCore0/ILA"}]
display_hw_ila_data [upload_hw_ila_data [get_hw_ilas -of_objects [get_hw_devices xc7a100t_0] -filter {CELL_NAME=~"SystolicCore0/ILA"}]]
run_hw_ila [get_hw_ilas -of_objects [get_hw_devices xc7a100t_0] -filter {CELL_NAME=~"SystolicCore0/ILA"}]
wait_on_hw_ila [get_hw_ilas -of_objects [get_hw_devices xc7a100t_0] -filter {CELL_NAME=~"SystolicCore0/ILA"}]
display_hw_ila_data [upload_hw_ila_data [get_hw_ilas -of_objects [get_hw_devices xc7a100t_0] -filter {CELL_NAME=~"SystolicCore0/ILA"}]]
run_hw_ila [get_hw_ilas -of_objects [get_hw_devices xc7a100t_0] -filter {CELL_NAME=~"SystolicCore0/ILA"}]
wait_on_hw_ila [get_hw_ilas -of_objects [get_hw_devices xc7a100t_0] -filter {CELL_NAME=~"SystolicCore0/ILA"}]
display_hw_ila_data [upload_hw_ila_data [get_hw_ilas -of_objects [get_hw_devices xc7a100t_0] -filter {CELL_NAME=~"SystolicCore0/ILA"}]]
run_hw_ila [get_hw_ilas -of_objects [get_hw_devices xc7a100t_0] -filter {CELL_NAME=~"SystolicCore0/ILA"}]
wait_on_hw_ila [get_hw_ilas -of_objects [get_hw_devices xc7a100t_0] -filter {CELL_NAME=~"SystolicCore0/ILA"}]
display_hw_ila_data [upload_hw_ila_data [get_hw_ilas -of_objects [get_hw_devices xc7a100t_0] -filter {CELL_NAME=~"SystolicCore0/ILA"}]]
run_hw_ila [get_hw_ilas -of_objects [get_hw_devices xc7a100t_0] -filter {CELL_NAME=~"SystolicCore0/ILA"}]
wait_on_hw_ila [get_hw_ilas -of_objects [get_hw_devices xc7a100t_0] -filter {CELL_NAME=~"SystolicCore0/ILA"}]
display_hw_ila_data [upload_hw_ila_data [get_hw_ilas -of_objects [get_hw_devices xc7a100t_0] -filter {CELL_NAME=~"SystolicCore0/ILA"}]]
run_hw_ila [get_hw_ilas -of_objects [get_hw_devices xc7a100t_0] -filter {CELL_NAME=~"SystolicCore0/ILA"}]
wait_on_hw_ila [get_hw_ilas -of_objects [get_hw_devices xc7a100t_0] -filter {CELL_NAME=~"SystolicCore0/ILA"}]
display_hw_ila_data [upload_hw_ila_data [get_hw_ilas -of_objects [get_hw_devices xc7a100t_0] -filter {CELL_NAME=~"SystolicCore0/ILA"}]]
run_hw_ila [get_hw_ilas -of_objects [get_hw_devices xc7a100t_0] -filter {CELL_NAME=~"SystolicCore0/ILA"}]
wait_on_hw_ila [get_hw_ilas -of_objects [get_hw_devices xc7a100t_0] -filter {CELL_NAME=~"SystolicCore0/ILA"}]
display_hw_ila_data [upload_hw_ila_data [get_hw_ilas -of_objects [get_hw_devices xc7a100t_0] -filter {CELL_NAME=~"SystolicCore0/ILA"}]]
run_hw_ila [get_hw_ilas -of_objects [get_hw_devices xc7a100t_0] -filter {CELL_NAME=~"SystolicCore0/ILA"}]
wait_on_hw_ila [get_hw_ilas -of_objects [get_hw_devices xc7a100t_0] -filter {CELL_NAME=~"SystolicCore0/ILA"}]
display_hw_ila_data [upload_hw_ila_data [get_hw_ilas -of_objects [get_hw_devices xc7a100t_0] -filter {CELL_NAME=~"SystolicCore0/ILA"}]]
run_hw_ila [get_hw_ilas -of_objects [get_hw_devices xc7a100t_0] -filter {CELL_NAME=~"SystolicCore0/ILA"}]
wait_on_hw_ila [get_hw_ilas -of_objects [get_hw_devices xc7a100t_0] -filter {CELL_NAME=~"SystolicCore0/ILA"}]
display_hw_ila_data [upload_hw_ila_data [get_hw_ilas -of_objects [get_hw_devices xc7a100t_0] -filter {CELL_NAME=~"SystolicCore0/ILA"}]]
run_hw_ila [get_hw_ilas -of_objects [get_hw_devices xc7a100t_0] -filter {CELL_NAME=~"SystolicCore0/ILA"}]
wait_on_hw_ila [get_hw_ilas -of_objects [get_hw_devices xc7a100t_0] -filter {CELL_NAME=~"SystolicCore0/ILA"}]
display_hw_ila_data [upload_hw_ila_data [get_hw_ilas -of_objects [get_hw_devices xc7a100t_0] -filter {CELL_NAME=~"SystolicCore0/ILA"}]]
run_hw_ila [get_hw_ilas -of_objects [get_hw_devices xc7a100t_0] -filter {CELL_NAME=~"SystolicCore0/ILA"}]
wait_on_hw_ila [get_hw_ilas -of_objects [get_hw_devices xc7a100t_0] -filter {CELL_NAME=~"SystolicCore0/ILA"}]
display_hw_ila_data [upload_hw_ila_data [get_hw_ilas -of_objects [get_hw_devices xc7a100t_0] -filter {CELL_NAME=~"SystolicCore0/ILA"}]]
run_hw_ila [get_hw_ilas -of_objects [get_hw_devices xc7a100t_0] -filter {CELL_NAME=~"SystolicCore0/ILA"}]
wait_on_hw_ila [get_hw_ilas -of_objects [get_hw_devices xc7a100t_0] -filter {CELL_NAME=~"SystolicCore0/ILA"}]
display_hw_ila_data [upload_hw_ila_data [get_hw_ilas -of_objects [get_hw_devices xc7a100t_0] -filter {CELL_NAME=~"SystolicCore0/ILA"}]]
run_hw_ila [get_hw_ilas -of_objects [get_hw_devices xc7a100t_0] -filter {CELL_NAME=~"SystolicCore0/ILA"}]
wait_on_hw_ila [get_hw_ilas -of_objects [get_hw_devices xc7a100t_0] -filter {CELL_NAME=~"SystolicCore0/ILA"}]
display_hw_ila_data [upload_hw_ila_data [get_hw_ilas -of_objects [get_hw_devices xc7a100t_0] -filter {CELL_NAME=~"SystolicCore0/ILA"}]]
run_hw_ila [get_hw_ilas -of_objects [get_hw_devices xc7a100t_0] -filter {CELL_NAME=~"SystolicCore0/ILA"}]
WARNING: [filemgmt 56-199] Attempt to get parsing info during refresh. "On-the-fly" syntax checking information may be incorrect. [/home/xmen/Desktop/SystolicCore/rtl/Arty7_top_sim.sv:]
WARNING: [filemgmt 56-199] Attempt to get parsing info during refresh. "On-the-fly" syntax checking information may be incorrect. [/home/xmen/Desktop/SystolicCore/rtl/SystolicCore.sv:]
WARNING: [filemgmt 56-199] Attempt to get parsing info during refresh. "On-the-fly" syntax checking information may be incorrect. [/home/xmen/Desktop/SystolicCore/rtl/SystolicCore.sv:]
WARNING: [filemgmt 56-199] Attempt to get parsing info during refresh. "On-the-fly" syntax checking information may be incorrect. [/home/xmen/Desktop/SystolicCore/rtl/SystolicCore.sv:]
wait_on_hw_ila [get_hw_ilas -of_objects [get_hw_devices xc7a100t_0] -filter {CELL_NAME=~"SystolicCore0/ILA"}]
display_hw_ila_data [upload_hw_ila_data [get_hw_ilas -of_objects [get_hw_devices xc7a100t_0] -filter {CELL_NAME=~"SystolicCore0/ILA"}]]
WARNING: [filemgmt 56-199] Attempt to get parsing info during refresh. "On-the-fly" syntax checking information may be incorrect. [/home/xmen/Desktop/SystolicCore/vivado/SystolicCore/SystolicCore.gen/sources_1/ip/ram_single_port/ram_single_port.veo:]
WARNING: [filemgmt 56-199] Attempt to get parsing info during refresh. "On-the-fly" syntax checking information may be incorrect. [/home/xmen/Desktop/SystolicCore/vivado/SystolicCore/SystolicCore.gen/sources_1/ip/ram_single_port/ram_single_port.veo:]
WARNING: [filemgmt 56-199] Attempt to get parsing info during refresh. "On-the-fly" syntax checking information may be incorrect. [/home/xmen/Desktop/SystolicCore/vivado/SystolicCore/SystolicCore.gen/sources_1/ip/ila_0_1/ila_0.veo:]
WARNING: [filemgmt 56-199] Attempt to get parsing info during refresh. "On-the-fly" syntax checking information may be incorrect. [/home/xmen/Desktop/SystolicCore/vivado/SystolicCore/SystolicCore.gen/sources_1/ip/ila_0_1/ila_0.veo:]
run_hw_ila [get_hw_ilas -of_objects [get_hw_devices xc7a100t_0] -filter {CELL_NAME=~"SystolicCore0/ILA"}]
INFO: [Labtools 27-1964] The ILA core 'hw_ila_1' trigger was armed at 2025-Nov-10 15:05:18
wait_on_hw_ila [get_hw_ilas -of_objects [get_hw_devices xc7a100t_0] -filter {CELL_NAME=~"SystolicCore0/ILA"}]
display_hw_ila_data [upload_hw_ila_data [get_hw_ilas -of_objects [get_hw_devices xc7a100t_0] -filter {CELL_NAME=~"SystolicCore0/ILA"}]]
INFO: [Labtools 27-1966] The ILA core 'hw_ila_1' triggered at 2025-Nov-10 15:05:18
INFO: [Labtools 27-3304] ILA Waveform data saved to file /home/xmen/Desktop/SystolicCore/vivado/SystolicCore/SystolicCore.hw/backup/hw_ila_data_1.ila. Use Tcl command 'read_hw_ila_data' or Vivado File->Import->Import ILA Data menu item to import the previously saved data.
reset_run synth_1
INFO: [Project 1-1161] Replacing file /home/xmen/Desktop/SystolicCore/vivado/SystolicCore/SystolicCore.srcs/utils_1/imports/synth_1/Arty7_top_sim.dcp with file /home/xmen/Desktop/SystolicCore/vivado/SystolicCore/SystolicCore.runs/synth_1/Arty7_top_sim.dcp
launch_runs impl_1 -to_step write_bitstream -jobs 32
[Mon Nov 10 15:05:21 2025] Launched synth_1...
Run output will be captured here: /home/xmen/Desktop/SystolicCore/vivado/SystolicCore/SystolicCore.runs/synth_1/runme.log
[Mon Nov 10 15:05:21 2025] Launched impl_1...
Run output will be captured here: /home/xmen/Desktop/SystolicCore/vivado/SystolicCore/SystolicCore.runs/impl_1/runme.log
WARNING: [filemgmt 56-199] Attempt to get parsing info during refresh. "On-the-fly" syntax checking information may be incorrect. [/home/xmen/Desktop/SystolicCore/rtl/Arty7_top_sim.sv:]
WARNING: [filemgmt 56-199] Attempt to get parsing info during refresh. "On-the-fly" syntax checking information may be incorrect. [/home/xmen/Desktop/SystolicCore/rtl/SystolicCore.sv:]
WARNING: [filemgmt 56-199] Attempt to get parsing info during refresh. "On-the-fly" syntax checking information may be incorrect. [/home/xmen/Desktop/SystolicCore/rtl/SystolicCore.sv:]
WARNING: [filemgmt 56-199] Attempt to get parsing info during refresh. "On-the-fly" syntax checking information may be incorrect. [/home/xmen/Desktop/SystolicCore/rtl/SystolicCore.sv:]
WARNING: [filemgmt 56-199] Attempt to get parsing info during refresh. "On-the-fly" syntax checking information may be incorrect. [/home/xmen/Desktop/SystolicCore/vivado/SystolicCore/SystolicCore.gen/sources_1/ip/ila_0_1/ila_0.veo:]
WARNING: [filemgmt 56-199] Attempt to get parsing info during refresh. "On-the-fly" syntax checking information may be incorrect. [/home/xmen/Desktop/SystolicCore/vivado/SystolicCore/SystolicCore.gen/sources_1/ip/ila_0_1/ila_0.veo:]
WARNING: [filemgmt 56-199] Attempt to get parsing info during refresh. "On-the-fly" syntax checking information may be incorrect. [/home/xmen/Desktop/SystolicCore/vivado/SystolicCore/SystolicCore.gen/sources_1/ip/ram_single_port/ram_single_port.veo:]
WARNING: [filemgmt 56-199] Attempt to get parsing info during refresh. "On-the-fly" syntax checking information may be incorrect. [/home/xmen/Desktop/SystolicCore/vivado/SystolicCore/SystolicCore.gen/sources_1/ip/ram_single_port/ram_single_port.veo:]
set_property PROBES.FILE {/home/xmen/Desktop/SystolicCore/vivado/SystolicCore/SystolicCore.runs/impl_1/Arty7_top_sim.ltx} [get_hw_devices xc7a100t_0]
set_property FULL_PROBES.FILE {/home/xmen/Desktop/SystolicCore/vivado/SystolicCore/SystolicCore.runs/impl_1/Arty7_top_sim.ltx} [get_hw_devices xc7a100t_0]
set_property PROGRAM.FILE {/home/xmen/Desktop/SystolicCore/vivado/SystolicCore/SystolicCore.runs/impl_1/Arty7_top_sim.bit} [get_hw_devices xc7a100t_0]
program_hw_devices [get_hw_devices xc7a100t_0]
INFO: [Labtools 27-3164] End of startup status: HIGH
refresh_hw_device [lindex [get_hw_devices xc7a100t_0] 0]
INFO: [Labtools 27-2302] Device xc7a100t (JTAG device index = 0) is programmed with a design that has 1 ILA core(s).
add_wave -into {hw_ila_data_1.wcfg} -radix hex { {SystolicCore0/systolicControlUnit_syst_rvalid_o} }
run_hw_ila [get_hw_ilas -of_objects [get_hw_devices xc7a100t_0] -filter {CELL_NAME=~"SystolicCore0/ILA"}]
INFO: [Labtools 27-1964] The ILA core 'hw_ila_1' trigger was armed at 2025-Nov-10 15:07:50
wait_on_hw_ila [get_hw_ilas -of_objects [get_hw_devices xc7a100t_0] -filter {CELL_NAME=~"SystolicCore0/ILA"}]
display_hw_ila_data [upload_hw_ila_data [get_hw_ilas -of_objects [get_hw_devices xc7a100t_0] -filter {CELL_NAME=~"SystolicCore0/ILA"}]]
INFO: [Labtools 27-1966] The ILA core 'hw_ila_1' triggered at 2025-Nov-10 15:07:50
INFO: [Labtools 27-3304] ILA Waveform data saved to file /home/xmen/Desktop/SystolicCore/vivado/SystolicCore/SystolicCore.hw/backup/hw_ila_data_1.ila. Use Tcl command 'read_hw_ila_data' or Vivado File->Import->Import ILA Data menu item to import the previously saved data.
run_hw_ila [get_hw_ilas -of_objects [get_hw_devices xc7a100t_0] -filter {CELL_NAME=~"SystolicCore0/ILA"}]
INFO: [Labtools 27-1964] The ILA core 'hw_ila_1' trigger was armed at 2025-Nov-10 15:07:53
wait_on_hw_ila [get_hw_ilas -of_objects [get_hw_devices xc7a100t_0] -filter {CELL_NAME=~"SystolicCore0/ILA"}]
display_hw_ila_data [upload_hw_ila_data [get_hw_ilas -of_objects [get_hw_devices xc7a100t_0] -filter {CELL_NAME=~"SystolicCore0/ILA"}]]
INFO: [Labtools 27-1966] The ILA core 'hw_ila_1' triggered at 2025-Nov-10 15:07:53
INFO: [Labtools 27-3304] ILA Waveform data saved to file /home/xmen/Desktop/SystolicCore/vivado/SystolicCore/SystolicCore.hw/backup/hw_ila_data_1.ila. Use Tcl command 'read_hw_ila_data' or Vivado File->Import->Import ILA Data menu item to import the previously saved data.
run_hw_ila [get_hw_ilas -of_objects [get_hw_devices xc7a100t_0] -filter {CELL_NAME=~"SystolicCore0/ILA"}]
INFO: [Labtools 27-1964] The ILA core 'hw_ila_1' trigger was armed at 2025-Nov-10 15:07:57
wait_on_hw_ila [get_hw_ilas -of_objects [get_hw_devices xc7a100t_0] -filter {CELL_NAME=~"SystolicCore0/ILA"}]
display_hw_ila_data [upload_hw_ila_data [get_hw_ilas -of_objects [get_hw_devices xc7a100t_0] -filter {CELL_NAME=~"SystolicCore0/ILA"}]]
INFO: [Labtools 27-1966] The ILA core 'hw_ila_1' triggered at 2025-Nov-10 15:07:57
INFO: [Labtools 27-3304] ILA Waveform data saved to file /home/xmen/Desktop/SystolicCore/vivado/SystolicCore/SystolicCore.hw/backup/hw_ila_data_1.ila. Use Tcl command 'read_hw_ila_data' or Vivado File->Import->Import ILA Data menu item to import the previously saved data.
run_hw_ila [get_hw_ilas -of_objects [get_hw_devices xc7a100t_0] -filter {CELL_NAME=~"SystolicCore0/ILA"}]
INFO: [Labtools 27-1964] The ILA core 'hw_ila_1' trigger was armed at 2025-Nov-10 15:08:00
wait_on_hw_ila [get_hw_ilas -of_objects [get_hw_devices xc7a100t_0] -filter {CELL_NAME=~"SystolicCore0/ILA"}]
display_hw_ila_data [upload_hw_ila_data [get_hw_ilas -of_objects [get_hw_devices xc7a100t_0] -filter {CELL_NAME=~"SystolicCore0/ILA"}]]
INFO: [Labtools 27-1966] The ILA core 'hw_ila_1' triggered at 2025-Nov-10 15:08:00
INFO: [Labtools 27-3304] ILA Waveform data saved to file /home/xmen/Desktop/SystolicCore/vivado/SystolicCore/SystolicCore.hw/backup/hw_ila_data_1.ila. Use Tcl command 'read_hw_ila_data' or Vivado File->Import->Import ILA Data menu item to import the previously saved data.
run_hw_ila [get_hw_ilas -of_objects [get_hw_devices xc7a100t_0] -filter {CELL_NAME=~"SystolicCore0/ILA"}]
INFO: [Labtools 27-1964] The ILA core 'hw_ila_1' trigger was armed at 2025-Nov-10 15:08:03
wait_on_hw_ila [get_hw_ilas -of_objects [get_hw_devices xc7a100t_0] -filter {CELL_NAME=~"SystolicCore0/ILA"}]
display_hw_ila_data [upload_hw_ila_data [get_hw_ilas -of_objects [get_hw_devices xc7a100t_0] -filter {CELL_NAME=~"SystolicCore0/ILA"}]]
INFO: [Labtools 27-1966] The ILA core 'hw_ila_1' triggered at 2025-Nov-10 15:08:03
INFO: [Labtools 27-3304] ILA Waveform data saved to file /home/xmen/Desktop/SystolicCore/vivado/SystolicCore/SystolicCore.hw/backup/hw_ila_data_1.ila. Use Tcl command 'read_hw_ila_data' or Vivado File->Import->Import ILA Data menu item to import the previously saved data.
run_hw_ila [get_hw_ilas -of_objects [get_hw_devices xc7a100t_0] -filter {CELL_NAME=~"SystolicCore0/ILA"}]
INFO: [Labtools 27-1964] The ILA core 'hw_ila_1' trigger was armed at 2025-Nov-10 15:08:05
wait_on_hw_ila [get_hw_ilas -of_objects [get_hw_devices xc7a100t_0] -filter {CELL_NAME=~"SystolicCore0/ILA"}]
display_hw_ila_data [upload_hw_ila_data [get_hw_ilas -of_objects [get_hw_devices xc7a100t_0] -filter {CELL_NAME=~"SystolicCore0/ILA"}]]
INFO: [Labtools 27-1966] The ILA core 'hw_ila_1' triggered at 2025-Nov-10 15:08:05
INFO: [Labtools 27-3304] ILA Waveform data saved to file /home/xmen/Desktop/SystolicCore/vivado/SystolicCore/SystolicCore.hw/backup/hw_ila_data_1.ila. Use Tcl command 'read_hw_ila_data' or Vivado File->Import->Import ILA Data menu item to import the previously saved data.
run_hw_ila [get_hw_ilas -of_objects [get_hw_devices xc7a100t_0] -filter {CELL_NAME=~"SystolicCore0/ILA"}]
INFO: [Labtools 27-1964] The ILA core 'hw_ila_1' trigger was armed at 2025-Nov-10 15:08:07
wait_on_hw_ila [get_hw_ilas -of_objects [get_hw_devices xc7a100t_0] -filter {CELL_NAME=~"SystolicCore0/ILA"}]
display_hw_ila_data [upload_hw_ila_data [get_hw_ilas -of_objects [get_hw_devices xc7a100t_0] -filter {CELL_NAME=~"SystolicCore0/ILA"}]]
INFO: [Labtools 27-1966] The ILA core 'hw_ila_1' triggered at 2025-Nov-10 15:08:07
INFO: [Labtools 27-3304] ILA Waveform data saved to file /home/xmen/Desktop/SystolicCore/vivado/SystolicCore/SystolicCore.hw/backup/hw_ila_data_1.ila. Use Tcl command 'read_hw_ila_data' or Vivado File->Import->Import ILA Data menu item to import the previously saved data.
run_hw_ila [get_hw_ilas -of_objects [get_hw_devices xc7a100t_0] -filter {CELL_NAME=~"SystolicCore0/ILA"}]
INFO: [Labtools 27-1964] The ILA core 'hw_ila_1' trigger was armed at 2025-Nov-10 15:08:09
wait_on_hw_ila [get_hw_ilas -of_objects [get_hw_devices xc7a100t_0] -filter {CELL_NAME=~"SystolicCore0/ILA"}]
display_hw_ila_data [upload_hw_ila_data [get_hw_ilas -of_objects [get_hw_devices xc7a100t_0] -filter {CELL_NAME=~"SystolicCore0/ILA"}]]
INFO: [Labtools 27-1966] The ILA core 'hw_ila_1' triggered at 2025-Nov-10 15:08:09
INFO: [Labtools 27-3304] ILA Waveform data saved to file /home/xmen/Desktop/SystolicCore/vivado/SystolicCore/SystolicCore.hw/backup/hw_ila_data_1.ila. Use Tcl command 'read_hw_ila_data' or Vivado File->Import->Import ILA Data menu item to import the previously saved data.
run_hw_ila [get_hw_ilas -of_objects [get_hw_devices xc7a100t_0] -filter {CELL_NAME=~"SystolicCore0/ILA"}]
INFO: [Labtools 27-1964] The ILA core 'hw_ila_1' trigger was armed at 2025-Nov-10 15:08:10
wait_on_hw_ila [get_hw_ilas -of_objects [get_hw_devices xc7a100t_0] -filter {CELL_NAME=~"SystolicCore0/ILA"}]
display_hw_ila_data [upload_hw_ila_data [get_hw_ilas -of_objects [get_hw_devices xc7a100t_0] -filter {CELL_NAME=~"SystolicCore0/ILA"}]]
INFO: [Labtools 27-1966] The ILA core 'hw_ila_1' triggered at 2025-Nov-10 15:08:10
INFO: [Labtools 27-3304] ILA Waveform data saved to file /home/xmen/Desktop/SystolicCore/vivado/SystolicCore/SystolicCore.hw/backup/hw_ila_data_1.ila. Use Tcl command 'read_hw_ila_data' or Vivado File->Import->Import ILA Data menu item to import the previously saved data.
run_hw_ila [get_hw_ilas -of_objects [get_hw_devices xc7a100t_0] -filter {CELL_NAME=~"SystolicCore0/ILA"}]
INFO: [Labtools 27-1964] The ILA core 'hw_ila_1' trigger was armed at 2025-Nov-10 15:08:12
wait_on_hw_ila [get_hw_ilas -of_objects [get_hw_devices xc7a100t_0] -filter {CELL_NAME=~"SystolicCore0/ILA"}]
display_hw_ila_data [upload_hw_ila_data [get_hw_ilas -of_objects [get_hw_devices xc7a100t_0] -filter {CELL_NAME=~"SystolicCore0/ILA"}]]
INFO: [Labtools 27-1966] The ILA core 'hw_ila_1' triggered at 2025-Nov-10 15:08:12
INFO: [Labtools 27-3304] ILA Waveform data saved to file /home/xmen/Desktop/SystolicCore/vivado/SystolicCore/SystolicCore.hw/backup/hw_ila_data_1.ila. Use Tcl command 'read_hw_ila_data' or Vivado File->Import->Import ILA Data menu item to import the previously saved data.
run_hw_ila [get_hw_ilas -of_objects [get_hw_devices xc7a100t_0] -filter {CELL_NAME=~"SystolicCore0/ILA"}]
INFO: [Labtools 27-1964] The ILA core 'hw_ila_1' trigger was armed at 2025-Nov-10 15:08:15
wait_on_hw_ila [get_hw_ilas -of_objects [get_hw_devices xc7a100t_0] -filter {CELL_NAME=~"SystolicCore0/ILA"}]
display_hw_ila_data [upload_hw_ila_data [get_hw_ilas -of_objects [get_hw_devices xc7a100t_0] -filter {CELL_NAME=~"SystolicCore0/ILA"}]]
INFO: [Labtools 27-1966] The ILA core 'hw_ila_1' triggered at 2025-Nov-10 15:08:15
INFO: [Labtools 27-3304] ILA Waveform data saved to file /home/xmen/Desktop/SystolicCore/vivado/SystolicCore/SystolicCore.hw/backup/hw_ila_data_1.ila. Use Tcl command 'read_hw_ila_data' or Vivado File->Import->Import ILA Data menu item to import the previously saved data.
run_hw_ila [get_hw_ilas -of_objects [get_hw_devices xc7a100t_0] -filter {CELL_NAME=~"SystolicCore0/ILA"}]
INFO: [Labtools 27-1964] The ILA core 'hw_ila_1' trigger was armed at 2025-Nov-10 15:08:19
wait_on_hw_ila [get_hw_ilas -of_objects [get_hw_devices xc7a100t_0] -filter {CELL_NAME=~"SystolicCore0/ILA"}]
display_hw_ila_data [upload_hw_ila_data [get_hw_ilas -of_objects [get_hw_devices xc7a100t_0] -filter {CELL_NAME=~"SystolicCore0/ILA"}]]
INFO: [Labtools 27-1966] The ILA core 'hw_ila_1' triggered at 2025-Nov-10 15:08:19
INFO: [Labtools 27-3304] ILA Waveform data saved to file /home/xmen/Desktop/SystolicCore/vivado/SystolicCore/SystolicCore.hw/backup/hw_ila_data_1.ila. Use Tcl command 'read_hw_ila_data' or Vivado File->Import->Import ILA Data menu item to import the previously saved data.
run_hw_ila [get_hw_ilas -of_objects [get_hw_devices xc7a100t_0] -filter {CELL_NAME=~"SystolicCore0/ILA"}]
INFO: [Labtools 27-1964] The ILA core 'hw_ila_1' trigger was armed at 2025-Nov-10 15:08:22
wait_on_hw_ila [get_hw_ilas -of_objects [get_hw_devices xc7a100t_0] -filter {CELL_NAME=~"SystolicCore0/ILA"}]
display_hw_ila_data [upload_hw_ila_data [get_hw_ilas -of_objects [get_hw_devices xc7a100t_0] -filter {CELL_NAME=~"SystolicCore0/ILA"}]]
INFO: [Labtools 27-1966] The ILA core 'hw_ila_1' triggered at 2025-Nov-10 15:08:22
INFO: [Labtools 27-3304] ILA Waveform data saved to file /home/xmen/Desktop/SystolicCore/vivado/SystolicCore/SystolicCore.hw/backup/hw_ila_data_1.ila. Use Tcl command 'read_hw_ila_data' or Vivado File->Import->Import ILA Data menu item to import the previously saved data.
run_hw_ila [get_hw_ilas -of_objects [get_hw_devices xc7a100t_0] -filter {CELL_NAME=~"SystolicCore0/ILA"}]
INFO: [Labtools 27-1964] The ILA core 'hw_ila_1' trigger was armed at 2025-Nov-10 15:08:25
wait_on_hw_ila [get_hw_ilas -of_objects [get_hw_devices xc7a100t_0] -filter {CELL_NAME=~"SystolicCore0/ILA"}]
display_hw_ila_data [upload_hw_ila_data [get_hw_ilas -of_objects [get_hw_devices xc7a100t_0] -filter {CELL_NAME=~"SystolicCore0/ILA"}]]
INFO: [Labtools 27-1966] The ILA core 'hw_ila_1' triggered at 2025-Nov-10 15:08:25
INFO: [Labtools 27-3304] ILA Waveform data saved to file /home/xmen/Desktop/SystolicCore/vivado/SystolicCore/SystolicCore.hw/backup/hw_ila_data_1.ila. Use Tcl command 'read_hw_ila_data' or Vivado File->Import->Import ILA Data menu item to import the previously saved data.
run_hw_ila [get_hw_ilas -of_objects [get_hw_devices xc7a100t_0] -filter {CELL_NAME=~"SystolicCore0/ILA"}]
INFO: [Labtools 27-1964] The ILA core 'hw_ila_1' trigger was armed at 2025-Nov-10 15:08:29
wait_on_hw_ila [get_hw_ilas -of_objects [get_hw_devices xc7a100t_0] -filter {CELL_NAME=~"SystolicCore0/ILA"}]
display_hw_ila_data [upload_hw_ila_data [get_hw_ilas -of_objects [get_hw_devices xc7a100t_0] -filter {CELL_NAME=~"SystolicCore0/ILA"}]]
INFO: [Labtools 27-1966] The ILA core 'hw_ila_1' triggered at 2025-Nov-10 15:08:29
INFO: [Labtools 27-3304] ILA Waveform data saved to file /home/xmen/Desktop/SystolicCore/vivado/SystolicCore/SystolicCore.hw/backup/hw_ila_data_1.ila. Use Tcl command 'read_hw_ila_data' or Vivado File->Import->Import ILA Data menu item to import the previously saved data.
run_hw_ila [get_hw_ilas -of_objects [get_hw_devices xc7a100t_0] -filter {CELL_NAME=~"SystolicCore0/ILA"}]
INFO: [Labtools 27-1964] The ILA core 'hw_ila_1' trigger was armed at 2025-Nov-10 15:08:32
wait_on_hw_ila [get_hw_ilas -of_objects [get_hw_devices xc7a100t_0] -filter {CELL_NAME=~"SystolicCore0/ILA"}]
display_hw_ila_data [upload_hw_ila_data [get_hw_ilas -of_objects [get_hw_devices xc7a100t_0] -filter {CELL_NAME=~"SystolicCore0/ILA"}]]
INFO: [Labtools 27-1966] The ILA core 'hw_ila_1' triggered at 2025-Nov-10 15:08:32
INFO: [Labtools 27-3304] ILA Waveform data saved to file /home/xmen/Desktop/SystolicCore/vivado/SystolicCore/SystolicCore.hw/backup/hw_ila_data_1.ila. Use Tcl command 'read_hw_ila_data' or Vivado File->Import->Import ILA Data menu item to import the previously saved data.
run_hw_ila [get_hw_ilas -of_objects [get_hw_devices xc7a100t_0] -filter {CELL_NAME=~"SystolicCore0/ILA"}]
INFO: [Labtools 27-1964] The ILA core 'hw_ila_1' trigger was armed at 2025-Nov-10 15:08:35
wait_on_hw_ila [get_hw_ilas -of_objects [get_hw_devices xc7a100t_0] -filter {CELL_NAME=~"SystolicCore0/ILA"}]
display_hw_ila_data [upload_hw_ila_data [get_hw_ilas -of_objects [get_hw_devices xc7a100t_0] -filter {CELL_NAME=~"SystolicCore0/ILA"}]]
INFO: [Labtools 27-1966] The ILA core 'hw_ila_1' triggered at 2025-Nov-10 15:08:35
INFO: [Labtools 27-3304] ILA Waveform data saved to file /home/xmen/Desktop/SystolicCore/vivado/SystolicCore/SystolicCore.hw/backup/hw_ila_data_1.ila. Use Tcl command 'read_hw_ila_data' or Vivado File->Import->Import ILA Data menu item to import the previously saved data.
run_hw_ila [get_hw_ilas -of_objects [get_hw_devices xc7a100t_0] -filter {CELL_NAME=~"SystolicCore0/ILA"}]
INFO: [Labtools 27-1964] The ILA core 'hw_ila_1' trigger was armed at 2025-Nov-10 15:08:37
wait_on_hw_ila [get_hw_ilas -of_objects [get_hw_devices xc7a100t_0] -filter {CELL_NAME=~"SystolicCore0/ILA"}]
display_hw_ila_data [upload_hw_ila_data [get_hw_ilas -of_objects [get_hw_devices xc7a100t_0] -filter {CELL_NAME=~"SystolicCore0/ILA"}]]
INFO: [Labtools 27-1966] The ILA core 'hw_ila_1' triggered at 2025-Nov-10 15:08:37
INFO: [Labtools 27-3304] ILA Waveform data saved to file /home/xmen/Desktop/SystolicCore/vivado/SystolicCore/SystolicCore.hw/backup/hw_ila_data_1.ila. Use Tcl command 'read_hw_ila_data' or Vivado File->Import->Import ILA Data menu item to import the previously saved data.
run_hw_ila [get_hw_ilas -of_objects [get_hw_devices xc7a100t_0] -filter {CELL_NAME=~"SystolicCore0/ILA"}]
INFO: [Labtools 27-1964] The ILA core 'hw_ila_1' trigger was armed at 2025-Nov-10 15:08:39
wait_on_hw_ila [get_hw_ilas -of_objects [get_hw_devices xc7a100t_0] -filter {CELL_NAME=~"SystolicCore0/ILA"}]
display_hw_ila_data [upload_hw_ila_data [get_hw_ilas -of_objects [get_hw_devices xc7a100t_0] -filter {CELL_NAME=~"SystolicCore0/ILA"}]]
INFO: [Labtools 27-1966] The ILA core 'hw_ila_1' triggered at 2025-Nov-10 15:08:39
INFO: [Labtools 27-3304] ILA Waveform data saved to file /home/xmen/Desktop/SystolicCore/vivado/SystolicCore/SystolicCore.hw/backup/hw_ila_data_1.ila. Use Tcl command 'read_hw_ila_data' or Vivado File->Import->Import ILA Data menu item to import the previously saved data.
run_hw_ila [get_hw_ilas -of_objects [get_hw_devices xc7a100t_0] -filter {CELL_NAME=~"SystolicCore0/ILA"}]
INFO: [Labtools 27-1964] The ILA core 'hw_ila_1' trigger was armed at 2025-Nov-10 15:08:40
wait_on_hw_ila [get_hw_ilas -of_objects [get_hw_devices xc7a100t_0] -filter {CELL_NAME=~"SystolicCore0/ILA"}]
display_hw_ila_data [upload_hw_ila_data [get_hw_ilas -of_objects [get_hw_devices xc7a100t_0] -filter {CELL_NAME=~"SystolicCore0/ILA"}]]
INFO: [Labtools 27-1966] The ILA core 'hw_ila_1' triggered at 2025-Nov-10 15:08:40
INFO: [Labtools 27-3304] ILA Waveform data saved to file /home/xmen/Desktop/SystolicCore/vivado/SystolicCore/SystolicCore.hw/backup/hw_ila_data_1.ila. Use Tcl command 'read_hw_ila_data' or Vivado File->Import->Import ILA Data menu item to import the previously saved data.
run_hw_ila [get_hw_ilas -of_objects [get_hw_devices xc7a100t_0] -filter {CELL_NAME=~"SystolicCore0/ILA"}]
INFO: [Labtools 27-1964] The ILA core 'hw_ila_1' trigger was armed at 2025-Nov-10 15:08:42
wait_on_hw_ila [get_hw_ilas -of_objects [get_hw_devices xc7a100t_0] -filter {CELL_NAME=~"SystolicCore0/ILA"}]
display_hw_ila_data [upload_hw_ila_data [get_hw_ilas -of_objects [get_hw_devices xc7a100t_0] -filter {CELL_NAME=~"SystolicCore0/ILA"}]]
INFO: [Labtools 27-1966] The ILA core 'hw_ila_1' triggered at 2025-Nov-10 15:08:42
INFO: [Labtools 27-3304] ILA Waveform data saved to file /home/xmen/Desktop/SystolicCore/vivado/SystolicCore/SystolicCore.hw/backup/hw_ila_data_1.ila. Use Tcl command 'read_hw_ila_data' or Vivado File->Import->Import ILA Data menu item to import the previously saved data.
run_hw_ila [get_hw_ilas -of_objects [get_hw_devices xc7a100t_0] -filter {CELL_NAME=~"SystolicCore0/ILA"}]
INFO: [Labtools 27-1964] The ILA core 'hw_ila_1' trigger was armed at 2025-Nov-10 15:08:44
wait_on_hw_ila [get_hw_ilas -of_objects [get_hw_devices xc7a100t_0] -filter {CELL_NAME=~"SystolicCore0/ILA"}]
display_hw_ila_data [upload_hw_ila_data [get_hw_ilas -of_objects [get_hw_devices xc7a100t_0] -filter {CELL_NAME=~"SystolicCore0/ILA"}]]
INFO: [Labtools 27-1966] The ILA core 'hw_ila_1' triggered at 2025-Nov-10 15:08:44
INFO: [Labtools 27-3304] ILA Waveform data saved to file /home/xmen/Desktop/SystolicCore/vivado/SystolicCore/SystolicCore.hw/backup/hw_ila_data_1.ila. Use Tcl command 'read_hw_ila_data' or Vivado File->Import->Import ILA Data menu item to import the previously saved data.
run_hw_ila [get_hw_ilas -of_objects [get_hw_devices xc7a100t_0] -filter {CELL_NAME=~"SystolicCore0/ILA"}]
INFO: [Labtools 27-1964] The ILA core 'hw_ila_1' trigger was armed at 2025-Nov-10 15:08:46
wait_on_hw_ila [get_hw_ilas -of_objects [get_hw_devices xc7a100t_0] -filter {CELL_NAME=~"SystolicCore0/ILA"}]
display_hw_ila_data [upload_hw_ila_data [get_hw_ilas -of_objects [get_hw_devices xc7a100t_0] -filter {CELL_NAME=~"SystolicCore0/ILA"}]]
INFO: [Labtools 27-1966] The ILA core 'hw_ila_1' triggered at 2025-Nov-10 15:08:46
INFO: [Labtools 27-3304] ILA Waveform data saved to file /home/xmen/Desktop/SystolicCore/vivado/SystolicCore/SystolicCore.hw/backup/hw_ila_data_1.ila. Use Tcl command 'read_hw_ila_data' or Vivado File->Import->Import ILA Data menu item to import the previously saved data.
run_hw_ila [get_hw_ilas -of_objects [get_hw_devices xc7a100t_0] -filter {CELL_NAME=~"SystolicCore0/ILA"}]
INFO: [Labtools 27-1964] The ILA core 'hw_ila_1' trigger was armed at 2025-Nov-10 15:08:47
wait_on_hw_ila [get_hw_ilas -of_objects [get_hw_devices xc7a100t_0] -filter {CELL_NAME=~"SystolicCore0/ILA"}]
display_hw_ila_data [upload_hw_ila_data [get_hw_ilas -of_objects [get_hw_devices xc7a100t_0] -filter {CELL_NAME=~"SystolicCore0/ILA"}]]
INFO: [Labtools 27-1966] The ILA core 'hw_ila_1' triggered at 2025-Nov-10 15:08:47
INFO: [Labtools 27-3304] ILA Waveform data saved to file /home/xmen/Desktop/SystolicCore/vivado/SystolicCore/SystolicCore.hw/backup/hw_ila_data_1.ila. Use Tcl command 'read_hw_ila_data' or Vivado File->Import->Import ILA Data menu item to import the previously saved data.
run_hw_ila [get_hw_ilas -of_objects [get_hw_devices xc7a100t_0] -filter {CELL_NAME=~"SystolicCore0/ILA"}]
INFO: [Labtools 27-1964] The ILA core 'hw_ila_1' trigger was armed at 2025-Nov-10 15:08:49
wait_on_hw_ila [get_hw_ilas -of_objects [get_hw_devices xc7a100t_0] -filter {CELL_NAME=~"SystolicCore0/ILA"}]
display_hw_ila_data [upload_hw_ila_data [get_hw_ilas -of_objects [get_hw_devices xc7a100t_0] -filter {CELL_NAME=~"SystolicCore0/ILA"}]]
INFO: [Labtools 27-1966] The ILA core 'hw_ila_1' triggered at 2025-Nov-10 15:08:49
INFO: [Labtools 27-3304] ILA Waveform data saved to file /home/xmen/Desktop/SystolicCore/vivado/SystolicCore/SystolicCore.hw/backup/hw_ila_data_1.ila. Use Tcl command 'read_hw_ila_data' or Vivado File->Import->Import ILA Data menu item to import the previously saved data.
run_hw_ila [get_hw_ilas -of_objects [get_hw_devices xc7a100t_0] -filter {CELL_NAME=~"SystolicCore0/ILA"}]
INFO: [Labtools 27-1964] The ILA core 'hw_ila_1' trigger was armed at 2025-Nov-10 15:08:50
wait_on_hw_ila [get_hw_ilas -of_objects [get_hw_devices xc7a100t_0] -filter {CELL_NAME=~"SystolicCore0/ILA"}]
display_hw_ila_data [upload_hw_ila_data [get_hw_ilas -of_objects [get_hw_devices xc7a100t_0] -filter {CELL_NAME=~"SystolicCore0/ILA"}]]
INFO: [Labtools 27-1966] The ILA core 'hw_ila_1' triggered at 2025-Nov-10 15:08:50
INFO: [Labtools 27-3304] ILA Waveform data saved to file /home/xmen/Desktop/SystolicCore/vivado/SystolicCore/SystolicCore.hw/backup/hw_ila_data_1.ila. Use Tcl command 'read_hw_ila_data' or Vivado File->Import->Import ILA Data menu item to import the previously saved data.
run_hw_ila [get_hw_ilas -of_objects [get_hw_devices xc7a100t_0] -filter {CELL_NAME=~"SystolicCore0/ILA"}]
INFO: [Labtools 27-1964] The ILA core 'hw_ila_1' trigger was armed at 2025-Nov-10 15:08:52
wait_on_hw_ila [get_hw_ilas -of_objects [get_hw_devices xc7a100t_0] -filter {CELL_NAME=~"SystolicCore0/ILA"}]
display_hw_ila_data [upload_hw_ila_data [get_hw_ilas -of_objects [get_hw_devices xc7a100t_0] -filter {CELL_NAME=~"SystolicCore0/ILA"}]]
INFO: [Labtools 27-1966] The ILA core 'hw_ila_1' triggered at 2025-Nov-10 15:08:52
INFO: [Labtools 27-3304] ILA Waveform data saved to file /home/xmen/Desktop/SystolicCore/vivado/SystolicCore/SystolicCore.hw/backup/hw_ila_data_1.ila. Use Tcl command 'read_hw_ila_data' or Vivado File->Import->Import ILA Data menu item to import the previously saved data.
run_hw_ila [get_hw_ilas -of_objects [get_hw_devices xc7a100t_0] -filter {CELL_NAME=~"SystolicCore0/ILA"}]
INFO: [Labtools 27-1964] The ILA core 'hw_ila_1' trigger was armed at 2025-Nov-10 15:08:54
wait_on_hw_ila [get_hw_ilas -of_objects [get_hw_devices xc7a100t_0] -filter {CELL_NAME=~"SystolicCore0/ILA"}]
display_hw_ila_data [upload_hw_ila_data [get_hw_ilas -of_objects [get_hw_devices xc7a100t_0] -filter {CELL_NAME=~"SystolicCore0/ILA"}]]
INFO: [Labtools 27-1966] The ILA core 'hw_ila_1' triggered at 2025-Nov-10 15:08:54
INFO: [Labtools 27-3304] ILA Waveform data saved to file /home/xmen/Desktop/SystolicCore/vivado/SystolicCore/SystolicCore.hw/backup/hw_ila_data_1.ila. Use Tcl command 'read_hw_ila_data' or Vivado File->Import->Import ILA Data menu item to import the previously saved data.
run_hw_ila [get_hw_ilas -of_objects [get_hw_devices xc7a100t_0] -filter {CELL_NAME=~"SystolicCore0/ILA"}]
INFO: [Labtools 27-1964] The ILA core 'hw_ila_1' trigger was armed at 2025-Nov-10 15:08:56
wait_on_hw_ila [get_hw_ilas -of_objects [get_hw_devices xc7a100t_0] -filter {CELL_NAME=~"SystolicCore0/ILA"}]
display_hw_ila_data [upload_hw_ila_data [get_hw_ilas -of_objects [get_hw_devices xc7a100t_0] -filter {CELL_NAME=~"SystolicCore0/ILA"}]]
INFO: [Labtools 27-1966] The ILA core 'hw_ila_1' triggered at 2025-Nov-10 15:08:56
INFO: [Labtools 27-3304] ILA Waveform data saved to file /home/xmen/Desktop/SystolicCore/vivado/SystolicCore/SystolicCore.hw/backup/hw_ila_data_1.ila. Use Tcl command 'read_hw_ila_data' or Vivado File->Import->Import ILA Data menu item to import the previously saved data.
run_hw_ila [get_hw_ilas -of_objects [get_hw_devices xc7a100t_0] -filter {CELL_NAME=~"SystolicCore0/ILA"}]
INFO: [Labtools 27-1964] The ILA core 'hw_ila_1' trigger was armed at 2025-Nov-10 15:08:57
wait_on_hw_ila [get_hw_ilas -of_objects [get_hw_devices xc7a100t_0] -filter {CELL_NAME=~"SystolicCore0/ILA"}]
display_hw_ila_data [upload_hw_ila_data [get_hw_ilas -of_objects [get_hw_devices xc7a100t_0] -filter {CELL_NAME=~"SystolicCore0/ILA"}]]
INFO: [Labtools 27-1966] The ILA core 'hw_ila_1' triggered at 2025-Nov-10 15:08:57
INFO: [Labtools 27-3304] ILA Waveform data saved to file /home/xmen/Desktop/SystolicCore/vivado/SystolicCore/SystolicCore.hw/backup/hw_ila_data_1.ila. Use Tcl command 'read_hw_ila_data' or Vivado File->Import->Import ILA Data menu item to import the previously saved data.
run_hw_ila [get_hw_ilas -of_objects [get_hw_devices xc7a100t_0] -filter {CELL_NAME=~"SystolicCore0/ILA"}]
INFO: [Labtools 27-1964] The ILA core 'hw_ila_1' trigger was armed at 2025-Nov-10 15:08:59
wait_on_hw_ila [get_hw_ilas -of_objects [get_hw_devices xc7a100t_0] -filter {CELL_NAME=~"SystolicCore0/ILA"}]
display_hw_ila_data [upload_hw_ila_data [get_hw_ilas -of_objects [get_hw_devices xc7a100t_0] -filter {CELL_NAME=~"SystolicCore0/ILA"}]]
INFO: [Labtools 27-1966] The ILA core 'hw_ila_1' triggered at 2025-Nov-10 15:08:59
INFO: [Labtools 27-3304] ILA Waveform data saved to file /home/xmen/Desktop/SystolicCore/vivado/SystolicCore/SystolicCore.hw/backup/hw_ila_data_1.ila. Use Tcl command 'read_hw_ila_data' or Vivado File->Import->Import ILA Data menu item to import the previously saved data.
run_hw_ila [get_hw_ilas -of_objects [get_hw_devices xc7a100t_0] -filter {CELL_NAME=~"SystolicCore0/ILA"}]
INFO: [Labtools 27-1964] The ILA core 'hw_ila_1' trigger was armed at 2025-Nov-10 15:09:00
wait_on_hw_ila [get_hw_ilas -of_objects [get_hw_devices xc7a100t_0] -filter {CELL_NAME=~"SystolicCore0/ILA"}]
display_hw_ila_data [upload_hw_ila_data [get_hw_ilas -of_objects [get_hw_devices xc7a100t_0] -filter {CELL_NAME=~"SystolicCore0/ILA"}]]
INFO: [Labtools 27-1966] The ILA core 'hw_ila_1' triggered at 2025-Nov-10 15:09:00
INFO: [Labtools 27-3304] ILA Waveform data saved to file /home/xmen/Desktop/SystolicCore/vivado/SystolicCore/SystolicCore.hw/backup/hw_ila_data_1.ila. Use Tcl command 'read_hw_ila_data' or Vivado File->Import->Import ILA Data menu item to import the previously saved data.
run_hw_ila [get_hw_ilas -of_objects [get_hw_devices xc7a100t_0] -filter {CELL_NAME=~"SystolicCore0/ILA"}]
INFO: [Labtools 27-1964] The ILA core 'hw_ila_1' trigger was armed at 2025-Nov-10 15:09:02
wait_on_hw_ila [get_hw_ilas -of_objects [get_hw_devices xc7a100t_0] -filter {CELL_NAME=~"SystolicCore0/ILA"}]
display_hw_ila_data [upload_hw_ila_data [get_hw_ilas -of_objects [get_hw_devices xc7a100t_0] -filter {CELL_NAME=~"SystolicCore0/ILA"}]]
INFO: [Labtools 27-1966] The ILA core 'hw_ila_1' triggered at 2025-Nov-10 15:09:02
INFO: [Labtools 27-3304] ILA Waveform data saved to file /home/xmen/Desktop/SystolicCore/vivado/SystolicCore/SystolicCore.hw/backup/hw_ila_data_1.ila. Use Tcl command 'read_hw_ila_data' or Vivado File->Import->Import ILA Data menu item to import the previously saved data.
run_hw_ila [get_hw_ilas -of_objects [get_hw_devices xc7a100t_0] -filter {CELL_NAME=~"SystolicCore0/ILA"}]
INFO: [Labtools 27-1964] The ILA core 'hw_ila_1' trigger was armed at 2025-Nov-10 15:09:06
wait_on_hw_ila [get_hw_ilas -of_objects [get_hw_devices xc7a100t_0] -filter {CELL_NAME=~"SystolicCore0/ILA"}]
display_hw_ila_data [upload_hw_ila_data [get_hw_ilas -of_objects [get_hw_devices xc7a100t_0] -filter {CELL_NAME=~"SystolicCore0/ILA"}]]
INFO: [Labtools 27-1966] The ILA core 'hw_ila_1' triggered at 2025-Nov-10 15:09:06
INFO: [Labtools 27-3304] ILA Waveform data saved to file /home/xmen/Desktop/SystolicCore/vivado/SystolicCore/SystolicCore.hw/backup/hw_ila_data_1.ila. Use Tcl command 'read_hw_ila_data' or Vivado File->Import->Import ILA Data menu item to import the previously saved data.
run_hw_ila [get_hw_ilas -of_objects [get_hw_devices xc7a100t_0] -filter {CELL_NAME=~"SystolicCore0/ILA"}]
INFO: [Labtools 27-1964] The ILA core 'hw_ila_1' trigger was armed at 2025-Nov-10 15:09:09
wait_on_hw_ila [get_hw_ilas -of_objects [get_hw_devices xc7a100t_0] -filter {CELL_NAME=~"SystolicCore0/ILA"}]
display_hw_ila_data [upload_hw_ila_data [get_hw_ilas -of_objects [get_hw_devices xc7a100t_0] -filter {CELL_NAME=~"SystolicCore0/ILA"}]]
INFO: [Labtools 27-1966] The ILA core 'hw_ila_1' triggered at 2025-Nov-10 15:09:09
INFO: [Labtools 27-3304] ILA Waveform data saved to file /home/xmen/Desktop/SystolicCore/vivado/SystolicCore/SystolicCore.hw/backup/hw_ila_data_1.ila. Use Tcl command 'read_hw_ila_data' or Vivado File->Import->Import ILA Data menu item to import the previously saved data.
run_hw_ila [get_hw_ilas -of_objects [get_hw_devices xc7a100t_0] -filter {CELL_NAME=~"SystolicCore0/ILA"}]
INFO: [Labtools 27-1964] The ILA core 'hw_ila_1' trigger was armed at 2025-Nov-10 15:09:12
wait_on_hw_ila [get_hw_ilas -of_objects [get_hw_devices xc7a100t_0] -filter {CELL_NAME=~"SystolicCore0/ILA"}]
display_hw_ila_data [upload_hw_ila_data [get_hw_ilas -of_objects [get_hw_devices xc7a100t_0] -filter {CELL_NAME=~"SystolicCore0/ILA"}]]
INFO: [Labtools 27-1966] The ILA core 'hw_ila_1' triggered at 2025-Nov-10 15:09:12
INFO: [Labtools 27-3304] ILA Waveform data saved to file /home/xmen/Desktop/SystolicCore/vivado/SystolicCore/SystolicCore.hw/backup/hw_ila_data_1.ila. Use Tcl command 'read_hw_ila_data' or Vivado File->Import->Import ILA Data menu item to import the previously saved data.
run_hw_ila [get_hw_ilas -of_objects [get_hw_devices xc7a100t_0] -filter {CELL_NAME=~"SystolicCore0/ILA"}]
INFO: [Labtools 27-1964] The ILA core 'hw_ila_1' trigger was armed at 2025-Nov-10 15:09:17
wait_on_hw_ila [get_hw_ilas -of_objects [get_hw_devices xc7a100t_0] -filter {CELL_NAME=~"SystolicCore0/ILA"}]
display_hw_ila_data [upload_hw_ila_data [get_hw_ilas -of_objects [get_hw_devices xc7a100t_0] -filter {CELL_NAME=~"SystolicCore0/ILA"}]]
INFO: [Labtools 27-1966] The ILA core 'hw_ila_1' triggered at 2025-Nov-10 15:09:17
INFO: [Labtools 27-3304] ILA Waveform data saved to file /home/xmen/Desktop/SystolicCore/vivado/SystolicCore/SystolicCore.hw/backup/hw_ila_data_1.ila. Use Tcl command 'read_hw_ila_data' or Vivado File->Import->Import ILA Data menu item to import the previously saved data.
set_property TRIGGER_COMPARE_VALUE eq1'b1 [get_hw_probes SystolicCore0/systolicControlUnit_syst_rvalid_o -of_objects [get_hw_ilas -of_objects [get_hw_devices xc7a100t_0] -filter {CELL_NAME=~"SystolicCore0/ILA"}]]
run_hw_ila [get_hw_ilas -of_objects [get_hw_devices xc7a100t_0] -filter {CELL_NAME=~"SystolicCore0/ILA"}]
INFO: [Labtools 27-1964] The ILA core 'hw_ila_1' trigger was armed at 2025-Nov-10 15:09:22
wait_on_hw_ila [get_hw_ilas -of_objects [get_hw_devices xc7a100t_0] -filter {CELL_NAME=~"SystolicCore0/ILA"}]
display_hw_ila_data [upload_hw_ila_data [get_hw_ilas -of_objects [get_hw_devices xc7a100t_0] -filter {CELL_NAME=~"SystolicCore0/ILA"}]]
INFO: [Labtools 27-1966] The ILA core 'hw_ila_1' triggered at 2025-Nov-10 15:09:28
INFO: [Labtools 27-3304] ILA Waveform data saved to file /home/xmen/Desktop/SystolicCore/vivado/SystolicCore/SystolicCore.hw/backup/hw_ila_data_1.ila. Use Tcl command 'read_hw_ila_data' or Vivado File->Import->Import ILA Data menu item to import the previously saved data.
run_hw_ila [get_hw_ilas -of_objects [get_hw_devices xc7a100t_0] -filter {CELL_NAME=~"SystolicCore0/ILA"}]
INFO: [Labtools 27-1964] The ILA core 'hw_ila_1' trigger was armed at 2025-Nov-10 15:10:23
set_property CONTROL.TRIGGER_POSITION 0 [get_hw_ilas -of_objects [get_hw_devices xc7a100t_0] -filter {CELL_NAME=~"SystolicCore0/ILA"}]
set_property CONTROL.TRIGGER_POSITION 1 [get_hw_ilas -of_objects [get_hw_devices xc7a100t_0] -filter {CELL_NAME=~"SystolicCore0/ILA"}]
set_property CONTROL.TRIGGER_POSITION 2 [get_hw_ilas -of_objects [get_hw_devices xc7a100t_0] -filter {CELL_NAME=~"SystolicCore0/ILA"}]
wait_on_hw_ila [get_hw_ilas -of_objects [get_hw_devices xc7a100t_0] -filter {CELL_NAME=~"SystolicCore0/ILA"}]
display_hw_ila_data [upload_hw_ila_data [get_hw_ilas -of_objects [get_hw_devices xc7a100t_0] -filter {CELL_NAME=~"SystolicCore0/ILA"}]]
INFO: [Labtools 27-1966] The ILA core 'hw_ila_1' triggered at 2025-Nov-10 15:11:09
INFO: [Labtools 27-3304] ILA Waveform data saved to file /home/xmen/Desktop/SystolicCore/vivado/SystolicCore/SystolicCore.hw/backup/hw_ila_data_1.ila. Use Tcl command 'read_hw_ila_data' or Vivado File->Import->Import ILA Data menu item to import the previously saved data.
run_hw_ila [get_hw_ilas -of_objects [get_hw_devices xc7a100t_0] -filter {CELL_NAME=~"SystolicCore0/ILA"}]
INFO: [Labtools 27-1964] The ILA core 'hw_ila_1' trigger was armed at 2025-Nov-10 15:11:12
wait_on_hw_ila [get_hw_ilas -of_objects [get_hw_devices xc7a100t_0] -filter {CELL_NAME=~"SystolicCore0/ILA"}]
display_hw_ila_data [upload_hw_ila_data [get_hw_ilas -of_objects [get_hw_devices xc7a100t_0] -filter {CELL_NAME=~"SystolicCore0/ILA"}]]
INFO: [Labtools 27-1966] The ILA core 'hw_ila_1' triggered at 2025-Nov-10 15:11:14
INFO: [Labtools 27-3304] ILA Waveform data saved to file /home/xmen/Desktop/SystolicCore/vivado/SystolicCore/SystolicCore.hw/backup/hw_ila_data_1.ila. Use Tcl command 'read_hw_ila_data' or Vivado File->Import->Import ILA Data menu item to import the previously saved data.
run_hw_ila [get_hw_ilas -of_objects [get_hw_devices xc7a100t_0] -filter {CELL_NAME=~"SystolicCore0/ILA"}]
INFO: [Labtools 27-1964] The ILA core 'hw_ila_1' trigger was armed at 2025-Nov-10 15:11:17
wait_on_hw_ila [get_hw_ilas -of_objects [get_hw_devices xc7a100t_0] -filter {CELL_NAME=~"SystolicCore0/ILA"}]
display_hw_ila_data [upload_hw_ila_data [get_hw_ilas -of_objects [get_hw_devices xc7a100t_0] -filter {CELL_NAME=~"SystolicCore0/ILA"}]]
INFO: [Labtools 27-1966] The ILA core 'hw_ila_1' triggered at 2025-Nov-10 15:11:21
INFO: [Labtools 27-3304] ILA Waveform data saved to file /home/xmen/Desktop/SystolicCore/vivado/SystolicCore/SystolicCore.hw/backup/hw_ila_data_1.ila. Use Tcl command 'read_hw_ila_data' or Vivado File->Import->Import ILA Data menu item to import the previously saved data.
run_hw_ila [get_hw_ilas -of_objects [get_hw_devices xc7a100t_0] -filter {CELL_NAME=~"SystolicCore0/ILA"}]
INFO: [Labtools 27-1964] The ILA core 'hw_ila_1' trigger was armed at 2025-Nov-10 15:11:25
WARNING: [filemgmt 56-199] Attempt to get parsing info during refresh. "On-the-fly" syntax checking information may be incorrect. [/home/xmen/Desktop/SystolicCore/rtl/Arty7_top_sim.sv:]
WARNING: [filemgmt 56-199] Attempt to get parsing info during refresh. "On-the-fly" syntax checking information may be incorrect. [/home/xmen/Desktop/SystolicCore/rtl/SystolicCore.sv:]
WARNING: [filemgmt 56-199] Attempt to get parsing info during refresh. "On-the-fly" syntax checking information may be incorrect. [/home/xmen/Desktop/SystolicCore/rtl/SystolicCore.sv:]
WARNING: [filemgmt 56-199] Attempt to get parsing info during refresh. "On-the-fly" syntax checking information may be incorrect. [/home/xmen/Desktop/SystolicCore/rtl/SystolicCore.sv:]
WARNING: [filemgmt 56-199] Attempt to get parsing info during refresh. "On-the-fly" syntax checking information may be incorrect. [/home/xmen/Desktop/SystolicCore/vivado/SystolicCore/SystolicCore.gen/sources_1/ip/ila_0_1/ila_0.veo:]
WARNING: [filemgmt 56-199] Attempt to get parsing info during refresh. "On-the-fly" syntax checking information may be incorrect. [/home/xmen/Desktop/SystolicCore/vivado/SystolicCore/SystolicCore.gen/sources_1/ip/ila_0_1/ila_0.veo:]
WARNING: [filemgmt 56-199] Attempt to get parsing info during refresh. "On-the-fly" syntax checking information may be incorrect. [/home/xmen/Desktop/SystolicCore/vivado/SystolicCore/SystolicCore.gen/sources_1/ip/ram_single_port/ram_single_port.veo:]
WARNING: [filemgmt 56-199] Attempt to get parsing info during refresh. "On-the-fly" syntax checking information may be incorrect. [/home/xmen/Desktop/SystolicCore/vivado/SystolicCore/SystolicCore.gen/sources_1/ip/ram_single_port/ram_single_port.veo:]
reset_run synth_1
INFO: [Project 1-1161] Replacing file /home/xmen/Desktop/SystolicCore/vivado/SystolicCore/SystolicCore.srcs/utils_1/imports/synth_1/Arty7_top_sim.dcp with file /home/xmen/Desktop/SystolicCore/vivado/SystolicCore/SystolicCore.runs/synth_1/Arty7_top_sim.dcp
launch_runs impl_1 -to_step write_bitstream -jobs 32
[Mon Nov 10 15:13:02 2025] Launched synth_1...
Run output will be captured here: /home/xmen/Desktop/SystolicCore/vivado/SystolicCore/SystolicCore.runs/synth_1/runme.log
[Mon Nov 10 15:13:02 2025] Launched impl_1...
Run output will be captured here: /home/xmen/Desktop/SystolicCore/vivado/SystolicCore/SystolicCore.runs/impl_1/runme.log
WARNING: [filemgmt 56-199] Attempt to get parsing info during refresh. "On-the-fly" syntax checking information may be incorrect. [/home/xmen/Desktop/SystolicCore/rtl/Arty7_top_sim.sv:]
WARNING: [filemgmt 56-199] Attempt to get parsing info during refresh. "On-the-fly" syntax checking information may be incorrect. [/home/xmen/Desktop/SystolicCore/rtl/SystolicCore.sv:]
WARNING: [filemgmt 56-199] Attempt to get parsing info during refresh. "On-the-fly" syntax checking information may be incorrect. [/home/xmen/Desktop/SystolicCore/rtl/SystolicCore.sv:]
WARNING: [filemgmt 56-199] Attempt to get parsing info during refresh. "On-the-fly" syntax checking information may be incorrect. [/home/xmen/Desktop/SystolicCore/rtl/SystolicCore.sv:]
WARNING: [filemgmt 56-199] Attempt to get parsing info during refresh. "On-the-fly" syntax checking information may be incorrect. [/home/xmen/Desktop/SystolicCore/vivado/SystolicCore/SystolicCore.gen/sources_1/ip/ram_single_port/ram_single_port.veo:]
WARNING: [filemgmt 56-199] Attempt to get parsing info during refresh. "On-the-fly" syntax checking information may be incorrect. [/home/xmen/Desktop/SystolicCore/vivado/SystolicCore/SystolicCore.gen/sources_1/ip/ram_single_port/ram_single_port.veo:]
WARNING: [filemgmt 56-199] Attempt to get parsing info during refresh. "On-the-fly" syntax checking information may be incorrect. [/home/xmen/Desktop/SystolicCore/vivado/SystolicCore/SystolicCore.gen/sources_1/ip/ila_0_1/ila_0.veo:]
WARNING: [filemgmt 56-199] Attempt to get parsing info during refresh. "On-the-fly" syntax checking information may be incorrect. [/home/xmen/Desktop/SystolicCore/vivado/SystolicCore/SystolicCore.gen/sources_1/ip/ila_0_1/ila_0.veo:]
set_property PROBES.FILE {/home/xmen/Desktop/SystolicCore/vivado/SystolicCore/SystolicCore.runs/impl_1/Arty7_top_sim.ltx} [get_hw_devices xc7a100t_0]
set_property FULL_PROBES.FILE {/home/xmen/Desktop/SystolicCore/vivado/SystolicCore/SystolicCore.runs/impl_1/Arty7_top_sim.ltx} [get_hw_devices xc7a100t_0]
set_property PROGRAM.FILE {/home/xmen/Desktop/SystolicCore/vivado/SystolicCore/SystolicCore.runs/impl_1/Arty7_top_sim.bit} [get_hw_devices xc7a100t_0]
program_hw_devices [get_hw_devices xc7a100t_0]
INFO: [Labtools 27-3164] End of startup status: HIGH
refresh_hw_device [lindex [get_hw_devices xc7a100t_0] 0]
INFO: [Labtools 27-2302] Device xc7a100t (JTAG device index = 0) is programmed with a design that has 1 ILA core(s).
add_wave -into {hw_ila_data_1.wcfg} -radix hex { {SystolicCore0/uart_data_rx_out} }
set_property PROBES.FILE {/home/xmen/Desktop/SystolicCore/vivado/SystolicCore/SystolicCore.runs/impl_1/Arty7_top_sim.ltx} [get_hw_devices xc7a100t_0]
set_property FULL_PROBES.FILE {/home/xmen/Desktop/SystolicCore/vivado/SystolicCore/SystolicCore.runs/impl_1/Arty7_top_sim.ltx} [get_hw_devices xc7a100t_0]
set_property PROGRAM.FILE {/home/xmen/Desktop/SystolicCore/vivado/SystolicCore/SystolicCore.runs/impl_1/Arty7_top_sim.bit} [get_hw_devices xc7a100t_0]
program_hw_devices [get_hw_devices xc7a100t_0]
INFO: [Labtools 27-3164] End of startup status: HIGH
refresh_hw_device [lindex [get_hw_devices xc7a100t_0] 0]
INFO: [Labtools 27-2302] Device xc7a100t (JTAG device index = 0) is programmed with a design that has 1 ILA core(s).
run_hw_ila [get_hw_ilas -of_objects [get_hw_devices xc7a100t_0] -filter {CELL_NAME=~"SystolicCore0/ILA"}]
INFO: [Labtools 27-1964] The ILA core 'hw_ila_1' trigger was armed at 2025-Nov-10 15:16:30
set_property TRIGGER_COMPARE_VALUE eq1'bX [get_hw_probes SystolicCore0/systolicControlUnit_syst_rvalid_o -of_objects [get_hw_ilas -of_objects [get_hw_devices xc7a100t_0] -filter {CELL_NAME=~"SystolicCore0/ILA"}]]
wait_on_hw_ila -timeout 0 [get_hw_ilas -of_objects [get_hw_devices xc7a100t_0] -filter {CELL_NAME=~"SystolicCore0/ILA"}]
upload_hw_ila_data [get_hw_ilas -of_objects [get_hw_devices xc7a100t_0] -filter {CELL_NAME=~"SystolicCore0/ILA"}]
INFO: [Labtools 27-1965] The ILA core 'hw_ila_1' trigger was stopped by user at 2025-Nov-10 15:16:56
WARNING: [Labtools 27-157] hw_ila [hw_ila_1] stopped. No data to upload.
run_hw_ila [get_hw_ilas -of_objects [get_hw_devices xc7a100t_0] -filter {CELL_NAME=~"SystolicCore0/ILA"}]
INFO: [Labtools 27-1964] The ILA core 'hw_ila_1' trigger was armed at 2025-Nov-10 15:16:58
wait_on_hw_ila [get_hw_ilas -of_objects [get_hw_devices xc7a100t_0] -filter {CELL_NAME=~"SystolicCore0/ILA"}]
display_hw_ila_data [upload_hw_ila_data [get_hw_ilas -of_objects [get_hw_devices xc7a100t_0] -filter {CELL_NAME=~"SystolicCore0/ILA"}]]
INFO: [Labtools 27-1966] The ILA core 'hw_ila_1' triggered at 2025-Nov-10 15:16:58
INFO: [Labtools 27-3304] ILA Waveform data saved to file /home/xmen/Desktop/SystolicCore/vivado/SystolicCore/SystolicCore.hw/backup/hw_ila_data_1.ila. Use Tcl command 'read_hw_ila_data' or Vivado File->Import->Import ILA Data menu item to import the previously saved data.
run_hw_ila [get_hw_ilas -of_objects [get_hw_devices xc7a100t_0] -filter {CELL_NAME=~"SystolicCore0/ILA"}]
INFO: [Labtools 27-1964] The ILA core 'hw_ila_1' trigger was armed at 2025-Nov-10 15:17:05
wait_on_hw_ila [get_hw_ilas -of_objects [get_hw_devices xc7a100t_0] -filter {CELL_NAME=~"SystolicCore0/ILA"}]
display_hw_ila_data [upload_hw_ila_data [get_hw_ilas -of_objects [get_hw_devices xc7a100t_0] -filter {CELL_NAME=~"SystolicCore0/ILA"}]]
INFO: [Labtools 27-1966] The ILA core 'hw_ila_1' triggered at 2025-Nov-10 15:17:05
INFO: [Labtools 27-3304] ILA Waveform data saved to file /home/xmen/Desktop/SystolicCore/vivado/SystolicCore/SystolicCore.hw/backup/hw_ila_data_1.ila. Use Tcl command 'read_hw_ila_data' or Vivado File->Import->Import ILA Data menu item to import the previously saved data.
run_hw_ila [get_hw_ilas -of_objects [get_hw_devices xc7a100t_0] -filter {CELL_NAME=~"SystolicCore0/ILA"}]
INFO: [Labtools 27-1964] The ILA core 'hw_ila_1' trigger was armed at 2025-Nov-10 15:17:06
wait_on_hw_ila [get_hw_ilas -of_objects [get_hw_devices xc7a100t_0] -filter {CELL_NAME=~"SystolicCore0/ILA"}]
display_hw_ila_data [upload_hw_ila_data [get_hw_ilas -of_objects [get_hw_devices xc7a100t_0] -filter {CELL_NAME=~"SystolicCore0/ILA"}]]
INFO: [Labtools 27-1966] The ILA core 'hw_ila_1' triggered at 2025-Nov-10 15:17:06
INFO: [Labtools 27-3304] ILA Waveform data saved to file /home/xmen/Desktop/SystolicCore/vivado/SystolicCore/SystolicCore.hw/backup/hw_ila_data_1.ila. Use Tcl command 'read_hw_ila_data' or Vivado File->Import->Import ILA Data menu item to import the previously saved data.
run_hw_ila [get_hw_ilas -of_objects [get_hw_devices xc7a100t_0] -filter {CELL_NAME=~"SystolicCore0/ILA"}]
INFO: [Labtools 27-1964] The ILA core 'hw_ila_1' trigger was armed at 2025-Nov-10 15:17:08
wait_on_hw_ila [get_hw_ilas -of_objects [get_hw_devices xc7a100t_0] -filter {CELL_NAME=~"SystolicCore0/ILA"}]
display_hw_ila_data [upload_hw_ila_data [get_hw_ilas -of_objects [get_hw_devices xc7a100t_0] -filter {CELL_NAME=~"SystolicCore0/ILA"}]]
INFO: [Labtools 27-1966] The ILA core 'hw_ila_1' triggered at 2025-Nov-10 15:17:08
INFO: [Labtools 27-3304] ILA Waveform data saved to file /home/xmen/Desktop/SystolicCore/vivado/SystolicCore/SystolicCore.hw/backup/hw_ila_data_1.ila. Use Tcl command 'read_hw_ila_data' or Vivado File->Import->Import ILA Data menu item to import the previously saved data.
run_hw_ila [get_hw_ilas -of_objects [get_hw_devices xc7a100t_0] -filter {CELL_NAME=~"SystolicCore0/ILA"}]
INFO: [Labtools 27-1964] The ILA core 'hw_ila_1' trigger was armed at 2025-Nov-10 15:17:12
wait_on_hw_ila [get_hw_ilas -of_objects [get_hw_devices xc7a100t_0] -filter {CELL_NAME=~"SystolicCore0/ILA"}]
display_hw_ila_data [upload_hw_ila_data [get_hw_ilas -of_objects [get_hw_devices xc7a100t_0] -filter {CELL_NAME=~"SystolicCore0/ILA"}]]
INFO: [Labtools 27-1966] The ILA core 'hw_ila_1' triggered at 2025-Nov-10 15:17:12
INFO: [Labtools 27-3304] ILA Waveform data saved to file /home/xmen/Desktop/SystolicCore/vivado/SystolicCore/SystolicCore.hw/backup/hw_ila_data_1.ila. Use Tcl command 'read_hw_ila_data' or Vivado File->Import->Import ILA Data menu item to import the previously saved data.
run_hw_ila [get_hw_ilas -of_objects [get_hw_devices xc7a100t_0] -filter {CELL_NAME=~"SystolicCore0/ILA"}]
INFO: [Labtools 27-1964] The ILA core 'hw_ila_1' trigger was armed at 2025-Nov-10 15:17:15
wait_on_hw_ila [get_hw_ilas -of_objects [get_hw_devices xc7a100t_0] -filter {CELL_NAME=~"SystolicCore0/ILA"}]
display_hw_ila_data [upload_hw_ila_data [get_hw_ilas -of_objects [get_hw_devices xc7a100t_0] -filter {CELL_NAME=~"SystolicCore0/ILA"}]]
INFO: [Labtools 27-1966] The ILA core 'hw_ila_1' triggered at 2025-Nov-10 15:17:15
INFO: [Labtools 27-3304] ILA Waveform data saved to file /home/xmen/Desktop/SystolicCore/vivado/SystolicCore/SystolicCore.hw/backup/hw_ila_data_1.ila. Use Tcl command 'read_hw_ila_data' or Vivado File->Import->Import ILA Data menu item to import the previously saved data.
run_hw_ila [get_hw_ilas -of_objects [get_hw_devices xc7a100t_0] -filter {CELL_NAME=~"SystolicCore0/ILA"}]
INFO: [Labtools 27-1964] The ILA core 'hw_ila_1' trigger was armed at 2025-Nov-10 15:17:18
wait_on_hw_ila [get_hw_ilas -of_objects [get_hw_devices xc7a100t_0] -filter {CELL_NAME=~"SystolicCore0/ILA"}]
display_hw_ila_data [upload_hw_ila_data [get_hw_ilas -of_objects [get_hw_devices xc7a100t_0] -filter {CELL_NAME=~"SystolicCore0/ILA"}]]
INFO: [Labtools 27-1966] The ILA core 'hw_ila_1' triggered at 2025-Nov-10 15:17:18
INFO: [Labtools 27-3304] ILA Waveform data saved to file /home/xmen/Desktop/SystolicCore/vivado/SystolicCore/SystolicCore.hw/backup/hw_ila_data_1.ila. Use Tcl command 'read_hw_ila_data' or Vivado File->Import->Import ILA Data menu item to import the previously saved data.
run_hw_ila [get_hw_ilas -of_objects [get_hw_devices xc7a100t_0] -filter {CELL_NAME=~"SystolicCore0/ILA"}]
INFO: [Labtools 27-1964] The ILA core 'hw_ila_1' trigger was armed at 2025-Nov-10 15:17:22
wait_on_hw_ila [get_hw_ilas -of_objects [get_hw_devices xc7a100t_0] -filter {CELL_NAME=~"SystolicCore0/ILA"}]
display_hw_ila_data [upload_hw_ila_data [get_hw_ilas -of_objects [get_hw_devices xc7a100t_0] -filter {CELL_NAME=~"SystolicCore0/ILA"}]]
INFO: [Labtools 27-1966] The ILA core 'hw_ila_1' triggered at 2025-Nov-10 15:17:22
INFO: [Labtools 27-3304] ILA Waveform data saved to file /home/xmen/Desktop/SystolicCore/vivado/SystolicCore/SystolicCore.hw/backup/hw_ila_data_1.ila. Use Tcl command 'read_hw_ila_data' or Vivado File->Import->Import ILA Data menu item to import the previously saved data.
run_hw_ila [get_hw_ilas -of_objects [get_hw_devices xc7a100t_0] -filter {CELL_NAME=~"SystolicCore0/ILA"}]
INFO: [Labtools 27-1964] The ILA core 'hw_ila_1' trigger was armed at 2025-Nov-10 15:17:25
wait_on_hw_ila [get_hw_ilas -of_objects [get_hw_devices xc7a100t_0] -filter {CELL_NAME=~"SystolicCore0/ILA"}]
display_hw_ila_data [upload_hw_ila_data [get_hw_ilas -of_objects [get_hw_devices xc7a100t_0] -filter {CELL_NAME=~"SystolicCore0/ILA"}]]
INFO: [Labtools 27-1966] The ILA core 'hw_ila_1' triggered at 2025-Nov-10 15:17:25
INFO: [Labtools 27-3304] ILA Waveform data saved to file /home/xmen/Desktop/SystolicCore/vivado/SystolicCore/SystolicCore.hw/backup/hw_ila_data_1.ila. Use Tcl command 'read_hw_ila_data' or Vivado File->Import->Import ILA Data menu item to import the previously saved data.
run_hw_ila [get_hw_ilas -of_objects [get_hw_devices xc7a100t_0] -filter {CELL_NAME=~"SystolicCore0/ILA"}]
INFO: [Labtools 27-1964] The ILA core 'hw_ila_1' trigger was armed at 2025-Nov-10 15:17:28
wait_on_hw_ila [get_hw_ilas -of_objects [get_hw_devices xc7a100t_0] -filter {CELL_NAME=~"SystolicCore0/ILA"}]
display_hw_ila_data [upload_hw_ila_data [get_hw_ilas -of_objects [get_hw_devices xc7a100t_0] -filter {CELL_NAME=~"SystolicCore0/ILA"}]]
INFO: [Labtools 27-1966] The ILA core 'hw_ila_1' triggered at 2025-Nov-10 15:17:28
INFO: [Labtools 27-3304] ILA Waveform data saved to file /home/xmen/Desktop/SystolicCore/vivado/SystolicCore/SystolicCore.hw/backup/hw_ila_data_1.ila. Use Tcl command 'read_hw_ila_data' or Vivado File->Import->Import ILA Data menu item to import the previously saved data.
run_hw_ila [get_hw_ilas -of_objects [get_hw_devices xc7a100t_0] -filter {CELL_NAME=~"SystolicCore0/ILA"}]
INFO: [Labtools 27-1964] The ILA core 'hw_ila_1' trigger was armed at 2025-Nov-10 15:17:32
wait_on_hw_ila [get_hw_ilas -of_objects [get_hw_devices xc7a100t_0] -filter {CELL_NAME=~"SystolicCore0/ILA"}]
display_hw_ila_data [upload_hw_ila_data [get_hw_ilas -of_objects [get_hw_devices xc7a100t_0] -filter {CELL_NAME=~"SystolicCore0/ILA"}]]
INFO: [Labtools 27-1966] The ILA core 'hw_ila_1' triggered at 2025-Nov-10 15:17:32
INFO: [Labtools 27-3304] ILA Waveform data saved to file /home/xmen/Desktop/SystolicCore/vivado/SystolicCore/SystolicCore.hw/backup/hw_ila_data_1.ila. Use Tcl command 'read_hw_ila_data' or Vivado File->Import->Import ILA Data menu item to import the previously saved data.
run_hw_ila [get_hw_ilas -of_objects [get_hw_devices xc7a100t_0] -filter {CELL_NAME=~"SystolicCore0/ILA"}]
INFO: [Labtools 27-1964] The ILA core 'hw_ila_1' trigger was armed at 2025-Nov-10 15:17:35
wait_on_hw_ila [get_hw_ilas -of_objects [get_hw_devices xc7a100t_0] -filter {CELL_NAME=~"SystolicCore0/ILA"}]
display_hw_ila_data [upload_hw_ila_data [get_hw_ilas -of_objects [get_hw_devices xc7a100t_0] -filter {CELL_NAME=~"SystolicCore0/ILA"}]]
INFO: [Labtools 27-1966] The ILA core 'hw_ila_1' triggered at 2025-Nov-10 15:17:35
INFO: [Labtools 27-3304] ILA Waveform data saved to file /home/xmen/Desktop/SystolicCore/vivado/SystolicCore/SystolicCore.hw/backup/hw_ila_data_1.ila. Use Tcl command 'read_hw_ila_data' or Vivado File->Import->Import ILA Data menu item to import the previously saved data.
run_hw_ila [get_hw_ilas -of_objects [get_hw_devices xc7a100t_0] -filter {CELL_NAME=~"SystolicCore0/ILA"}]
INFO: [Labtools 27-1964] The ILA core 'hw_ila_1' trigger was armed at 2025-Nov-10 15:17:38
wait_on_hw_ila [get_hw_ilas -of_objects [get_hw_devices xc7a100t_0] -filter {CELL_NAME=~"SystolicCore0/ILA"}]
display_hw_ila_data [upload_hw_ila_data [get_hw_ilas -of_objects [get_hw_devices xc7a100t_0] -filter {CELL_NAME=~"SystolicCore0/ILA"}]]
INFO: [Labtools 27-1966] The ILA core 'hw_ila_1' triggered at 2025-Nov-10 15:17:38
INFO: [Labtools 27-3304] ILA Waveform data saved to file /home/xmen/Desktop/SystolicCore/vivado/SystolicCore/SystolicCore.hw/backup/hw_ila_data_1.ila. Use Tcl command 'read_hw_ila_data' or Vivado File->Import->Import ILA Data menu item to import the previously saved data.
run_hw_ila [get_hw_ilas -of_objects [get_hw_devices xc7a100t_0] -filter {CELL_NAME=~"SystolicCore0/ILA"}]
INFO: [Labtools 27-1964] The ILA core 'hw_ila_1' trigger was armed at 2025-Nov-10 15:17:41
wait_on_hw_ila [get_hw_ilas -of_objects [get_hw_devices xc7a100t_0] -filter {CELL_NAME=~"SystolicCore0/ILA"}]
display_hw_ila_data [upload_hw_ila_data [get_hw_ilas -of_objects [get_hw_devices xc7a100t_0] -filter {CELL_NAME=~"SystolicCore0/ILA"}]]
INFO: [Labtools 27-1966] The ILA core 'hw_ila_1' triggered at 2025-Nov-10 15:17:41
INFO: [Labtools 27-3304] ILA Waveform data saved to file /home/xmen/Desktop/SystolicCore/vivado/SystolicCore/SystolicCore.hw/backup/hw_ila_data_1.ila. Use Tcl command 'read_hw_ila_data' or Vivado File->Import->Import ILA Data menu item to import the previously saved data.
run_hw_ila [get_hw_ilas -of_objects [get_hw_devices xc7a100t_0] -filter {CELL_NAME=~"SystolicCore0/ILA"}]
INFO: [Labtools 27-1964] The ILA core 'hw_ila_1' trigger was armed at 2025-Nov-10 15:17:45
wait_on_hw_ila [get_hw_ilas -of_objects [get_hw_devices xc7a100t_0] -filter {CELL_NAME=~"SystolicCore0/ILA"}]
display_hw_ila_data [upload_hw_ila_data [get_hw_ilas -of_objects [get_hw_devices xc7a100t_0] -filter {CELL_NAME=~"SystolicCore0/ILA"}]]
INFO: [Labtools 27-1966] The ILA core 'hw_ila_1' triggered at 2025-Nov-10 15:17:45
INFO: [Labtools 27-3304] ILA Waveform data saved to file /home/xmen/Desktop/SystolicCore/vivado/SystolicCore/SystolicCore.hw/backup/hw_ila_data_1.ila. Use Tcl command 'read_hw_ila_data' or Vivado File->Import->Import ILA Data menu item to import the previously saved data.
run_hw_ila [get_hw_ilas -of_objects [get_hw_devices xc7a100t_0] -filter {CELL_NAME=~"SystolicCore0/ILA"}]
INFO: [Labtools 27-1964] The ILA core 'hw_ila_1' trigger was armed at 2025-Nov-10 15:17:48
wait_on_hw_ila [get_hw_ilas -of_objects [get_hw_devices xc7a100t_0] -filter {CELL_NAME=~"SystolicCore0/ILA"}]
display_hw_ila_data [upload_hw_ila_data [get_hw_ilas -of_objects [get_hw_devices xc7a100t_0] -filter {CELL_NAME=~"SystolicCore0/ILA"}]]
INFO: [Labtools 27-1966] The ILA core 'hw_ila_1' triggered at 2025-Nov-10 15:17:48
INFO: [Labtools 27-3304] ILA Waveform data saved to file /home/xmen/Desktop/SystolicCore/vivado/SystolicCore/SystolicCore.hw/backup/hw_ila_data_1.ila. Use Tcl command 'read_hw_ila_data' or Vivado File->Import->Import ILA Data menu item to import the previously saved data.
run_hw_ila [get_hw_ilas -of_objects [get_hw_devices xc7a100t_0] -filter {CELL_NAME=~"SystolicCore0/ILA"}]
INFO: [Labtools 27-1964] The ILA core 'hw_ila_1' trigger was armed at 2025-Nov-10 15:17:52
wait_on_hw_ila [get_hw_ilas -of_objects [get_hw_devices xc7a100t_0] -filter {CELL_NAME=~"SystolicCore0/ILA"}]
display_hw_ila_data [upload_hw_ila_data [get_hw_ilas -of_objects [get_hw_devices xc7a100t_0] -filter {CELL_NAME=~"SystolicCore0/ILA"}]]
INFO: [Labtools 27-1966] The ILA core 'hw_ila_1' triggered at 2025-Nov-10 15:17:52
INFO: [Labtools 27-3304] ILA Waveform data saved to file /home/xmen/Desktop/SystolicCore/vivado/SystolicCore/SystolicCore.hw/backup/hw_ila_data_1.ila. Use Tcl command 'read_hw_ila_data' or Vivado File->Import->Import ILA Data menu item to import the previously saved data.
run_hw_ila [get_hw_ilas -of_objects [get_hw_devices xc7a100t_0] -filter {CELL_NAME=~"SystolicCore0/ILA"}]
INFO: [Labtools 27-1964] The ILA core 'hw_ila_1' trigger was armed at 2025-Nov-10 15:17:55
wait_on_hw_ila [get_hw_ilas -of_objects [get_hw_devices xc7a100t_0] -filter {CELL_NAME=~"SystolicCore0/ILA"}]
display_hw_ila_data [upload_hw_ila_data [get_hw_ilas -of_objects [get_hw_devices xc7a100t_0] -filter {CELL_NAME=~"SystolicCore0/ILA"}]]
INFO: [Labtools 27-1966] The ILA core 'hw_ila_1' triggered at 2025-Nov-10 15:17:55
INFO: [Labtools 27-3304] ILA Waveform data saved to file /home/xmen/Desktop/SystolicCore/vivado/SystolicCore/SystolicCore.hw/backup/hw_ila_data_1.ila. Use Tcl command 'read_hw_ila_data' or Vivado File->Import->Import ILA Data menu item to import the previously saved data.
run_hw_ila [get_hw_ilas -of_objects [get_hw_devices xc7a100t_0] -filter {CELL_NAME=~"SystolicCore0/ILA"}]
INFO: [Labtools 27-1964] The ILA core 'hw_ila_1' trigger was armed at 2025-Nov-10 15:17:58
wait_on_hw_ila [get_hw_ilas -of_objects [get_hw_devices xc7a100t_0] -filter {CELL_NAME=~"SystolicCore0/ILA"}]
display_hw_ila_data [upload_hw_ila_data [get_hw_ilas -of_objects [get_hw_devices xc7a100t_0] -filter {CELL_NAME=~"SystolicCore0/ILA"}]]
INFO: [Labtools 27-1966] The ILA core 'hw_ila_1' triggered at 2025-Nov-10 15:17:58
INFO: [Labtools 27-3304] ILA Waveform data saved to file /home/xmen/Desktop/SystolicCore/vivado/SystolicCore/SystolicCore.hw/backup/hw_ila_data_1.ila. Use Tcl command 'read_hw_ila_data' or Vivado File->Import->Import ILA Data menu item to import the previously saved data.
run_hw_ila [get_hw_ilas -of_objects [get_hw_devices xc7a100t_0] -filter {CELL_NAME=~"SystolicCore0/ILA"}]
INFO: [Labtools 27-1964] The ILA core 'hw_ila_1' trigger was armed at 2025-Nov-10 15:18:01
wait_on_hw_ila [get_hw_ilas -of_objects [get_hw_devices xc7a100t_0] -filter {CELL_NAME=~"SystolicCore0/ILA"}]
display_hw_ila_data [upload_hw_ila_data [get_hw_ilas -of_objects [get_hw_devices xc7a100t_0] -filter {CELL_NAME=~"SystolicCore0/ILA"}]]
INFO: [Labtools 27-1966] The ILA core 'hw_ila_1' triggered at 2025-Nov-10 15:18:01
INFO: [Labtools 27-3304] ILA Waveform data saved to file /home/xmen/Desktop/SystolicCore/vivado/SystolicCore/SystolicCore.hw/backup/hw_ila_data_1.ila. Use Tcl command 'read_hw_ila_data' or Vivado File->Import->Import ILA Data menu item to import the previously saved data.
run_hw_ila [get_hw_ilas -of_objects [get_hw_devices xc7a100t_0] -filter {CELL_NAME=~"SystolicCore0/ILA"}]
INFO: [Labtools 27-1964] The ILA core 'hw_ila_1' trigger was armed at 2025-Nov-10 15:18:05
wait_on_hw_ila [get_hw_ilas -of_objects [get_hw_devices xc7a100t_0] -filter {CELL_NAME=~"SystolicCore0/ILA"}]
display_hw_ila_data [upload_hw_ila_data [get_hw_ilas -of_objects [get_hw_devices xc7a100t_0] -filter {CELL_NAME=~"SystolicCore0/ILA"}]]
INFO: [Labtools 27-1966] The ILA core 'hw_ila_1' triggered at 2025-Nov-10 15:18:05
INFO: [Labtools 27-3304] ILA Waveform data saved to file /home/xmen/Desktop/SystolicCore/vivado/SystolicCore/SystolicCore.hw/backup/hw_ila_data_1.ila. Use Tcl command 'read_hw_ila_data' or Vivado File->Import->Import ILA Data menu item to import the previously saved data.
run_hw_ila [get_hw_ilas -of_objects [get_hw_devices xc7a100t_0] -filter {CELL_NAME=~"SystolicCore0/ILA"}]
INFO: [Labtools 27-1964] The ILA core 'hw_ila_1' trigger was armed at 2025-Nov-10 15:18:08
wait_on_hw_ila [get_hw_ilas -of_objects [get_hw_devices xc7a100t_0] -filter {CELL_NAME=~"SystolicCore0/ILA"}]
display_hw_ila_data [upload_hw_ila_data [get_hw_ilas -of_objects [get_hw_devices xc7a100t_0] -filter {CELL_NAME=~"SystolicCore0/ILA"}]]
INFO: [Labtools 27-1966] The ILA core 'hw_ila_1' triggered at 2025-Nov-10 15:18:08
INFO: [Labtools 27-3304] ILA Waveform data saved to file /home/xmen/Desktop/SystolicCore/vivado/SystolicCore/SystolicCore.hw/backup/hw_ila_data_1.ila. Use Tcl command 'read_hw_ila_data' or Vivado File->Import->Import ILA Data menu item to import the previously saved data.
run_hw_ila [get_hw_ilas -of_objects [get_hw_devices xc7a100t_0] -filter {CELL_NAME=~"SystolicCore0/ILA"}]
INFO: [Labtools 27-1964] The ILA core 'hw_ila_1' trigger was armed at 2025-Nov-10 15:18:12
wait_on_hw_ila [get_hw_ilas -of_objects [get_hw_devices xc7a100t_0] -filter {CELL_NAME=~"SystolicCore0/ILA"}]
display_hw_ila_data [upload_hw_ila_data [get_hw_ilas -of_objects [get_hw_devices xc7a100t_0] -filter {CELL_NAME=~"SystolicCore0/ILA"}]]
INFO: [Labtools 27-1966] The ILA core 'hw_ila_1' triggered at 2025-Nov-10 15:18:12
INFO: [Labtools 27-3304] ILA Waveform data saved to file /home/xmen/Desktop/SystolicCore/vivado/SystolicCore/SystolicCore.hw/backup/hw_ila_data_1.ila. Use Tcl command 'read_hw_ila_data' or Vivado File->Import->Import ILA Data menu item to import the previously saved data.
run_hw_ila [get_hw_ilas -of_objects [get_hw_devices xc7a100t_0] -filter {CELL_NAME=~"SystolicCore0/ILA"}]
INFO: [Labtools 27-1964] The ILA core 'hw_ila_1' trigger was armed at 2025-Nov-10 15:18:15
wait_on_hw_ila [get_hw_ilas -of_objects [get_hw_devices xc7a100t_0] -filter {CELL_NAME=~"SystolicCore0/ILA"}]
display_hw_ila_data [upload_hw_ila_data [get_hw_ilas -of_objects [get_hw_devices xc7a100t_0] -filter {CELL_NAME=~"SystolicCore0/ILA"}]]
INFO: [Labtools 27-1966] The ILA core 'hw_ila_1' triggered at 2025-Nov-10 15:18:15
INFO: [Labtools 27-3304] ILA Waveform data saved to file /home/xmen/Desktop/SystolicCore/vivado/SystolicCore/SystolicCore.hw/backup/hw_ila_data_1.ila. Use Tcl command 'read_hw_ila_data' or Vivado File->Import->Import ILA Data menu item to import the previously saved data.
run_hw_ila [get_hw_ilas -of_objects [get_hw_devices xc7a100t_0] -filter {CELL_NAME=~"SystolicCore0/ILA"}]
INFO: [Labtools 27-1964] The ILA core 'hw_ila_1' trigger was armed at 2025-Nov-10 15:18:18
wait_on_hw_ila [get_hw_ilas -of_objects [get_hw_devices xc7a100t_0] -filter {CELL_NAME=~"SystolicCore0/ILA"}]
display_hw_ila_data [upload_hw_ila_data [get_hw_ilas -of_objects [get_hw_devices xc7a100t_0] -filter {CELL_NAME=~"SystolicCore0/ILA"}]]
INFO: [Labtools 27-1966] The ILA core 'hw_ila_1' triggered at 2025-Nov-10 15:18:18
INFO: [Labtools 27-3304] ILA Waveform data saved to file /home/xmen/Desktop/SystolicCore/vivado/SystolicCore/SystolicCore.hw/backup/hw_ila_data_1.ila. Use Tcl command 'read_hw_ila_data' or Vivado File->Import->Import ILA Data menu item to import the previously saved data.
run_hw_ila [get_hw_ilas -of_objects [get_hw_devices xc7a100t_0] -filter {CELL_NAME=~"SystolicCore0/ILA"}]
INFO: [Labtools 27-1964] The ILA core 'hw_ila_1' trigger was armed at 2025-Nov-10 15:18:21
wait_on_hw_ila [get_hw_ilas -of_objects [get_hw_devices xc7a100t_0] -filter {CELL_NAME=~"SystolicCore0/ILA"}]
display_hw_ila_data [upload_hw_ila_data [get_hw_ilas -of_objects [get_hw_devices xc7a100t_0] -filter {CELL_NAME=~"SystolicCore0/ILA"}]]
INFO: [Labtools 27-1966] The ILA core 'hw_ila_1' triggered at 2025-Nov-10 15:18:21
INFO: [Labtools 27-3304] ILA Waveform data saved to file /home/xmen/Desktop/SystolicCore/vivado/SystolicCore/SystolicCore.hw/backup/hw_ila_data_1.ila. Use Tcl command 'read_hw_ila_data' or Vivado File->Import->Import ILA Data menu item to import the previously saved data.
run_hw_ila [get_hw_ilas -of_objects [get_hw_devices xc7a100t_0] -filter {CELL_NAME=~"SystolicCore0/ILA"}]
INFO: [Labtools 27-1964] The ILA core 'hw_ila_1' trigger was armed at 2025-Nov-10 15:18:25
wait_on_hw_ila [get_hw_ilas -of_objects [get_hw_devices xc7a100t_0] -filter {CELL_NAME=~"SystolicCore0/ILA"}]
display_hw_ila_data [upload_hw_ila_data [get_hw_ilas -of_objects [get_hw_devices xc7a100t_0] -filter {CELL_NAME=~"SystolicCore0/ILA"}]]
INFO: [Labtools 27-1966] The ILA core 'hw_ila_1' triggered at 2025-Nov-10 15:18:25
INFO: [Labtools 27-3304] ILA Waveform data saved to file /home/xmen/Desktop/SystolicCore/vivado/SystolicCore/SystolicCore.hw/backup/hw_ila_data_1.ila. Use Tcl command 'read_hw_ila_data' or Vivado File->Import->Import ILA Data menu item to import the previously saved data.
run_hw_ila [get_hw_ilas -of_objects [get_hw_devices xc7a100t_0] -filter {CELL_NAME=~"SystolicCore0/ILA"}]
INFO: [Labtools 27-1964] The ILA core 'hw_ila_1' trigger was armed at 2025-Nov-10 15:18:28
wait_on_hw_ila [get_hw_ilas -of_objects [get_hw_devices xc7a100t_0] -filter {CELL_NAME=~"SystolicCore0/ILA"}]
display_hw_ila_data [upload_hw_ila_data [get_hw_ilas -of_objects [get_hw_devices xc7a100t_0] -filter {CELL_NAME=~"SystolicCore0/ILA"}]]
INFO: [Labtools 27-1966] The ILA core 'hw_ila_1' triggered at 2025-Nov-10 15:18:28
INFO: [Labtools 27-3304] ILA Waveform data saved to file /home/xmen/Desktop/SystolicCore/vivado/SystolicCore/SystolicCore.hw/backup/hw_ila_data_1.ila. Use Tcl command 'read_hw_ila_data' or Vivado File->Import->Import ILA Data menu item to import the previously saved data.
run_hw_ila [get_hw_ilas -of_objects [get_hw_devices xc7a100t_0] -filter {CELL_NAME=~"SystolicCore0/ILA"}]
INFO: [Labtools 27-1964] The ILA core 'hw_ila_1' trigger was armed at 2025-Nov-10 15:18:31
wait_on_hw_ila [get_hw_ilas -of_objects [get_hw_devices xc7a100t_0] -filter {CELL_NAME=~"SystolicCore0/ILA"}]
display_hw_ila_data [upload_hw_ila_data [get_hw_ilas -of_objects [get_hw_devices xc7a100t_0] -filter {CELL_NAME=~"SystolicCore0/ILA"}]]
INFO: [Labtools 27-1966] The ILA core 'hw_ila_1' triggered at 2025-Nov-10 15:18:31
INFO: [Labtools 27-3304] ILA Waveform data saved to file /home/xmen/Desktop/SystolicCore/vivado/SystolicCore/SystolicCore.hw/backup/hw_ila_data_1.ila. Use Tcl command 'read_hw_ila_data' or Vivado File->Import->Import ILA Data menu item to import the previously saved data.
run_hw_ila [get_hw_ilas -of_objects [get_hw_devices xc7a100t_0] -filter {CELL_NAME=~"SystolicCore0/ILA"}]
INFO: [Labtools 27-1964] The ILA core 'hw_ila_1' trigger was armed at 2025-Nov-10 15:18:35
wait_on_hw_ila [get_hw_ilas -of_objects [get_hw_devices xc7a100t_0] -filter {CELL_NAME=~"SystolicCore0/ILA"}]
display_hw_ila_data [upload_hw_ila_data [get_hw_ilas -of_objects [get_hw_devices xc7a100t_0] -filter {CELL_NAME=~"SystolicCore0/ILA"}]]
INFO: [Labtools 27-1966] The ILA core 'hw_ila_1' triggered at 2025-Nov-10 15:18:35
INFO: [Labtools 27-3304] ILA Waveform data saved to file /home/xmen/Desktop/SystolicCore/vivado/SystolicCore/SystolicCore.hw/backup/hw_ila_data_1.ila. Use Tcl command 'read_hw_ila_data' or Vivado File->Import->Import ILA Data menu item to import the previously saved data.
run_hw_ila [get_hw_ilas -of_objects [get_hw_devices xc7a100t_0] -filter {CELL_NAME=~"SystolicCore0/ILA"}]
INFO: [Labtools 27-1964] The ILA core 'hw_ila_1' trigger was armed at 2025-Nov-10 15:18:38
wait_on_hw_ila [get_hw_ilas -of_objects [get_hw_devices xc7a100t_0] -filter {CELL_NAME=~"SystolicCore0/ILA"}]
display_hw_ila_data [upload_hw_ila_data [get_hw_ilas -of_objects [get_hw_devices xc7a100t_0] -filter {CELL_NAME=~"SystolicCore0/ILA"}]]
INFO: [Labtools 27-1966] The ILA core 'hw_ila_1' triggered at 2025-Nov-10 15:18:38
INFO: [Labtools 27-3304] ILA Waveform data saved to file /home/xmen/Desktop/SystolicCore/vivado/SystolicCore/SystolicCore.hw/backup/hw_ila_data_1.ila. Use Tcl command 'read_hw_ila_data' or Vivado File->Import->Import ILA Data menu item to import the previously saved data.
run_hw_ila [get_hw_ilas -of_objects [get_hw_devices xc7a100t_0] -filter {CELL_NAME=~"SystolicCore0/ILA"}]
INFO: [Labtools 27-1964] The ILA core 'hw_ila_1' trigger was armed at 2025-Nov-10 15:18:41
wait_on_hw_ila [get_hw_ilas -of_objects [get_hw_devices xc7a100t_0] -filter {CELL_NAME=~"SystolicCore0/ILA"}]
display_hw_ila_data [upload_hw_ila_data [get_hw_ilas -of_objects [get_hw_devices xc7a100t_0] -filter {CELL_NAME=~"SystolicCore0/ILA"}]]
INFO: [Labtools 27-1966] The ILA core 'hw_ila_1' triggered at 2025-Nov-10 15:18:41
INFO: [Labtools 27-3304] ILA Waveform data saved to file /home/xmen/Desktop/SystolicCore/vivado/SystolicCore/SystolicCore.hw/backup/hw_ila_data_1.ila. Use Tcl command 'read_hw_ila_data' or Vivado File->Import->Import ILA Data menu item to import the previously saved data.
run_hw_ila [get_hw_ilas -of_objects [get_hw_devices xc7a100t_0] -filter {CELL_NAME=~"SystolicCore0/ILA"}]
INFO: [Labtools 27-1964] The ILA core 'hw_ila_1' trigger was armed at 2025-Nov-10 15:18:44
wait_on_hw_ila [get_hw_ilas -of_objects [get_hw_devices xc7a100t_0] -filter {CELL_NAME=~"SystolicCore0/ILA"}]
display_hw_ila_data [upload_hw_ila_data [get_hw_ilas -of_objects [get_hw_devices xc7a100t_0] -filter {CELL_NAME=~"SystolicCore0/ILA"}]]
INFO: [Labtools 27-1966] The ILA core 'hw_ila_1' triggered at 2025-Nov-10 15:18:44
INFO: [Labtools 27-3304] ILA Waveform data saved to file /home/xmen/Desktop/SystolicCore/vivado/SystolicCore/SystolicCore.hw/backup/hw_ila_data_1.ila. Use Tcl command 'read_hw_ila_data' or Vivado File->Import->Import ILA Data menu item to import the previously saved data.
run_hw_ila [get_hw_ilas -of_objects [get_hw_devices xc7a100t_0] -filter {CELL_NAME=~"SystolicCore0/ILA"}]
INFO: [Labtools 27-1964] The ILA core 'hw_ila_1' trigger was armed at 2025-Nov-10 15:18:48
wait_on_hw_ila [get_hw_ilas -of_objects [get_hw_devices xc7a100t_0] -filter {CELL_NAME=~"SystolicCore0/ILA"}]
display_hw_ila_data [upload_hw_ila_data [get_hw_ilas -of_objects [get_hw_devices xc7a100t_0] -filter {CELL_NAME=~"SystolicCore0/ILA"}]]
INFO: [Labtools 27-1966] The ILA core 'hw_ila_1' triggered at 2025-Nov-10 15:18:48
INFO: [Labtools 27-3304] ILA Waveform data saved to file /home/xmen/Desktop/SystolicCore/vivado/SystolicCore/SystolicCore.hw/backup/hw_ila_data_1.ila. Use Tcl command 'read_hw_ila_data' or Vivado File->Import->Import ILA Data menu item to import the previously saved data.
run_hw_ila [get_hw_ilas -of_objects [get_hw_devices xc7a100t_0] -filter {CELL_NAME=~"SystolicCore0/ILA"}]
INFO: [Labtools 27-1964] The ILA core 'hw_ila_1' trigger was armed at 2025-Nov-10 15:18:51
wait_on_hw_ila [get_hw_ilas -of_objects [get_hw_devices xc7a100t_0] -filter {CELL_NAME=~"SystolicCore0/ILA"}]
display_hw_ila_data [upload_hw_ila_data [get_hw_ilas -of_objects [get_hw_devices xc7a100t_0] -filter {CELL_NAME=~"SystolicCore0/ILA"}]]
INFO: [Labtools 27-1966] The ILA core 'hw_ila_1' triggered at 2025-Nov-10 15:18:51
INFO: [Labtools 27-3304] ILA Waveform data saved to file /home/xmen/Desktop/SystolicCore/vivado/SystolicCore/SystolicCore.hw/backup/hw_ila_data_1.ila. Use Tcl command 'read_hw_ila_data' or Vivado File->Import->Import ILA Data menu item to import the previously saved data.
run_hw_ila [get_hw_ilas -of_objects [get_hw_devices xc7a100t_0] -filter {CELL_NAME=~"SystolicCore0/ILA"}]
INFO: [Labtools 27-1964] The ILA core 'hw_ila_1' trigger was armed at 2025-Nov-10 15:18:54
wait_on_hw_ila [get_hw_ilas -of_objects [get_hw_devices xc7a100t_0] -filter {CELL_NAME=~"SystolicCore0/ILA"}]
display_hw_ila_data [upload_hw_ila_data [get_hw_ilas -of_objects [get_hw_devices xc7a100t_0] -filter {CELL_NAME=~"SystolicCore0/ILA"}]]
INFO: [Labtools 27-1966] The ILA core 'hw_ila_1' triggered at 2025-Nov-10 15:18:54
INFO: [Labtools 27-3304] ILA Waveform data saved to file /home/xmen/Desktop/SystolicCore/vivado/SystolicCore/SystolicCore.hw/backup/hw_ila_data_1.ila. Use Tcl command 'read_hw_ila_data' or Vivado File->Import->Import ILA Data menu item to import the previously saved data.
run_hw_ila [get_hw_ilas -of_objects [get_hw_devices xc7a100t_0] -filter {CELL_NAME=~"SystolicCore0/ILA"}]
INFO: [Labtools 27-1964] The ILA core 'hw_ila_1' trigger was armed at 2025-Nov-10 15:18:58
wait_on_hw_ila [get_hw_ilas -of_objects [get_hw_devices xc7a100t_0] -filter {CELL_NAME=~"SystolicCore0/ILA"}]
display_hw_ila_data [upload_hw_ila_data [get_hw_ilas -of_objects [get_hw_devices xc7a100t_0] -filter {CELL_NAME=~"SystolicCore0/ILA"}]]
INFO: [Labtools 27-1966] The ILA core 'hw_ila_1' triggered at 2025-Nov-10 15:18:58
INFO: [Labtools 27-3304] ILA Waveform data saved to file /home/xmen/Desktop/SystolicCore/vivado/SystolicCore/SystolicCore.hw/backup/hw_ila_data_1.ila. Use Tcl command 'read_hw_ila_data' or Vivado File->Import->Import ILA Data menu item to import the previously saved data.
run_hw_ila [get_hw_ilas -of_objects [get_hw_devices xc7a100t_0] -filter {CELL_NAME=~"SystolicCore0/ILA"}]
INFO: [Labtools 27-1964] The ILA core 'hw_ila_1' trigger was armed at 2025-Nov-10 15:19:01
wait_on_hw_ila [get_hw_ilas -of_objects [get_hw_devices xc7a100t_0] -filter {CELL_NAME=~"SystolicCore0/ILA"}]
display_hw_ila_data [upload_hw_ila_data [get_hw_ilas -of_objects [get_hw_devices xc7a100t_0] -filter {CELL_NAME=~"SystolicCore0/ILA"}]]
INFO: [Labtools 27-1966] The ILA core 'hw_ila_1' triggered at 2025-Nov-10 15:19:01
INFO: [Labtools 27-3304] ILA Waveform data saved to file /home/xmen/Desktop/SystolicCore/vivado/SystolicCore/SystolicCore.hw/backup/hw_ila_data_1.ila. Use Tcl command 'read_hw_ila_data' or Vivado File->Import->Import ILA Data menu item to import the previously saved data.
run_hw_ila [get_hw_ilas -of_objects [get_hw_devices xc7a100t_0] -filter {CELL_NAME=~"SystolicCore0/ILA"}]
INFO: [Labtools 27-1964] The ILA core 'hw_ila_1' trigger was armed at 2025-Nov-10 15:19:04
wait_on_hw_ila [get_hw_ilas -of_objects [get_hw_devices xc7a100t_0] -filter {CELL_NAME=~"SystolicCore0/ILA"}]
display_hw_ila_data [upload_hw_ila_data [get_hw_ilas -of_objects [get_hw_devices xc7a100t_0] -filter {CELL_NAME=~"SystolicCore0/ILA"}]]
INFO: [Labtools 27-1966] The ILA core 'hw_ila_1' triggered at 2025-Nov-10 15:19:04
INFO: [Labtools 27-3304] ILA Waveform data saved to file /home/xmen/Desktop/SystolicCore/vivado/SystolicCore/SystolicCore.hw/backup/hw_ila_data_1.ila. Use Tcl command 'read_hw_ila_data' or Vivado File->Import->Import ILA Data menu item to import the previously saved data.
run_hw_ila [get_hw_ilas -of_objects [get_hw_devices xc7a100t_0] -filter {CELL_NAME=~"SystolicCore0/ILA"}]
INFO: [Labtools 27-1964] The ILA core 'hw_ila_1' trigger was armed at 2025-Nov-10 15:19:08
wait_on_hw_ila [get_hw_ilas -of_objects [get_hw_devices xc7a100t_0] -filter {CELL_NAME=~"SystolicCore0/ILA"}]
display_hw_ila_data [upload_hw_ila_data [get_hw_ilas -of_objects [get_hw_devices xc7a100t_0] -filter {CELL_NAME=~"SystolicCore0/ILA"}]]
INFO: [Labtools 27-1966] The ILA core 'hw_ila_1' triggered at 2025-Nov-10 15:19:08
INFO: [Labtools 27-3304] ILA Waveform data saved to file /home/xmen/Desktop/SystolicCore/vivado/SystolicCore/SystolicCore.hw/backup/hw_ila_data_1.ila. Use Tcl command 'read_hw_ila_data' or Vivado File->Import->Import ILA Data menu item to import the previously saved data.
run_hw_ila [get_hw_ilas -of_objects [get_hw_devices xc7a100t_0] -filter {CELL_NAME=~"SystolicCore0/ILA"}]
INFO: [Labtools 27-1964] The ILA core 'hw_ila_1' trigger was armed at 2025-Nov-10 15:19:11
wait_on_hw_ila [get_hw_ilas -of_objects [get_hw_devices xc7a100t_0] -filter {CELL_NAME=~"SystolicCore0/ILA"}]
display_hw_ila_data [upload_hw_ila_data [get_hw_ilas -of_objects [get_hw_devices xc7a100t_0] -filter {CELL_NAME=~"SystolicCore0/ILA"}]]
INFO: [Labtools 27-1966] The ILA core 'hw_ila_1' triggered at 2025-Nov-10 15:19:11
INFO: [Labtools 27-3304] ILA Waveform data saved to file /home/xmen/Desktop/SystolicCore/vivado/SystolicCore/SystolicCore.hw/backup/hw_ila_data_1.ila. Use Tcl command 'read_hw_ila_data' or Vivado File->Import->Import ILA Data menu item to import the previously saved data.
run_hw_ila [get_hw_ilas -of_objects [get_hw_devices xc7a100t_0] -filter {CELL_NAME=~"SystolicCore0/ILA"}]
INFO: [Labtools 27-1964] The ILA core 'hw_ila_1' trigger was armed at 2025-Nov-10 15:19:14
wait_on_hw_ila [get_hw_ilas -of_objects [get_hw_devices xc7a100t_0] -filter {CELL_NAME=~"SystolicCore0/ILA"}]
display_hw_ila_data [upload_hw_ila_data [get_hw_ilas -of_objects [get_hw_devices xc7a100t_0] -filter {CELL_NAME=~"SystolicCore0/ILA"}]]
INFO: [Labtools 27-1966] The ILA core 'hw_ila_1' triggered at 2025-Nov-10 15:19:14
INFO: [Labtools 27-3304] ILA Waveform data saved to file /home/xmen/Desktop/SystolicCore/vivado/SystolicCore/SystolicCore.hw/backup/hw_ila_data_1.ila. Use Tcl command 'read_hw_ila_data' or Vivado File->Import->Import ILA Data menu item to import the previously saved data.
run_hw_ila [get_hw_ilas -of_objects [get_hw_devices xc7a100t_0] -filter {CELL_NAME=~"SystolicCore0/ILA"}]
INFO: [Labtools 27-1964] The ILA core 'hw_ila_1' trigger was armed at 2025-Nov-10 15:19:17
wait_on_hw_ila [get_hw_ilas -of_objects [get_hw_devices xc7a100t_0] -filter {CELL_NAME=~"SystolicCore0/ILA"}]
display_hw_ila_data [upload_hw_ila_data [get_hw_ilas -of_objects [get_hw_devices xc7a100t_0] -filter {CELL_NAME=~"SystolicCore0/ILA"}]]
INFO: [Labtools 27-1966] The ILA core 'hw_ila_1' triggered at 2025-Nov-10 15:19:17
INFO: [Labtools 27-3304] ILA Waveform data saved to file /home/xmen/Desktop/SystolicCore/vivado/SystolicCore/SystolicCore.hw/backup/hw_ila_data_1.ila. Use Tcl command 'read_hw_ila_data' or Vivado File->Import->Import ILA Data menu item to import the previously saved data.
run_hw_ila [get_hw_ilas -of_objects [get_hw_devices xc7a100t_0] -filter {CELL_NAME=~"SystolicCore0/ILA"}]
INFO: [Labtools 27-1964] The ILA core 'hw_ila_1' trigger was armed at 2025-Nov-10 15:19:21
wait_on_hw_ila [get_hw_ilas -of_objects [get_hw_devices xc7a100t_0] -filter {CELL_NAME=~"SystolicCore0/ILA"}]
display_hw_ila_data [upload_hw_ila_data [get_hw_ilas -of_objects [get_hw_devices xc7a100t_0] -filter {CELL_NAME=~"SystolicCore0/ILA"}]]
INFO: [Labtools 27-1966] The ILA core 'hw_ila_1' triggered at 2025-Nov-10 15:19:21
INFO: [Labtools 27-3304] ILA Waveform data saved to file /home/xmen/Desktop/SystolicCore/vivado/SystolicCore/SystolicCore.hw/backup/hw_ila_data_1.ila. Use Tcl command 'read_hw_ila_data' or Vivado File->Import->Import ILA Data menu item to import the previously saved data.
run_hw_ila [get_hw_ilas -of_objects [get_hw_devices xc7a100t_0] -filter {CELL_NAME=~"SystolicCore0/ILA"}]
INFO: [Labtools 27-1964] The ILA core 'hw_ila_1' trigger was armed at 2025-Nov-10 15:19:24
wait_on_hw_ila [get_hw_ilas -of_objects [get_hw_devices xc7a100t_0] -filter {CELL_NAME=~"SystolicCore0/ILA"}]
display_hw_ila_data [upload_hw_ila_data [get_hw_ilas -of_objects [get_hw_devices xc7a100t_0] -filter {CELL_NAME=~"SystolicCore0/ILA"}]]
INFO: [Labtools 27-1966] The ILA core 'hw_ila_1' triggered at 2025-Nov-10 15:19:24
INFO: [Labtools 27-3304] ILA Waveform data saved to file /home/xmen/Desktop/SystolicCore/vivado/SystolicCore/SystolicCore.hw/backup/hw_ila_data_1.ila. Use Tcl command 'read_hw_ila_data' or Vivado File->Import->Import ILA Data menu item to import the previously saved data.
run_hw_ila [get_hw_ilas -of_objects [get_hw_devices xc7a100t_0] -filter {CELL_NAME=~"SystolicCore0/ILA"}]
INFO: [Labtools 27-1964] The ILA core 'hw_ila_1' trigger was armed at 2025-Nov-10 15:19:27
wait_on_hw_ila [get_hw_ilas -of_objects [get_hw_devices xc7a100t_0] -filter {CELL_NAME=~"SystolicCore0/ILA"}]
display_hw_ila_data [upload_hw_ila_data [get_hw_ilas -of_objects [get_hw_devices xc7a100t_0] -filter {CELL_NAME=~"SystolicCore0/ILA"}]]
INFO: [Labtools 27-1966] The ILA core 'hw_ila_1' triggered at 2025-Nov-10 15:19:27
INFO: [Labtools 27-3304] ILA Waveform data saved to file /home/xmen/Desktop/SystolicCore/vivado/SystolicCore/SystolicCore.hw/backup/hw_ila_data_1.ila. Use Tcl command 'read_hw_ila_data' or Vivado File->Import->Import ILA Data menu item to import the previously saved data.
run_hw_ila [get_hw_ilas -of_objects [get_hw_devices xc7a100t_0] -filter {CELL_NAME=~"SystolicCore0/ILA"}]
INFO: [Labtools 27-1964] The ILA core 'hw_ila_1' trigger was armed at 2025-Nov-10 15:19:31
wait_on_hw_ila [get_hw_ilas -of_objects [get_hw_devices xc7a100t_0] -filter {CELL_NAME=~"SystolicCore0/ILA"}]
display_hw_ila_data [upload_hw_ila_data [get_hw_ilas -of_objects [get_hw_devices xc7a100t_0] -filter {CELL_NAME=~"SystolicCore0/ILA"}]]
INFO: [Labtools 27-1966] The ILA core 'hw_ila_1' triggered at 2025-Nov-10 15:19:31
INFO: [Labtools 27-3304] ILA Waveform data saved to file /home/xmen/Desktop/SystolicCore/vivado/SystolicCore/SystolicCore.hw/backup/hw_ila_data_1.ila. Use Tcl command 'read_hw_ila_data' or Vivado File->Import->Import ILA Data menu item to import the previously saved data.
run_hw_ila [get_hw_ilas -of_objects [get_hw_devices xc7a100t_0] -filter {CELL_NAME=~"SystolicCore0/ILA"}]
INFO: [Labtools 27-1964] The ILA core 'hw_ila_1' trigger was armed at 2025-Nov-10 15:19:34
wait_on_hw_ila [get_hw_ilas -of_objects [get_hw_devices xc7a100t_0] -filter {CELL_NAME=~"SystolicCore0/ILA"}]
display_hw_ila_data [upload_hw_ila_data [get_hw_ilas -of_objects [get_hw_devices xc7a100t_0] -filter {CELL_NAME=~"SystolicCore0/ILA"}]]
INFO: [Labtools 27-1966] The ILA core 'hw_ila_1' triggered at 2025-Nov-10 15:19:34
INFO: [Labtools 27-3304] ILA Waveform data saved to file /home/xmen/Desktop/SystolicCore/vivado/SystolicCore/SystolicCore.hw/backup/hw_ila_data_1.ila. Use Tcl command 'read_hw_ila_data' or Vivado File->Import->Import ILA Data menu item to import the previously saved data.
run_hw_ila [get_hw_ilas -of_objects [get_hw_devices xc7a100t_0] -filter {CELL_NAME=~"SystolicCore0/ILA"}]
INFO: [Labtools 27-1964] The ILA core 'hw_ila_1' trigger was armed at 2025-Nov-10 15:19:37
wait_on_hw_ila [get_hw_ilas -of_objects [get_hw_devices xc7a100t_0] -filter {CELL_NAME=~"SystolicCore0/ILA"}]
display_hw_ila_data [upload_hw_ila_data [get_hw_ilas -of_objects [get_hw_devices xc7a100t_0] -filter {CELL_NAME=~"SystolicCore0/ILA"}]]
INFO: [Labtools 27-1966] The ILA core 'hw_ila_1' triggered at 2025-Nov-10 15:19:37
INFO: [Labtools 27-3304] ILA Waveform data saved to file /home/xmen/Desktop/SystolicCore/vivado/SystolicCore/SystolicCore.hw/backup/hw_ila_data_1.ila. Use Tcl command 'read_hw_ila_data' or Vivado File->Import->Import ILA Data menu item to import the previously saved data.
run_hw_ila [get_hw_ilas -of_objects [get_hw_devices xc7a100t_0] -filter {CELL_NAME=~"SystolicCore0/ILA"}]
INFO: [Labtools 27-1964] The ILA core 'hw_ila_1' trigger was armed at 2025-Nov-10 15:19:41
wait_on_hw_ila [get_hw_ilas -of_objects [get_hw_devices xc7a100t_0] -filter {CELL_NAME=~"SystolicCore0/ILA"}]
display_hw_ila_data [upload_hw_ila_data [get_hw_ilas -of_objects [get_hw_devices xc7a100t_0] -filter {CELL_NAME=~"SystolicCore0/ILA"}]]
INFO: [Labtools 27-1966] The ILA core 'hw_ila_1' triggered at 2025-Nov-10 15:19:41
INFO: [Labtools 27-3304] ILA Waveform data saved to file /home/xmen/Desktop/SystolicCore/vivado/SystolicCore/SystolicCore.hw/backup/hw_ila_data_1.ila. Use Tcl command 'read_hw_ila_data' or Vivado File->Import->Import ILA Data menu item to import the previously saved data.
run_hw_ila [get_hw_ilas -of_objects [get_hw_devices xc7a100t_0] -filter {CELL_NAME=~"SystolicCore0/ILA"}]
INFO: [Labtools 27-1964] The ILA core 'hw_ila_1' trigger was armed at 2025-Nov-10 15:19:44
wait_on_hw_ila [get_hw_ilas -of_objects [get_hw_devices xc7a100t_0] -filter {CELL_NAME=~"SystolicCore0/ILA"}]
display_hw_ila_data [upload_hw_ila_data [get_hw_ilas -of_objects [get_hw_devices xc7a100t_0] -filter {CELL_NAME=~"SystolicCore0/ILA"}]]
INFO: [Labtools 27-1966] The ILA core 'hw_ila_1' triggered at 2025-Nov-10 15:19:44
INFO: [Labtools 27-3304] ILA Waveform data saved to file /home/xmen/Desktop/SystolicCore/vivado/SystolicCore/SystolicCore.hw/backup/hw_ila_data_1.ila. Use Tcl command 'read_hw_ila_data' or Vivado File->Import->Import ILA Data menu item to import the previously saved data.
run_hw_ila [get_hw_ilas -of_objects [get_hw_devices xc7a100t_0] -filter {CELL_NAME=~"SystolicCore0/ILA"}]
INFO: [Labtools 27-1964] The ILA core 'hw_ila_1' trigger was armed at 2025-Nov-10 15:19:47
wait_on_hw_ila [get_hw_ilas -of_objects [get_hw_devices xc7a100t_0] -filter {CELL_NAME=~"SystolicCore0/ILA"}]
display_hw_ila_data [upload_hw_ila_data [get_hw_ilas -of_objects [get_hw_devices xc7a100t_0] -filter {CELL_NAME=~"SystolicCore0/ILA"}]]
INFO: [Labtools 27-1966] The ILA core 'hw_ila_1' triggered at 2025-Nov-10 15:19:47
INFO: [Labtools 27-3304] ILA Waveform data saved to file /home/xmen/Desktop/SystolicCore/vivado/SystolicCore/SystolicCore.hw/backup/hw_ila_data_1.ila. Use Tcl command 'read_hw_ila_data' or Vivado File->Import->Import ILA Data menu item to import the previously saved data.
run_hw_ila [get_hw_ilas -of_objects [get_hw_devices xc7a100t_0] -filter {CELL_NAME=~"SystolicCore0/ILA"}]
INFO: [Labtools 27-1964] The ILA core 'hw_ila_1' trigger was armed at 2025-Nov-10 15:19:50
wait_on_hw_ila [get_hw_ilas -of_objects [get_hw_devices xc7a100t_0] -filter {CELL_NAME=~"SystolicCore0/ILA"}]
display_hw_ila_data [upload_hw_ila_data [get_hw_ilas -of_objects [get_hw_devices xc7a100t_0] -filter {CELL_NAME=~"SystolicCore0/ILA"}]]
INFO: [Labtools 27-1966] The ILA core 'hw_ila_1' triggered at 2025-Nov-10 15:19:50
INFO: [Labtools 27-3304] ILA Waveform data saved to file /home/xmen/Desktop/SystolicCore/vivado/SystolicCore/SystolicCore.hw/backup/hw_ila_data_1.ila. Use Tcl command 'read_hw_ila_data' or Vivado File->Import->Import ILA Data menu item to import the previously saved data.
run_hw_ila [get_hw_ilas -of_objects [get_hw_devices xc7a100t_0] -filter {CELL_NAME=~"SystolicCore0/ILA"}]
INFO: [Labtools 27-1964] The ILA core 'hw_ila_1' trigger was armed at 2025-Nov-10 15:19:53
wait_on_hw_ila [get_hw_ilas -of_objects [get_hw_devices xc7a100t_0] -filter {CELL_NAME=~"SystolicCore0/ILA"}]
display_hw_ila_data [upload_hw_ila_data [get_hw_ilas -of_objects [get_hw_devices xc7a100t_0] -filter {CELL_NAME=~"SystolicCore0/ILA"}]]
INFO: [Labtools 27-1966] The ILA core 'hw_ila_1' triggered at 2025-Nov-10 15:19:53
INFO: [Labtools 27-3304] ILA Waveform data saved to file /home/xmen/Desktop/SystolicCore/vivado/SystolicCore/SystolicCore.hw/backup/hw_ila_data_1.ila. Use Tcl command 'read_hw_ila_data' or Vivado File->Import->Import ILA Data menu item to import the previously saved data.
run_hw_ila [get_hw_ilas -of_objects [get_hw_devices xc7a100t_0] -filter {CELL_NAME=~"SystolicCore0/ILA"}]
INFO: [Labtools 27-1964] The ILA core 'hw_ila_1' trigger was armed at 2025-Nov-10 15:19:56
wait_on_hw_ila [get_hw_ilas -of_objects [get_hw_devices xc7a100t_0] -filter {CELL_NAME=~"SystolicCore0/ILA"}]
display_hw_ila_data [upload_hw_ila_data [get_hw_ilas -of_objects [get_hw_devices xc7a100t_0] -filter {CELL_NAME=~"SystolicCore0/ILA"}]]
INFO: [Labtools 27-1966] The ILA core 'hw_ila_1' triggered at 2025-Nov-10 15:19:56
INFO: [Labtools 27-3304] ILA Waveform data saved to file /home/xmen/Desktop/SystolicCore/vivado/SystolicCore/SystolicCore.hw/backup/hw_ila_data_1.ila. Use Tcl command 'read_hw_ila_data' or Vivado File->Import->Import ILA Data menu item to import the previously saved data.
run_hw_ila [get_hw_ilas -of_objects [get_hw_devices xc7a100t_0] -filter {CELL_NAME=~"SystolicCore0/ILA"}]
INFO: [Labtools 27-1964] The ILA core 'hw_ila_1' trigger was armed at 2025-Nov-10 15:19:58
wait_on_hw_ila [get_hw_ilas -of_objects [get_hw_devices xc7a100t_0] -filter {CELL_NAME=~"SystolicCore0/ILA"}]
display_hw_ila_data [upload_hw_ila_data [get_hw_ilas -of_objects [get_hw_devices xc7a100t_0] -filter {CELL_NAME=~"SystolicCore0/ILA"}]]
INFO: [Labtools 27-1966] The ILA core 'hw_ila_1' triggered at 2025-Nov-10 15:19:58
INFO: [Labtools 27-3304] ILA Waveform data saved to file /home/xmen/Desktop/SystolicCore/vivado/SystolicCore/SystolicCore.hw/backup/hw_ila_data_1.ila. Use Tcl command 'read_hw_ila_data' or Vivado File->Import->Import ILA Data menu item to import the previously saved data.
run_hw_ila [get_hw_ilas -of_objects [get_hw_devices xc7a100t_0] -filter {CELL_NAME=~"SystolicCore0/ILA"}]
INFO: [Labtools 27-1964] The ILA core 'hw_ila_1' trigger was armed at 2025-Nov-10 15:20:15
wait_on_hw_ila [get_hw_ilas -of_objects [get_hw_devices xc7a100t_0] -filter {CELL_NAME=~"SystolicCore0/ILA"}]
display_hw_ila_data [upload_hw_ila_data [get_hw_ilas -of_objects [get_hw_devices xc7a100t_0] -filter {CELL_NAME=~"SystolicCore0/ILA"}]]
INFO: [Labtools 27-1966] The ILA core 'hw_ila_1' triggered at 2025-Nov-10 15:20:15
INFO: [Labtools 27-3304] ILA Waveform data saved to file /home/xmen/Desktop/SystolicCore/vivado/SystolicCore/SystolicCore.hw/backup/hw_ila_data_1.ila. Use Tcl command 'read_hw_ila_data' or Vivado File->Import->Import ILA Data menu item to import the previously saved data.
run_hw_ila [get_hw_ilas -of_objects [get_hw_devices xc7a100t_0] -filter {CELL_NAME=~"SystolicCore0/ILA"}]
INFO: [Labtools 27-1964] The ILA core 'hw_ila_1' trigger was armed at 2025-Nov-10 15:20:18
wait_on_hw_ila [get_hw_ilas -of_objects [get_hw_devices xc7a100t_0] -filter {CELL_NAME=~"SystolicCore0/ILA"}]
display_hw_ila_data [upload_hw_ila_data [get_hw_ilas -of_objects [get_hw_devices xc7a100t_0] -filter {CELL_NAME=~"SystolicCore0/ILA"}]]
INFO: [Labtools 27-1966] The ILA core 'hw_ila_1' triggered at 2025-Nov-10 15:20:18
INFO: [Labtools 27-3304] ILA Waveform data saved to file /home/xmen/Desktop/SystolicCore/vivado/SystolicCore/SystolicCore.hw/backup/hw_ila_data_1.ila. Use Tcl command 'read_hw_ila_data' or Vivado File->Import->Import ILA Data menu item to import the previously saved data.
run_hw_ila [get_hw_ilas -of_objects [get_hw_devices xc7a100t_0] -filter {CELL_NAME=~"SystolicCore0/ILA"}]
INFO: [Labtools 27-1964] The ILA core 'hw_ila_1' trigger was armed at 2025-Nov-10 15:20:22
wait_on_hw_ila [get_hw_ilas -of_objects [get_hw_devices xc7a100t_0] -filter {CELL_NAME=~"SystolicCore0/ILA"}]
display_hw_ila_data [upload_hw_ila_data [get_hw_ilas -of_objects [get_hw_devices xc7a100t_0] -filter {CELL_NAME=~"SystolicCore0/ILA"}]]
INFO: [Labtools 27-1966] The ILA core 'hw_ila_1' triggered at 2025-Nov-10 15:20:22
INFO: [Labtools 27-3304] ILA Waveform data saved to file /home/xmen/Desktop/SystolicCore/vivado/SystolicCore/SystolicCore.hw/backup/hw_ila_data_1.ila. Use Tcl command 'read_hw_ila_data' or Vivado File->Import->Import ILA Data menu item to import the previously saved data.
run_hw_ila [get_hw_ilas -of_objects [get_hw_devices xc7a100t_0] -filter {CELL_NAME=~"SystolicCore0/ILA"}]
INFO: [Labtools 27-1964] The ILA core 'hw_ila_1' trigger was armed at 2025-Nov-10 15:20:25
wait_on_hw_ila [get_hw_ilas -of_objects [get_hw_devices xc7a100t_0] -filter {CELL_NAME=~"SystolicCore0/ILA"}]
display_hw_ila_data [upload_hw_ila_data [get_hw_ilas -of_objects [get_hw_devices xc7a100t_0] -filter {CELL_NAME=~"SystolicCore0/ILA"}]]
INFO: [Labtools 27-1966] The ILA core 'hw_ila_1' triggered at 2025-Nov-10 15:20:25
INFO: [Labtools 27-3304] ILA Waveform data saved to file /home/xmen/Desktop/SystolicCore/vivado/SystolicCore/SystolicCore.hw/backup/hw_ila_data_1.ila. Use Tcl command 'read_hw_ila_data' or Vivado File->Import->Import ILA Data menu item to import the previously saved data.
run_hw_ila [get_hw_ilas -of_objects [get_hw_devices xc7a100t_0] -filter {CELL_NAME=~"SystolicCore0/ILA"}]
INFO: [Labtools 27-1964] The ILA core 'hw_ila_1' trigger was armed at 2025-Nov-10 15:20:28
wait_on_hw_ila [get_hw_ilas -of_objects [get_hw_devices xc7a100t_0] -filter {CELL_NAME=~"SystolicCore0/ILA"}]
display_hw_ila_data [upload_hw_ila_data [get_hw_ilas -of_objects [get_hw_devices xc7a100t_0] -filter {CELL_NAME=~"SystolicCore0/ILA"}]]
INFO: [Labtools 27-1966] The ILA core 'hw_ila_1' triggered at 2025-Nov-10 15:20:28
INFO: [Labtools 27-3304] ILA Waveform data saved to file /home/xmen/Desktop/SystolicCore/vivado/SystolicCore/SystolicCore.hw/backup/hw_ila_data_1.ila. Use Tcl command 'read_hw_ila_data' or Vivado File->Import->Import ILA Data menu item to import the previously saved data.
run_hw_ila [get_hw_ilas -of_objects [get_hw_devices xc7a100t_0] -filter {CELL_NAME=~"SystolicCore0/ILA"}]
INFO: [Labtools 27-1964] The ILA core 'hw_ila_1' trigger was armed at 2025-Nov-10 15:20:32
wait_on_hw_ila [get_hw_ilas -of_objects [get_hw_devices xc7a100t_0] -filter {CELL_NAME=~"SystolicCore0/ILA"}]
display_hw_ila_data [upload_hw_ila_data [get_hw_ilas -of_objects [get_hw_devices xc7a100t_0] -filter {CELL_NAME=~"SystolicCore0/ILA"}]]
INFO: [Labtools 27-1966] The ILA core 'hw_ila_1' triggered at 2025-Nov-10 15:20:32
INFO: [Labtools 27-3304] ILA Waveform data saved to file /home/xmen/Desktop/SystolicCore/vivado/SystolicCore/SystolicCore.hw/backup/hw_ila_data_1.ila. Use Tcl command 'read_hw_ila_data' or Vivado File->Import->Import ILA Data menu item to import the previously saved data.
run_hw_ila [get_hw_ilas -of_objects [get_hw_devices xc7a100t_0] -filter {CELL_NAME=~"SystolicCore0/ILA"}]
INFO: [Labtools 27-1964] The ILA core 'hw_ila_1' trigger was armed at 2025-Nov-10 15:20:35
wait_on_hw_ila [get_hw_ilas -of_objects [get_hw_devices xc7a100t_0] -filter {CELL_NAME=~"SystolicCore0/ILA"}]
display_hw_ila_data [upload_hw_ila_data [get_hw_ilas -of_objects [get_hw_devices xc7a100t_0] -filter {CELL_NAME=~"SystolicCore0/ILA"}]]
INFO: [Labtools 27-1966] The ILA core 'hw_ila_1' triggered at 2025-Nov-10 15:20:35
INFO: [Labtools 27-3304] ILA Waveform data saved to file /home/xmen/Desktop/SystolicCore/vivado/SystolicCore/SystolicCore.hw/backup/hw_ila_data_1.ila. Use Tcl command 'read_hw_ila_data' or Vivado File->Import->Import ILA Data menu item to import the previously saved data.
run_hw_ila [get_hw_ilas -of_objects [get_hw_devices xc7a100t_0] -filter {CELL_NAME=~"SystolicCore0/ILA"}]
INFO: [Labtools 27-1964] The ILA core 'hw_ila_1' trigger was armed at 2025-Nov-10 15:20:38
wait_on_hw_ila [get_hw_ilas -of_objects [get_hw_devices xc7a100t_0] -filter {CELL_NAME=~"SystolicCore0/ILA"}]
display_hw_ila_data [upload_hw_ila_data [get_hw_ilas -of_objects [get_hw_devices xc7a100t_0] -filter {CELL_NAME=~"SystolicCore0/ILA"}]]
INFO: [Labtools 27-1966] The ILA core 'hw_ila_1' triggered at 2025-Nov-10 15:20:38
INFO: [Labtools 27-3304] ILA Waveform data saved to file /home/xmen/Desktop/SystolicCore/vivado/SystolicCore/SystolicCore.hw/backup/hw_ila_data_1.ila. Use Tcl command 'read_hw_ila_data' or Vivado File->Import->Import ILA Data menu item to import the previously saved data.
run_hw_ila [get_hw_ilas -of_objects [get_hw_devices xc7a100t_0] -filter {CELL_NAME=~"SystolicCore0/ILA"}]
INFO: [Labtools 27-1964] The ILA core 'hw_ila_1' trigger was armed at 2025-Nov-10 15:20:42
wait_on_hw_ila [get_hw_ilas -of_objects [get_hw_devices xc7a100t_0] -filter {CELL_NAME=~"SystolicCore0/ILA"}]
display_hw_ila_data [upload_hw_ila_data [get_hw_ilas -of_objects [get_hw_devices xc7a100t_0] -filter {CELL_NAME=~"SystolicCore0/ILA"}]]
INFO: [Labtools 27-1966] The ILA core 'hw_ila_1' triggered at 2025-Nov-10 15:20:42
INFO: [Labtools 27-3304] ILA Waveform data saved to file /home/xmen/Desktop/SystolicCore/vivado/SystolicCore/SystolicCore.hw/backup/hw_ila_data_1.ila. Use Tcl command 'read_hw_ila_data' or Vivado File->Import->Import ILA Data menu item to import the previously saved data.
run_hw_ila [get_hw_ilas -of_objects [get_hw_devices xc7a100t_0] -filter {CELL_NAME=~"SystolicCore0/ILA"}]
INFO: [Labtools 27-1964] The ILA core 'hw_ila_1' trigger was armed at 2025-Nov-10 15:20:45
wait_on_hw_ila [get_hw_ilas -of_objects [get_hw_devices xc7a100t_0] -filter {CELL_NAME=~"SystolicCore0/ILA"}]
display_hw_ila_data [upload_hw_ila_data [get_hw_ilas -of_objects [get_hw_devices xc7a100t_0] -filter {CELL_NAME=~"SystolicCore0/ILA"}]]
INFO: [Labtools 27-1966] The ILA core 'hw_ila_1' triggered at 2025-Nov-10 15:20:45
INFO: [Labtools 27-3304] ILA Waveform data saved to file /home/xmen/Desktop/SystolicCore/vivado/SystolicCore/SystolicCore.hw/backup/hw_ila_data_1.ila. Use Tcl command 'read_hw_ila_data' or Vivado File->Import->Import ILA Data menu item to import the previously saved data.
run_hw_ila [get_hw_ilas -of_objects [get_hw_devices xc7a100t_0] -filter {CELL_NAME=~"SystolicCore0/ILA"}]
INFO: [Labtools 27-1964] The ILA core 'hw_ila_1' trigger was armed at 2025-Nov-10 15:20:48
wait_on_hw_ila [get_hw_ilas -of_objects [get_hw_devices xc7a100t_0] -filter {CELL_NAME=~"SystolicCore0/ILA"}]
display_hw_ila_data [upload_hw_ila_data [get_hw_ilas -of_objects [get_hw_devices xc7a100t_0] -filter {CELL_NAME=~"SystolicCore0/ILA"}]]
INFO: [Labtools 27-1966] The ILA core 'hw_ila_1' triggered at 2025-Nov-10 15:20:48
INFO: [Labtools 27-3304] ILA Waveform data saved to file /home/xmen/Desktop/SystolicCore/vivado/SystolicCore/SystolicCore.hw/backup/hw_ila_data_1.ila. Use Tcl command 'read_hw_ila_data' or Vivado File->Import->Import ILA Data menu item to import the previously saved data.
run_hw_ila [get_hw_ilas -of_objects [get_hw_devices xc7a100t_0] -filter {CELL_NAME=~"SystolicCore0/ILA"}]
INFO: [Labtools 27-1964] The ILA core 'hw_ila_1' trigger was armed at 2025-Nov-10 15:20:51
wait_on_hw_ila [get_hw_ilas -of_objects [get_hw_devices xc7a100t_0] -filter {CELL_NAME=~"SystolicCore0/ILA"}]
display_hw_ila_data [upload_hw_ila_data [get_hw_ilas -of_objects [get_hw_devices xc7a100t_0] -filter {CELL_NAME=~"SystolicCore0/ILA"}]]
INFO: [Labtools 27-1966] The ILA core 'hw_ila_1' triggered at 2025-Nov-10 15:20:51
INFO: [Labtools 27-3304] ILA Waveform data saved to file /home/xmen/Desktop/SystolicCore/vivado/SystolicCore/SystolicCore.hw/backup/hw_ila_data_1.ila. Use Tcl command 'read_hw_ila_data' or Vivado File->Import->Import ILA Data menu item to import the previously saved data.
run_hw_ila [get_hw_ilas -of_objects [get_hw_devices xc7a100t_0] -filter {CELL_NAME=~"SystolicCore0/ILA"}]
INFO: [Labtools 27-1964] The ILA core 'hw_ila_1' trigger was armed at 2025-Nov-10 15:20:55
wait_on_hw_ila [get_hw_ilas -of_objects [get_hw_devices xc7a100t_0] -filter {CELL_NAME=~"SystolicCore0/ILA"}]
display_hw_ila_data [upload_hw_ila_data [get_hw_ilas -of_objects [get_hw_devices xc7a100t_0] -filter {CELL_NAME=~"SystolicCore0/ILA"}]]
INFO: [Labtools 27-1966] The ILA core 'hw_ila_1' triggered at 2025-Nov-10 15:20:55
INFO: [Labtools 27-3304] ILA Waveform data saved to file /home/xmen/Desktop/SystolicCore/vivado/SystolicCore/SystolicCore.hw/backup/hw_ila_data_1.ila. Use Tcl command 'read_hw_ila_data' or Vivado File->Import->Import ILA Data menu item to import the previously saved data.
run_hw_ila [get_hw_ilas -of_objects [get_hw_devices xc7a100t_0] -filter {CELL_NAME=~"SystolicCore0/ILA"}]
INFO: [Labtools 27-1964] The ILA core 'hw_ila_1' trigger was armed at 2025-Nov-10 15:20:58
wait_on_hw_ila [get_hw_ilas -of_objects [get_hw_devices xc7a100t_0] -filter {CELL_NAME=~"SystolicCore0/ILA"}]
display_hw_ila_data [upload_hw_ila_data [get_hw_ilas -of_objects [get_hw_devices xc7a100t_0] -filter {CELL_NAME=~"SystolicCore0/ILA"}]]
INFO: [Labtools 27-1966] The ILA core 'hw_ila_1' triggered at 2025-Nov-10 15:20:58
INFO: [Labtools 27-3304] ILA Waveform data saved to file /home/xmen/Desktop/SystolicCore/vivado/SystolicCore/SystolicCore.hw/backup/hw_ila_data_1.ila. Use Tcl command 'read_hw_ila_data' or Vivado File->Import->Import ILA Data menu item to import the previously saved data.
run_hw_ila [get_hw_ilas -of_objects [get_hw_devices xc7a100t_0] -filter {CELL_NAME=~"SystolicCore0/ILA"}]
INFO: [Labtools 27-1964] The ILA core 'hw_ila_1' trigger was armed at 2025-Nov-10 15:21:01
wait_on_hw_ila [get_hw_ilas -of_objects [get_hw_devices xc7a100t_0] -filter {CELL_NAME=~"SystolicCore0/ILA"}]
display_hw_ila_data [upload_hw_ila_data [get_hw_ilas -of_objects [get_hw_devices xc7a100t_0] -filter {CELL_NAME=~"SystolicCore0/ILA"}]]
INFO: [Labtools 27-1966] The ILA core 'hw_ila_1' triggered at 2025-Nov-10 15:21:01
INFO: [Labtools 27-3304] ILA Waveform data saved to file /home/xmen/Desktop/SystolicCore/vivado/SystolicCore/SystolicCore.hw/backup/hw_ila_data_1.ila. Use Tcl command 'read_hw_ila_data' or Vivado File->Import->Import ILA Data menu item to import the previously saved data.
run_hw_ila [get_hw_ilas -of_objects [get_hw_devices xc7a100t_0] -filter {CELL_NAME=~"SystolicCore0/ILA"}]
INFO: [Labtools 27-1964] The ILA core 'hw_ila_1' trigger was armed at 2025-Nov-10 15:21:05
wait_on_hw_ila [get_hw_ilas -of_objects [get_hw_devices xc7a100t_0] -filter {CELL_NAME=~"SystolicCore0/ILA"}]
display_hw_ila_data [upload_hw_ila_data [get_hw_ilas -of_objects [get_hw_devices xc7a100t_0] -filter {CELL_NAME=~"SystolicCore0/ILA"}]]
INFO: [Labtools 27-1966] The ILA core 'hw_ila_1' triggered at 2025-Nov-10 15:21:05
INFO: [Labtools 27-3304] ILA Waveform data saved to file /home/xmen/Desktop/SystolicCore/vivado/SystolicCore/SystolicCore.hw/backup/hw_ila_data_1.ila. Use Tcl command 'read_hw_ila_data' or Vivado File->Import->Import ILA Data menu item to import the previously saved data.
run_hw_ila [get_hw_ilas -of_objects [get_hw_devices xc7a100t_0] -filter {CELL_NAME=~"SystolicCore0/ILA"}]
INFO: [Labtools 27-1964] The ILA core 'hw_ila_1' trigger was armed at 2025-Nov-10 15:21:08
wait_on_hw_ila [get_hw_ilas -of_objects [get_hw_devices xc7a100t_0] -filter {CELL_NAME=~"SystolicCore0/ILA"}]
display_hw_ila_data [upload_hw_ila_data [get_hw_ilas -of_objects [get_hw_devices xc7a100t_0] -filter {CELL_NAME=~"SystolicCore0/ILA"}]]
INFO: [Labtools 27-1966] The ILA core 'hw_ila_1' triggered at 2025-Nov-10 15:21:08
INFO: [Labtools 27-3304] ILA Waveform data saved to file /home/xmen/Desktop/SystolicCore/vivado/SystolicCore/SystolicCore.hw/backup/hw_ila_data_1.ila. Use Tcl command 'read_hw_ila_data' or Vivado File->Import->Import ILA Data menu item to import the previously saved data.
run_hw_ila [get_hw_ilas -of_objects [get_hw_devices xc7a100t_0] -filter {CELL_NAME=~"SystolicCore0/ILA"}]
INFO: [Labtools 27-1964] The ILA core 'hw_ila_1' trigger was armed at 2025-Nov-10 15:21:11
wait_on_hw_ila [get_hw_ilas -of_objects [get_hw_devices xc7a100t_0] -filter {CELL_NAME=~"SystolicCore0/ILA"}]
display_hw_ila_data [upload_hw_ila_data [get_hw_ilas -of_objects [get_hw_devices xc7a100t_0] -filter {CELL_NAME=~"SystolicCore0/ILA"}]]
INFO: [Labtools 27-1966] The ILA core 'hw_ila_1' triggered at 2025-Nov-10 15:21:11
INFO: [Labtools 27-3304] ILA Waveform data saved to file /home/xmen/Desktop/SystolicCore/vivado/SystolicCore/SystolicCore.hw/backup/hw_ila_data_1.ila. Use Tcl command 'read_hw_ila_data' or Vivado File->Import->Import ILA Data menu item to import the previously saved data.
run_hw_ila [get_hw_ilas -of_objects [get_hw_devices xc7a100t_0] -filter {CELL_NAME=~"SystolicCore0/ILA"}]
INFO: [Labtools 27-1964] The ILA core 'hw_ila_1' trigger was armed at 2025-Nov-10 15:21:15
wait_on_hw_ila [get_hw_ilas -of_objects [get_hw_devices xc7a100t_0] -filter {CELL_NAME=~"SystolicCore0/ILA"}]
display_hw_ila_data [upload_hw_ila_data [get_hw_ilas -of_objects [get_hw_devices xc7a100t_0] -filter {CELL_NAME=~"SystolicCore0/ILA"}]]
INFO: [Labtools 27-1966] The ILA core 'hw_ila_1' triggered at 2025-Nov-10 15:21:15
INFO: [Labtools 27-3304] ILA Waveform data saved to file /home/xmen/Desktop/SystolicCore/vivado/SystolicCore/SystolicCore.hw/backup/hw_ila_data_1.ila. Use Tcl command 'read_hw_ila_data' or Vivado File->Import->Import ILA Data menu item to import the previously saved data.
run_hw_ila [get_hw_ilas -of_objects [get_hw_devices xc7a100t_0] -filter {CELL_NAME=~"SystolicCore0/ILA"}]
INFO: [Labtools 27-1964] The ILA core 'hw_ila_1' trigger was armed at 2025-Nov-10 15:21:18
wait_on_hw_ila [get_hw_ilas -of_objects [get_hw_devices xc7a100t_0] -filter {CELL_NAME=~"SystolicCore0/ILA"}]
display_hw_ila_data [upload_hw_ila_data [get_hw_ilas -of_objects [get_hw_devices xc7a100t_0] -filter {CELL_NAME=~"SystolicCore0/ILA"}]]
INFO: [Labtools 27-1966] The ILA core 'hw_ila_1' triggered at 2025-Nov-10 15:21:18
INFO: [Labtools 27-3304] ILA Waveform data saved to file /home/xmen/Desktop/SystolicCore/vivado/SystolicCore/SystolicCore.hw/backup/hw_ila_data_1.ila. Use Tcl command 'read_hw_ila_data' or Vivado File->Import->Import ILA Data menu item to import the previously saved data.
run_hw_ila [get_hw_ilas -of_objects [get_hw_devices xc7a100t_0] -filter {CELL_NAME=~"SystolicCore0/ILA"}]
INFO: [Labtools 27-1964] The ILA core 'hw_ila_1' trigger was armed at 2025-Nov-10 15:21:21
wait_on_hw_ila [get_hw_ilas -of_objects [get_hw_devices xc7a100t_0] -filter {CELL_NAME=~"SystolicCore0/ILA"}]
display_hw_ila_data [upload_hw_ila_data [get_hw_ilas -of_objects [get_hw_devices xc7a100t_0] -filter {CELL_NAME=~"SystolicCore0/ILA"}]]
INFO: [Labtools 27-1966] The ILA core 'hw_ila_1' triggered at 2025-Nov-10 15:21:21
INFO: [Labtools 27-3304] ILA Waveform data saved to file /home/xmen/Desktop/SystolicCore/vivado/SystolicCore/SystolicCore.hw/backup/hw_ila_data_1.ila. Use Tcl command 'read_hw_ila_data' or Vivado File->Import->Import ILA Data menu item to import the previously saved data.
run_hw_ila [get_hw_ilas -of_objects [get_hw_devices xc7a100t_0] -filter {CELL_NAME=~"SystolicCore0/ILA"}]
INFO: [Labtools 27-1964] The ILA core 'hw_ila_1' trigger was armed at 2025-Nov-10 15:21:25
wait_on_hw_ila [get_hw_ilas -of_objects [get_hw_devices xc7a100t_0] -filter {CELL_NAME=~"SystolicCore0/ILA"}]
display_hw_ila_data [upload_hw_ila_data [get_hw_ilas -of_objects [get_hw_devices xc7a100t_0] -filter {CELL_NAME=~"SystolicCore0/ILA"}]]
INFO: [Labtools 27-1966] The ILA core 'hw_ila_1' triggered at 2025-Nov-10 15:21:25
INFO: [Labtools 27-3304] ILA Waveform data saved to file /home/xmen/Desktop/SystolicCore/vivado/SystolicCore/SystolicCore.hw/backup/hw_ila_data_1.ila. Use Tcl command 'read_hw_ila_data' or Vivado File->Import->Import ILA Data menu item to import the previously saved data.
run_hw_ila [get_hw_ilas -of_objects [get_hw_devices xc7a100t_0] -filter {CELL_NAME=~"SystolicCore0/ILA"}]
INFO: [Labtools 27-1964] The ILA core 'hw_ila_1' trigger was armed at 2025-Nov-10 15:21:28
wait_on_hw_ila [get_hw_ilas -of_objects [get_hw_devices xc7a100t_0] -filter {CELL_NAME=~"SystolicCore0/ILA"}]
display_hw_ila_data [upload_hw_ila_data [get_hw_ilas -of_objects [get_hw_devices xc7a100t_0] -filter {CELL_NAME=~"SystolicCore0/ILA"}]]
INFO: [Labtools 27-1966] The ILA core 'hw_ila_1' triggered at 2025-Nov-10 15:21:28
INFO: [Labtools 27-3304] ILA Waveform data saved to file /home/xmen/Desktop/SystolicCore/vivado/SystolicCore/SystolicCore.hw/backup/hw_ila_data_1.ila. Use Tcl command 'read_hw_ila_data' or Vivado File->Import->Import ILA Data menu item to import the previously saved data.
run_hw_ila [get_hw_ilas -of_objects [get_hw_devices xc7a100t_0] -filter {CELL_NAME=~"SystolicCore0/ILA"}]
INFO: [Labtools 27-1964] The ILA core 'hw_ila_1' trigger was armed at 2025-Nov-10 15:21:31
wait_on_hw_ila [get_hw_ilas -of_objects [get_hw_devices xc7a100t_0] -filter {CELL_NAME=~"SystolicCore0/ILA"}]
display_hw_ila_data [upload_hw_ila_data [get_hw_ilas -of_objects [get_hw_devices xc7a100t_0] -filter {CELL_NAME=~"SystolicCore0/ILA"}]]
INFO: [Labtools 27-1966] The ILA core 'hw_ila_1' triggered at 2025-Nov-10 15:21:31
INFO: [Labtools 27-3304] ILA Waveform data saved to file /home/xmen/Desktop/SystolicCore/vivado/SystolicCore/SystolicCore.hw/backup/hw_ila_data_1.ila. Use Tcl command 'read_hw_ila_data' or Vivado File->Import->Import ILA Data menu item to import the previously saved data.
run_hw_ila [get_hw_ilas -of_objects [get_hw_devices xc7a100t_0] -filter {CELL_NAME=~"SystolicCore0/ILA"}]
INFO: [Labtools 27-1964] The ILA core 'hw_ila_1' trigger was armed at 2025-Nov-10 15:21:35
wait_on_hw_ila [get_hw_ilas -of_objects [get_hw_devices xc7a100t_0] -filter {CELL_NAME=~"SystolicCore0/ILA"}]
display_hw_ila_data [upload_hw_ila_data [get_hw_ilas -of_objects [get_hw_devices xc7a100t_0] -filter {CELL_NAME=~"SystolicCore0/ILA"}]]
INFO: [Labtools 27-1966] The ILA core 'hw_ila_1' triggered at 2025-Nov-10 15:21:35
INFO: [Labtools 27-3304] ILA Waveform data saved to file /home/xmen/Desktop/SystolicCore/vivado/SystolicCore/SystolicCore.hw/backup/hw_ila_data_1.ila. Use Tcl command 'read_hw_ila_data' or Vivado File->Import->Import ILA Data menu item to import the previously saved data.
run_hw_ila [get_hw_ilas -of_objects [get_hw_devices xc7a100t_0] -filter {CELL_NAME=~"SystolicCore0/ILA"}]
INFO: [Labtools 27-1964] The ILA core 'hw_ila_1' trigger was armed at 2025-Nov-10 15:21:38
wait_on_hw_ila [get_hw_ilas -of_objects [get_hw_devices xc7a100t_0] -filter {CELL_NAME=~"SystolicCore0/ILA"}]
display_hw_ila_data [upload_hw_ila_data [get_hw_ilas -of_objects [get_hw_devices xc7a100t_0] -filter {CELL_NAME=~"SystolicCore0/ILA"}]]
INFO: [Labtools 27-1966] The ILA core 'hw_ila_1' triggered at 2025-Nov-10 15:21:38
INFO: [Labtools 27-3304] ILA Waveform data saved to file /home/xmen/Desktop/SystolicCore/vivado/SystolicCore/SystolicCore.hw/backup/hw_ila_data_1.ila. Use Tcl command 'read_hw_ila_data' or Vivado File->Import->Import ILA Data menu item to import the previously saved data.
run_hw_ila [get_hw_ilas -of_objects [get_hw_devices xc7a100t_0] -filter {CELL_NAME=~"SystolicCore0/ILA"}]
INFO: [Labtools 27-1964] The ILA core 'hw_ila_1' trigger was armed at 2025-Nov-10 15:21:41
wait_on_hw_ila [get_hw_ilas -of_objects [get_hw_devices xc7a100t_0] -filter {CELL_NAME=~"SystolicCore0/ILA"}]
display_hw_ila_data [upload_hw_ila_data [get_hw_ilas -of_objects [get_hw_devices xc7a100t_0] -filter {CELL_NAME=~"SystolicCore0/ILA"}]]
INFO: [Labtools 27-1966] The ILA core 'hw_ila_1' triggered at 2025-Nov-10 15:21:41
INFO: [Labtools 27-3304] ILA Waveform data saved to file /home/xmen/Desktop/SystolicCore/vivado/SystolicCore/SystolicCore.hw/backup/hw_ila_data_1.ila. Use Tcl command 'read_hw_ila_data' or Vivado File->Import->Import ILA Data menu item to import the previously saved data.
run_hw_ila [get_hw_ilas -of_objects [get_hw_devices xc7a100t_0] -filter {CELL_NAME=~"SystolicCore0/ILA"}]
INFO: [Labtools 27-1964] The ILA core 'hw_ila_1' trigger was armed at 2025-Nov-10 15:21:45
wait_on_hw_ila [get_hw_ilas -of_objects [get_hw_devices xc7a100t_0] -filter {CELL_NAME=~"SystolicCore0/ILA"}]
display_hw_ila_data [upload_hw_ila_data [get_hw_ilas -of_objects [get_hw_devices xc7a100t_0] -filter {CELL_NAME=~"SystolicCore0/ILA"}]]
INFO: [Labtools 27-1966] The ILA core 'hw_ila_1' triggered at 2025-Nov-10 15:21:45
INFO: [Labtools 27-3304] ILA Waveform data saved to file /home/xmen/Desktop/SystolicCore/vivado/SystolicCore/SystolicCore.hw/backup/hw_ila_data_1.ila. Use Tcl command 'read_hw_ila_data' or Vivado File->Import->Import ILA Data menu item to import the previously saved data.
run_hw_ila [get_hw_ilas -of_objects [get_hw_devices xc7a100t_0] -filter {CELL_NAME=~"SystolicCore0/ILA"}]
INFO: [Labtools 27-1964] The ILA core 'hw_ila_1' trigger was armed at 2025-Nov-10 15:21:48
wait_on_hw_ila [get_hw_ilas -of_objects [get_hw_devices xc7a100t_0] -filter {CELL_NAME=~"SystolicCore0/ILA"}]
display_hw_ila_data [upload_hw_ila_data [get_hw_ilas -of_objects [get_hw_devices xc7a100t_0] -filter {CELL_NAME=~"SystolicCore0/ILA"}]]
INFO: [Labtools 27-1966] The ILA core 'hw_ila_1' triggered at 2025-Nov-10 15:21:48
INFO: [Labtools 27-3304] ILA Waveform data saved to file /home/xmen/Desktop/SystolicCore/vivado/SystolicCore/SystolicCore.hw/backup/hw_ila_data_1.ila. Use Tcl command 'read_hw_ila_data' or Vivado File->Import->Import ILA Data menu item to import the previously saved data.
run_hw_ila [get_hw_ilas -of_objects [get_hw_devices xc7a100t_0] -filter {CELL_NAME=~"SystolicCore0/ILA"}]
INFO: [Labtools 27-1964] The ILA core 'hw_ila_1' trigger was armed at 2025-Nov-10 15:21:51
wait_on_hw_ila [get_hw_ilas -of_objects [get_hw_devices xc7a100t_0] -filter {CELL_NAME=~"SystolicCore0/ILA"}]
display_hw_ila_data [upload_hw_ila_data [get_hw_ilas -of_objects [get_hw_devices xc7a100t_0] -filter {CELL_NAME=~"SystolicCore0/ILA"}]]
INFO: [Labtools 27-1966] The ILA core 'hw_ila_1' triggered at 2025-Nov-10 15:21:51
INFO: [Labtools 27-3304] ILA Waveform data saved to file /home/xmen/Desktop/SystolicCore/vivado/SystolicCore/SystolicCore.hw/backup/hw_ila_data_1.ila. Use Tcl command 'read_hw_ila_data' or Vivado File->Import->Import ILA Data menu item to import the previously saved data.
run_hw_ila [get_hw_ilas -of_objects [get_hw_devices xc7a100t_0] -filter {CELL_NAME=~"SystolicCore0/ILA"}]
INFO: [Labtools 27-1964] The ILA core 'hw_ila_1' trigger was armed at 2025-Nov-10 15:21:54
wait_on_hw_ila [get_hw_ilas -of_objects [get_hw_devices xc7a100t_0] -filter {CELL_NAME=~"SystolicCore0/ILA"}]
display_hw_ila_data [upload_hw_ila_data [get_hw_ilas -of_objects [get_hw_devices xc7a100t_0] -filter {CELL_NAME=~"SystolicCore0/ILA"}]]
INFO: [Labtools 27-1966] The ILA core 'hw_ila_1' triggered at 2025-Nov-10 15:21:54
INFO: [Labtools 27-3304] ILA Waveform data saved to file /home/xmen/Desktop/SystolicCore/vivado/SystolicCore/SystolicCore.hw/backup/hw_ila_data_1.ila. Use Tcl command 'read_hw_ila_data' or Vivado File->Import->Import ILA Data menu item to import the previously saved data.
run_hw_ila [get_hw_ilas -of_objects [get_hw_devices xc7a100t_0] -filter {CELL_NAME=~"SystolicCore0/ILA"}]
INFO: [Labtools 27-1964] The ILA core 'hw_ila_1' trigger was armed at 2025-Nov-10 15:21:58
wait_on_hw_ila [get_hw_ilas -of_objects [get_hw_devices xc7a100t_0] -filter {CELL_NAME=~"SystolicCore0/ILA"}]
display_hw_ila_data [upload_hw_ila_data [get_hw_ilas -of_objects [get_hw_devices xc7a100t_0] -filter {CELL_NAME=~"SystolicCore0/ILA"}]]
INFO: [Labtools 27-1966] The ILA core 'hw_ila_1' triggered at 2025-Nov-10 15:21:58
INFO: [Labtools 27-3304] ILA Waveform data saved to file /home/xmen/Desktop/SystolicCore/vivado/SystolicCore/SystolicCore.hw/backup/hw_ila_data_1.ila. Use Tcl command 'read_hw_ila_data' or Vivado File->Import->Import ILA Data menu item to import the previously saved data.
run_hw_ila [get_hw_ilas -of_objects [get_hw_devices xc7a100t_0] -filter {CELL_NAME=~"SystolicCore0/ILA"}]
INFO: [Labtools 27-1964] The ILA core 'hw_ila_1' trigger was armed at 2025-Nov-10 15:22:01
wait_on_hw_ila [get_hw_ilas -of_objects [get_hw_devices xc7a100t_0] -filter {CELL_NAME=~"SystolicCore0/ILA"}]
display_hw_ila_data [upload_hw_ila_data [get_hw_ilas -of_objects [get_hw_devices xc7a100t_0] -filter {CELL_NAME=~"SystolicCore0/ILA"}]]
INFO: [Labtools 27-1966] The ILA core 'hw_ila_1' triggered at 2025-Nov-10 15:22:01
INFO: [Labtools 27-3304] ILA Waveform data saved to file /home/xmen/Desktop/SystolicCore/vivado/SystolicCore/SystolicCore.hw/backup/hw_ila_data_1.ila. Use Tcl command 'read_hw_ila_data' or Vivado File->Import->Import ILA Data menu item to import the previously saved data.
run_hw_ila [get_hw_ilas -of_objects [get_hw_devices xc7a100t_0] -filter {CELL_NAME=~"SystolicCore0/ILA"}]
INFO: [Labtools 27-1964] The ILA core 'hw_ila_1' trigger was armed at 2025-Nov-10 15:22:08
wait_on_hw_ila [get_hw_ilas -of_objects [get_hw_devices xc7a100t_0] -filter {CELL_NAME=~"SystolicCore0/ILA"}]
display_hw_ila_data [upload_hw_ila_data [get_hw_ilas -of_objects [get_hw_devices xc7a100t_0] -filter {CELL_NAME=~"SystolicCore0/ILA"}]]
INFO: [Labtools 27-1966] The ILA core 'hw_ila_1' triggered at 2025-Nov-10 15:22:08
INFO: [Labtools 27-3304] ILA Waveform data saved to file /home/xmen/Desktop/SystolicCore/vivado/SystolicCore/SystolicCore.hw/backup/hw_ila_data_1.ila. Use Tcl command 'read_hw_ila_data' or Vivado File->Import->Import ILA Data menu item to import the previously saved data.
WARNING: [IP_Flow 19-4067] Ignoring invalid widget type specified checkbox.Providing a default widget
WARNING: [IP_Flow 19-4067] Ignoring invalid widget type specified checkbox.Providing a default widget
WARNING: [IP_Flow 19-4067] Ignoring invalid widget type specified checkbox.Providing a default widget
WARNING: [IP_Flow 19-4331] Invalid usage of property - Setting value property on PARAM_VALUE.ALL_PROBE_SAME_MU is not allowed in procedure update_gui_for_PARAM_VALUE.C_ADV_TRIGGER
set_property -dict [list \
  CONFIG.C_ADV_TRIGGER {true} \
  CONFIG.C_DATA_DEPTH {65536} \
  CONFIG.C_EN_STRG_QUAL {1} \
] [get_ips ila_0]
generate_target all [get_files  /home/xmen/Desktop/SystolicCore/vivado/SystolicCore/SystolicCore.srcs/sources_1/ip/ila_0_1/ila_0.xci]
INFO: [IP_Flow 19-1686] Generating 'Instantiation Template' target for IP 'ila_0'...
INFO: [IP_Flow 19-1686] Generating 'Synthesis' target for IP 'ila_0'...
WARNING: [IP_Flow 19-4994] Overwriting existing constraint file '/home/xmen/Desktop/SystolicCore/vivado/SystolicCore/SystolicCore.gen/sources_1/ip/ila_0_1/ila_0_ooc.xdc'
INFO: [IP_Flow 19-1686] Generating 'Simulation' target for IP 'ila_0'...
INFO: [IP_Flow 19-1686] Generating 'Implementation' target for IP 'ila_0'...
INFO: [IP_Flow 19-1686] Generating 'Change Log' target for IP 'ila_0'...
catch { config_ip_cache -export [get_ips -all ila_0] }
export_ip_user_files -of_objects [get_files /home/xmen/Desktop/SystolicCore/vivado/SystolicCore/SystolicCore.srcs/sources_1/ip/ila_0_1/ila_0.xci] -no_script -sync -force -quiet
reset_run ila_0_synth_1
launch_runs ila_0_synth_1 -jobs 32
[Mon Nov 10 15:22:53 2025] Launched ila_0_synth_1...
Run output will be captured here: /home/xmen/Desktop/SystolicCore/vivado/SystolicCore/SystolicCore.runs/ila_0_synth_1/runme.log
WARNING: [filemgmt 56-199] Attempt to get parsing info during refresh. "On-the-fly" syntax checking information may be incorrect. [/home/xmen/Desktop/SystolicCore/rtl/Arty7_top_sim.sv:]
WARNING: [filemgmt 56-199] Attempt to get parsing info during refresh. "On-the-fly" syntax checking information may be incorrect. [/home/xmen/Desktop/SystolicCore/rtl/SystolicCore.sv:]
WARNING: [filemgmt 56-199] Attempt to get parsing info during refresh. "On-the-fly" syntax checking information may be incorrect. [/home/xmen/Desktop/SystolicCore/rtl/SystolicCore.sv:]
WARNING: [filemgmt 56-199] Attempt to get parsing info during refresh. "On-the-fly" syntax checking information may be incorrect. [/home/xmen/Desktop/SystolicCore/rtl/SystolicCore.sv:]
export_simulation -lib_map_path [list {modelsim=/home/xmen/Desktop/SystolicCore/vivado/SystolicCore/SystolicCore.cache/compile_simlib/modelsim} {questa=/home/xmen/Desktop/SystolicCore/vivado/SystolicCore/SystolicCore.cache/compile_simlib/questa} {xcelium=/home/xmen/Desktop/SystolicCore/vivado/SystolicCore/SystolicCore.cache/compile_simlib/xcelium} {vcs=/home/xmen/Desktop/SystolicCore/vivado/SystolicCore/SystolicCore.cache/compile_simlib/vcs} {riviera=/home/xmen/Desktop/SystolicCore/vivado/SystolicCore/SystolicCore.cache/compile_simlib/riviera}] -of_objects [get_files /home/xmen/Desktop/SystolicCore/vivado/SystolicCore/SystolicCore.srcs/sources_1/ip/ila_0_1/ila_0.xci] -directory /home/xmen/Desktop/SystolicCore/vivado/SystolicCore/SystolicCore.ip_user_files/sim_scripts -ip_user_files_dir /home/xmen/Desktop/SystolicCore/vivado/SystolicCore/SystolicCore.ip_user_files -ipstatic_source_dir /home/xmen/Desktop/SystolicCore/vivado/SystolicCore/SystolicCore.ip_user_files/ipstatic -use_ip_compiled_libs -force -quiet
WARNING: [IP_Flow 19-4067] Ignoring invalid widget type specified checkbox.Providing a default widget
WARNING: [IP_Flow 19-4331] Invalid usage of property - Setting value property on PARAM_VALUE.ALL_PROBE_SAME_MU is not allowed in procedure update_gui_for_PARAM_VALUE.C_ADV_TRIGGER
WARNING: [IP_Flow 19-4067] Ignoring invalid widget type specified checkbox.Providing a default widget
WARNING: [IP_Flow 19-4331] Invalid usage of property - Setting value property on PARAM_VALUE.ALL_PROBE_SAME_MU is not allowed in procedure update_gui_for_PARAM_VALUE.C_ADV_TRIGGER
set_property CONFIG.C_DATA_DEPTH {32768} [get_ips ila_0]
generate_target all [get_files  /home/xmen/Desktop/SystolicCore/vivado/SystolicCore/SystolicCore.srcs/sources_1/ip/ila_0_1/ila_0.xci]
INFO: [IP_Flow 19-1686] Generating 'Instantiation Template' target for IP 'ila_0'...
INFO: [IP_Flow 19-1686] Generating 'Synthesis' target for IP 'ila_0'...
WARNING: [IP_Flow 19-4994] Overwriting existing constraint file '/home/xmen/Desktop/SystolicCore/vivado/SystolicCore/SystolicCore.gen/sources_1/ip/ila_0_1/ila_0_ooc.xdc'
INFO: [IP_Flow 19-1686] Generating 'Simulation' target for IP 'ila_0'...
INFO: [IP_Flow 19-1686] Generating 'Implementation' target for IP 'ila_0'...
INFO: [IP_Flow 19-1686] Generating 'Change Log' target for IP 'ila_0'...
catch { config_ip_cache -export [get_ips -all ila_0] }
export_ip_user_files -of_objects [get_files /home/xmen/Desktop/SystolicCore/vivado/SystolicCore/SystolicCore.srcs/sources_1/ip/ila_0_1/ila_0.xci] -no_script -sync -force -quiet
reset_run ila_0_synth_1
launch_runs ila_0_synth_1 -jobs 32
[Mon Nov 10 15:28:58 2025] Launched ila_0_synth_1...
Run output will be captured here: /home/xmen/Desktop/SystolicCore/vivado/SystolicCore/SystolicCore.runs/ila_0_synth_1/runme.log
WARNING: [filemgmt 56-199] Attempt to get parsing info during refresh. "On-the-fly" syntax checking information may be incorrect. [/home/xmen/Desktop/SystolicCore/rtl/Arty7_top_sim.sv:]
WARNING: [filemgmt 56-199] Attempt to get parsing info during refresh. "On-the-fly" syntax checking information may be incorrect. [/home/xmen/Desktop/SystolicCore/rtl/SystolicCore.sv:]
WARNING: [filemgmt 56-199] Attempt to get parsing info during refresh. "On-the-fly" syntax checking information may be incorrect. [/home/xmen/Desktop/SystolicCore/rtl/SystolicCore.sv:]
WARNING: [filemgmt 56-199] Attempt to get parsing info during refresh. "On-the-fly" syntax checking information may be incorrect. [/home/xmen/Desktop/SystolicCore/rtl/SystolicCore.sv:]
export_simulation -lib_map_path [list {modelsim=/home/xmen/Desktop/SystolicCore/vivado/SystolicCore/SystolicCore.cache/compile_simlib/modelsim} {questa=/home/xmen/Desktop/SystolicCore/vivado/SystolicCore/SystolicCore.cache/compile_simlib/questa} {xcelium=/home/xmen/Desktop/SystolicCore/vivado/SystolicCore/SystolicCore.cache/compile_simlib/xcelium} {vcs=/home/xmen/Desktop/SystolicCore/vivado/SystolicCore/SystolicCore.cache/compile_simlib/vcs} {riviera=/home/xmen/Desktop/SystolicCore/vivado/SystolicCore/SystolicCore.cache/compile_simlib/riviera}] -of_objects [get_files /home/xmen/Desktop/SystolicCore/vivado/SystolicCore/SystolicCore.srcs/sources_1/ip/ila_0_1/ila_0.xci] -directory /home/xmen/Desktop/SystolicCore/vivado/SystolicCore/SystolicCore.ip_user_files/sim_scripts -ip_user_files_dir /home/xmen/Desktop/SystolicCore/vivado/SystolicCore/SystolicCore.ip_user_files -ipstatic_source_dir /home/xmen/Desktop/SystolicCore/vivado/SystolicCore/SystolicCore.ip_user_files/ipstatic -use_ip_compiled_libs -force -quiet
WARNING: [filemgmt 56-199] Attempt to get parsing info during refresh. "On-the-fly" syntax checking information may be incorrect. [/home/xmen/Desktop/SystolicCore/rtl/Arty7_top_sim.sv:]
WARNING: [filemgmt 56-199] Attempt to get parsing info during refresh. "On-the-fly" syntax checking information may be incorrect. [/home/xmen/Desktop/SystolicCore/rtl/SystolicCore.sv:]
WARNING: [filemgmt 56-199] Attempt to get parsing info during refresh. "On-the-fly" syntax checking information may be incorrect. [/home/xmen/Desktop/SystolicCore/rtl/SystolicCore.sv:]
WARNING: [filemgmt 56-199] Attempt to get parsing info during refresh. "On-the-fly" syntax checking information may be incorrect. [/home/xmen/Desktop/SystolicCore/rtl/SystolicCore.sv:]
WARNING: [filemgmt 56-199] Attempt to get parsing info during refresh. "On-the-fly" syntax checking information may be incorrect. [/home/xmen/Desktop/SystolicCore/vivado/SystolicCore/SystolicCore.gen/sources_1/ip/ram_single_port/ram_single_port.veo:]
WARNING: [filemgmt 56-199] Attempt to get parsing info during refresh. "On-the-fly" syntax checking information may be incorrect. [/home/xmen/Desktop/SystolicCore/vivado/SystolicCore/SystolicCore.gen/sources_1/ip/ram_single_port/ram_single_port.veo:]
WARNING: [filemgmt 56-199] Attempt to get parsing info during refresh. "On-the-fly" syntax checking information may be incorrect. [/home/xmen/Desktop/SystolicCore/vivado/SystolicCore/SystolicCore.gen/sources_1/ip/ila_0_1/ila_0.veo:]
WARNING: [filemgmt 56-199] Attempt to get parsing info during refresh. "On-the-fly" syntax checking information may be incorrect. [/home/xmen/Desktop/SystolicCore/vivado/SystolicCore/SystolicCore.gen/sources_1/ip/ila_0_1/ila_0.veo:]
WARNING: [filemgmt 56-199] Attempt to get parsing info during refresh. "On-the-fly" syntax checking information may be incorrect. [/home/xmen/Desktop/SystolicCore/rtl/Arty7_top_sim.sv:]
WARNING: [filemgmt 56-199] Attempt to get parsing info during refresh. "On-the-fly" syntax checking information may be incorrect. [/home/xmen/Desktop/SystolicCore/rtl/SystolicCore.sv:]
WARNING: [filemgmt 56-199] Attempt to get parsing info during refresh. "On-the-fly" syntax checking information may be incorrect. [/home/xmen/Desktop/SystolicCore/rtl/SystolicCore.sv:]
WARNING: [filemgmt 56-199] Attempt to get parsing info during refresh. "On-the-fly" syntax checking information may be incorrect. [/home/xmen/Desktop/SystolicCore/rtl/SystolicCore.sv:]
WARNING: [filemgmt 56-199] Attempt to get parsing info during refresh. "On-the-fly" syntax checking information may be incorrect. [/home/xmen/Desktop/SystolicCore/vivado/SystolicCore/SystolicCore.gen/sources_1/ip/ram_single_port/ram_single_port.veo:]
WARNING: [filemgmt 56-199] Attempt to get parsing info during refresh. "On-the-fly" syntax checking information may be incorrect. [/home/xmen/Desktop/SystolicCore/vivado/SystolicCore/SystolicCore.gen/sources_1/ip/ram_single_port/ram_single_port.veo:]
WARNING: [filemgmt 56-199] Attempt to get parsing info during refresh. "On-the-fly" syntax checking information may be incorrect. [/home/xmen/Desktop/SystolicCore/vivado/SystolicCore/SystolicCore.gen/sources_1/ip/ila_0_1/ila_0.veo:]
WARNING: [filemgmt 56-199] Attempt to get parsing info during refresh. "On-the-fly" syntax checking information may be incorrect. [/home/xmen/Desktop/SystolicCore/vivado/SystolicCore/SystolicCore.gen/sources_1/ip/ila_0_1/ila_0.veo:]
WARNING: [filemgmt 56-199] Attempt to get parsing info during refresh. "On-the-fly" syntax checking information may be incorrect. [/home/xmen/Desktop/SystolicCore/vivado/SystolicCore/SystolicCore.gen/sources_1/ip/ram_single_port/ram_single_port.veo:]
WARNING: [filemgmt 56-199] Attempt to get parsing info during refresh. "On-the-fly" syntax checking information may be incorrect. [/home/xmen/Desktop/SystolicCore/vivado/SystolicCore/SystolicCore.gen/sources_1/ip/ram_single_port/ram_single_port.veo:]
WARNING: [filemgmt 56-199] Attempt to get parsing info during refresh. "On-the-fly" syntax checking information may be incorrect. [/home/xmen/Desktop/SystolicCore/rtl/Arty7_top_sim.sv:]
WARNING: [filemgmt 56-199] Attempt to get parsing info during refresh. "On-the-fly" syntax checking information may be incorrect. [/home/xmen/Desktop/SystolicCore/rtl/SystolicCore.sv:]
WARNING: [filemgmt 56-199] Attempt to get parsing info during refresh. "On-the-fly" syntax checking information may be incorrect. [/home/xmen/Desktop/SystolicCore/rtl/SystolicCore.sv:]
WARNING: [filemgmt 56-199] Attempt to get parsing info during refresh. "On-the-fly" syntax checking information may be incorrect. [/home/xmen/Desktop/SystolicCore/rtl/SystolicCore.sv:]
WARNING: [filemgmt 56-199] Attempt to get parsing info during refresh. "On-the-fly" syntax checking information may be incorrect. [/home/xmen/Desktop/SystolicCore/vivado/SystolicCore/SystolicCore.gen/sources_1/ip/ila_0_1/ila_0.veo:]
WARNING: [filemgmt 56-199] Attempt to get parsing info during refresh. "On-the-fly" syntax checking information may be incorrect. [/home/xmen/Desktop/SystolicCore/vivado/SystolicCore/SystolicCore.gen/sources_1/ip/ila_0_1/ila_0.veo:]
reset_run synth_1
INFO: [Project 1-1161] Replacing file /home/xmen/Desktop/SystolicCore/vivado/SystolicCore/SystolicCore.srcs/utils_1/imports/synth_1/Arty7_top_sim.dcp with file /home/xmen/Desktop/SystolicCore/vivado/SystolicCore/SystolicCore.runs/synth_1/Arty7_top_sim.dcp
launch_runs impl_1 -to_step write_bitstream -jobs 32
[Mon Nov 10 15:31:25 2025] Launched synth_1...
Run output will be captured here: /home/xmen/Desktop/SystolicCore/vivado/SystolicCore/SystolicCore.runs/synth_1/runme.log
[Mon Nov 10 15:31:25 2025] Launched impl_1...
Run output will be captured here: /home/xmen/Desktop/SystolicCore/vivado/SystolicCore/SystolicCore.runs/impl_1/runme.log
WARNING: [filemgmt 56-199] Attempt to get parsing info during refresh. "On-the-fly" syntax checking information may be incorrect. [/home/xmen/Desktop/SystolicCore/vivado/SystolicCore/SystolicCore.gen/sources_1/ip/ram_single_port/ram_single_port.veo:]
WARNING: [filemgmt 56-199] Attempt to get parsing info during refresh. "On-the-fly" syntax checking information may be incorrect. [/home/xmen/Desktop/SystolicCore/vivado/SystolicCore/SystolicCore.gen/sources_1/ip/ram_single_port/ram_single_port.veo:]
WARNING: [filemgmt 56-199] Attempt to get parsing info during refresh. "On-the-fly" syntax checking information may be incorrect. [/home/xmen/Desktop/SystolicCore/vivado/SystolicCore/SystolicCore.gen/sources_1/ip/ila_0_1/ila_0.veo:]
WARNING: [filemgmt 56-199] Attempt to get parsing info during refresh. "On-the-fly" syntax checking information may be incorrect. [/home/xmen/Desktop/SystolicCore/vivado/SystolicCore/SystolicCore.gen/sources_1/ip/ila_0_1/ila_0.veo:]
WARNING: [filemgmt 56-199] Attempt to get parsing info during refresh. "On-the-fly" syntax checking information may be incorrect. [/home/xmen/Desktop/SystolicCore/rtl/Arty7_top_sim.sv:]
WARNING: [filemgmt 56-199] Attempt to get parsing info during refresh. "On-the-fly" syntax checking information may be incorrect. [/home/xmen/Desktop/SystolicCore/rtl/SystolicCore.sv:]
WARNING: [filemgmt 56-199] Attempt to get parsing info during refresh. "On-the-fly" syntax checking information may be incorrect. [/home/xmen/Desktop/SystolicCore/rtl/SystolicCore.sv:]
WARNING: [filemgmt 56-199] Attempt to get parsing info during refresh. "On-the-fly" syntax checking information may be incorrect. [/home/xmen/Desktop/SystolicCore/rtl/SystolicCore.sv:]
WARNING: [filemgmt 56-199] Attempt to get parsing info during refresh. "On-the-fly" syntax checking information may be incorrect. [/home/xmen/Desktop/SystolicCore/vivado/SystolicCore/SystolicCore.gen/sources_1/ip/ram_single_port/ram_single_port.veo:]
WARNING: [filemgmt 56-199] Attempt to get parsing info during refresh. "On-the-fly" syntax checking information may be incorrect. [/home/xmen/Desktop/SystolicCore/vivado/SystolicCore/SystolicCore.gen/sources_1/ip/ram_single_port/ram_single_port.veo:]
WARNING: [filemgmt 56-199] Attempt to get parsing info during refresh. "On-the-fly" syntax checking information may be incorrect. [/home/xmen/Desktop/SystolicCore/rtl/Arty7_top_sim.sv:]
WARNING: [filemgmt 56-199] Attempt to get parsing info during refresh. "On-the-fly" syntax checking information may be incorrect. [/home/xmen/Desktop/SystolicCore/rtl/SystolicCore.sv:]
WARNING: [filemgmt 56-199] Attempt to get parsing info during refresh. "On-the-fly" syntax checking information may be incorrect. [/home/xmen/Desktop/SystolicCore/rtl/SystolicCore.sv:]
WARNING: [filemgmt 56-199] Attempt to get parsing info during refresh. "On-the-fly" syntax checking information may be incorrect. [/home/xmen/Desktop/SystolicCore/rtl/SystolicCore.sv:]
WARNING: [filemgmt 56-199] Attempt to get parsing info during refresh. "On-the-fly" syntax checking information may be incorrect. [/home/xmen/Desktop/SystolicCore/vivado/SystolicCore/SystolicCore.gen/sources_1/ip/ila_0_1/ila_0.veo:]
WARNING: [filemgmt 56-199] Attempt to get parsing info during refresh. "On-the-fly" syntax checking information may be incorrect. [/home/xmen/Desktop/SystolicCore/vivado/SystolicCore/SystolicCore.gen/sources_1/ip/ila_0_1/ila_0.veo:]
set_property PROBES.FILE {/home/xmen/Desktop/SystolicCore/vivado/SystolicCore/SystolicCore.runs/impl_1/Arty7_top_sim.ltx} [get_hw_devices xc7a100t_0]
set_property FULL_PROBES.FILE {/home/xmen/Desktop/SystolicCore/vivado/SystolicCore/SystolicCore.runs/impl_1/Arty7_top_sim.ltx} [get_hw_devices xc7a100t_0]
set_property PROGRAM.FILE {/home/xmen/Desktop/SystolicCore/vivado/SystolicCore/SystolicCore.runs/impl_1/Arty7_top_sim.bit} [get_hw_devices xc7a100t_0]
program_hw_devices [get_hw_devices xc7a100t_0]
INFO: [Labtools 27-3164] End of startup status: HIGH
refresh_hw_device [lindex [get_hw_devices xc7a100t_0] 0]
INFO: [Labtools 27-2302] Device xc7a100t (JTAG device index = 0) is programmed with a design that has 1 ILA core(s).
add_wave -into {hw_ila_data_1.wcfg} -radix hex { {SystolicCore0/<const0>} {SystolicCore0/<const0>_1} {SystolicCore0/<const0>_2} {SystolicCore0/<const0>_3} {SystolicCore0/<const0>_4} {SystolicCore0/<const0>_5} {SystolicCore0/<const0>_6} {SystolicCore0/clock} }
set_property TRIGGER_COMPARE_VALUE eq1'bR [get_hw_probes SystolicCore0/clock -of_objects [get_hw_ilas -of_objects [get_hw_devices xc7a100t_0] -filter {CELL_NAME=~"SystolicCore0/ILA"}]]
run_hw_ila [get_hw_ilas -of_objects [get_hw_devices xc7a100t_0] -filter {CELL_NAME=~"SystolicCore0/ILA"}]
INFO: [Labtools 27-1964] The ILA core 'hw_ila_1' trigger was armed at 2025-Nov-10 15:34:22
WARNING: [filemgmt 56-199] Attempt to get parsing info during refresh. "On-the-fly" syntax checking information may be incorrect. [/home/xmen/Desktop/SystolicCore/rtl/Arty7_top_sim.sv:]
WARNING: [filemgmt 56-199] Attempt to get parsing info during refresh. "On-the-fly" syntax checking information may be incorrect. [/home/xmen/Desktop/SystolicCore/rtl/SystolicCore.sv:]
WARNING: [filemgmt 56-199] Attempt to get parsing info during refresh. "On-the-fly" syntax checking information may be incorrect. [/home/xmen/Desktop/SystolicCore/rtl/SystolicCore.sv:]
WARNING: [filemgmt 56-199] Attempt to get parsing info during refresh. "On-the-fly" syntax checking information may be incorrect. [/home/xmen/Desktop/SystolicCore/rtl/SystolicCore.sv:]
WARNING: [filemgmt 56-199] Attempt to get parsing info during refresh. "On-the-fly" syntax checking information may be incorrect. [/home/xmen/Desktop/SystolicCore/vivado/SystolicCore/SystolicCore.gen/sources_1/ip/ram_single_port/ram_single_port.veo:]
WARNING: [filemgmt 56-199] Attempt to get parsing info during refresh. "On-the-fly" syntax checking information may be incorrect. [/home/xmen/Desktop/SystolicCore/vivado/SystolicCore/SystolicCore.gen/sources_1/ip/ram_single_port/ram_single_port.veo:]
WARNING: [filemgmt 56-199] Attempt to get parsing info during refresh. "On-the-fly" syntax checking information may be incorrect. [/home/xmen/Desktop/SystolicCore/vivado/SystolicCore/SystolicCore.gen/sources_1/ip/ila_0_1/ila_0.veo:]
WARNING: [filemgmt 56-199] Attempt to get parsing info during refresh. "On-the-fly" syntax checking information may be incorrect. [/home/xmen/Desktop/SystolicCore/vivado/SystolicCore/SystolicCore.gen/sources_1/ip/ila_0_1/ila_0.veo:]
reset_run synth_1
INFO: [Project 1-1161] Replacing file /home/xmen/Desktop/SystolicCore/vivado/SystolicCore/SystolicCore.srcs/utils_1/imports/synth_1/Arty7_top_sim.dcp with file /home/xmen/Desktop/SystolicCore/vivado/SystolicCore/SystolicCore.runs/synth_1/Arty7_top_sim.dcp
launch_runs impl_1 -to_step write_bitstream -jobs 32
[Mon Nov 10 15:35:03 2025] Launched synth_1...
Run output will be captured here: /home/xmen/Desktop/SystolicCore/vivado/SystolicCore/SystolicCore.runs/synth_1/runme.log
[Mon Nov 10 15:35:03 2025] Launched impl_1...
Run output will be captured here: /home/xmen/Desktop/SystolicCore/vivado/SystolicCore/SystolicCore.runs/impl_1/runme.log
WARNING: [filemgmt 56-199] Attempt to get parsing info during refresh. "On-the-fly" syntax checking information may be incorrect. [/home/xmen/Desktop/SystolicCore/vivado/SystolicCore/SystolicCore.gen/sources_1/ip/ram_single_port/ram_single_port.veo:]
WARNING: [filemgmt 56-199] Attempt to get parsing info during refresh. "On-the-fly" syntax checking information may be incorrect. [/home/xmen/Desktop/SystolicCore/vivado/SystolicCore/SystolicCore.gen/sources_1/ip/ram_single_port/ram_single_port.veo:]
WARNING: [filemgmt 56-199] Attempt to get parsing info during refresh. "On-the-fly" syntax checking information may be incorrect. [/home/xmen/Desktop/SystolicCore/rtl/Arty7_top_sim.sv:]
WARNING: [filemgmt 56-199] Attempt to get parsing info during refresh. "On-the-fly" syntax checking information may be incorrect. [/home/xmen/Desktop/SystolicCore/rtl/SystolicCore.sv:]
WARNING: [filemgmt 56-199] Attempt to get parsing info during refresh. "On-the-fly" syntax checking information may be incorrect. [/home/xmen/Desktop/SystolicCore/rtl/SystolicCore.sv:]
WARNING: [filemgmt 56-199] Attempt to get parsing info during refresh. "On-the-fly" syntax checking information may be incorrect. [/home/xmen/Desktop/SystolicCore/rtl/SystolicCore.sv:]
WARNING: [filemgmt 56-199] Attempt to get parsing info during refresh. "On-the-fly" syntax checking information may be incorrect. [/home/xmen/Desktop/SystolicCore/vivado/SystolicCore/SystolicCore.gen/sources_1/ip/ila_0_1/ila_0.veo:]
WARNING: [filemgmt 56-199] Attempt to get parsing info during refresh. "On-the-fly" syntax checking information may be incorrect. [/home/xmen/Desktop/SystolicCore/vivado/SystolicCore/SystolicCore.gen/sources_1/ip/ila_0_1/ila_0.veo:]
set_property PROBES.FILE {/home/xmen/Desktop/SystolicCore/vivado/SystolicCore/SystolicCore.runs/impl_1/Arty7_top_sim.ltx} [get_hw_devices xc7a100t_0]
set_property FULL_PROBES.FILE {/home/xmen/Desktop/SystolicCore/vivado/SystolicCore/SystolicCore.runs/impl_1/Arty7_top_sim.ltx} [get_hw_devices xc7a100t_0]
set_property PROGRAM.FILE {/home/xmen/Desktop/SystolicCore/vivado/SystolicCore/SystolicCore.runs/impl_1/Arty7_top_sim.bit} [get_hw_devices xc7a100t_0]
program_hw_devices [get_hw_devices xc7a100t_0]
INFO: [Labtools 27-3164] End of startup status: HIGH
refresh_hw_device [lindex [get_hw_devices xc7a100t_0] 0]
INFO: [Labtools 27-2302] Device xc7a100t (JTAG device index = 0) is programmed with a design that has 1 ILA core(s).
run_hw_ila [get_hw_ilas -of_objects [get_hw_devices xc7a100t_0] -filter {CELL_NAME=~"SystolicCore0/ILA"}]
INFO: [Labtools 27-1964] The ILA core 'hw_ila_1' trigger was armed at 2025-Nov-10 15:38:15
WARNING: [filemgmt 56-199] Attempt to get parsing info during refresh. "On-the-fly" syntax checking information may be incorrect. [/home/xmen/Desktop/SystolicCore/rtl/Arty7_top_sim.sv:]
WARNING: [filemgmt 56-199] Attempt to get parsing info during refresh. "On-the-fly" syntax checking information may be incorrect. [/home/xmen/Desktop/SystolicCore/rtl/SystolicCore.sv:]
WARNING: [filemgmt 56-199] Attempt to get parsing info during refresh. "On-the-fly" syntax checking information may be incorrect. [/home/xmen/Desktop/SystolicCore/rtl/SystolicCore.sv:]
WARNING: [filemgmt 56-199] Attempt to get parsing info during refresh. "On-the-fly" syntax checking information may be incorrect. [/home/xmen/Desktop/SystolicCore/rtl/SystolicCore.sv:]
WARNING: [filemgmt 56-199] Attempt to get parsing info during refresh. "On-the-fly" syntax checking information may be incorrect. [/home/xmen/Desktop/SystolicCore/vivado/SystolicCore/SystolicCore.gen/sources_1/ip/ila_0_1/ila_0.veo:]
WARNING: [filemgmt 56-199] Attempt to get parsing info during refresh. "On-the-fly" syntax checking information may be incorrect. [/home/xmen/Desktop/SystolicCore/vivado/SystolicCore/SystolicCore.gen/sources_1/ip/ila_0_1/ila_0.veo:]
WARNING: [filemgmt 56-199] Attempt to get parsing info during refresh. "On-the-fly" syntax checking information may be incorrect. [/home/xmen/Desktop/SystolicCore/vivado/SystolicCore/SystolicCore.gen/sources_1/ip/ram_single_port/ram_single_port.veo:]
WARNING: [filemgmt 56-199] Attempt to get parsing info during refresh. "On-the-fly" syntax checking information may be incorrect. [/home/xmen/Desktop/SystolicCore/vivado/SystolicCore/SystolicCore.gen/sources_1/ip/ram_single_port/ram_single_port.veo:]
WARNING: [filemgmt 56-199] Attempt to get parsing info during refresh. "On-the-fly" syntax checking information may be incorrect. [/home/xmen/Desktop/SystolicCore/rtl/Arty7_top_sim.sv:]
WARNING: [filemgmt 56-199] Attempt to get parsing info during refresh. "On-the-fly" syntax checking information may be incorrect. [/home/xmen/Desktop/SystolicCore/rtl/SystolicCore.sv:]
WARNING: [filemgmt 56-199] Attempt to get parsing info during refresh. "On-the-fly" syntax checking information may be incorrect. [/home/xmen/Desktop/SystolicCore/rtl/SystolicCore.sv:]
WARNING: [filemgmt 56-199] Attempt to get parsing info during refresh. "On-the-fly" syntax checking information may be incorrect. [/home/xmen/Desktop/SystolicCore/rtl/SystolicCore.sv:]
WARNING: [filemgmt 56-199] Attempt to get parsing info during refresh. "On-the-fly" syntax checking information may be incorrect. [/home/xmen/Desktop/SystolicCore/vivado/SystolicCore/SystolicCore.gen/sources_1/ip/ila_0_1/ila_0.veo:]
WARNING: [filemgmt 56-199] Attempt to get parsing info during refresh. "On-the-fly" syntax checking information may be incorrect. [/home/xmen/Desktop/SystolicCore/vivado/SystolicCore/SystolicCore.gen/sources_1/ip/ila_0_1/ila_0.veo:]
WARNING: [filemgmt 56-199] Attempt to get parsing info during refresh. "On-the-fly" syntax checking information may be incorrect. [/home/xmen/Desktop/SystolicCore/vivado/SystolicCore/SystolicCore.gen/sources_1/ip/ram_single_port/ram_single_port.veo:]
WARNING: [filemgmt 56-199] Attempt to get parsing info during refresh. "On-the-fly" syntax checking information may be incorrect. [/home/xmen/Desktop/SystolicCore/vivado/SystolicCore/SystolicCore.gen/sources_1/ip/ram_single_port/ram_single_port.veo:]
WARNING: [filemgmt 56-199] Attempt to get parsing info during refresh. "On-the-fly" syntax checking information may be incorrect. [/home/xmen/Desktop/SystolicCore/vivado/SystolicCore/SystolicCore.gen/sources_1/ip/ram_single_port/ram_single_port.veo:]
WARNING: [filemgmt 56-199] Attempt to get parsing info during refresh. "On-the-fly" syntax checking information may be incorrect. [/home/xmen/Desktop/SystolicCore/vivado/SystolicCore/SystolicCore.gen/sources_1/ip/ram_single_port/ram_single_port.veo:]
WARNING: [filemgmt 56-199] Attempt to get parsing info during refresh. "On-the-fly" syntax checking information may be incorrect. [/home/xmen/Desktop/SystolicCore/rtl/Arty7_top_sim.sv:]
WARNING: [filemgmt 56-199] Attempt to get parsing info during refresh. "On-the-fly" syntax checking information may be incorrect. [/home/xmen/Desktop/SystolicCore/rtl/SystolicCore.sv:]
WARNING: [filemgmt 56-199] Attempt to get parsing info during refresh. "On-the-fly" syntax checking information may be incorrect. [/home/xmen/Desktop/SystolicCore/rtl/SystolicCore.sv:]
WARNING: [filemgmt 56-199] Attempt to get parsing info during refresh. "On-the-fly" syntax checking information may be incorrect. [/home/xmen/Desktop/SystolicCore/rtl/SystolicCore.sv:]
WARNING: [filemgmt 56-199] Attempt to get parsing info during refresh. "On-the-fly" syntax checking information may be incorrect. [/home/xmen/Desktop/SystolicCore/vivado/SystolicCore/SystolicCore.gen/sources_1/ip/ila_0_1/ila_0.veo:]
WARNING: [filemgmt 56-199] Attempt to get parsing info during refresh. "On-the-fly" syntax checking information may be incorrect. [/home/xmen/Desktop/SystolicCore/vivado/SystolicCore/SystolicCore.gen/sources_1/ip/ila_0_1/ila_0.veo:]
WARNING: [filemgmt 56-199] Attempt to get parsing info during refresh. "On-the-fly" syntax checking information may be incorrect. [/home/xmen/Desktop/SystolicCore/rtl/Arty7_top_sim.sv:]
WARNING: [filemgmt 56-199] Attempt to get parsing info during refresh. "On-the-fly" syntax checking information may be incorrect. [/home/xmen/Desktop/SystolicCore/rtl/SystolicCore.sv:]
WARNING: [filemgmt 56-199] Attempt to get parsing info during refresh. "On-the-fly" syntax checking information may be incorrect. [/home/xmen/Desktop/SystolicCore/rtl/SystolicCore.sv:]
WARNING: [filemgmt 56-199] Attempt to get parsing info during refresh. "On-the-fly" syntax checking information may be incorrect. [/home/xmen/Desktop/SystolicCore/rtl/SystolicCore.sv:]
WARNING: [filemgmt 56-199] Attempt to get parsing info during refresh. "On-the-fly" syntax checking information may be incorrect. [/home/xmen/Desktop/SystolicCore/vivado/SystolicCore/SystolicCore.gen/sources_1/ip/ram_single_port/ram_single_port.veo:]
WARNING: [filemgmt 56-199] Attempt to get parsing info during refresh. "On-the-fly" syntax checking information may be incorrect. [/home/xmen/Desktop/SystolicCore/vivado/SystolicCore/SystolicCore.gen/sources_1/ip/ram_single_port/ram_single_port.veo:]
WARNING: [filemgmt 56-199] Attempt to get parsing info during refresh. "On-the-fly" syntax checking information may be incorrect. [/home/xmen/Desktop/SystolicCore/vivado/SystolicCore/SystolicCore.gen/sources_1/ip/ila_0_1/ila_0.veo:]
WARNING: [filemgmt 56-199] Attempt to get parsing info during refresh. "On-the-fly" syntax checking information may be incorrect. [/home/xmen/Desktop/SystolicCore/vivado/SystolicCore/SystolicCore.gen/sources_1/ip/ila_0_1/ila_0.veo:]
reset_run synth_1
INFO: [Project 1-1161] Replacing file /home/xmen/Desktop/SystolicCore/vivado/SystolicCore/SystolicCore.srcs/utils_1/imports/synth_1/Arty7_top_sim.dcp with file /home/xmen/Desktop/SystolicCore/vivado/SystolicCore/SystolicCore.runs/synth_1/Arty7_top_sim.dcp
launch_runs impl_1 -to_step write_bitstream -jobs 32
[Mon Nov 10 15:39:24 2025] Launched synth_1...
Run output will be captured here: /home/xmen/Desktop/SystolicCore/vivado/SystolicCore/SystolicCore.runs/synth_1/runme.log
[Mon Nov 10 15:39:24 2025] Launched impl_1...
Run output will be captured here: /home/xmen/Desktop/SystolicCore/vivado/SystolicCore/SystolicCore.runs/impl_1/runme.log
WARNING: [filemgmt 56-199] Attempt to get parsing info during refresh. "On-the-fly" syntax checking information may be incorrect. [/home/xmen/Desktop/SystolicCore/rtl/Arty7_top_sim.sv:]
WARNING: [filemgmt 56-199] Attempt to get parsing info during refresh. "On-the-fly" syntax checking information may be incorrect. [/home/xmen/Desktop/SystolicCore/rtl/SystolicCore.sv:]
WARNING: [filemgmt 56-199] Attempt to get parsing info during refresh. "On-the-fly" syntax checking information may be incorrect. [/home/xmen/Desktop/SystolicCore/rtl/SystolicCore.sv:]
WARNING: [filemgmt 56-199] Attempt to get parsing info during refresh. "On-the-fly" syntax checking information may be incorrect. [/home/xmen/Desktop/SystolicCore/rtl/SystolicCore.sv:]
WARNING: [filemgmt 56-199] Attempt to get parsing info during refresh. "On-the-fly" syntax checking information may be incorrect. [/home/xmen/Desktop/SystolicCore/vivado/SystolicCore/SystolicCore.gen/sources_1/ip/ram_single_port/ram_single_port.veo:]
WARNING: [filemgmt 56-199] Attempt to get parsing info during refresh. "On-the-fly" syntax checking information may be incorrect. [/home/xmen/Desktop/SystolicCore/vivado/SystolicCore/SystolicCore.gen/sources_1/ip/ram_single_port/ram_single_port.veo:]
WARNING: [filemgmt 56-199] Attempt to get parsing info during refresh. "On-the-fly" syntax checking information may be incorrect. [/home/xmen/Desktop/SystolicCore/vivado/SystolicCore/SystolicCore.gen/sources_1/ip/ila_0_1/ila_0.veo:]
WARNING: [filemgmt 56-199] Attempt to get parsing info during refresh. "On-the-fly" syntax checking information may be incorrect. [/home/xmen/Desktop/SystolicCore/vivado/SystolicCore/SystolicCore.gen/sources_1/ip/ila_0_1/ila_0.veo:]
set_property PROBES.FILE {/home/xmen/Desktop/SystolicCore/vivado/SystolicCore/SystolicCore.runs/impl_1/Arty7_top_sim.ltx} [get_hw_devices xc7a100t_0]
set_property FULL_PROBES.FILE {/home/xmen/Desktop/SystolicCore/vivado/SystolicCore/SystolicCore.runs/impl_1/Arty7_top_sim.ltx} [get_hw_devices xc7a100t_0]
set_property PROGRAM.FILE {/home/xmen/Desktop/SystolicCore/vivado/SystolicCore/SystolicCore.runs/impl_1/Arty7_top_sim.bit} [get_hw_devices xc7a100t_0]
program_hw_devices [get_hw_devices xc7a100t_0]
INFO: [Labtools 27-3164] End of startup status: HIGH
refresh_hw_device [lindex [get_hw_devices xc7a100t_0] 0]
INFO: [Labtools 27-2302] Device xc7a100t (JTAG device index = 0) is programmed with a design that has 1 ILA core(s).
set_property PROBES.FILE {/home/xmen/Desktop/SystolicCore/vivado/SystolicCore/SystolicCore.runs/impl_1/Arty7_top_sim.ltx} [get_hw_devices xc7a100t_0]
set_property FULL_PROBES.FILE {/home/xmen/Desktop/SystolicCore/vivado/SystolicCore/SystolicCore.runs/impl_1/Arty7_top_sim.ltx} [get_hw_devices xc7a100t_0]
set_property PROGRAM.FILE {/home/xmen/Desktop/SystolicCore/vivado/SystolicCore/SystolicCore.runs/impl_1/Arty7_top_sim.bit} [get_hw_devices xc7a100t_0]
program_hw_devices [get_hw_devices xc7a100t_0]
INFO: [Labtools 27-3164] End of startup status: HIGH
refresh_hw_device [lindex [get_hw_devices xc7a100t_0] 0]
INFO: [Labtools 27-2302] Device xc7a100t (JTAG device index = 0) is programmed with a design that has 1 ILA core(s).
set_property PROBES.FILE {/home/xmen/Desktop/SystolicCore/vivado/SystolicCore/SystolicCore.runs/impl_1/Arty7_top_sim.ltx} [get_hw_devices xc7a100t_0]
set_property FULL_PROBES.FILE {/home/xmen/Desktop/SystolicCore/vivado/SystolicCore/SystolicCore.runs/impl_1/Arty7_top_sim.ltx} [get_hw_devices xc7a100t_0]
set_property PROGRAM.FILE {/home/xmen/Desktop/SystolicCore/vivado/SystolicCore/SystolicCore.runs/impl_1/Arty7_top_sim.bit} [get_hw_devices xc7a100t_0]
program_hw_devices [get_hw_devices xc7a100t_0]
INFO: [Labtools 27-3164] End of startup status: HIGH
refresh_hw_device [lindex [get_hw_devices xc7a100t_0] 0]
INFO: [Labtools 27-2302] Device xc7a100t (JTAG device index = 0) is programmed with a design that has 1 ILA core(s).
WARNING: [filemgmt 56-199] Attempt to get parsing info during refresh. "On-the-fly" syntax checking information may be incorrect. [/home/xmen/Desktop/SystolicCore/vivado/SystolicCore/SystolicCore.gen/sources_1/ip/ram_single_port/ram_single_port.veo:]
WARNING: [filemgmt 56-199] Attempt to get parsing info during refresh. "On-the-fly" syntax checking information may be incorrect. [/home/xmen/Desktop/SystolicCore/vivado/SystolicCore/SystolicCore.gen/sources_1/ip/ram_single_port/ram_single_port.veo:]
WARNING: [filemgmt 56-199] Attempt to get parsing info during refresh. "On-the-fly" syntax checking information may be incorrect. [/home/xmen/Desktop/SystolicCore/rtl/Arty7_top_sim.sv:]
WARNING: [filemgmt 56-199] Attempt to get parsing info during refresh. "On-the-fly" syntax checking information may be incorrect. [/home/xmen/Desktop/SystolicCore/rtl/SystolicCore.sv:]
WARNING: [filemgmt 56-199] Attempt to get parsing info during refresh. "On-the-fly" syntax checking information may be incorrect. [/home/xmen/Desktop/SystolicCore/rtl/SystolicCore.sv:]
WARNING: [filemgmt 56-199] Attempt to get parsing info during refresh. "On-the-fly" syntax checking information may be incorrect. [/home/xmen/Desktop/SystolicCore/rtl/SystolicCore.sv:]
reset_run impl_1 -prev_step 
launch_runs impl_1 -to_step write_bitstream -jobs 32
WARNING: [filemgmt 56-199] Attempt to get parsing info during refresh. "On-the-fly" syntax checking information may be incorrect. [/home/xmen/Desktop/SystolicCore/vivado/SystolicCore/SystolicCore.gen/sources_1/ip/ila_0_1/ila_0.veo:]
WARNING: [filemgmt 56-199] Attempt to get parsing info during refresh. "On-the-fly" syntax checking information may be incorrect. [/home/xmen/Desktop/SystolicCore/vivado/SystolicCore/SystolicCore.gen/sources_1/ip/ila_0_1/ila_0.veo:]
[Mon Nov 10 15:44:06 2025] Launched impl_1...
Run output will be captured here: /home/xmen/Desktop/SystolicCore/vivado/SystolicCore/SystolicCore.runs/impl_1/runme.log
set_property PROBES.FILE {/home/xmen/Desktop/SystolicCore/vivado/SystolicCore/SystolicCore.runs/impl_1/Arty7_top_sim.ltx} [get_hw_devices xc7a100t_0]
set_property FULL_PROBES.FILE {/home/xmen/Desktop/SystolicCore/vivado/SystolicCore/SystolicCore.runs/impl_1/Arty7_top_sim.ltx} [get_hw_devices xc7a100t_0]
set_property PROGRAM.FILE {/home/xmen/Desktop/SystolicCore/vivado/SystolicCore/SystolicCore.runs/impl_1/Arty7_top_sim.bit} [get_hw_devices xc7a100t_0]
program_hw_devices [get_hw_devices xc7a100t_0]
INFO: [Labtools 27-3164] End of startup status: HIGH
refresh_hw_device [lindex [get_hw_devices xc7a100t_0] 0]
INFO: [Labtools 27-2302] Device xc7a100t (JTAG device index = 0) is programmed with a design that has 1 ILA core(s).
set_property PROBES.FILE {/home/xmen/Desktop/SystolicCore/vivado/SystolicCore/SystolicCore.runs/impl_1/Arty7_top_sim.ltx} [get_hw_devices xc7a100t_0]
set_property FULL_PROBES.FILE {/home/xmen/Desktop/SystolicCore/vivado/SystolicCore/SystolicCore.runs/impl_1/Arty7_top_sim.ltx} [get_hw_devices xc7a100t_0]
set_property PROGRAM.FILE {/home/xmen/Desktop/SystolicCore/vivado/SystolicCore/SystolicCore.runs/impl_1/Arty7_top_sim.bit} [get_hw_devices xc7a100t_0]
program_hw_devices [get_hw_devices xc7a100t_0]
INFO: [Labtools 27-3164] End of startup status: HIGH
WARNING: [filemgmt 56-199] Attempt to get parsing info during refresh. "On-the-fly" syntax checking information may be incorrect. [/home/xmen/Desktop/SystolicCore/vivado/SystolicCore/SystolicCore.gen/sources_1/ip/ila_0_1/ila_0.veo:]
WARNING: [filemgmt 56-199] Attempt to get parsing info during refresh. "On-the-fly" syntax checking information may be incorrect. [/home/xmen/Desktop/SystolicCore/vivado/SystolicCore/SystolicCore.gen/sources_1/ip/ila_0_1/ila_0.veo:]
WARNING: [filemgmt 56-199] Attempt to get parsing info during refresh. "On-the-fly" syntax checking information may be incorrect. [/home/xmen/Desktop/SystolicCore/rtl/Arty7_top_sim.sv:]
WARNING: [filemgmt 56-199] Attempt to get parsing info during refresh. "On-the-fly" syntax checking information may be incorrect. [/home/xmen/Desktop/SystolicCore/rtl/SystolicCore.sv:]
WARNING: [filemgmt 56-199] Attempt to get parsing info during refresh. "On-the-fly" syntax checking information may be incorrect. [/home/xmen/Desktop/SystolicCore/rtl/SystolicCore.sv:]
WARNING: [filemgmt 56-199] Attempt to get parsing info during refresh. "On-the-fly" syntax checking information may be incorrect. [/home/xmen/Desktop/SystolicCore/rtl/SystolicCore.sv:]
WARNING: [filemgmt 56-199] Attempt to get parsing info during refresh. "On-the-fly" syntax checking information may be incorrect. [/home/xmen/Desktop/SystolicCore/vivado/SystolicCore/SystolicCore.gen/sources_1/ip/ram_single_port/ram_single_port.veo:]
WARNING: [filemgmt 56-199] Attempt to get parsing info during refresh. "On-the-fly" syntax checking information may be incorrect. [/home/xmen/Desktop/SystolicCore/vivado/SystolicCore/SystolicCore.gen/sources_1/ip/ram_single_port/ram_single_port.veo:]
WARNING: [filemgmt 56-199] Attempt to get parsing info during refresh. "On-the-fly" syntax checking information may be incorrect. [/home/xmen/Desktop/SystolicCore/vivado/SystolicCore/SystolicCore.gen/sources_1/ip/ila_0_1/ila_0.veo:]
WARNING: [filemgmt 56-199] Attempt to get parsing info during refresh. "On-the-fly" syntax checking information may be incorrect. [/home/xmen/Desktop/SystolicCore/vivado/SystolicCore/SystolicCore.gen/sources_1/ip/ila_0_1/ila_0.veo:]
reset_run synth_1
INFO: [Project 1-1161] Replacing file /home/xmen/Desktop/SystolicCore/vivado/SystolicCore/SystolicCore.srcs/utils_1/imports/synth_1/Arty7_top_sim.dcp with file /home/xmen/Desktop/SystolicCore/vivado/SystolicCore/SystolicCore.runs/synth_1/Arty7_top_sim.dcp
launch_runs impl_1 -to_step write_bitstream -jobs 32
[Mon Nov 10 15:45:34 2025] Launched synth_1...
Run output will be captured here: /home/xmen/Desktop/SystolicCore/vivado/SystolicCore/SystolicCore.runs/synth_1/runme.log
[Mon Nov 10 15:45:34 2025] Launched impl_1...
Run output will be captured here: /home/xmen/Desktop/SystolicCore/vivado/SystolicCore/SystolicCore.runs/impl_1/runme.log
WARNING: [filemgmt 56-199] Attempt to get parsing info during refresh. "On-the-fly" syntax checking information may be incorrect. [/home/xmen/Desktop/SystolicCore/rtl/Arty7_top_sim.sv:]
WARNING: [filemgmt 56-199] Attempt to get parsing info during refresh. "On-the-fly" syntax checking information may be incorrect. [/home/xmen/Desktop/SystolicCore/rtl/SystolicCore.sv:]
WARNING: [filemgmt 56-199] Attempt to get parsing info during refresh. "On-the-fly" syntax checking information may be incorrect. [/home/xmen/Desktop/SystolicCore/rtl/SystolicCore.sv:]
WARNING: [filemgmt 56-199] Attempt to get parsing info during refresh. "On-the-fly" syntax checking information may be incorrect. [/home/xmen/Desktop/SystolicCore/rtl/SystolicCore.sv:]
WARNING: [filemgmt 56-199] Attempt to get parsing info during refresh. "On-the-fly" syntax checking information may be incorrect. [/home/xmen/Desktop/SystolicCore/vivado/SystolicCore/SystolicCore.gen/sources_1/ip/ram_single_port/ram_single_port.veo:]
WARNING: [filemgmt 56-199] Attempt to get parsing info during refresh. "On-the-fly" syntax checking information may be incorrect. [/home/xmen/Desktop/SystolicCore/vivado/SystolicCore/SystolicCore.gen/sources_1/ip/ram_single_port/ram_single_port.veo:]
WARNING: [filemgmt 56-199] Attempt to get parsing info during refresh. "On-the-fly" syntax checking information may be incorrect. [/home/xmen/Desktop/SystolicCore/vivado/SystolicCore/SystolicCore.gen/sources_1/ip/ila_0_1/ila_0.veo:]
WARNING: [filemgmt 56-199] Attempt to get parsing info during refresh. "On-the-fly" syntax checking information may be incorrect. [/home/xmen/Desktop/SystolicCore/vivado/SystolicCore/SystolicCore.gen/sources_1/ip/ila_0_1/ila_0.veo:]
WARNING: [filemgmt 56-199] Attempt to get parsing info during refresh. "On-the-fly" syntax checking information may be incorrect. [/home/xmen/Desktop/SystolicCore/vivado/SystolicCore/SystolicCore.gen/sources_1/ip/ram_single_port/ram_single_port.veo:]
WARNING: [filemgmt 56-199] Attempt to get parsing info during refresh. "On-the-fly" syntax checking information may be incorrect. [/home/xmen/Desktop/SystolicCore/vivado/SystolicCore/SystolicCore.gen/sources_1/ip/ram_single_port/ram_single_port.veo:]
WARNING: [filemgmt 56-199] Attempt to get parsing info during refresh. "On-the-fly" syntax checking information may be incorrect. [/home/xmen/Desktop/SystolicCore/rtl/Arty7_top_sim.sv:]
WARNING: [filemgmt 56-199] Attempt to get parsing info during refresh. "On-the-fly" syntax checking information may be incorrect. [/home/xmen/Desktop/SystolicCore/rtl/SystolicCore.sv:]
WARNING: [filemgmt 56-199] Attempt to get parsing info during refresh. "On-the-fly" syntax checking information may be incorrect. [/home/xmen/Desktop/SystolicCore/rtl/SystolicCore.sv:]
WARNING: [filemgmt 56-199] Attempt to get parsing info during refresh. "On-the-fly" syntax checking information may be incorrect. [/home/xmen/Desktop/SystolicCore/rtl/SystolicCore.sv:]
WARNING: [filemgmt 56-199] Attempt to get parsing info during refresh. "On-the-fly" syntax checking information may be incorrect. [/home/xmen/Desktop/SystolicCore/vivado/SystolicCore/SystolicCore.gen/sources_1/ip/ila_0_1/ila_0.veo:]
WARNING: [filemgmt 56-199] Attempt to get parsing info during refresh. "On-the-fly" syntax checking information may be incorrect. [/home/xmen/Desktop/SystolicCore/vivado/SystolicCore/SystolicCore.gen/sources_1/ip/ila_0_1/ila_0.veo:]
reset_run synth_1
INFO: [Project 1-1161] Replacing file /home/xmen/Desktop/SystolicCore/vivado/SystolicCore/SystolicCore.srcs/utils_1/imports/synth_1/Arty7_top_sim.dcp with file /home/xmen/Desktop/SystolicCore/vivado/SystolicCore/SystolicCore.runs/synth_1/Arty7_top_sim.dcp
launch_runs impl_1 -to_step write_bitstream -jobs 32
[Mon Nov 10 15:47:37 2025] Launched synth_1...
Run output will be captured here: /home/xmen/Desktop/SystolicCore/vivado/SystolicCore/SystolicCore.runs/synth_1/runme.log
[Mon Nov 10 15:47:37 2025] Launched impl_1...
Run output will be captured here: /home/xmen/Desktop/SystolicCore/vivado/SystolicCore/SystolicCore.runs/impl_1/runme.log
WARNING: [filemgmt 56-199] Attempt to get parsing info during refresh. "On-the-fly" syntax checking information may be incorrect. [/home/xmen/Desktop/SystolicCore/rtl/Arty7_top_sim.sv:]
WARNING: [filemgmt 56-199] Attempt to get parsing info during refresh. "On-the-fly" syntax checking information may be incorrect. [/home/xmen/Desktop/SystolicCore/rtl/SystolicCore.sv:]
WARNING: [filemgmt 56-199] Attempt to get parsing info during refresh. "On-the-fly" syntax checking information may be incorrect. [/home/xmen/Desktop/SystolicCore/rtl/SystolicCore.sv:]
WARNING: [filemgmt 56-199] Attempt to get parsing info during refresh. "On-the-fly" syntax checking information may be incorrect. [/home/xmen/Desktop/SystolicCore/rtl/SystolicCore.sv:]
WARNING: [filemgmt 56-199] Attempt to get parsing info during refresh. "On-the-fly" syntax checking information may be incorrect. [/home/xmen/Desktop/SystolicCore/vivado/SystolicCore/SystolicCore.gen/sources_1/ip/ram_single_port/ram_single_port.veo:]
WARNING: [filemgmt 56-199] Attempt to get parsing info during refresh. "On-the-fly" syntax checking information may be incorrect. [/home/xmen/Desktop/SystolicCore/vivado/SystolicCore/SystolicCore.gen/sources_1/ip/ram_single_port/ram_single_port.veo:]
WARNING: [filemgmt 56-199] Attempt to get parsing info during refresh. "On-the-fly" syntax checking information may be incorrect. [/home/xmen/Desktop/SystolicCore/vivado/SystolicCore/SystolicCore.gen/sources_1/ip/ila_0_1/ila_0.veo:]
WARNING: [filemgmt 56-199] Attempt to get parsing info during refresh. "On-the-fly" syntax checking information may be incorrect. [/home/xmen/Desktop/SystolicCore/vivado/SystolicCore/SystolicCore.gen/sources_1/ip/ila_0_1/ila_0.veo:]
set_property PROBES.FILE {} [get_hw_devices xc7a100t_0]
set_property FULL_PROBES.FILE {} [get_hw_devices xc7a100t_0]
set_property PROGRAM.FILE {/home/xmen/Desktop/SystolicCore/vivado/SystolicCore/SystolicCore.runs/impl_1/Arty7_top_sim.bit} [get_hw_devices xc7a100t_0]
program_hw_devices [get_hw_devices xc7a100t_0]
INFO: [Labtools 27-3164] End of startup status: HIGH
refresh_hw_device [lindex [get_hw_devices xc7a100t_0] 0]
INFO: [Labtools 27-1434] Device xc7a100t (JTAG device index = 0) is programmed with a design that has no supported debug core(s) in it.
set_property PROBES.FILE {} [get_hw_devices xc7a100t_0]
set_property FULL_PROBES.FILE {} [get_hw_devices xc7a100t_0]
set_property PROGRAM.FILE {/home/xmen/Desktop/SystolicCore/vivado/SystolicCore/SystolicCore.runs/impl_1/Arty7_top_sim.bit} [get_hw_devices xc7a100t_0]
program_hw_devices [get_hw_devices xc7a100t_0]
INFO: [Labtools 27-3164] End of startup status: HIGH
refresh_hw_device [lindex [get_hw_devices xc7a100t_0] 0]
INFO: [Labtools 27-1434] Device xc7a100t (JTAG device index = 0) is programmed with a design that has no supported debug core(s) in it.
WARNING: [filemgmt 56-199] Attempt to get parsing info during refresh. "On-the-fly" syntax checking information may be incorrect. [/home/xmen/Desktop/SystolicCore/rtl/Arty7_top_sim.sv:]
WARNING: [filemgmt 56-199] Attempt to get parsing info during refresh. "On-the-fly" syntax checking information may be incorrect. [/home/xmen/Desktop/SystolicCore/rtl/SystolicCore.sv:]
WARNING: [filemgmt 56-199] Attempt to get parsing info during refresh. "On-the-fly" syntax checking information may be incorrect. [/home/xmen/Desktop/SystolicCore/rtl/SystolicCore.sv:]
WARNING: [filemgmt 56-199] Attempt to get parsing info during refresh. "On-the-fly" syntax checking information may be incorrect. [/home/xmen/Desktop/SystolicCore/rtl/SystolicCore.sv:]
WARNING: [filemgmt 56-199] Attempt to get parsing info during refresh. "On-the-fly" syntax checking information may be incorrect. [/home/xmen/Desktop/SystolicCore/vivado/SystolicCore/SystolicCore.gen/sources_1/ip/ram_single_port/ram_single_port.veo:]
WARNING: [filemgmt 56-199] Attempt to get parsing info during refresh. "On-the-fly" syntax checking information may be incorrect. [/home/xmen/Desktop/SystolicCore/vivado/SystolicCore/SystolicCore.gen/sources_1/ip/ram_single_port/ram_single_port.veo:]
WARNING: [filemgmt 56-199] Attempt to get parsing info during refresh. "On-the-fly" syntax checking information may be incorrect. [/home/xmen/Desktop/SystolicCore/vivado/SystolicCore/SystolicCore.gen/sources_1/ip/ila_0_1/ila_0.veo:]
WARNING: [filemgmt 56-199] Attempt to get parsing info during refresh. "On-the-fly" syntax checking information may be incorrect. [/home/xmen/Desktop/SystolicCore/vivado/SystolicCore/SystolicCore.gen/sources_1/ip/ila_0_1/ila_0.veo:]
WARNING: [filemgmt 56-199] Attempt to get parsing info during refresh. "On-the-fly" syntax checking information may be incorrect. [/home/xmen/Desktop/SystolicCore/rtl/Arty7_top_sim.sv:]
WARNING: [filemgmt 56-199] Attempt to get parsing info during refresh. "On-the-fly" syntax checking information may be incorrect. [/home/xmen/Desktop/SystolicCore/rtl/SystolicCore.sv:]
WARNING: [filemgmt 56-199] Attempt to get parsing info during refresh. "On-the-fly" syntax checking information may be incorrect. [/home/xmen/Desktop/SystolicCore/rtl/SystolicCore.sv:]
WARNING: [filemgmt 56-199] Attempt to get parsing info during refresh. "On-the-fly" syntax checking information may be incorrect. [/home/xmen/Desktop/SystolicCore/rtl/SystolicCore.sv:]
WARNING: [filemgmt 56-199] Attempt to get parsing info during refresh. "On-the-fly" syntax checking information may be incorrect. [/home/xmen/Desktop/SystolicCore/vivado/SystolicCore/SystolicCore.gen/sources_1/ip/ram_single_port/ram_single_port.veo:]
WARNING: [filemgmt 56-199] Attempt to get parsing info during refresh. "On-the-fly" syntax checking information may be incorrect. [/home/xmen/Desktop/SystolicCore/vivado/SystolicCore/SystolicCore.gen/sources_1/ip/ram_single_port/ram_single_port.veo:]
WARNING: [filemgmt 56-199] Attempt to get parsing info during refresh. "On-the-fly" syntax checking information may be incorrect. [/home/xmen/Desktop/SystolicCore/vivado/SystolicCore/SystolicCore.gen/sources_1/ip/ila_0_1/ila_0.veo:]
WARNING: [filemgmt 56-199] Attempt to get parsing info during refresh. "On-the-fly" syntax checking information may be incorrect. [/home/xmen/Desktop/SystolicCore/vivado/SystolicCore/SystolicCore.gen/sources_1/ip/ila_0_1/ila_0.veo:]
WARNING: [filemgmt 56-199] Attempt to get parsing info during refresh. "On-the-fly" syntax checking information may be incorrect. [/home/xmen/Desktop/SystolicCore/rtl/Arty7_top_sim.sv:]
WARNING: [filemgmt 56-199] Attempt to get parsing info during refresh. "On-the-fly" syntax checking information may be incorrect. [/home/xmen/Desktop/SystolicCore/rtl/SystolicCore.sv:]
WARNING: [filemgmt 56-199] Attempt to get parsing info during refresh. "On-the-fly" syntax checking information may be incorrect. [/home/xmen/Desktop/SystolicCore/rtl/SystolicCore.sv:]
WARNING: [filemgmt 56-199] Attempt to get parsing info during refresh. "On-the-fly" syntax checking information may be incorrect. [/home/xmen/Desktop/SystolicCore/rtl/SystolicCore.sv:]
WARNING: [filemgmt 56-199] Attempt to get parsing info during refresh. "On-the-fly" syntax checking information may be incorrect. [/home/xmen/Desktop/SystolicCore/vivado/SystolicCore/SystolicCore.gen/sources_1/ip/ram_single_port/ram_single_port.veo:]
WARNING: [filemgmt 56-199] Attempt to get parsing info during refresh. "On-the-fly" syntax checking information may be incorrect. [/home/xmen/Desktop/SystolicCore/vivado/SystolicCore/SystolicCore.gen/sources_1/ip/ram_single_port/ram_single_port.veo:]
WARNING: [filemgmt 56-199] Attempt to get parsing info during refresh. "On-the-fly" syntax checking information may be incorrect. [/home/xmen/Desktop/SystolicCore/rtl/Arty7_top_sim.sv:]
WARNING: [filemgmt 56-199] Attempt to get parsing info during refresh. "On-the-fly" syntax checking information may be incorrect. [/home/xmen/Desktop/SystolicCore/rtl/SystolicCore.sv:]
WARNING: [filemgmt 56-199] Attempt to get parsing info during refresh. "On-the-fly" syntax checking information may be incorrect. [/home/xmen/Desktop/SystolicCore/rtl/SystolicCore.sv:]
WARNING: [filemgmt 56-199] Attempt to get parsing info during refresh. "On-the-fly" syntax checking information may be incorrect. [/home/xmen/Desktop/SystolicCore/rtl/SystolicCore.sv:]
WARNING: [filemgmt 56-199] Attempt to get parsing info during refresh. "On-the-fly" syntax checking information may be incorrect. [/home/xmen/Desktop/SystolicCore/rtl/Arty7_top_sim.sv:]
WARNING: [filemgmt 56-199] Attempt to get parsing info during refresh. "On-the-fly" syntax checking information may be incorrect. [/home/xmen/Desktop/SystolicCore/rtl/SystolicCore.sv:]
WARNING: [filemgmt 56-199] Attempt to get parsing info during refresh. "On-the-fly" syntax checking information may be incorrect. [/home/xmen/Desktop/SystolicCore/rtl/Arty7_top_sim.sv:]
WARNING: [filemgmt 56-199] Attempt to get parsing info during refresh. "On-the-fly" syntax checking information may be incorrect. [/home/xmen/Desktop/SystolicCore/rtl/Arty7_top_sim.sv:]
WARNING: [filemgmt 56-199] Attempt to get parsing info during refresh. "On-the-fly" syntax checking information may be incorrect. [/home/xmen/Desktop/SystolicCore/vivado/SystolicCore/SystolicCore.gen/sources_1/ip/ila_0_1/ila_0.veo:]
WARNING: [filemgmt 56-199] Attempt to get parsing info during refresh. "On-the-fly" syntax checking information may be incorrect. [/home/xmen/Desktop/SystolicCore/vivado/SystolicCore/SystolicCore.gen/sources_1/ip/ila_0_1/ila_0.veo:]
reset_run synth_1
INFO: [Project 1-1161] Replacing file /home/xmen/Desktop/SystolicCore/vivado/SystolicCore/SystolicCore.srcs/utils_1/imports/synth_1/Arty7_top_sim.dcp with file /home/xmen/Desktop/SystolicCore/vivado/SystolicCore/SystolicCore.runs/synth_1/Arty7_top_sim.dcp
launch_runs impl_1 -to_step write_bitstream -jobs 32
[Mon Nov 10 15:53:11 2025] Launched synth_1...
Run output will be captured here: /home/xmen/Desktop/SystolicCore/vivado/SystolicCore/SystolicCore.runs/synth_1/runme.log
[Mon Nov 10 15:53:11 2025] Launched impl_1...
Run output will be captured here: /home/xmen/Desktop/SystolicCore/vivado/SystolicCore/SystolicCore.runs/impl_1/runme.log
WARNING: [filemgmt 56-199] Attempt to get parsing info during refresh. "On-the-fly" syntax checking information may be incorrect. [/home/xmen/Desktop/SystolicCore/vivado/SystolicCore/SystolicCore.gen/sources_1/ip/ram_single_port/ram_single_port.veo:]
WARNING: [filemgmt 56-199] Attempt to get parsing info during refresh. "On-the-fly" syntax checking information may be incorrect. [/home/xmen/Desktop/SystolicCore/vivado/SystolicCore/SystolicCore.gen/sources_1/ip/ram_single_port/ram_single_port.veo:]
WARNING: [filemgmt 56-199] Attempt to get parsing info during refresh. "On-the-fly" syntax checking information may be incorrect. [/home/xmen/Desktop/SystolicCore/rtl/Arty7_top_sim.sv:]
WARNING: [filemgmt 56-199] Attempt to get parsing info during refresh. "On-the-fly" syntax checking information may be incorrect. [/home/xmen/Desktop/SystolicCore/rtl/SystolicCore.sv:]
WARNING: [filemgmt 56-199] Attempt to get parsing info during refresh. "On-the-fly" syntax checking information may be incorrect. [/home/xmen/Desktop/SystolicCore/rtl/SystolicCore.sv:]
WARNING: [filemgmt 56-199] Attempt to get parsing info during refresh. "On-the-fly" syntax checking information may be incorrect. [/home/xmen/Desktop/SystolicCore/rtl/SystolicCore.sv:]
WARNING: [filemgmt 56-199] Attempt to get parsing info during refresh. "On-the-fly" syntax checking information may be incorrect. [/home/xmen/Desktop/SystolicCore/vivado/SystolicCore/SystolicCore.gen/sources_1/ip/ila_0_1/ila_0.veo:]
WARNING: [filemgmt 56-199] Attempt to get parsing info during refresh. "On-the-fly" syntax checking information may be incorrect. [/home/xmen/Desktop/SystolicCore/vivado/SystolicCore/SystolicCore.gen/sources_1/ip/ila_0_1/ila_0.veo:]
set_property PROBES.FILE {} [get_hw_devices xc7a100t_0]
set_property FULL_PROBES.FILE {} [get_hw_devices xc7a100t_0]
set_property PROGRAM.FILE {/home/xmen/Desktop/SystolicCore/vivado/SystolicCore/SystolicCore.runs/impl_1/Arty7_top_sim.bit} [get_hw_devices xc7a100t_0]
program_hw_devices [get_hw_devices xc7a100t_0]
INFO: [Labtools 27-3164] End of startup status: HIGH
refresh_hw_device [lindex [get_hw_devices xc7a100t_0] 0]
INFO: [Labtools 27-1434] Device xc7a100t (JTAG device index = 0) is programmed with a design that has no supported debug core(s) in it.
WARNING: [filemgmt 56-199] Attempt to get parsing info during refresh. "On-the-fly" syntax checking information may be incorrect. [/home/xmen/Desktop/SystolicCore/rtl/Arty7_top_sim.sv:]
WARNING: [filemgmt 56-199] Attempt to get parsing info during refresh. "On-the-fly" syntax checking information may be incorrect. [/home/xmen/Desktop/SystolicCore/rtl/SystolicCore.sv:]
WARNING: [filemgmt 56-199] Attempt to get parsing info during refresh. "On-the-fly" syntax checking information may be incorrect. [/home/xmen/Desktop/SystolicCore/rtl/SystolicCore.sv:]
WARNING: [filemgmt 56-199] Attempt to get parsing info during refresh. "On-the-fly" syntax checking information may be incorrect. [/home/xmen/Desktop/SystolicCore/rtl/SystolicCore.sv:]
WARNING: [filemgmt 56-199] Attempt to get parsing info during refresh. "On-the-fly" syntax checking information may be incorrect. [/home/xmen/Desktop/SystolicCore/vivado/SystolicCore/SystolicCore.gen/sources_1/ip/ram_single_port/ram_single_port.veo:]
WARNING: [filemgmt 56-199] Attempt to get parsing info during refresh. "On-the-fly" syntax checking information may be incorrect. [/home/xmen/Desktop/SystolicCore/vivado/SystolicCore/SystolicCore.gen/sources_1/ip/ram_single_port/ram_single_port.veo:]
WARNING: [filemgmt 56-199] Attempt to get parsing info during refresh. "On-the-fly" syntax checking information may be incorrect. [/home/xmen/Desktop/SystolicCore/vivado/SystolicCore/SystolicCore.gen/sources_1/ip/ila_0_1/ila_0.veo:]
WARNING: [filemgmt 56-199] Attempt to get parsing info during refresh. "On-the-fly" syntax checking information may be incorrect. [/home/xmen/Desktop/SystolicCore/vivado/SystolicCore/SystolicCore.gen/sources_1/ip/ila_0_1/ila_0.veo:]
reset_run synth_1
INFO: [Project 1-1161] Replacing file /home/xmen/Desktop/SystolicCore/vivado/SystolicCore/SystolicCore.srcs/utils_1/imports/synth_1/Arty7_top_sim.dcp with file /home/xmen/Desktop/SystolicCore/vivado/SystolicCore/SystolicCore.runs/synth_1/Arty7_top_sim.dcp
launch_runs impl_1 -to_step write_bitstream -jobs 32
[Mon Nov 10 15:54:56 2025] Launched synth_1...
Run output will be captured here: /home/xmen/Desktop/SystolicCore/vivado/SystolicCore/SystolicCore.runs/synth_1/runme.log
[Mon Nov 10 15:54:56 2025] Launched impl_1...
Run output will be captured here: /home/xmen/Desktop/SystolicCore/vivado/SystolicCore/SystolicCore.runs/impl_1/runme.log
WARNING: [filemgmt 56-199] Attempt to get parsing info during refresh. "On-the-fly" syntax checking information may be incorrect. [/home/xmen/Desktop/SystolicCore/vivado/SystolicCore/SystolicCore.gen/sources_1/ip/ram_single_port/ram_single_port.veo:]
WARNING: [filemgmt 56-199] Attempt to get parsing info during refresh. "On-the-fly" syntax checking information may be incorrect. [/home/xmen/Desktop/SystolicCore/vivado/SystolicCore/SystolicCore.gen/sources_1/ip/ram_single_port/ram_single_port.veo:]
WARNING: [filemgmt 56-199] Attempt to get parsing info during refresh. "On-the-fly" syntax checking information may be incorrect. [/home/xmen/Desktop/SystolicCore/rtl/Arty7_top_sim.sv:]
WARNING: [filemgmt 56-199] Attempt to get parsing info during refresh. "On-the-fly" syntax checking information may be incorrect. [/home/xmen/Desktop/SystolicCore/rtl/SystolicCore.sv:]
WARNING: [filemgmt 56-199] Attempt to get parsing info during refresh. "On-the-fly" syntax checking information may be incorrect. [/home/xmen/Desktop/SystolicCore/rtl/SystolicCore.sv:]
WARNING: [filemgmt 56-199] Attempt to get parsing info during refresh. "On-the-fly" syntax checking information may be incorrect. [/home/xmen/Desktop/SystolicCore/rtl/SystolicCore.sv:]
WARNING: [filemgmt 56-199] Attempt to get parsing info during refresh. "On-the-fly" syntax checking information may be incorrect. [/home/xmen/Desktop/SystolicCore/vivado/SystolicCore/SystolicCore.gen/sources_1/ip/ila_0_1/ila_0.veo:]
WARNING: [filemgmt 56-199] Attempt to get parsing info during refresh. "On-the-fly" syntax checking information may be incorrect. [/home/xmen/Desktop/SystolicCore/vivado/SystolicCore/SystolicCore.gen/sources_1/ip/ila_0_1/ila_0.veo:]
set_property PROBES.FILE {} [get_hw_devices xc7a100t_0]
set_property FULL_PROBES.FILE {} [get_hw_devices xc7a100t_0]
set_property PROGRAM.FILE {/home/xmen/Desktop/SystolicCore/vivado/SystolicCore/SystolicCore.runs/impl_1/Arty7_top_sim.bit} [get_hw_devices xc7a100t_0]
program_hw_devices [get_hw_devices xc7a100t_0]
INFO: [Labtools 27-3164] End of startup status: HIGH
refresh_hw_device [lindex [get_hw_devices xc7a100t_0] 0]
INFO: [Labtools 27-1434] Device xc7a100t (JTAG device index = 0) is programmed with a design that has no supported debug core(s) in it.
WARNING: [filemgmt 56-199] Attempt to get parsing info during refresh. "On-the-fly" syntax checking information may be incorrect. [/home/xmen/Desktop/SystolicCore/vivado/SystolicCore/SystolicCore.gen/sources_1/ip/ram_single_port/ram_single_port.veo:]
WARNING: [filemgmt 56-199] Attempt to get parsing info during refresh. "On-the-fly" syntax checking information may be incorrect. [/home/xmen/Desktop/SystolicCore/vivado/SystolicCore/SystolicCore.gen/sources_1/ip/ram_single_port/ram_single_port.veo:]
WARNING: [filemgmt 56-199] Attempt to get parsing info during refresh. "On-the-fly" syntax checking information may be incorrect. [/home/xmen/Desktop/SystolicCore/rtl/Arty7_top_sim.sv:]
WARNING: [filemgmt 56-199] Attempt to get parsing info during refresh. "On-the-fly" syntax checking information may be incorrect. [/home/xmen/Desktop/SystolicCore/rtl/SystolicCore.sv:]
WARNING: [filemgmt 56-199] Attempt to get parsing info during refresh. "On-the-fly" syntax checking information may be incorrect. [/home/xmen/Desktop/SystolicCore/rtl/SystolicCore.sv:]
WARNING: [filemgmt 56-199] Attempt to get parsing info during refresh. "On-the-fly" syntax checking information may be incorrect. [/home/xmen/Desktop/SystolicCore/rtl/SystolicCore.sv:]
WARNING: [filemgmt 56-199] Attempt to get parsing info during refresh. "On-the-fly" syntax checking information may be incorrect. [/home/xmen/Desktop/SystolicCore/vivado/SystolicCore/SystolicCore.gen/sources_1/ip/ila_0_1/ila_0.veo:]
WARNING: [filemgmt 56-199] Attempt to get parsing info during refresh. "On-the-fly" syntax checking information may be incorrect. [/home/xmen/Desktop/SystolicCore/vivado/SystolicCore/SystolicCore.gen/sources_1/ip/ila_0_1/ila_0.veo:]
reset_run synth_1
INFO: [Project 1-1161] Replacing file /home/xmen/Desktop/SystolicCore/vivado/SystolicCore/SystolicCore.srcs/utils_1/imports/synth_1/Arty7_top_sim.dcp with file /home/xmen/Desktop/SystolicCore/vivado/SystolicCore/SystolicCore.runs/synth_1/Arty7_top_sim.dcp
launch_runs impl_1 -to_step write_bitstream -jobs 32
[Mon Nov 10 15:56:43 2025] Launched synth_1...
Run output will be captured here: /home/xmen/Desktop/SystolicCore/vivado/SystolicCore/SystolicCore.runs/synth_1/runme.log
[Mon Nov 10 15:56:43 2025] Launched impl_1...
Run output will be captured here: /home/xmen/Desktop/SystolicCore/vivado/SystolicCore/SystolicCore.runs/impl_1/runme.log
WARNING: [filemgmt 56-199] Attempt to get parsing info during refresh. "On-the-fly" syntax checking information may be incorrect. [/home/xmen/Desktop/SystolicCore/vivado/SystolicCore/SystolicCore.gen/sources_1/ip/ram_single_port/ram_single_port.veo:]
WARNING: [filemgmt 56-199] Attempt to get parsing info during refresh. "On-the-fly" syntax checking information may be incorrect. [/home/xmen/Desktop/SystolicCore/vivado/SystolicCore/SystolicCore.gen/sources_1/ip/ram_single_port/ram_single_port.veo:]
set_property PROBES.FILE {/home/xmen/Desktop/SystolicCore/vivado/SystolicCore/SystolicCore.runs/impl_1/Arty7_top_sim.ltx} [get_hw_devices xc7a100t_0]
set_property FULL_PROBES.FILE {/home/xmen/Desktop/SystolicCore/vivado/SystolicCore/SystolicCore.runs/impl_1/Arty7_top_sim.ltx} [get_hw_devices xc7a100t_0]
set_property PROGRAM.FILE {/home/xmen/Desktop/SystolicCore/vivado/SystolicCore/SystolicCore.runs/impl_1/Arty7_top_sim.bit} [get_hw_devices xc7a100t_0]
program_hw_devices [get_hw_devices xc7a100t_0]
INFO: [Labtools 27-3164] End of startup status: HIGH
refresh_hw_device [lindex [get_hw_devices xc7a100t_0] 0]
INFO: [Labtools 27-2302] Device xc7a100t (JTAG device index = 0) is programmed with a design that has 1 ILA core(s).
add_wave -into {hw_ila_data_1.wcfg} -radix hex { {SystolicCore0/<const0>} {SystolicCore0/<const0>_1} {SystolicCore0/<const0>_2} {SystolicCore0/<const0>_3} {SystolicCore0/<const0>_4} {SystolicCore0/<const0>_5} {SystolicCore0/<const0>_6} {SystolicCore0/clock} {SystolicCore0/mem2serial_pmatrix_in[0][0]} {SystolicCore0/mem2serial_pmatrix_in[0][1]} {SystolicCore0/mem2serial_pmatrix_in[0][2]} {SystolicCore0/mem2serial_pmatrix_in[0][3]} {SystolicCore0/mem2serial_pmatrix_in[0][4]} {SystolicCore0/mem2serial_pmatrix_in[0][5]} {SystolicCore0/mem2serial_pmatrix_in[0][6]} {SystolicCore0/mem2serial_pmatrix_in[0][7]} {SystolicCore0/mem2serial_pmatrix_in[7][0]} {SystolicCore0/mem2serial_pmatrix_in[7][1]} {SystolicCore0/mem2serial_pmatrix_in[7][2]} {SystolicCore0/mem2serial_pmatrix_in[7][4]} {SystolicCore0/mem2serial_pmatrix_in[7][5]} {SystolicCore0/mem2serial_pmatrix_in[7][6]} {SystolicCore0/mem2serial_pmatrix_in[7][7]} {SystolicCore0/systolicControlUnit_syst_rvalid_o} {SystolicCore0/uart_txd_in} }
run_hw_ila [get_hw_ilas -of_objects [get_hw_devices xc7a100t_0] -filter {CELL_NAME=~"SystolicCore0/ILA"}]
INFO: [Labtools 27-1964] The ILA core 'hw_ila_1' trigger was armed at 2025-Nov-10 15:59:28
set_property TRIGGER_COMPARE_VALUE eq1'b1 [get_hw_probes SystolicCore0/clock -of_objects [get_hw_ilas -of_objects [get_hw_devices xc7a100t_0] -filter {CELL_NAME=~"SystolicCore0/ILA"}]]
wait_on_hw_ila -timeout 0 [get_hw_ilas -of_objects [get_hw_devices xc7a100t_0] -filter {CELL_NAME=~"SystolicCore0/ILA"}]
upload_hw_ila_data [get_hw_ilas -of_objects [get_hw_devices xc7a100t_0] -filter {CELL_NAME=~"SystolicCore0/ILA"}]
INFO: [Labtools 27-1965] The ILA core 'hw_ila_1' trigger was stopped by user at 2025-Nov-10 16:00:22
WARNING: [Labtools 27-157] hw_ila [hw_ila_1] stopped. No data to upload.
run_hw_ila [get_hw_ilas -of_objects [get_hw_devices xc7a100t_0] -filter {CELL_NAME=~"SystolicCore0/ILA"}]
INFO: [Labtools 27-1964] The ILA core 'hw_ila_1' trigger was armed at 2025-Nov-10 16:00:24
wait_on_hw_ila -timeout 0 [get_hw_ilas -of_objects [get_hw_devices xc7a100t_0] -filter {CELL_NAME=~"SystolicCore0/ILA"}]
upload_hw_ila_data [get_hw_ilas -of_objects [get_hw_devices xc7a100t_0] -filter {CELL_NAME=~"SystolicCore0/ILA"}]
INFO: [Labtools 27-1965] The ILA core 'hw_ila_1' trigger was stopped by user at 2025-Nov-10 16:00:29
WARNING: [Labtools 27-157] hw_ila [hw_ila_1] stopped. No data to upload.
set_property TRIGGER_COMPARE_VALUE eq1'bX [get_hw_probes SystolicCore0/clock -of_objects [get_hw_ilas -of_objects [get_hw_devices xc7a100t_0] -filter {CELL_NAME=~"SystolicCore0/ILA"}]]
run_hw_ila [get_hw_ilas -of_objects [get_hw_devices xc7a100t_0] -filter {CELL_NAME=~"SystolicCore0/ILA"}]
INFO: [Labtools 27-1964] The ILA core 'hw_ila_1' trigger was armed at 2025-Nov-10 16:00:39
wait_on_hw_ila [get_hw_ilas -of_objects [get_hw_devices xc7a100t_0] -filter {CELL_NAME=~"SystolicCore0/ILA"}]
display_hw_ila_data [upload_hw_ila_data [get_hw_ilas -of_objects [get_hw_devices xc7a100t_0] -filter {CELL_NAME=~"SystolicCore0/ILA"}]]
INFO: [Labtools 27-1966] The ILA core 'hw_ila_1' triggered at 2025-Nov-10 16:00:39
INFO: [Labtools 27-3304] ILA Waveform data saved to file /home/xmen/Desktop/SystolicCore/vivado/SystolicCore/SystolicCore.hw/backup/hw_ila_data_1.ila. Use Tcl command 'read_hw_ila_data' or Vivado File->Import->Import ILA Data menu item to import the previously saved data.
run_hw_ila [get_hw_ilas -of_objects [get_hw_devices xc7a100t_0] -filter {CELL_NAME=~"SystolicCore0/ILA"}]
INFO: [Labtools 27-1964] The ILA core 'hw_ila_1' trigger was armed at 2025-Nov-10 16:00:41
wait_on_hw_ila [get_hw_ilas -of_objects [get_hw_devices xc7a100t_0] -filter {CELL_NAME=~"SystolicCore0/ILA"}]
display_hw_ila_data [upload_hw_ila_data [get_hw_ilas -of_objects [get_hw_devices xc7a100t_0] -filter {CELL_NAME=~"SystolicCore0/ILA"}]]
INFO: [Labtools 27-1966] The ILA core 'hw_ila_1' triggered at 2025-Nov-10 16:00:41
INFO: [Labtools 27-3304] ILA Waveform data saved to file /home/xmen/Desktop/SystolicCore/vivado/SystolicCore/SystolicCore.hw/backup/hw_ila_data_1.ila. Use Tcl command 'read_hw_ila_data' or Vivado File->Import->Import ILA Data menu item to import the previously saved data.
run_hw_ila [get_hw_ilas -of_objects [get_hw_devices xc7a100t_0] -filter {CELL_NAME=~"SystolicCore0/ILA"}]
INFO: [Labtools 27-1964] The ILA core 'hw_ila_1' trigger was armed at 2025-Nov-10 16:00:43
wait_on_hw_ila [get_hw_ilas -of_objects [get_hw_devices xc7a100t_0] -filter {CELL_NAME=~"SystolicCore0/ILA"}]
display_hw_ila_data [upload_hw_ila_data [get_hw_ilas -of_objects [get_hw_devices xc7a100t_0] -filter {CELL_NAME=~"SystolicCore0/ILA"}]]
INFO: [Labtools 27-1966] The ILA core 'hw_ila_1' triggered at 2025-Nov-10 16:00:43
INFO: [Labtools 27-3304] ILA Waveform data saved to file /home/xmen/Desktop/SystolicCore/vivado/SystolicCore/SystolicCore.hw/backup/hw_ila_data_1.ila. Use Tcl command 'read_hw_ila_data' or Vivado File->Import->Import ILA Data menu item to import the previously saved data.
run_hw_ila [get_hw_ilas -of_objects [get_hw_devices xc7a100t_0] -filter {CELL_NAME=~"SystolicCore0/ILA"}]
INFO: [Labtools 27-1964] The ILA core 'hw_ila_1' trigger was armed at 2025-Nov-10 16:00:47
wait_on_hw_ila [get_hw_ilas -of_objects [get_hw_devices xc7a100t_0] -filter {CELL_NAME=~"SystolicCore0/ILA"}]
display_hw_ila_data [upload_hw_ila_data [get_hw_ilas -of_objects [get_hw_devices xc7a100t_0] -filter {CELL_NAME=~"SystolicCore0/ILA"}]]
INFO: [Labtools 27-1966] The ILA core 'hw_ila_1' triggered at 2025-Nov-10 16:00:47
INFO: [Labtools 27-3304] ILA Waveform data saved to file /home/xmen/Desktop/SystolicCore/vivado/SystolicCore/SystolicCore.hw/backup/hw_ila_data_1.ila. Use Tcl command 'read_hw_ila_data' or Vivado File->Import->Import ILA Data menu item to import the previously saved data.
run_hw_ila [get_hw_ilas -of_objects [get_hw_devices xc7a100t_0] -filter {CELL_NAME=~"SystolicCore0/ILA"}]
INFO: [Labtools 27-1964] The ILA core 'hw_ila_1' trigger was armed at 2025-Nov-10 16:00:50
wait_on_hw_ila [get_hw_ilas -of_objects [get_hw_devices xc7a100t_0] -filter {CELL_NAME=~"SystolicCore0/ILA"}]
display_hw_ila_data [upload_hw_ila_data [get_hw_ilas -of_objects [get_hw_devices xc7a100t_0] -filter {CELL_NAME=~"SystolicCore0/ILA"}]]
INFO: [Labtools 27-1966] The ILA core 'hw_ila_1' triggered at 2025-Nov-10 16:00:50
INFO: [Labtools 27-3304] ILA Waveform data saved to file /home/xmen/Desktop/SystolicCore/vivado/SystolicCore/SystolicCore.hw/backup/hw_ila_data_1.ila. Use Tcl command 'read_hw_ila_data' or Vivado File->Import->Import ILA Data menu item to import the previously saved data.
run_hw_ila [get_hw_ilas -of_objects [get_hw_devices xc7a100t_0] -filter {CELL_NAME=~"SystolicCore0/ILA"}]
INFO: [Labtools 27-1964] The ILA core 'hw_ila_1' trigger was armed at 2025-Nov-10 16:00:53
wait_on_hw_ila [get_hw_ilas -of_objects [get_hw_devices xc7a100t_0] -filter {CELL_NAME=~"SystolicCore0/ILA"}]
display_hw_ila_data [upload_hw_ila_data [get_hw_ilas -of_objects [get_hw_devices xc7a100t_0] -filter {CELL_NAME=~"SystolicCore0/ILA"}]]
INFO: [Labtools 27-1966] The ILA core 'hw_ila_1' triggered at 2025-Nov-10 16:00:53
INFO: [Labtools 27-3304] ILA Waveform data saved to file /home/xmen/Desktop/SystolicCore/vivado/SystolicCore/SystolicCore.hw/backup/hw_ila_data_1.ila. Use Tcl command 'read_hw_ila_data' or Vivado File->Import->Import ILA Data menu item to import the previously saved data.
run_hw_ila [get_hw_ilas -of_objects [get_hw_devices xc7a100t_0] -filter {CELL_NAME=~"SystolicCore0/ILA"}]
INFO: [Labtools 27-1964] The ILA core 'hw_ila_1' trigger was armed at 2025-Nov-10 16:00:57
wait_on_hw_ila [get_hw_ilas -of_objects [get_hw_devices xc7a100t_0] -filter {CELL_NAME=~"SystolicCore0/ILA"}]
display_hw_ila_data [upload_hw_ila_data [get_hw_ilas -of_objects [get_hw_devices xc7a100t_0] -filter {CELL_NAME=~"SystolicCore0/ILA"}]]
INFO: [Labtools 27-1966] The ILA core 'hw_ila_1' triggered at 2025-Nov-10 16:00:57
INFO: [Labtools 27-3304] ILA Waveform data saved to file /home/xmen/Desktop/SystolicCore/vivado/SystolicCore/SystolicCore.hw/backup/hw_ila_data_1.ila. Use Tcl command 'read_hw_ila_data' or Vivado File->Import->Import ILA Data menu item to import the previously saved data.
run_hw_ila [get_hw_ilas -of_objects [get_hw_devices xc7a100t_0] -filter {CELL_NAME=~"SystolicCore0/ILA"}]
INFO: [Labtools 27-1964] The ILA core 'hw_ila_1' trigger was armed at 2025-Nov-10 16:01:00
wait_on_hw_ila [get_hw_ilas -of_objects [get_hw_devices xc7a100t_0] -filter {CELL_NAME=~"SystolicCore0/ILA"}]
display_hw_ila_data [upload_hw_ila_data [get_hw_ilas -of_objects [get_hw_devices xc7a100t_0] -filter {CELL_NAME=~"SystolicCore0/ILA"}]]
INFO: [Labtools 27-1966] The ILA core 'hw_ila_1' triggered at 2025-Nov-10 16:01:00
INFO: [Labtools 27-3304] ILA Waveform data saved to file /home/xmen/Desktop/SystolicCore/vivado/SystolicCore/SystolicCore.hw/backup/hw_ila_data_1.ila. Use Tcl command 'read_hw_ila_data' or Vivado File->Import->Import ILA Data menu item to import the previously saved data.
run_hw_ila [get_hw_ilas -of_objects [get_hw_devices xc7a100t_0] -filter {CELL_NAME=~"SystolicCore0/ILA"}]
INFO: [Labtools 27-1964] The ILA core 'hw_ila_1' trigger was armed at 2025-Nov-10 16:01:03
wait_on_hw_ila [get_hw_ilas -of_objects [get_hw_devices xc7a100t_0] -filter {CELL_NAME=~"SystolicCore0/ILA"}]
display_hw_ila_data [upload_hw_ila_data [get_hw_ilas -of_objects [get_hw_devices xc7a100t_0] -filter {CELL_NAME=~"SystolicCore0/ILA"}]]
INFO: [Labtools 27-1966] The ILA core 'hw_ila_1' triggered at 2025-Nov-10 16:01:03
INFO: [Labtools 27-3304] ILA Waveform data saved to file /home/xmen/Desktop/SystolicCore/vivado/SystolicCore/SystolicCore.hw/backup/hw_ila_data_1.ila. Use Tcl command 'read_hw_ila_data' or Vivado File->Import->Import ILA Data menu item to import the previously saved data.
run_hw_ila [get_hw_ilas -of_objects [get_hw_devices xc7a100t_0] -filter {CELL_NAME=~"SystolicCore0/ILA"}]
INFO: [Labtools 27-1964] The ILA core 'hw_ila_1' trigger was armed at 2025-Nov-10 16:01:07
wait_on_hw_ila [get_hw_ilas -of_objects [get_hw_devices xc7a100t_0] -filter {CELL_NAME=~"SystolicCore0/ILA"}]
display_hw_ila_data [upload_hw_ila_data [get_hw_ilas -of_objects [get_hw_devices xc7a100t_0] -filter {CELL_NAME=~"SystolicCore0/ILA"}]]
INFO: [Labtools 27-1966] The ILA core 'hw_ila_1' triggered at 2025-Nov-10 16:01:07
INFO: [Labtools 27-3304] ILA Waveform data saved to file /home/xmen/Desktop/SystolicCore/vivado/SystolicCore/SystolicCore.hw/backup/hw_ila_data_1.ila. Use Tcl command 'read_hw_ila_data' or Vivado File->Import->Import ILA Data menu item to import the previously saved data.
run_hw_ila [get_hw_ilas -of_objects [get_hw_devices xc7a100t_0] -filter {CELL_NAME=~"SystolicCore0/ILA"}]
INFO: [Labtools 27-1964] The ILA core 'hw_ila_1' trigger was armed at 2025-Nov-10 16:01:10
wait_on_hw_ila [get_hw_ilas -of_objects [get_hw_devices xc7a100t_0] -filter {CELL_NAME=~"SystolicCore0/ILA"}]
display_hw_ila_data [upload_hw_ila_data [get_hw_ilas -of_objects [get_hw_devices xc7a100t_0] -filter {CELL_NAME=~"SystolicCore0/ILA"}]]
INFO: [Labtools 27-1966] The ILA core 'hw_ila_1' triggered at 2025-Nov-10 16:01:10
INFO: [Labtools 27-3304] ILA Waveform data saved to file /home/xmen/Desktop/SystolicCore/vivado/SystolicCore/SystolicCore.hw/backup/hw_ila_data_1.ila. Use Tcl command 'read_hw_ila_data' or Vivado File->Import->Import ILA Data menu item to import the previously saved data.
add_wave -into {hw_ila_data_1.wcfg} -radix hex { {SystolicCore0/clock} }
run_hw_ila [get_hw_ilas -of_objects [get_hw_devices xc7a100t_0] -filter {CELL_NAME=~"SystolicCore0/ILA"}]
INFO: [Labtools 27-1964] The ILA core 'hw_ila_1' trigger was armed at 2025-Nov-10 16:01:13
wait_on_hw_ila [get_hw_ilas -of_objects [get_hw_devices xc7a100t_0] -filter {CELL_NAME=~"SystolicCore0/ILA"}]
display_hw_ila_data [upload_hw_ila_data [get_hw_ilas -of_objects [get_hw_devices xc7a100t_0] -filter {CELL_NAME=~"SystolicCore0/ILA"}]]
INFO: [Labtools 27-1966] The ILA core 'hw_ila_1' triggered at 2025-Nov-10 16:01:13
INFO: [Labtools 27-3304] ILA Waveform data saved to file /home/xmen/Desktop/SystolicCore/vivado/SystolicCore/SystolicCore.hw/backup/hw_ila_data_1.ila. Use Tcl command 'read_hw_ila_data' or Vivado File->Import->Import ILA Data menu item to import the previously saved data.
run_hw_ila [get_hw_ilas -of_objects [get_hw_devices xc7a100t_0] -filter {CELL_NAME=~"SystolicCore0/ILA"}]
INFO: [Labtools 27-1964] The ILA core 'hw_ila_1' trigger was armed at 2025-Nov-10 16:01:16
wait_on_hw_ila [get_hw_ilas -of_objects [get_hw_devices xc7a100t_0] -filter {CELL_NAME=~"SystolicCore0/ILA"}]
display_hw_ila_data [upload_hw_ila_data [get_hw_ilas -of_objects [get_hw_devices xc7a100t_0] -filter {CELL_NAME=~"SystolicCore0/ILA"}]]
INFO: [Labtools 27-1966] The ILA core 'hw_ila_1' triggered at 2025-Nov-10 16:01:16
INFO: [Labtools 27-3304] ILA Waveform data saved to file /home/xmen/Desktop/SystolicCore/vivado/SystolicCore/SystolicCore.hw/backup/hw_ila_data_1.ila. Use Tcl command 'read_hw_ila_data' or Vivado File->Import->Import ILA Data menu item to import the previously saved data.
run_hw_ila [get_hw_ilas -of_objects [get_hw_devices xc7a100t_0] -filter {CELL_NAME=~"SystolicCore0/ILA"}]
INFO: [Labtools 27-1964] The ILA core 'hw_ila_1' trigger was armed at 2025-Nov-10 16:01:20
wait_on_hw_ila [get_hw_ilas -of_objects [get_hw_devices xc7a100t_0] -filter {CELL_NAME=~"SystolicCore0/ILA"}]
display_hw_ila_data [upload_hw_ila_data [get_hw_ilas -of_objects [get_hw_devices xc7a100t_0] -filter {CELL_NAME=~"SystolicCore0/ILA"}]]
INFO: [Labtools 27-1966] The ILA core 'hw_ila_1' triggered at 2025-Nov-10 16:01:20
INFO: [Labtools 27-3304] ILA Waveform data saved to file /home/xmen/Desktop/SystolicCore/vivado/SystolicCore/SystolicCore.hw/backup/hw_ila_data_1.ila. Use Tcl command 'read_hw_ila_data' or Vivado File->Import->Import ILA Data menu item to import the previously saved data.
run_hw_ila [get_hw_ilas -of_objects [get_hw_devices xc7a100t_0] -filter {CELL_NAME=~"SystolicCore0/ILA"}]
INFO: [Labtools 27-1964] The ILA core 'hw_ila_1' trigger was armed at 2025-Nov-10 16:01:23
wait_on_hw_ila [get_hw_ilas -of_objects [get_hw_devices xc7a100t_0] -filter {CELL_NAME=~"SystolicCore0/ILA"}]
display_hw_ila_data [upload_hw_ila_data [get_hw_ilas -of_objects [get_hw_devices xc7a100t_0] -filter {CELL_NAME=~"SystolicCore0/ILA"}]]
INFO: [Labtools 27-1966] The ILA core 'hw_ila_1' triggered at 2025-Nov-10 16:01:23
INFO: [Labtools 27-3304] ILA Waveform data saved to file /home/xmen/Desktop/SystolicCore/vivado/SystolicCore/SystolicCore.hw/backup/hw_ila_data_1.ila. Use Tcl command 'read_hw_ila_data' or Vivado File->Import->Import ILA Data menu item to import the previously saved data.
not ready
ERROR: [Vivado 12-106] *** Exception: ui.utils.m: ui.frmwork.cmd.CommandFailedException:  not ready ui.frmwork.cmd.CommandFailedException:  not ready
	at ui.data.labtools.ltcmdsi.LTTTCommands_addProbesToWaveform(Native Method)
	at ui.a.v.a(SourceFile:161)
	at ui.views.u.a.d.a.lrv(SourceFile:217)
	at ui.views.u.a.d.b.lsk(SourceFile:121)
	at ui.views.u.A.processMouseEvent(SourceFile:121)
	at java.desktop/java.awt.Component.processEvent(Component.java:6386)
	at java.desktop/java.awt.Container.processEvent(Container.java:2266)
	at ui.utils.swing.y.a.processEvent(SourceFile:1546)
	at java.desktop/java.awt.Component.dispatchEventImpl(Component.java:4996)
	at java.desktop/java.awt.Container.dispatchEventImpl(Container.java:2324)
	at java.desktop/java.awt.Component.dispatchEvent(Component.java:4828)
	at java.desktop/java.awt.LightweightDispatcher.retargetMouseEvent(Container.java:4948)
	at java.desktop/java.awt.LightweightDispatcher.processMouseEvent(Container.java:4572)
	at java.desktop/java.awt.LightweightDispatcher.dispatchEvent(Container.java:4516)
	at java.desktop/java.awt.Container.dispatchEventImpl(Container.java:2310)
	at java.desktop/java.awt.Window.dispatchEventImpl(Window.java:2780)
	at java.desktop/java.awt.Component.dispatchEvent(Component.java:4828)
	at java.desktop/java.awt.EventQueue.dispatchEventImpl(EventQueue.java:775)
	at java.desktop/java.awt.EventQueue$4.run(EventQueue.java:720)
	at java.desktop/java.awt.EventQueue$4.run(EventQueue.java:714)
	at java.base/java.security.AccessController.doPrivileged(AccessController.java:400)
	at java.base/java.security.ProtectionDomain$JavaSecurityAccessImpl.doIntersectionPrivilege(ProtectionDomain.java:87)
	at java.base/java.security.ProtectionDomain$JavaSecurityAccessImpl.doIntersectionPrivilege(ProtectionDomain.java:98)
	at java.desktop/java.awt.EventQueue$5.run(EventQueue.java:747)
	at java.desktop/java.awt.EventQueue$5.run(EventQueue.java:745)
	at java.base/java.security.AccessController.doPrivileged(AccessController.java:400)
	at java.base/java.security.ProtectionDomain$JavaSecurityAccessImpl.doIntersectionPrivilege(ProtectionDomain.java:87)
	at java.desktop/java.awt.EventQueue.dispatchEvent(EventQueue.java:744)
	at ui.frmwork.a.d.dispatchEvent(SourceFile:38)
	at java.desktop/java.awt.EventDispatchThread.pumpOneEventForFilters(EventDispatchThread.java:203)
	at java.desktop/java.awt.EventDispatchThread.pumpEventsForFilter(EventDispatchThread.java:124)
	at java.desktop/java.awt.EventDispatchThread.pumpEventsForHierarchy(EventDispatchThread.java:113)
	at java.desktop/java.awt.EventDispatchThread.pumpEvents(EventDispatchThread.java:109)
	at java.desktop/java.awt.EventDispatchThread.pumpEvents(EventDispatchThread.java:101)
	at java.desktop/java.awt.EventDispatchThread.run(EventDispatchThread.java:90)
 (See /home/xmen/Desktop/SystolicCore/vivado_pid795500.debug)
add_wave -into {hw_ila_data_1.wcfg} -radix hex { {SystolicCore0/uart_txd_in} }
