#-----------------------------------------------------------
# Vivado v2025.2 (64-bit)
# SW Build 6299465 on Fri Nov 14 12:34:56 MST 2025
# IP Build 6300035 on Fri Nov 14 10:48:45 MST 2025
# SharedData Build 6298862 on Thu Nov 13 04:50:51 MST 2025
# Start of session at: Tue Dec 30 14:28:00 2025
# Process ID         : 2787667
# Current directory  : /home/xmen/Videos/RustDesk/SystolicCore/SystolicCore
# Command line       : vivado SystolicCore/SystolicCore.xpr
# Log file           : /home/xmen/Videos/RustDesk/SystolicCore/SystolicCore/vivado.log
# Journal file       : /home/xmen/Videos/RustDesk/SystolicCore/SystolicCore/vivado.jou
# Running On         : VT0144
# Platform           : Rocky
# Operating System   : Rocky Linux release 8.10 (Green Obsidian)
# Processor Detail   : Intel(R) Core(TM) i9-14900F
# CPU Frequency      : 2000.000 MHz
# CPU Physical cores : 24
# CPU Logical cores  : 32
# Host memory        : 67075 MB
# Swap memory        : 14727 MB
# Total Virtual      : 81802 MB
# Available Virtual  : 57370 MB
#-----------------------------------------------------------
start_gui
WARNING: [Board 49-26] cannot add Board Part xilinx.com:emb-plus-vpr-4616:part0:1.0 available at /home/xmen/Music/2025.2/data/xhub/boards/XilinxBoardStore/boards/Xilinx/emb-plus-vpr-4616/1.0/board.xml as part xcve2302-sfva784-2mp-e-s specified in board_part file is either invalid or not available
WARNING: [Board 49-26] cannot add Board Part xilinx.com:emb-plus-vpr-4616:part0:1.1 available at /home/xmen/Music/2025.2/data/xhub/boards/XilinxBoardStore/boards/Xilinx/emb-plus-vpr-4616/1.1/board.xml as part xcve2302-sfva784-2mp-e-s specified in board_part file is either invalid or not available
WARNING: [Board 49-26] cannot add Board Part xilinx.com:kcu105:part0:1.6 available at /home/xmen/Music/2025.2/data/xhub/boards/XilinxBoardStore/boards/Xilinx/kcu105/1.6/board.xml as part xcku040-ffva1156-2-e specified in board_part file is either invalid or not available
WARNING: [Board 49-26] cannot add Board Part xilinx.com:kcu105:part0:1.7 available at /home/xmen/Music/2025.2/data/xhub/boards/XilinxBoardStore/boards/Xilinx/kcu105/1.7/board.xml as part xcku040-ffva1156-2-e specified in board_part file is either invalid or not available
WARNING: [Board 49-26] cannot add Board Part xilinx.com:kcu1500:part0:1.2 available at /home/xmen/Music/2025.2/data/xhub/boards/XilinxBoardStore/boards/Xilinx/kcu1500/1.2/board.xml as part xcku115-flvb2104-2-e specified in board_part file is either invalid or not available
WARNING: [Board 49-26] cannot add Board Part xilinx.com:v80:part0:1.0 available at /home/xmen/Music/2025.2/data/xhub/boards/XilinxBoardStore/boards/Xilinx/v80/1.0/board.xml as part xcv80-lsva4737-2mhp-e-s specified in board_part file is either invalid or not available
WARNING: [Board 49-26] cannot add Board Part xilinx.com:vck190:part0:2.2 available at /home/xmen/Music/2025.2/data/xhub/boards/XilinxBoardStore/boards/Xilinx/vck190/production/2.2/board.xml as part xcvc1902-vsva2197-2mp-e-s specified in board_part file is either invalid or not available
WARNING: [Board 49-26] cannot add Board Part xilinx.com:vck190:part0:3.0 available at /home/xmen/Music/2025.2/data/xhub/boards/XilinxBoardStore/boards/Xilinx/vck190/production/3.0/board.xml as part xcvc1902-vsva2197-2mp-e-s specified in board_part file is either invalid or not available
WARNING: [Board 49-26] cannot add Board Part xilinx.com:vck190:part0:3.1 available at /home/xmen/Music/2025.2/data/xhub/boards/XilinxBoardStore/boards/Xilinx/vck190/production/3.1/board.xml as part xcvc1902-vsva2197-2mp-e-s specified in board_part file is either invalid or not available
WARNING: [Board 49-26] cannot add Board Part xilinx.com:vck190:part0:3.2 available at /home/xmen/Music/2025.2/data/xhub/boards/XilinxBoardStore/boards/Xilinx/vck190/production/3.2/board.xml as part xcvc1902-vsva2197-2mp-e-s specified in board_part file is either invalid or not available
WARNING: [Board 49-26] cannot add Board Part xilinx.com:vck190:part0:3.3 available at /home/xmen/Music/2025.2/data/xhub/boards/XilinxBoardStore/boards/Xilinx/vck190/production/3.3/board.xml as part xcvc1902-vsva2197-2mp-e-s specified in board_part file is either invalid or not available
WARNING: [Board 49-26] cannot add Board Part xilinx.com:vck190:part0:3.4 available at /home/xmen/Music/2025.2/data/xhub/boards/XilinxBoardStore/boards/Xilinx/vck190/production/3.4/board.xml as part xcvc1902-vsva2197-2mp-e-s specified in board_part file is either invalid or not available
WARNING: [Board 49-26] cannot add Board Part xilinx.com:vck190_newl:part0:1.0 available at /home/xmen/Music/2025.2/data/xhub/boards/XilinxBoardStore/boards/Xilinx/vck190_newl/production/1.0/board.xml as part xcvc1902-vsva2197-2mp-e-s specified in board_part file is either invalid or not available
WARNING: [Board 49-26] cannot add Board Part xilinx.com:vck190_newl:part0:1.1 available at /home/xmen/Music/2025.2/data/xhub/boards/XilinxBoardStore/boards/Xilinx/vck190_newl/production/1.1/board.xml as part xcvc1902-vsva2197-2mp-e-s specified in board_part file is either invalid or not available
WARNING: [Board 49-26] cannot add Board Part xilinx.com:vck190_newl:part0:1.2 available at /home/xmen/Music/2025.2/data/xhub/boards/XilinxBoardStore/boards/Xilinx/vck190_newl/production/1.2/board.xml as part xcvc1902-vsva2197-2mp-e-s specified in board_part file is either invalid or not available
WARNING: [Board 49-26] cannot add Board Part xilinx.com:vck190_newl:part0:1.3 available at /home/xmen/Music/2025.2/data/xhub/boards/XilinxBoardStore/boards/Xilinx/vck190_newl/production/1.3/board.xml as part xcvc1902-vsva2197-2mp-e-s specified in board_part file is either invalid or not available
WARNING: [Board 49-26] cannot add Board Part xilinx.com:vcu108:part0:1.6 available at /home/xmen/Music/2025.2/data/xhub/boards/XilinxBoardStore/boards/Xilinx/vcu108/1.6/board.xml as part xcvu095-ffva2104-2-e specified in board_part file is either invalid or not available
WARNING: [Board 49-26] cannot add Board Part xilinx.com:vcu108:part0:1.7 available at /home/xmen/Music/2025.2/data/xhub/boards/XilinxBoardStore/boards/Xilinx/vcu108/1.7/board.xml as part xcvu095-ffva2104-2-e specified in board_part file is either invalid or not available
WARNING: [Board 49-26] cannot add Board Part xilinx.com:vcu110:part0:1.4 available at /home/xmen/Music/2025.2/data/xhub/boards/XilinxBoardStore/boards/Xilinx/vcu110/1.4/board.xml as part xcvu190-flgc2104-2-e specified in board_part file is either invalid or not available
WARNING: [Board 49-26] cannot add Board Part xilinx.com:vek280:part0:1.0 available at /home/xmen/Music/2025.2/data/xhub/boards/XilinxBoardStore/boards/Xilinx/vek280/production/1.0/board.xml as part xcve2802-vsvh1760-2mp-e-s specified in board_part file is either invalid or not available
WARNING: [Board 49-26] cannot add Board Part xilinx.com:vek280:part0:1.1 available at /home/xmen/Music/2025.2/data/xhub/boards/XilinxBoardStore/boards/Xilinx/vek280/production/1.1/board.xml as part xcve2802-vsvh1760-2mp-e-s specified in board_part file is either invalid or not available
WARNING: [Board 49-26] cannot add Board Part xilinx.com:vek280:part0:1.2 available at /home/xmen/Music/2025.2/data/xhub/boards/XilinxBoardStore/boards/Xilinx/vek280/production/1.2/board.xml as part xcve2802-vsvh1760-2mp-e-s specified in board_part file is either invalid or not available
WARNING: [Board 49-26] cannot add Board Part xilinx.com:vek385:part0:1.0 available at /home/xmen/Music/2025.2/data/xhub/boards/XilinxBoardStore/boards/Xilinx/vek385/1.0/board.xml as part xc2ve3858-ssva2112-2mp-e-s specified in board_part file is either invalid or not available
WARNING: [Board 49-26] cannot add Board Part xilinx.com:vek385:part0:1.1 available at /home/xmen/Music/2025.2/data/xhub/boards/XilinxBoardStore/boards/Xilinx/vek385/1.1/board.xml as part xc2ve3858-ssva2112-2mp-e-s specified in board_part file is either invalid or not available
WARNING: [Board 49-26] cannot add Board Part xilinx.com:vek385_1:part0:1.0 available at /home/xmen/Music/2025.2/data/xhub/boards/XilinxBoardStore/boards/Xilinx/vek385_2/1.0/board.xml as part xc2ve3858-ssva2112-2mp-e-s specified in board_part file is either invalid or not available
WARNING: [Board 49-26] cannot add Board Part xilinx.com:vhk158:part0:1.0 available at /home/xmen/Music/2025.2/data/xhub/boards/XilinxBoardStore/boards/Xilinx/vhk158/production/1.0/board.xml as part xcvh1582-vsva3697-2mp-e-s specified in board_part file is either invalid or not available
WARNING: [Board 49-26] cannot add Board Part xilinx.com:vhk158:part0:1.1 available at /home/xmen/Music/2025.2/data/xhub/boards/XilinxBoardStore/boards/Xilinx/vhk158/production/1.1/board.xml as part xcvh1582-vsva3697-2mp-e-s specified in board_part file is either invalid or not available
WARNING: [Board 49-26] cannot add Board Part xilinx.com:vhk158:part0:1.2 available at /home/xmen/Music/2025.2/data/xhub/boards/XilinxBoardStore/boards/Xilinx/vhk158/production/1.2/board.xml as part xcvh1582-vsva3697-2mp-e-s specified in board_part file is either invalid or not available
WARNING: [Board 49-26] cannot add Board Part xilinx.com:vmk180:part0:2.2 available at /home/xmen/Music/2025.2/data/xhub/boards/XilinxBoardStore/boards/Xilinx/vmk180/production/2.2/board.xml as part xcvm1802-vsva2197-2mp-e-s specified in board_part file is either invalid or not available
WARNING: [Board 49-26] cannot add Board Part xilinx.com:vmk180:part0:3.0 available at /home/xmen/Music/2025.2/data/xhub/boards/XilinxBoardStore/boards/Xilinx/vmk180/production/3.0/board.xml as part xcvm1802-vsva2197-2mp-e-s specified in board_part file is either invalid or not available
WARNING: [Board 49-26] cannot add Board Part xilinx.com:vmk180:part0:3.1 available at /home/xmen/Music/2025.2/data/xhub/boards/XilinxBoardStore/boards/Xilinx/vmk180/production/3.1/board.xml as part xcvm1802-vsva2197-2mp-e-s specified in board_part file is either invalid or not available
WARNING: [Board 49-26] cannot add Board Part xilinx.com:vmk180:part0:3.2 available at /home/xmen/Music/2025.2/data/xhub/boards/XilinxBoardStore/boards/Xilinx/vmk180/production/3.2/board.xml as part xcvm1802-vsva2197-2mp-e-s specified in board_part file is either invalid or not available
WARNING: [Board 49-26] cannot add Board Part xilinx.com:vmk180:part0:3.3 available at /home/xmen/Music/2025.2/data/xhub/boards/XilinxBoardStore/boards/Xilinx/vmk180/production/3.3/board.xml as part xcvm1802-vsva2197-2mp-e-s specified in board_part file is either invalid or not available
WARNING: [Board 49-26] cannot add Board Part xilinx.com:vmk180_newl:part0:1.0 available at /home/xmen/Music/2025.2/data/xhub/boards/XilinxBoardStore/boards/Xilinx/vmk180_newl/production/1.0/board.xml as part xcvm1802-vsva2197-2mp-e-s specified in board_part file is either invalid or not available
WARNING: [Board 49-26] cannot add Board Part xilinx.com:vmk180_newl:part0:1.1 available at /home/xmen/Music/2025.2/data/xhub/boards/XilinxBoardStore/boards/Xilinx/vmk180_newl/production/1.1/board.xml as part xcvm1802-vsva2197-2mp-e-s specified in board_part file is either invalid or not available
WARNING: [Board 49-26] cannot add Board Part xilinx.com:vpk120:part0:1.0 available at /home/xmen/Music/2025.2/data/xhub/boards/XilinxBoardStore/boards/Xilinx/vpk120/production/1.0/board.xml as part xcvp1202-vsva2785-2mp-e-s specified in board_part file is either invalid or not available
WARNING: [Board 49-26] cannot add Board Part xilinx.com:vpk120:part0:1.1 available at /home/xmen/Music/2025.2/data/xhub/boards/XilinxBoardStore/boards/Xilinx/vpk120/production/1.1/board.xml as part xcvp1202-vsva2785-2mp-e-s specified in board_part file is either invalid or not available
WARNING: [Board 49-26] cannot add Board Part xilinx.com:vpk120:part0:1.2 available at /home/xmen/Music/2025.2/data/xhub/boards/XilinxBoardStore/boards/Xilinx/vpk120/production/1.2/board.xml as part xcvp1202-vsva2785-2mp-e-s specified in board_part file is either invalid or not available
WARNING: [Board 49-26] cannot add Board Part xilinx.com:vpk180:part0:1.0 available at /home/xmen/Music/2025.2/data/xhub/boards/XilinxBoardStore/boards/Xilinx/vpk180/production/1.0/board.xml as part xcvp1802-lsvc4072-2mp-e-s specified in board_part file is either invalid or not available
WARNING: [Board 49-26] cannot add Board Part xilinx.com:vpk180:part0:1.1 available at /home/xmen/Music/2025.2/data/xhub/boards/XilinxBoardStore/boards/Xilinx/vpk180/production/1.1/board.xml as part xcvp1802-lsvc4072-2mp-e-s specified in board_part file is either invalid or not available
WARNING: [Board 49-26] cannot add Board Part xilinx.com:vpk180:part0:1.2 available at /home/xmen/Music/2025.2/data/xhub/boards/XilinxBoardStore/boards/Xilinx/vpk180/production/1.2/board.xml as part xcvp1802-lsvc4072-2mp-e-s specified in board_part file is either invalid or not available
WARNING: [Board 49-26] cannot add Board Part xilinx.com:vrk160:part0:1.0 available at /home/xmen/Music/2025.2/data/xhub/boards/XilinxBoardStore/boards/Xilinx/vrk160/1.0/board.xml as part xcvr1602-vsva2488-2mp-e-s-es1 specified in board_part file is either invalid or not available
WARNING: [Board 49-26] cannot add Board Part xilinx.com:vrk160:part0:1.1 available at /home/xmen/Music/2025.2/data/xhub/boards/XilinxBoardStore/boards/Xilinx/vrk160/1.1/board.xml as part xcvr1602-vsva2488-2mp-e-s-es1 specified in board_part file is either invalid or not available
WARNING: [Board 49-26] cannot add Board Part xilinx.com:zcu208ld:part0:2.0 available at /home/xmen/Music/2025.2/data/xhub/boards/XilinxBoardStore/boards/Xilinx/zcu208ld/production/2.0/board.xml as part xczu58dr-fsvg1517-2-i specified in board_part file is either invalid or not available
WARNING: [Board 49-26] cannot add Board Part xilinx.com:zcu216ld:part0:2.0 available at /home/xmen/Music/2025.2/data/xhub/boards/XilinxBoardStore/boards/Xilinx/zcu216ld/production/2.0/board.xml as part xczu59dr-ffvf1760-2-i specified in board_part file is either invalid or not available
WARNING: [Board 49-26] cannot add Board Part xilinx.com:zcu670ld:part0:1.0 available at /home/xmen/Music/2025.2/data/xhub/boards/XilinxBoardStore/boards/Xilinx/zcu670ld/1.0/board.xml as part xczu57dr-fsve1156-2-i specified in board_part file is either invalid or not available
open_project SystolicCore/SystolicCore.xpr
Scanning sources...
Finished scanning sources
WARNING: [Board 49-26] cannot add Board Part xilinx.com:emb-plus-vpr-4616:part0:1.0 available at /home/xmen/Music/2025.2/data/xhub/boards/XilinxBoardStore/boards/Xilinx/emb-plus-vpr-4616/1.0/board.xml as part xcve2302-sfva784-2mp-e-s specified in board_part file is either invalid or not available
WARNING: [Board 49-26] cannot add Board Part xilinx.com:emb-plus-vpr-4616:part0:1.1 available at /home/xmen/Music/2025.2/data/xhub/boards/XilinxBoardStore/boards/Xilinx/emb-plus-vpr-4616/1.1/board.xml as part xcve2302-sfva784-2mp-e-s specified in board_part file is either invalid or not available
WARNING: [Board 49-26] cannot add Board Part xilinx.com:kcu105:part0:1.6 available at /home/xmen/Music/2025.2/data/xhub/boards/XilinxBoardStore/boards/Xilinx/kcu105/1.6/board.xml as part xcku040-ffva1156-2-e specified in board_part file is either invalid or not available
WARNING: [Board 49-26] cannot add Board Part xilinx.com:kcu105:part0:1.7 available at /home/xmen/Music/2025.2/data/xhub/boards/XilinxBoardStore/boards/Xilinx/kcu105/1.7/board.xml as part xcku040-ffva1156-2-e specified in board_part file is either invalid or not available
WARNING: [Board 49-26] cannot add Board Part xilinx.com:kcu1500:part0:1.2 available at /home/xmen/Music/2025.2/data/xhub/boards/XilinxBoardStore/boards/Xilinx/kcu1500/1.2/board.xml as part xcku115-flvb2104-2-e specified in board_part file is either invalid or not available
WARNING: [Board 49-26] cannot add Board Part xilinx.com:v80:part0:1.0 available at /home/xmen/Music/2025.2/data/xhub/boards/XilinxBoardStore/boards/Xilinx/v80/1.0/board.xml as part xcv80-lsva4737-2mhp-e-s specified in board_part file is either invalid or not available
WARNING: [Board 49-26] cannot add Board Part xilinx.com:vck190:part0:2.2 available at /home/xmen/Music/2025.2/data/xhub/boards/XilinxBoardStore/boards/Xilinx/vck190/production/2.2/board.xml as part xcvc1902-vsva2197-2mp-e-s specified in board_part file is either invalid or not available
WARNING: [Board 49-26] cannot add Board Part xilinx.com:vck190:part0:3.0 available at /home/xmen/Music/2025.2/data/xhub/boards/XilinxBoardStore/boards/Xilinx/vck190/production/3.0/board.xml as part xcvc1902-vsva2197-2mp-e-s specified in board_part file is either invalid or not available
WARNING: [Board 49-26] cannot add Board Part xilinx.com:vck190:part0:3.1 available at /home/xmen/Music/2025.2/data/xhub/boards/XilinxBoardStore/boards/Xilinx/vck190/production/3.1/board.xml as part xcvc1902-vsva2197-2mp-e-s specified in board_part file is either invalid or not available
WARNING: [Board 49-26] cannot add Board Part xilinx.com:vck190:part0:3.2 available at /home/xmen/Music/2025.2/data/xhub/boards/XilinxBoardStore/boards/Xilinx/vck190/production/3.2/board.xml as part xcvc1902-vsva2197-2mp-e-s specified in board_part file is either invalid or not available
WARNING: [Board 49-26] cannot add Board Part xilinx.com:vck190:part0:3.3 available at /home/xmen/Music/2025.2/data/xhub/boards/XilinxBoardStore/boards/Xilinx/vck190/production/3.3/board.xml as part xcvc1902-vsva2197-2mp-e-s specified in board_part file is either invalid or not available
WARNING: [Board 49-26] cannot add Board Part xilinx.com:vck190:part0:3.4 available at /home/xmen/Music/2025.2/data/xhub/boards/XilinxBoardStore/boards/Xilinx/vck190/production/3.4/board.xml as part xcvc1902-vsva2197-2mp-e-s specified in board_part file is either invalid or not available
WARNING: [Board 49-26] cannot add Board Part xilinx.com:vck190_newl:part0:1.0 available at /home/xmen/Music/2025.2/data/xhub/boards/XilinxBoardStore/boards/Xilinx/vck190_newl/production/1.0/board.xml as part xcvc1902-vsva2197-2mp-e-s specified in board_part file is either invalid or not available
WARNING: [Board 49-26] cannot add Board Part xilinx.com:vck190_newl:part0:1.1 available at /home/xmen/Music/2025.2/data/xhub/boards/XilinxBoardStore/boards/Xilinx/vck190_newl/production/1.1/board.xml as part xcvc1902-vsva2197-2mp-e-s specified in board_part file is either invalid or not available
WARNING: [Board 49-26] cannot add Board Part xilinx.com:vck190_newl:part0:1.2 available at /home/xmen/Music/2025.2/data/xhub/boards/XilinxBoardStore/boards/Xilinx/vck190_newl/production/1.2/board.xml as part xcvc1902-vsva2197-2mp-e-s specified in board_part file is either invalid or not available
WARNING: [Board 49-26] cannot add Board Part xilinx.com:vck190_newl:part0:1.3 available at /home/xmen/Music/2025.2/data/xhub/boards/XilinxBoardStore/boards/Xilinx/vck190_newl/production/1.3/board.xml as part xcvc1902-vsva2197-2mp-e-s specified in board_part file is either invalid or not available
WARNING: [Board 49-26] cannot add Board Part xilinx.com:vcu108:part0:1.6 available at /home/xmen/Music/2025.2/data/xhub/boards/XilinxBoardStore/boards/Xilinx/vcu108/1.6/board.xml as part xcvu095-ffva2104-2-e specified in board_part file is either invalid or not available
WARNING: [Board 49-26] cannot add Board Part xilinx.com:vcu108:part0:1.7 available at /home/xmen/Music/2025.2/data/xhub/boards/XilinxBoardStore/boards/Xilinx/vcu108/1.7/board.xml as part xcvu095-ffva2104-2-e specified in board_part file is either invalid or not available
WARNING: [Board 49-26] cannot add Board Part xilinx.com:vcu110:part0:1.4 available at /home/xmen/Music/2025.2/data/xhub/boards/XilinxBoardStore/boards/Xilinx/vcu110/1.4/board.xml as part xcvu190-flgc2104-2-e specified in board_part file is either invalid or not available
WARNING: [Board 49-26] cannot add Board Part xilinx.com:vek280:part0:1.0 available at /home/xmen/Music/2025.2/data/xhub/boards/XilinxBoardStore/boards/Xilinx/vek280/production/1.0/board.xml as part xcve2802-vsvh1760-2mp-e-s specified in board_part file is either invalid or not available
WARNING: [Board 49-26] cannot add Board Part xilinx.com:vek280:part0:1.1 available at /home/xmen/Music/2025.2/data/xhub/boards/XilinxBoardStore/boards/Xilinx/vek280/production/1.1/board.xml as part xcve2802-vsvh1760-2mp-e-s specified in board_part file is either invalid or not available
WARNING: [Board 49-26] cannot add Board Part xilinx.com:vek280:part0:1.2 available at /home/xmen/Music/2025.2/data/xhub/boards/XilinxBoardStore/boards/Xilinx/vek280/production/1.2/board.xml as part xcve2802-vsvh1760-2mp-e-s specified in board_part file is either invalid or not available
WARNING: [Board 49-26] cannot add Board Part xilinx.com:vek385:part0:1.0 available at /home/xmen/Music/2025.2/data/xhub/boards/XilinxBoardStore/boards/Xilinx/vek385/1.0/board.xml as part xc2ve3858-ssva2112-2mp-e-s specified in board_part file is either invalid or not available
WARNING: [Board 49-26] cannot add Board Part xilinx.com:vek385:part0:1.1 available at /home/xmen/Music/2025.2/data/xhub/boards/XilinxBoardStore/boards/Xilinx/vek385/1.1/board.xml as part xc2ve3858-ssva2112-2mp-e-s specified in board_part file is either invalid or not available
WARNING: [Board 49-26] cannot add Board Part xilinx.com:vek385_1:part0:1.0 available at /home/xmen/Music/2025.2/data/xhub/boards/XilinxBoardStore/boards/Xilinx/vek385_2/1.0/board.xml as part xc2ve3858-ssva2112-2mp-e-s specified in board_part file is either invalid or not available
WARNING: [Board 49-26] cannot add Board Part xilinx.com:vhk158:part0:1.0 available at /home/xmen/Music/2025.2/data/xhub/boards/XilinxBoardStore/boards/Xilinx/vhk158/production/1.0/board.xml as part xcvh1582-vsva3697-2mp-e-s specified in board_part file is either invalid or not available
WARNING: [Board 49-26] cannot add Board Part xilinx.com:vhk158:part0:1.1 available at /home/xmen/Music/2025.2/data/xhub/boards/XilinxBoardStore/boards/Xilinx/vhk158/production/1.1/board.xml as part xcvh1582-vsva3697-2mp-e-s specified in board_part file is either invalid or not available
WARNING: [Board 49-26] cannot add Board Part xilinx.com:vhk158:part0:1.2 available at /home/xmen/Music/2025.2/data/xhub/boards/XilinxBoardStore/boards/Xilinx/vhk158/production/1.2/board.xml as part xcvh1582-vsva3697-2mp-e-s specified in board_part file is either invalid or not available
WARNING: [Board 49-26] cannot add Board Part xilinx.com:vmk180:part0:2.2 available at /home/xmen/Music/2025.2/data/xhub/boards/XilinxBoardStore/boards/Xilinx/vmk180/production/2.2/board.xml as part xcvm1802-vsva2197-2mp-e-s specified in board_part file is either invalid or not available
WARNING: [Board 49-26] cannot add Board Part xilinx.com:vmk180:part0:3.0 available at /home/xmen/Music/2025.2/data/xhub/boards/XilinxBoardStore/boards/Xilinx/vmk180/production/3.0/board.xml as part xcvm1802-vsva2197-2mp-e-s specified in board_part file is either invalid or not available
WARNING: [Board 49-26] cannot add Board Part xilinx.com:vmk180:part0:3.1 available at /home/xmen/Music/2025.2/data/xhub/boards/XilinxBoardStore/boards/Xilinx/vmk180/production/3.1/board.xml as part xcvm1802-vsva2197-2mp-e-s specified in board_part file is either invalid or not available
WARNING: [Board 49-26] cannot add Board Part xilinx.com:vmk180:part0:3.2 available at /home/xmen/Music/2025.2/data/xhub/boards/XilinxBoardStore/boards/Xilinx/vmk180/production/3.2/board.xml as part xcvm1802-vsva2197-2mp-e-s specified in board_part file is either invalid or not available
WARNING: [Board 49-26] cannot add Board Part xilinx.com:vmk180:part0:3.3 available at /home/xmen/Music/2025.2/data/xhub/boards/XilinxBoardStore/boards/Xilinx/vmk180/production/3.3/board.xml as part xcvm1802-vsva2197-2mp-e-s specified in board_part file is either invalid or not available
WARNING: [Board 49-26] cannot add Board Part xilinx.com:vmk180_newl:part0:1.0 available at /home/xmen/Music/2025.2/data/xhub/boards/XilinxBoardStore/boards/Xilinx/vmk180_newl/production/1.0/board.xml as part xcvm1802-vsva2197-2mp-e-s specified in board_part file is either invalid or not available
WARNING: [Board 49-26] cannot add Board Part xilinx.com:vmk180_newl:part0:1.1 available at /home/xmen/Music/2025.2/data/xhub/boards/XilinxBoardStore/boards/Xilinx/vmk180_newl/production/1.1/board.xml as part xcvm1802-vsva2197-2mp-e-s specified in board_part file is either invalid or not available
WARNING: [Board 49-26] cannot add Board Part xilinx.com:vpk120:part0:1.0 available at /home/xmen/Music/2025.2/data/xhub/boards/XilinxBoardStore/boards/Xilinx/vpk120/production/1.0/board.xml as part xcvp1202-vsva2785-2mp-e-s specified in board_part file is either invalid or not available
WARNING: [Board 49-26] cannot add Board Part xilinx.com:vpk120:part0:1.1 available at /home/xmen/Music/2025.2/data/xhub/boards/XilinxBoardStore/boards/Xilinx/vpk120/production/1.1/board.xml as part xcvp1202-vsva2785-2mp-e-s specified in board_part file is either invalid or not available
WARNING: [Board 49-26] cannot add Board Part xilinx.com:vpk120:part0:1.2 available at /home/xmen/Music/2025.2/data/xhub/boards/XilinxBoardStore/boards/Xilinx/vpk120/production/1.2/board.xml as part xcvp1202-vsva2785-2mp-e-s specified in board_part file is either invalid or not available
WARNING: [Board 49-26] cannot add Board Part xilinx.com:vpk180:part0:1.0 available at /home/xmen/Music/2025.2/data/xhub/boards/XilinxBoardStore/boards/Xilinx/vpk180/production/1.0/board.xml as part xcvp1802-lsvc4072-2mp-e-s specified in board_part file is either invalid or not available
WARNING: [Board 49-26] cannot add Board Part xilinx.com:vpk180:part0:1.1 available at /home/xmen/Music/2025.2/data/xhub/boards/XilinxBoardStore/boards/Xilinx/vpk180/production/1.1/board.xml as part xcvp1802-lsvc4072-2mp-e-s specified in board_part file is either invalid or not available
WARNING: [Board 49-26] cannot add Board Part xilinx.com:vpk180:part0:1.2 available at /home/xmen/Music/2025.2/data/xhub/boards/XilinxBoardStore/boards/Xilinx/vpk180/production/1.2/board.xml as part xcvp1802-lsvc4072-2mp-e-s specified in board_part file is either invalid or not available
WARNING: [Board 49-26] cannot add Board Part xilinx.com:vrk160:part0:1.0 available at /home/xmen/Music/2025.2/data/xhub/boards/XilinxBoardStore/boards/Xilinx/vrk160/1.0/board.xml as part xcvr1602-vsva2488-2mp-e-s-es1 specified in board_part file is either invalid or not available
WARNING: [Board 49-26] cannot add Board Part xilinx.com:vrk160:part0:1.1 available at /home/xmen/Music/2025.2/data/xhub/boards/XilinxBoardStore/boards/Xilinx/vrk160/1.1/board.xml as part xcvr1602-vsva2488-2mp-e-s-es1 specified in board_part file is either invalid or not available
WARNING: [Board 49-26] cannot add Board Part xilinx.com:zcu208ld:part0:2.0 available at /home/xmen/Music/2025.2/data/xhub/boards/XilinxBoardStore/boards/Xilinx/zcu208ld/production/2.0/board.xml as part xczu58dr-fsvg1517-2-i specified in board_part file is either invalid or not available
WARNING: [Board 49-26] cannot add Board Part xilinx.com:zcu216ld:part0:2.0 available at /home/xmen/Music/2025.2/data/xhub/boards/XilinxBoardStore/boards/Xilinx/zcu216ld/production/2.0/board.xml as part xczu59dr-ffvf1760-2-i specified in board_part file is either invalid or not available
WARNING: [Board 49-26] cannot add Board Part xilinx.com:zcu670ld:part0:1.0 available at /home/xmen/Music/2025.2/data/xhub/boards/XilinxBoardStore/boards/Xilinx/zcu670ld/1.0/board.xml as part xczu57dr-fsve1156-2-i specified in board_part file is either invalid or not available
WARNING: [Project 1-5713] Board part '' set for the project  is not found. BoardPart property will be unset. Please select board from latest repo build 
INFO: [IP_Flow 19-234] Refreshing IP repositories
INFO: [IP_Flow 19-1704] No user IP repositories specified
INFO: [IP_Flow 19-2313] Loaded Vivado IP repository '/home/xmen/Music/2025.2/data/ip'.
WARNING: [IP_Flow 19-3664] IP 'ila_0' generated file not found '/home/xmen/Videos/RustDesk/SystolicCore/SystolicCore/SystolicCore/SystolicCore.gen/sources_1/ip/ila_0/ila_0.dcp'. Please regenerate to continue.
WARNING: [IP_Flow 19-3664] IP 'ila_1' generated file not found '/home/xmen/Videos/RustDesk/SystolicCore/SystolicCore/SystolicCore/SystolicCore.gen/sources_1/ip/ila_1/ila_1.dcp'. Please regenerate to continue.
WARNING: [IP_Flow 19-3664] IP 'dual_porte_ram' generated file not found '/home/xmen/Videos/RustDesk/SystolicCore/SystolicCore/SystolicCore/SystolicCore.gen/sources_1/ip/dual_porte_ram/dual_porte_ram.dcp'. Please regenerate to continue.
WARNING: [IP_Flow 19-3664] IP 'ila_2' generated file not found '/home/xmen/Videos/RustDesk/SystolicCore/SystolicCore/SystolicCore/SystolicCore.gen/sources_1/ip/ila_2/ila_2.dcp'. Please regenerate to continue.
WARNING: [IP_Flow 19-3664] IP 'ila_3' generated file not found '/home/xmen/Videos/RustDesk/SystolicCore/SystolicCore/SystolicCore/SystolicCore.gen/sources_1/ip/ila_3/ila_3.dcp'. Please regenerate to continue.
update_compile_order -fileset sources_1
WARNING: [filemgmt 56-199] Attempt to get parsing info during refresh. "On-the-fly" syntax checking information may be incorrect. [/home/xmen/Videos/RustDesk/SystolicCore/SystolicCore/rtl/Arty7_top_sim.sv:]
WARNING: [filemgmt 56-199] Attempt to get parsing info during refresh. "On-the-fly" syntax checking information may be incorrect. [/home/xmen/Videos/RustDesk/SystolicCore/SystolicCore/rtl/src/uart_top.sv:]
WARNING: [filemgmt 56-199] Attempt to get parsing info during refresh. "On-the-fly" syntax checking information may be incorrect. [/home/xmen/Videos/RustDesk/SystolicCore/SystolicCore/rtl/SystolicCore.sv:]
WARNING: [filemgmt 56-199] Attempt to get parsing info during refresh. "On-the-fly" syntax checking information may be incorrect. [/home/xmen/Videos/RustDesk/SystolicCore/SystolicCore/rtl/src/uart_top.sv:]
WARNING: [filemgmt 56-199] Attempt to get parsing info during refresh. "On-the-fly" syntax checking information may be incorrect. [/home/xmen/Videos/RustDesk/SystolicCore/SystolicCore/rtl/src/uart_top.sv:]
WARNING: [filemgmt 56-199] Attempt to get parsing info during refresh. "On-the-fly" syntax checking information may be incorrect. [/home/xmen/Videos/RustDesk/SystolicCore/SystolicCore/rtl/Arty7_top_sim.sv:]
WARNING: [filemgmt 56-199] Attempt to get parsing info during refresh. "On-the-fly" syntax checking information may be incorrect. [/home/xmen/Videos/RustDesk/SystolicCore/SystolicCore/rtl/src/uart_top.sv:]
WARNING: [filemgmt 56-199] Attempt to get parsing info during refresh. "On-the-fly" syntax checking information may be incorrect. [/home/xmen/Videos/RustDesk/SystolicCore/SystolicCore/rtl/SystolicCore.sv:]
WARNING: [filemgmt 56-199] Attempt to get parsing info during refresh. "On-the-fly" syntax checking information may be incorrect. [/home/xmen/Videos/RustDesk/SystolicCore/SystolicCore/rtl/SystolicCore.sv:]
WARNING: [filemgmt 56-199] Attempt to get parsing info during refresh. "On-the-fly" syntax checking information may be incorrect. [/home/xmen/Videos/RustDesk/SystolicCore/SystolicCore/rtl/SystolicCore.sv:]
WARNING: [filemgmt 56-199] Attempt to get parsing info during refresh. "On-the-fly" syntax checking information may be incorrect. [/home/xmen/Videos/RustDesk/SystolicCore/SystolicCore/rtl/Arty7_top_sim.sv:]
WARNING: [filemgmt 56-199] Attempt to get parsing info during refresh. "On-the-fly" syntax checking information may be incorrect. [/home/xmen/Videos/RustDesk/SystolicCore/SystolicCore/rtl/src/uart_top.sv:]
WARNING: [filemgmt 56-199] Attempt to get parsing info during refresh. "On-the-fly" syntax checking information may be incorrect. [/home/xmen/Videos/RustDesk/SystolicCore/SystolicCore/rtl/SystolicCore.sv:]
WARNING: [filemgmt 56-199] Attempt to get parsing info during refresh. "On-the-fly" syntax checking information may be incorrect. [/home/xmen/Videos/RustDesk/SystolicCore/SystolicCore/rtl/Arty7_top_sim.sv:]
WARNING: [filemgmt 56-199] Attempt to get parsing info during refresh. "On-the-fly" syntax checking information may be incorrect. [/home/xmen/Videos/RustDesk/SystolicCore/SystolicCore/rtl/Arty7_top_sim.sv:]
WARNING: [filemgmt 56-199] Attempt to get parsing info during refresh. "On-the-fly" syntax checking information may be incorrect. [/home/xmen/Videos/RustDesk/SystolicCore/SystolicCore/rtl/Arty7_top_sim.sv:]
WARNING: [filemgmt 56-199] Attempt to get parsing info during refresh. "On-the-fly" syntax checking information may be incorrect. [/home/xmen/Videos/RustDesk/SystolicCore/SystolicCore/rtl/src/uart_top.sv:]
WARNING: [filemgmt 56-199] Attempt to get parsing info during refresh. "On-the-fly" syntax checking information may be incorrect. [/home/xmen/Videos/RustDesk/SystolicCore/SystolicCore/rtl/SystolicCore.sv:]
WARNING: [filemgmt 56-199] Attempt to get parsing info during refresh. "On-the-fly" syntax checking information may be incorrect. [/home/xmen/Videos/RustDesk/SystolicCore/SystolicCore/rtl/SystolicCore.sv:]
WARNING: [filemgmt 56-199] Attempt to get parsing info during refresh. "On-the-fly" syntax checking information may be incorrect. [/home/xmen/Videos/RustDesk/SystolicCore/SystolicCore/rtl/SystolicCore.sv:]
update_compile_order -fileset sources_1
WARNING: [filemgmt 56-199] Attempt to get parsing info during refresh. "On-the-fly" syntax checking information may be incorrect. [/home/xmen/Videos/RustDesk/SystolicCore/SystolicCore/rtl/Arty7_top_sim.sv:]
WARNING: [filemgmt 56-199] Attempt to get parsing info during refresh. "On-the-fly" syntax checking information may be incorrect. [/home/xmen/Videos/RustDesk/SystolicCore/SystolicCore/rtl/src/uart_top.sv:]
WARNING: [filemgmt 56-199] Attempt to get parsing info during refresh. "On-the-fly" syntax checking information may be incorrect. [/home/xmen/Videos/RustDesk/SystolicCore/SystolicCore/rtl/SystolicCore.sv:]
WARNING: [filemgmt 56-199] Attempt to get parsing info during refresh. "On-the-fly" syntax checking information may be incorrect. [/home/xmen/Videos/RustDesk/SystolicCore/SystolicCore/rtl/src/uart_top.sv:]
WARNING: [filemgmt 56-199] Attempt to get parsing info during refresh. "On-the-fly" syntax checking information may be incorrect. [/home/xmen/Videos/RustDesk/SystolicCore/SystolicCore/rtl/src/uart_top.sv:]
WARNING: [filemgmt 56-199] Attempt to get parsing info during refresh. "On-the-fly" syntax checking information may be incorrect. [/home/xmen/Videos/RustDesk/SystolicCore/SystolicCore/rtl/Arty7_top_sim.sv:]
WARNING: [filemgmt 56-199] Attempt to get parsing info during refresh. "On-the-fly" syntax checking information may be incorrect. [/home/xmen/Videos/RustDesk/SystolicCore/SystolicCore/rtl/src/uart_top.sv:]
WARNING: [filemgmt 56-199] Attempt to get parsing info during refresh. "On-the-fly" syntax checking information may be incorrect. [/home/xmen/Videos/RustDesk/SystolicCore/SystolicCore/rtl/SystolicCore.sv:]
WARNING: [filemgmt 56-199] Attempt to get parsing info during refresh. "On-the-fly" syntax checking information may be incorrect. [/home/xmen/Videos/RustDesk/SystolicCore/SystolicCore/rtl/SystolicCore.sv:]
WARNING: [filemgmt 56-199] Attempt to get parsing info during refresh. "On-the-fly" syntax checking information may be incorrect. [/home/xmen/Videos/RustDesk/SystolicCore/SystolicCore/rtl/SystolicCore.sv:]
WARNING: [filemgmt 56-199] Attempt to get parsing info during refresh. "On-the-fly" syntax checking information may be incorrect. [/home/xmen/Videos/RustDesk/SystolicCore/SystolicCore/rtl/Arty7_top_sim.sv:]
WARNING: [filemgmt 56-199] Attempt to get parsing info during refresh. "On-the-fly" syntax checking information may be incorrect. [/home/xmen/Videos/RustDesk/SystolicCore/SystolicCore/rtl/src/uart_top.sv:]
WARNING: [filemgmt 56-199] Attempt to get parsing info during refresh. "On-the-fly" syntax checking information may be incorrect. [/home/xmen/Videos/RustDesk/SystolicCore/SystolicCore/rtl/SystolicCore.sv:]
WARNING: [filemgmt 56-199] Attempt to get parsing info during refresh. "On-the-fly" syntax checking information may be incorrect. [/home/xmen/Videos/RustDesk/SystolicCore/SystolicCore/rtl/src/uart_top.sv:]
WARNING: [filemgmt 56-199] Attempt to get parsing info during refresh. "On-the-fly" syntax checking information may be incorrect. [/home/xmen/Videos/RustDesk/SystolicCore/SystolicCore/rtl/src/uart_top.sv:]
WARNING: [filemgmt 56-199] Attempt to get parsing info during refresh. "On-the-fly" syntax checking information may be incorrect. [/home/xmen/Videos/RustDesk/SystolicCore/SystolicCore/rtl/Arty7_top_sim.sv:]
WARNING: [filemgmt 56-199] Attempt to get parsing info during refresh. "On-the-fly" syntax checking information may be incorrect. [/home/xmen/Videos/RustDesk/SystolicCore/SystolicCore/rtl/src/uart_top.sv:]
WARNING: [filemgmt 56-199] Attempt to get parsing info during refresh. "On-the-fly" syntax checking information may be incorrect. [/home/xmen/Videos/RustDesk/SystolicCore/SystolicCore/rtl/SystolicCore.sv:]
WARNING: [filemgmt 56-199] Attempt to get parsing info during refresh. "On-the-fly" syntax checking information may be incorrect. [/home/xmen/Videos/RustDesk/SystolicCore/SystolicCore/rtl/SystolicCore.sv:]
WARNING: [filemgmt 56-199] Attempt to get parsing info during refresh. "On-the-fly" syntax checking information may be incorrect. [/home/xmen/Videos/RustDesk/SystolicCore/SystolicCore/rtl/SystolicCore.sv:]
WARNING: [filemgmt 56-199] Attempt to get parsing info during refresh. "On-the-fly" syntax checking information may be incorrect. [/home/xmen/Videos/RustDesk/SystolicCore/SystolicCore/rtl/Arty7_top_sim.sv:]
WARNING: [filemgmt 56-199] Attempt to get parsing info during refresh. "On-the-fly" syntax checking information may be incorrect. [/home/xmen/Videos/RustDesk/SystolicCore/SystolicCore/rtl/src/uart_top.sv:]
WARNING: [filemgmt 56-199] Attempt to get parsing info during refresh. "On-the-fly" syntax checking information may be incorrect. [/home/xmen/Videos/RustDesk/SystolicCore/SystolicCore/rtl/SystolicCore.sv:]
WARNING: [filemgmt 56-199] Attempt to get parsing info during refresh. "On-the-fly" syntax checking information may be incorrect. [/home/xmen/Videos/RustDesk/SystolicCore/SystolicCore/rtl/src/uart_top.sv:]
WARNING: [filemgmt 56-199] Attempt to get parsing info during refresh. "On-the-fly" syntax checking information may be incorrect. [/home/xmen/Videos/RustDesk/SystolicCore/SystolicCore/rtl/src/uart_top.sv:]
WARNING: [filemgmt 56-199] Attempt to get parsing info during refresh. "On-the-fly" syntax checking information may be incorrect. [/home/xmen/Videos/RustDesk/SystolicCore/SystolicCore/rtl/Arty7_top_sim.sv:]
WARNING: [filemgmt 56-199] Attempt to get parsing info during refresh. "On-the-fly" syntax checking information may be incorrect. [/home/xmen/Videos/RustDesk/SystolicCore/SystolicCore/rtl/src/uart_top.sv:]
WARNING: [filemgmt 56-199] Attempt to get parsing info during refresh. "On-the-fly" syntax checking information may be incorrect. [/home/xmen/Videos/RustDesk/SystolicCore/SystolicCore/rtl/SystolicCore.sv:]
WARNING: [filemgmt 56-199] Attempt to get parsing info during refresh. "On-the-fly" syntax checking information may be incorrect. [/home/xmen/Videos/RustDesk/SystolicCore/SystolicCore/rtl/SystolicCore.sv:]
WARNING: [filemgmt 56-199] Attempt to get parsing info during refresh. "On-the-fly" syntax checking information may be incorrect. [/home/xmen/Videos/RustDesk/SystolicCore/SystolicCore/rtl/SystolicCore.sv:]
launch_simulation
Command: launch_simulation 
INFO: [Vivado 12-25911] Executing simulation for 'XSim' simulator
INFO: [Project 1-5737] Running on host VT0144 (64) - Rocky Linux release 8.10 (Green Obsidian)
INFO: [Vivado 12-28535] Process started - Tue Dec 30 14:30:27 2025

INFO: [Vivado 12-12493] Simulation top is 'tb'
INFO: [Vivado 12-5698] Checking validity of IPs in the design for the 'XSim' simulator...
INFO: [Vivado 12-5682] Launching behavioral simulation in '/home/xmen/Videos/RustDesk/SystolicCore/SystolicCore/SystolicCore/SystolicCore.sim/sim_1/behav/xsim'
INFO: [Vivado 12-4795] Using compiled simulation libraries for IPs
INFO: [SIM-utils-51] Simulation object is 'sim_1'
INFO: [SIM-utils-72] Using boost library from '/home/xmen/Music/2025.2/tps/boost_1_72_0'
INFO: [USF-XSim-7] Finding pre-compiled libraries...
INFO: [USF-XSim-11] File '/home/xmen/Music/2025.2/data/xsim/xsim.ini' copied to run dir:'/home/xmen/Videos/RustDesk/SystolicCore/SystolicCore/SystolicCore/SystolicCore.sim/sim_1/behav/xsim'
INFO: [SIM-utils-54] Inspecting design source files for 'tb' in fileset 'sim_1'...
INFO: [SIM-utils-43] Exported '/home/xmen/Videos/RustDesk/SystolicCore/SystolicCore/SystolicCore/SystolicCore.sim/sim_1/behav/xsim/testeINPUT_B1.mem'
INFO: [SIM-utils-43] Exported '/home/xmen/Videos/RustDesk/SystolicCore/SystolicCore/SystolicCore/SystolicCore.sim/sim_1/behav/xsim/testeINPUT_B.mem'
INFO: [SIM-utils-43] Exported '/home/xmen/Videos/RustDesk/SystolicCore/SystolicCore/SystolicCore/SystolicCore.sim/sim_1/behav/xsim/testeINPUT_A1.mem'
INFO: [SIM-utils-43] Exported '/home/xmen/Videos/RustDesk/SystolicCore/SystolicCore/SystolicCore/SystolicCore.sim/sim_1/behav/xsim/testeINPUT_A.mem'
INFO: [SIM-utils-43] Exported '/home/xmen/Videos/RustDesk/SystolicCore/SystolicCore/SystolicCore/SystolicCore.sim/sim_1/behav/xsim/testeINPUT_B1.mem'
INFO: [SIM-utils-43] Exported '/home/xmen/Videos/RustDesk/SystolicCore/SystolicCore/SystolicCore/SystolicCore.sim/sim_1/behav/xsim/testeINPUT_B.mem'
INFO: [SIM-utils-43] Exported '/home/xmen/Videos/RustDesk/SystolicCore/SystolicCore/SystolicCore/SystolicCore.sim/sim_1/behav/xsim/testeINPUT_A1.mem'
INFO: [SIM-utils-43] Exported '/home/xmen/Videos/RustDesk/SystolicCore/SystolicCore/SystolicCore/SystolicCore.sim/sim_1/behav/xsim/testeINPUT_A.mem'
INFO: [USF-XSim-97] Finding global include files...
INFO: [USF-XSim-98] Fetching design files from 'sim_1'...
INFO: [USF-XSim-2] XSim::Compile design
INFO: [USF-XSim-61] Executing 'COMPILE and ANALYZE' step in '/home/xmen/Videos/RustDesk/SystolicCore/SystolicCore/SystolicCore/SystolicCore.sim/sim_1/behav/xsim'
xvlog --incr --relax -L uvm -prj tb_vlog.prj
INFO: [VRFC 10-2263] Analyzing Verilog file "/home/xmen/Videos/RustDesk/SystolicCore/SystolicCore/SystolicCore/SystolicCore.gen/sources_1/ip/ila_3/sim/ila_3.v" into library xil_defaultlib
INFO: [VRFC 10-311] analyzing module ila_3
INFO: [VRFC 10-2263] Analyzing Verilog file "/home/xmen/Videos/RustDesk/SystolicCore/SystolicCore/SystolicCore/SystolicCore.gen/sources_1/ip/ram_dual_port/sim/ram_dual_port.v" into library xil_defaultlib
INFO: [VRFC 10-311] analyzing module ram_dual_port
INFO: [VRFC 10-2263] Analyzing Verilog file "/home/xmen/Videos/RustDesk/SystolicCore/SystolicCore/rtl/src/uart_rx.v" into library xil_defaultlib
INFO: [VRFC 10-311] analyzing module uart_rx
INFO: [VRFC 10-2263] Analyzing Verilog file "/home/xmen/Videos/RustDesk/SystolicCore/SystolicCore/rtl/src/uart_tx.v" into library xil_defaultlib
INFO: [VRFC 10-311] analyzing module uart_tx
INFO: [VRFC 10-2263] Analyzing SystemVerilog file "/home/xmen/Videos/RustDesk/SystolicCore/SystolicCore/rtl/Arty7_top_sim.sv" into library xil_defaultlib
INFO: [VRFC 10-311] analyzing module Arty7_top_sim
INFO: [VRFC 10-2263] Analyzing SystemVerilog file "/home/xmen/Videos/RustDesk/SystolicCore/SystolicCore/rtl/SystolicControlUnit.sv" into library xil_defaultlib
INFO: [VRFC 10-311] analyzing module systolicControlUnitTop
INFO: [VRFC 10-2263] Analyzing SystemVerilog file "/home/xmen/Videos/RustDesk/SystolicCore/SystolicCore/rtl/SystolicCore.sv" into library xil_defaultlib
INFO: [VRFC 10-311] analyzing module SystolicCoreTop
INFO: [VRFC 10-2263] Analyzing SystemVerilog file "/home/xmen/Videos/RustDesk/SystolicCore/SystolicCore/rtl/accumulator.sv" into library xil_defaultlib
INFO: [VRFC 10-311] analyzing module accumulator_cells
INFO: [VRFC 10-2263] Analyzing SystemVerilog file "/home/xmen/Videos/RustDesk/SystolicCore/SystolicCore/rtl/mem2serial.sv" into library xil_defaultlib
INFO: [VRFC 10-311] analyzing module mem2seriala
INFO: [VRFC 10-2263] Analyzing SystemVerilog file "/home/xmen/Videos/RustDesk/SystolicCore/SystolicCore/rtl/serial2mem.sv" into library xil_defaultlib
INFO: [VRFC 10-311] analyzing module serial2mem
INFO: [VRFC 10-2263] Analyzing SystemVerilog file "/home/xmen/Videos/RustDesk/SystolicCore/SystolicCore/rtl/systolicMatrixMultiply.sv" into library xil_defaultlib
INFO: [VRFC 10-311] analyzing module systolicMatrixMultiply
INFO: [VRFC 10-2263] Analyzing SystemVerilog file "/home/xmen/Videos/RustDesk/SystolicCore/SystolicCore/rtl/src/uart_top.sv" into library xil_defaultlib
INFO: [VRFC 10-311] analyzing module uart_top
INFO: [VRFC 10-2263] Analyzing SystemVerilog file "/home/xmen/Videos/RustDesk/SystolicCore/SystolicCore/tb/tb_fpga.sv" into library xil_defaultlib
INFO: [VRFC 10-311] analyzing module tb
WARNING: [VRFC 10-8658] /* is inside a comment [/home/xmen/Videos/RustDesk/SystolicCore/SystolicCore/tb/tb_fpga.sv:75]
INFO: [VRFC 10-2263] Analyzing Verilog file "/home/xmen/Videos/RustDesk/SystolicCore/SystolicCore/SystolicCore/SystolicCore.sim/sim_1/behav/xsim/glbl.v" into library xil_defaultlib
INFO: [VRFC 10-311] analyzing module glbl
Waiting for jobs to finish...
No pending jobs, compilation finished.
INFO: [USF-XSim-69] 'compile' step finished in '1' seconds
INFO: [USF-XSim-3] XSim::Elaborate design
INFO: [USF-XSim-61] Executing 'ELABORATE' step in '/home/xmen/Videos/RustDesk/SystolicCore/SystolicCore/SystolicCore/SystolicCore.sim/sim_1/behav/xsim'
xelab --incr --debug typical --relax --mt 8 -L xil_defaultlib -L blk_mem_gen_v8_4_12 -L uvm -L unisims_ver -L unimacro_ver -L secureip -L xpm --snapshot tb_behav xil_defaultlib.tb xil_defaultlib.glbl -log elaborate.log
Vivado Simulator v2025.2
Copyright 1986-2022 Xilinx, Inc. All Rights Reserved.
Copyright 2022-2025 Advanced Micro Devices, Inc. All Rights Reserved.
Running: /home/xmen/Music/2025.2/Vivado/bin/unwrapped/lnx64.o/xelab --incr --debug typical --relax --mt 8 -L xil_defaultlib -L blk_mem_gen_v8_4_12 -L uvm -L unisims_ver -L unimacro_ver -L secureip -L xpm --snapshot tb_behav xil_defaultlib.tb xil_defaultlib.glbl -log elaborate.log 
Using 8 slave threads.
Starting static elaboration
Pass Through NonSizing Optimizer
WARNING: [VRFC 10-3091] actual bit length 32 differs from formal bit length 1 for port 'valid_rx_in' [/home/xmen/Videos/RustDesk/SystolicCore/SystolicCore/tb/tb_fpga.sv:38]
WARNING: [VRFC 10-3091] actual bit length 12 differs from formal bit length 8 for port 'data_tx_in' [/home/xmen/Videos/RustDesk/SystolicCore/SystolicCore/tb/tb_fpga.sv:43]
WARNING: [VRFC 10-3818] variable 'tb_uart_data_tx_in' is driven by invalid combination of procedural drivers [/home/xmen/Videos/RustDesk/SystolicCore/SystolicCore/tb/tb_fpga.sv:29]
WARNING: [VRFC 10-2921] 'tb_uart_data_tx_in' driven by this always_comb block should not be driven by any other process [/home/xmen/Videos/RustDesk/SystolicCore/SystolicCore/tb/tb_fpga.sv:128]
WARNING: [VRFC 10-3823] variable 'uart_valid_rx_in' might have multiple concurrent drivers [/home/xmen/Videos/RustDesk/SystolicCore/SystolicCore/rtl/Arty7_top_sim.sv:83]
WARNING: [VRFC 10-10063] index 16 into 'b_vec' is out of bounds [/home/xmen/Videos/RustDesk/SystolicCore/SystolicCore/rtl/systolicMatrixMultiply.sv:52]
WARNING: [VRFC 10-10063] index 16 into 'a_vec' is out of bounds [/home/xmen/Videos/RustDesk/SystolicCore/SystolicCore/rtl/systolicMatrixMultiply.sv:51]
Completed static elaboration
Starting simulation data flow analysis
Completed simulation data flow analysis
Time Resolution for simulation is 1ps
Compiling module xil_defaultlib.uart_rx_default
Compiling module xil_defaultlib.uart_tx_default
Compiling module xil_defaultlib.uart_top
Compiling module xil_defaultlib.accumulator_cells(WIDTH=8)
Compiling module xil_defaultlib.systolicMatrixMultiply(SIZE=16)
Compiling module blk_mem_gen_v8_4_12.blk_mem_gen_v8_4_12_output_stage...
Compiling module blk_mem_gen_v8_4_12.blk_mem_gen_v8_4_12_output_stage...
Compiling module blk_mem_gen_v8_4_12.blk_mem_gen_v8_4_12_softecc_outp...
Compiling module blk_mem_gen_v8_4_12.blk_mem_gen_v8_4_12_mem_module(C...
Compiling module blk_mem_gen_v8_4_12.blk_mem_gen_v8_4_12(C_FAMILY="ar...
Compiling module xil_defaultlib.ram_dual_port
Compiling module xil_defaultlib.serial2mem(SIZE=16)
Compiling module xil_defaultlib.mem2seriala(SIZE=16)
Compiling module xil_defaultlib.ila_3
Compiling module xil_defaultlib.systolicControlUnitTop
Compiling module xil_defaultlib.SystolicCoreTop(SIZE=16)
Compiling module xil_defaultlib.Arty7_top_sim
Compiling module xil_defaultlib.tb
Compiling module xil_defaultlib.glbl
Built simulation snapshot tb_behav
INFO: [USF-XSim-69] 'elaborate' step finished in '3' seconds
INFO: [USF-XSim-4] XSim::Simulate design
INFO: [USF-XSim-61] Executing 'SIMULATE' step in '/home/xmen/Videos/RustDesk/SystolicCore/SystolicCore/SystolicCore/SystolicCore.sim/sim_1/behav/xsim'
INFO: [USF-XSim-98] *** Running xsim
   with args "tb_behav -key {Behavioral:sim_1:Functional:tb} -tclbatch {tb.tcl} -view {/home/xmen/Videos/RustDesk/SystolicCore/SystolicCore/SystolicCore/tb_behav.wcfg} -log {simulate.log}"
INFO: [USF-XSim-8] Loading simulator feature
Time resolution is 1 ps
open_wave_config /home/xmen/Videos/RustDesk/SystolicCore/SystolicCore/SystolicCore/tb_behav.wcfg
WARNING: Simulation object /tb/a/SystolicCore0/OVERSAMPLING was not found in the design.
WARNING: Simulation object /tb/a/SystolicCore0/BAUDRATE was not found in the design.
WARNING: Simulation object /tb/a/SystolicCore0/COUNTER_CLOCK_INPUT was not found in the design.
WARNING: Simulation object /tb/a/SystolicCore0/CLOCK_REF was not found in the design.
WARNING: Simulation object /tb/a/SystolicCore0/CLOCK_TRANSFER_PC was not found in the design.
source tb.tcl
# set curr_wave [current_wave_config]
# if { [string length $curr_wave] == 0 } {
#   if { [llength [get_objects]] > 0} {
#     add_wave /
#     set_property needs_save false [current_wave_config]
#   } else {
#      send_msg_id Add_Wave-1 WARNING "No top level signals found. Simulator will start without a wave window. If you want to open a wave window go to 'File->New Waveform Configuration' or type 'create_wave_config' in the TCL console."
#   }
# }
# run 1000ns
Block Memory Generator module tb.a.SystolicCore0.serial2mem_opA.ram.inst.native_mem_module.blk_mem_gen_v8_4_12_inst is using a behavioral model for simulation which will not precisely model memory collision behavior.
Block Memory Generator module tb.a.SystolicCore0.serial2mem_opB.ram.inst.native_mem_module.blk_mem_gen_v8_4_12_inst is using a behavioral model for simulation which will not precisely model memory collision behavior.
blk_mem_gen_v8_4_12 collision detected at time: 45000, Instance: tb.a.SystolicCore0.serial2mem_opA.ram.inst.native_mem_module.blk_mem_gen_v8_4_12_inst, A write address: 0, B  read address: 0
blk_mem_gen_v8_4_12 collision detected at time: 45000, Instance: tb.a.SystolicCore0.serial2mem_opB.ram.inst.native_mem_module.blk_mem_gen_v8_4_12_inst, A write address: 0, B  read address: 0
blk_mem_gen_v8_4_12 collision detected at time: 55000, Instance: tb.a.SystolicCore0.serial2mem_opA.ram.inst.native_mem_module.blk_mem_gen_v8_4_12_inst, A write address: 0, B  read address: 0
blk_mem_gen_v8_4_12 collision detected at time: 55000, Instance: tb.a.SystolicCore0.serial2mem_opB.ram.inst.native_mem_module.blk_mem_gen_v8_4_12_inst, A write address: 0, B  read address: 0
blk_mem_gen_v8_4_12 collision detected at time: 65000, Instance: tb.a.SystolicCore0.serial2mem_opA.ram.inst.native_mem_module.blk_mem_gen_v8_4_12_inst, A write address: 0, B  read address: 0
blk_mem_gen_v8_4_12 collision detected at time: 65000, Instance: tb.a.SystolicCore0.serial2mem_opB.ram.inst.native_mem_module.blk_mem_gen_v8_4_12_inst, A write address: 0, B  read address: 0
blk_mem_gen_v8_4_12 collision detected at time: 75000, Instance: tb.a.SystolicCore0.serial2mem_opA.ram.inst.native_mem_module.blk_mem_gen_v8_4_12_inst, A write address: 0, B  read address: 0
blk_mem_gen_v8_4_12 collision detected at time: 75000, Instance: tb.a.SystolicCore0.serial2mem_opB.ram.inst.native_mem_module.blk_mem_gen_v8_4_12_inst, A write address: 0, B  read address: 0
INFO: [USF-XSim-96] XSim completed. Design snapshot 'tb_behav' loaded.
INFO: [USF-XSim-97] XSim simulation ran for 1000ns
launch_simulation: Time (s): cpu = 00:00:11 ; elapsed = 00:00:10 . Memory (MB): peak = 10958.707 ; gain = 1.117 ; free physical = 7136 ; free virtual = 53518
WARNING: [filemgmt 56-199] Attempt to get parsing info during refresh. "On-the-fly" syntax checking information may be incorrect. [/home/xmen/Videos/RustDesk/SystolicCore/SystolicCore/rtl/Arty7_top_sim.sv:]
WARNING: [filemgmt 56-199] Attempt to get parsing info during refresh. "On-the-fly" syntax checking information may be incorrect. [/home/xmen/Videos/RustDesk/SystolicCore/SystolicCore/rtl/src/uart_top.sv:]
WARNING: [filemgmt 56-199] Attempt to get parsing info during refresh. "On-the-fly" syntax checking information may be incorrect. [/home/xmen/Videos/RustDesk/SystolicCore/SystolicCore/rtl/SystolicCore.sv:]
WARNING: [filemgmt 56-199] Attempt to get parsing info during refresh. "On-the-fly" syntax checking information may be incorrect. [/home/xmen/Videos/RustDesk/SystolicCore/SystolicCore/rtl/Arty7_top_sim.sv:]
WARNING: [filemgmt 56-199] Attempt to get parsing info during refresh. "On-the-fly" syntax checking information may be incorrect. [/home/xmen/Videos/RustDesk/SystolicCore/SystolicCore/rtl/Arty7_top_sim.sv:]
WARNING: [filemgmt 56-199] Attempt to get parsing info during refresh. "On-the-fly" syntax checking information may be incorrect. [/home/xmen/Videos/RustDesk/SystolicCore/SystolicCore/rtl/Arty7_top_sim.sv:]
WARNING: [filemgmt 56-199] Attempt to get parsing info during refresh. "On-the-fly" syntax checking information may be incorrect. [/home/xmen/Videos/RustDesk/SystolicCore/SystolicCore/rtl/src/uart_top.sv:]
WARNING: [filemgmt 56-199] Attempt to get parsing info during refresh. "On-the-fly" syntax checking information may be incorrect. [/home/xmen/Videos/RustDesk/SystolicCore/SystolicCore/rtl/SystolicCore.sv:]
WARNING: [filemgmt 56-199] Attempt to get parsing info during refresh. "On-the-fly" syntax checking information may be incorrect. [/home/xmen/Videos/RustDesk/SystolicCore/SystolicCore/rtl/SystolicCore.sv:]
WARNING: [filemgmt 56-199] Attempt to get parsing info during refresh. "On-the-fly" syntax checking information may be incorrect. [/home/xmen/Videos/RustDesk/SystolicCore/SystolicCore/rtl/SystolicCore.sv:]
WARNING: [filemgmt 56-199] Attempt to get parsing info during refresh. "On-the-fly" syntax checking information may be incorrect. [/home/xmen/Videos/RustDesk/SystolicCore/SystolicCore/rtl/Arty7_top_sim.sv:]
WARNING: [filemgmt 56-199] Attempt to get parsing info during refresh. "On-the-fly" syntax checking information may be incorrect. [/home/xmen/Videos/RustDesk/SystolicCore/SystolicCore/rtl/src/uart_top.sv:]
WARNING: [filemgmt 56-199] Attempt to get parsing info during refresh. "On-the-fly" syntax checking information may be incorrect. [/home/xmen/Videos/RustDesk/SystolicCore/SystolicCore/rtl/SystolicCore.sv:]
WARNING: [filemgmt 56-199] Attempt to get parsing info during refresh. "On-the-fly" syntax checking information may be incorrect. [/home/xmen/Videos/RustDesk/SystolicCore/SystolicCore/rtl/src/uart_top.sv:]
WARNING: [filemgmt 56-199] Attempt to get parsing info during refresh. "On-the-fly" syntax checking information may be incorrect. [/home/xmen/Videos/RustDesk/SystolicCore/SystolicCore/rtl/src/uart_top.sv:]
WARNING: [filemgmt 56-199] Attempt to get parsing info during refresh. "On-the-fly" syntax checking information may be incorrect. [/home/xmen/Videos/RustDesk/SystolicCore/SystolicCore/rtl/Arty7_top_sim.sv:]
WARNING: [filemgmt 56-199] Attempt to get parsing info during refresh. "On-the-fly" syntax checking information may be incorrect. [/home/xmen/Videos/RustDesk/SystolicCore/SystolicCore/rtl/src/uart_top.sv:]
WARNING: [filemgmt 56-199] Attempt to get parsing info during refresh. "On-the-fly" syntax checking information may be incorrect. [/home/xmen/Videos/RustDesk/SystolicCore/SystolicCore/rtl/SystolicCore.sv:]
WARNING: [filemgmt 56-199] Attempt to get parsing info during refresh. "On-the-fly" syntax checking information may be incorrect. [/home/xmen/Videos/RustDesk/SystolicCore/SystolicCore/rtl/SystolicCore.sv:]
WARNING: [filemgmt 56-199] Attempt to get parsing info during refresh. "On-the-fly" syntax checking information may be incorrect. [/home/xmen/Videos/RustDesk/SystolicCore/SystolicCore/rtl/SystolicCore.sv:]
WARNING: [filemgmt 56-199] Attempt to get parsing info during refresh. "On-the-fly" syntax checking information may be incorrect. [/home/xmen/Videos/RustDesk/SystolicCore/SystolicCore/rtl/Arty7_top_sim.sv:]
WARNING: [filemgmt 56-199] Attempt to get parsing info during refresh. "On-the-fly" syntax checking information may be incorrect. [/home/xmen/Videos/RustDesk/SystolicCore/SystolicCore/rtl/src/uart_top.sv:]
WARNING: [filemgmt 56-199] Attempt to get parsing info during refresh. "On-the-fly" syntax checking information may be incorrect. [/home/xmen/Videos/RustDesk/SystolicCore/SystolicCore/rtl/SystolicCore.sv:]
WARNING: [filemgmt 56-199] Attempt to get parsing info during refresh. "On-the-fly" syntax checking information may be incorrect. [/home/xmen/Videos/RustDesk/SystolicCore/SystolicCore/rtl/src/uart_top.sv:]
WARNING: [filemgmt 56-199] Attempt to get parsing info during refresh. "On-the-fly" syntax checking information may be incorrect. [/home/xmen/Videos/RustDesk/SystolicCore/SystolicCore/rtl/src/uart_top.sv:]
WARNING: [filemgmt 56-199] Attempt to get parsing info during refresh. "On-the-fly" syntax checking information may be incorrect. [/home/xmen/Videos/RustDesk/SystolicCore/SystolicCore/rtl/Arty7_top_sim.sv:]
WARNING: [filemgmt 56-199] Attempt to get parsing info during refresh. "On-the-fly" syntax checking information may be incorrect. [/home/xmen/Videos/RustDesk/SystolicCore/SystolicCore/rtl/src/uart_top.sv:]
WARNING: [filemgmt 56-199] Attempt to get parsing info during refresh. "On-the-fly" syntax checking information may be incorrect. [/home/xmen/Videos/RustDesk/SystolicCore/SystolicCore/rtl/SystolicCore.sv:]
WARNING: [filemgmt 56-199] Attempt to get parsing info during refresh. "On-the-fly" syntax checking information may be incorrect. [/home/xmen/Videos/RustDesk/SystolicCore/SystolicCore/rtl/SystolicCore.sv:]
WARNING: [filemgmt 56-199] Attempt to get parsing info during refresh. "On-the-fly" syntax checking information may be incorrect. [/home/xmen/Videos/RustDesk/SystolicCore/SystolicCore/rtl/SystolicCore.sv:]
WARNING: [filemgmt 56-199] Attempt to get parsing info during refresh. "On-the-fly" syntax checking information may be incorrect. [/home/xmen/Videos/RustDesk/SystolicCore/SystolicCore/rtl/Arty7_top_sim.sv:]
WARNING: [filemgmt 56-199] Attempt to get parsing info during refresh. "On-the-fly" syntax checking information may be incorrect. [/home/xmen/Videos/RustDesk/SystolicCore/SystolicCore/rtl/src/uart_top.sv:]
WARNING: [filemgmt 56-199] Attempt to get parsing info during refresh. "On-the-fly" syntax checking information may be incorrect. [/home/xmen/Videos/RustDesk/SystolicCore/SystolicCore/rtl/SystolicCore.sv:]
WARNING: [filemgmt 56-199] Attempt to get parsing info during refresh. "On-the-fly" syntax checking information may be incorrect. [/home/xmen/Videos/RustDesk/SystolicCore/SystolicCore/rtl/Arty7_top_sim.sv:]
WARNING: [filemgmt 56-199] Attempt to get parsing info during refresh. "On-the-fly" syntax checking information may be incorrect. [/home/xmen/Videos/RustDesk/SystolicCore/SystolicCore/rtl/Arty7_top_sim.sv:]
WARNING: [filemgmt 56-199] Attempt to get parsing info during refresh. "On-the-fly" syntax checking information may be incorrect. [/home/xmen/Videos/RustDesk/SystolicCore/SystolicCore/rtl/Arty7_top_sim.sv:]
WARNING: [filemgmt 56-199] Attempt to get parsing info during refresh. "On-the-fly" syntax checking information may be incorrect. [/home/xmen/Videos/RustDesk/SystolicCore/SystolicCore/rtl/src/uart_top.sv:]
WARNING: [filemgmt 56-199] Attempt to get parsing info during refresh. "On-the-fly" syntax checking information may be incorrect. [/home/xmen/Videos/RustDesk/SystolicCore/SystolicCore/rtl/SystolicCore.sv:]
WARNING: [filemgmt 56-199] Attempt to get parsing info during refresh. "On-the-fly" syntax checking information may be incorrect. [/home/xmen/Videos/RustDesk/SystolicCore/SystolicCore/rtl/SystolicCore.sv:]
WARNING: [filemgmt 56-199] Attempt to get parsing info during refresh. "On-the-fly" syntax checking information may be incorrect. [/home/xmen/Videos/RustDesk/SystolicCore/SystolicCore/rtl/SystolicCore.sv:]
WARNING: [filemgmt 56-199] Attempt to get parsing info during refresh. "On-the-fly" syntax checking information may be incorrect. [/home/xmen/Videos/RustDesk/SystolicCore/SystolicCore/rtl/Arty7_top_sim.sv:]
WARNING: [filemgmt 56-199] Attempt to get parsing info during refresh. "On-the-fly" syntax checking information may be incorrect. [/home/xmen/Videos/RustDesk/SystolicCore/SystolicCore/rtl/src/uart_top.sv:]
WARNING: [filemgmt 56-199] Attempt to get parsing info during refresh. "On-the-fly" syntax checking information may be incorrect. [/home/xmen/Videos/RustDesk/SystolicCore/SystolicCore/rtl/SystolicCore.sv:]
WARNING: [filemgmt 56-199] Attempt to get parsing info during refresh. "On-the-fly" syntax checking information may be incorrect. [/home/xmen/Videos/RustDesk/SystolicCore/SystolicCore/rtl/src/uart_top.sv:]
WARNING: [filemgmt 56-199] Attempt to get parsing info during refresh. "On-the-fly" syntax checking information may be incorrect. [/home/xmen/Videos/RustDesk/SystolicCore/SystolicCore/rtl/src/uart_top.sv:]
WARNING: [filemgmt 56-199] Attempt to get parsing info during refresh. "On-the-fly" syntax checking information may be incorrect. [/home/xmen/Videos/RustDesk/SystolicCore/SystolicCore/rtl/Arty7_top_sim.sv:]
WARNING: [filemgmt 56-199] Attempt to get parsing info during refresh. "On-the-fly" syntax checking information may be incorrect. [/home/xmen/Videos/RustDesk/SystolicCore/SystolicCore/rtl/src/uart_top.sv:]
WARNING: [filemgmt 56-199] Attempt to get parsing info during refresh. "On-the-fly" syntax checking information may be incorrect. [/home/xmen/Videos/RustDesk/SystolicCore/SystolicCore/rtl/SystolicCore.sv:]
WARNING: [filemgmt 56-199] Attempt to get parsing info during refresh. "On-the-fly" syntax checking information may be incorrect. [/home/xmen/Videos/RustDesk/SystolicCore/SystolicCore/rtl/SystolicCore.sv:]
WARNING: [filemgmt 56-199] Attempt to get parsing info during refresh. "On-the-fly" syntax checking information may be incorrect. [/home/xmen/Videos/RustDesk/SystolicCore/SystolicCore/rtl/SystolicCore.sv:]
WARNING: [filemgmt 56-199] Attempt to get parsing info during refresh. "On-the-fly" syntax checking information may be incorrect. [/home/xmen/Videos/RustDesk/SystolicCore/SystolicCore/rtl/Arty7_top_sim.sv:]
WARNING: [filemgmt 56-199] Attempt to get parsing info during refresh. "On-the-fly" syntax checking information may be incorrect. [/home/xmen/Videos/RustDesk/SystolicCore/SystolicCore/rtl/src/uart_top.sv:]
WARNING: [filemgmt 56-199] Attempt to get parsing info during refresh. "On-the-fly" syntax checking information may be incorrect. [/home/xmen/Videos/RustDesk/SystolicCore/SystolicCore/rtl/SystolicCore.sv:]
WARNING: [filemgmt 56-199] Attempt to get parsing info during refresh. "On-the-fly" syntax checking information may be incorrect. [/home/xmen/Videos/RustDesk/SystolicCore/SystolicCore/rtl/src/uart_top.sv:]
WARNING: [filemgmt 56-199] Attempt to get parsing info during refresh. "On-the-fly" syntax checking information may be incorrect. [/home/xmen/Videos/RustDesk/SystolicCore/SystolicCore/rtl/src/uart_top.sv:]
WARNING: [filemgmt 56-199] Attempt to get parsing info during refresh. "On-the-fly" syntax checking information may be incorrect. [/home/xmen/Videos/RustDesk/SystolicCore/SystolicCore/rtl/Arty7_top_sim.sv:]
WARNING: [filemgmt 56-199] Attempt to get parsing info during refresh. "On-the-fly" syntax checking information may be incorrect. [/home/xmen/Videos/RustDesk/SystolicCore/SystolicCore/rtl/src/uart_top.sv:]
WARNING: [filemgmt 56-199] Attempt to get parsing info during refresh. "On-the-fly" syntax checking information may be incorrect. [/home/xmen/Videos/RustDesk/SystolicCore/SystolicCore/rtl/SystolicCore.sv:]
WARNING: [filemgmt 56-199] Attempt to get parsing info during refresh. "On-the-fly" syntax checking information may be incorrect. [/home/xmen/Videos/RustDesk/SystolicCore/SystolicCore/rtl/SystolicCore.sv:]
WARNING: [filemgmt 56-199] Attempt to get parsing info during refresh. "On-the-fly" syntax checking information may be incorrect. [/home/xmen/Videos/RustDesk/SystolicCore/SystolicCore/rtl/SystolicCore.sv:]
WARNING: [filemgmt 56-199] Attempt to get parsing info during refresh. "On-the-fly" syntax checking information may be incorrect. [/home/xmen/Videos/RustDesk/SystolicCore/SystolicCore/rtl/Arty7_top_sim.sv:]
WARNING: [filemgmt 56-199] Attempt to get parsing info during refresh. "On-the-fly" syntax checking information may be incorrect. [/home/xmen/Videos/RustDesk/SystolicCore/SystolicCore/rtl/src/uart_top.sv:]
WARNING: [filemgmt 56-199] Attempt to get parsing info during refresh. "On-the-fly" syntax checking information may be incorrect. [/home/xmen/Videos/RustDesk/SystolicCore/SystolicCore/rtl/SystolicCore.sv:]
WARNING: [filemgmt 56-199] Attempt to get parsing info during refresh. "On-the-fly" syntax checking information may be incorrect. [/home/xmen/Videos/RustDesk/SystolicCore/SystolicCore/rtl/src/uart_top.sv:]
WARNING: [filemgmt 56-199] Attempt to get parsing info during refresh. "On-the-fly" syntax checking information may be incorrect. [/home/xmen/Videos/RustDesk/SystolicCore/SystolicCore/rtl/src/uart_top.sv:]
WARNING: [filemgmt 56-199] Attempt to get parsing info during refresh. "On-the-fly" syntax checking information may be incorrect. [/home/xmen/Videos/RustDesk/SystolicCore/SystolicCore/rtl/Arty7_top_sim.sv:]
WARNING: [filemgmt 56-199] Attempt to get parsing info during refresh. "On-the-fly" syntax checking information may be incorrect. [/home/xmen/Videos/RustDesk/SystolicCore/SystolicCore/rtl/src/uart_top.sv:]
WARNING: [filemgmt 56-199] Attempt to get parsing info during refresh. "On-the-fly" syntax checking information may be incorrect. [/home/xmen/Videos/RustDesk/SystolicCore/SystolicCore/rtl/SystolicCore.sv:]
WARNING: [filemgmt 56-199] Attempt to get parsing info during refresh. "On-the-fly" syntax checking information may be incorrect. [/home/xmen/Videos/RustDesk/SystolicCore/SystolicCore/rtl/SystolicCore.sv:]
WARNING: [filemgmt 56-199] Attempt to get parsing info during refresh. "On-the-fly" syntax checking information may be incorrect. [/home/xmen/Videos/RustDesk/SystolicCore/SystolicCore/rtl/SystolicCore.sv:]
WARNING: [filemgmt 56-199] Attempt to get parsing info during refresh. "On-the-fly" syntax checking information may be incorrect. [/home/xmen/Videos/RustDesk/SystolicCore/SystolicCore/rtl/Arty7_top_sim.sv:]
WARNING: [filemgmt 56-199] Attempt to get parsing info during refresh. "On-the-fly" syntax checking information may be incorrect. [/home/xmen/Videos/RustDesk/SystolicCore/SystolicCore/rtl/src/uart_top.sv:]
WARNING: [filemgmt 56-199] Attempt to get parsing info during refresh. "On-the-fly" syntax checking information may be incorrect. [/home/xmen/Videos/RustDesk/SystolicCore/SystolicCore/rtl/SystolicCore.sv:]
WARNING: [filemgmt 56-199] Attempt to get parsing info during refresh. "On-the-fly" syntax checking information may be incorrect. [/home/xmen/Videos/RustDesk/SystolicCore/SystolicCore/rtl/src/uart_top.sv:]
WARNING: [filemgmt 56-199] Attempt to get parsing info during refresh. "On-the-fly" syntax checking information may be incorrect. [/home/xmen/Videos/RustDesk/SystolicCore/SystolicCore/rtl/src/uart_top.sv:]
WARNING: [filemgmt 56-199] Attempt to get parsing info during refresh. "On-the-fly" syntax checking information may be incorrect. [/home/xmen/Videos/RustDesk/SystolicCore/SystolicCore/rtl/Arty7_top_sim.sv:]
WARNING: [filemgmt 56-199] Attempt to get parsing info during refresh. "On-the-fly" syntax checking information may be incorrect. [/home/xmen/Videos/RustDesk/SystolicCore/SystolicCore/rtl/src/uart_top.sv:]
WARNING: [filemgmt 56-199] Attempt to get parsing info during refresh. "On-the-fly" syntax checking information may be incorrect. [/home/xmen/Videos/RustDesk/SystolicCore/SystolicCore/rtl/SystolicCore.sv:]
WARNING: [filemgmt 56-199] Attempt to get parsing info during refresh. "On-the-fly" syntax checking information may be incorrect. [/home/xmen/Videos/RustDesk/SystolicCore/SystolicCore/rtl/SystolicCore.sv:]
WARNING: [filemgmt 56-199] Attempt to get parsing info during refresh. "On-the-fly" syntax checking information may be incorrect. [/home/xmen/Videos/RustDesk/SystolicCore/SystolicCore/rtl/SystolicCore.sv:]
WARNING: [filemgmt 56-199] Attempt to get parsing info during refresh. "On-the-fly" syntax checking information may be incorrect. [/home/xmen/Videos/RustDesk/SystolicCore/SystolicCore/rtl/Arty7_top_sim.sv:]
WARNING: [filemgmt 56-199] Attempt to get parsing info during refresh. "On-the-fly" syntax checking information may be incorrect. [/home/xmen/Videos/RustDesk/SystolicCore/SystolicCore/rtl/src/uart_top.sv:]
WARNING: [filemgmt 56-199] Attempt to get parsing info during refresh. "On-the-fly" syntax checking information may be incorrect. [/home/xmen/Videos/RustDesk/SystolicCore/SystolicCore/rtl/SystolicCore.sv:]
WARNING: [filemgmt 56-199] Attempt to get parsing info during refresh. "On-the-fly" syntax checking information may be incorrect. [/home/xmen/Videos/RustDesk/SystolicCore/SystolicCore/rtl/src/uart_top.sv:]
WARNING: [filemgmt 56-199] Attempt to get parsing info during refresh. "On-the-fly" syntax checking information may be incorrect. [/home/xmen/Videos/RustDesk/SystolicCore/SystolicCore/rtl/src/uart_top.sv:]
WARNING: [filemgmt 56-199] Attempt to get parsing info during refresh. "On-the-fly" syntax checking information may be incorrect. [/home/xmen/Videos/RustDesk/SystolicCore/SystolicCore/rtl/Arty7_top_sim.sv:]
WARNING: [filemgmt 56-199] Attempt to get parsing info during refresh. "On-the-fly" syntax checking information may be incorrect. [/home/xmen/Videos/RustDesk/SystolicCore/SystolicCore/rtl/src/uart_top.sv:]
WARNING: [filemgmt 56-199] Attempt to get parsing info during refresh. "On-the-fly" syntax checking information may be incorrect. [/home/xmen/Videos/RustDesk/SystolicCore/SystolicCore/rtl/SystolicCore.sv:]
WARNING: [filemgmt 56-199] Attempt to get parsing info during refresh. "On-the-fly" syntax checking information may be incorrect. [/home/xmen/Videos/RustDesk/SystolicCore/SystolicCore/rtl/src/uart_top.sv:]
WARNING: [filemgmt 56-199] Attempt to get parsing info during refresh. "On-the-fly" syntax checking information may be incorrect. [/home/xmen/Videos/RustDesk/SystolicCore/SystolicCore/rtl/src/uart_top.sv:]
WARNING: [filemgmt 56-199] Attempt to get parsing info during refresh. "On-the-fly" syntax checking information may be incorrect. [/home/xmen/Videos/RustDesk/SystolicCore/SystolicCore/rtl/Arty7_top_sim.sv:]
WARNING: [filemgmt 56-199] Attempt to get parsing info during refresh. "On-the-fly" syntax checking information may be incorrect. [/home/xmen/Videos/RustDesk/SystolicCore/SystolicCore/rtl/src/uart_top.sv:]
WARNING: [filemgmt 56-199] Attempt to get parsing info during refresh. "On-the-fly" syntax checking information may be incorrect. [/home/xmen/Videos/RustDesk/SystolicCore/SystolicCore/rtl/SystolicCore.sv:]
WARNING: [filemgmt 56-199] Attempt to get parsing info during refresh. "On-the-fly" syntax checking information may be incorrect. [/home/xmen/Videos/RustDesk/SystolicCore/SystolicCore/rtl/Arty7_top_sim.sv:]
WARNING: [filemgmt 56-199] Attempt to get parsing info during refresh. "On-the-fly" syntax checking information may be incorrect. [/home/xmen/Videos/RustDesk/SystolicCore/SystolicCore/rtl/Arty7_top_sim.sv:]
WARNING: [filemgmt 56-199] Attempt to get parsing info during refresh. "On-the-fly" syntax checking information may be incorrect. [/home/xmen/Videos/RustDesk/SystolicCore/SystolicCore/rtl/Arty7_top_sim.sv:]
WARNING: [filemgmt 56-199] Attempt to get parsing info during refresh. "On-the-fly" syntax checking information may be incorrect. [/home/xmen/Videos/RustDesk/SystolicCore/SystolicCore/rtl/src/uart_top.sv:]
WARNING: [filemgmt 56-199] Attempt to get parsing info during refresh. "On-the-fly" syntax checking information may be incorrect. [/home/xmen/Videos/RustDesk/SystolicCore/SystolicCore/rtl/SystolicCore.sv:]
WARNING: [filemgmt 56-199] Attempt to get parsing info during refresh. "On-the-fly" syntax checking information may be incorrect. [/home/xmen/Videos/RustDesk/SystolicCore/SystolicCore/rtl/src/uart_top.sv:]
WARNING: [filemgmt 56-199] Attempt to get parsing info during refresh. "On-the-fly" syntax checking information may be incorrect. [/home/xmen/Videos/RustDesk/SystolicCore/SystolicCore/rtl/src/uart_top.sv:]
WARNING: [filemgmt 56-199] Attempt to get parsing info during refresh. "On-the-fly" syntax checking information may be incorrect. [/home/xmen/Videos/RustDesk/SystolicCore/SystolicCore/rtl/Arty7_top_sim.sv:]
WARNING: [filemgmt 56-199] Attempt to get parsing info during refresh. "On-the-fly" syntax checking information may be incorrect. [/home/xmen/Videos/RustDesk/SystolicCore/SystolicCore/rtl/src/uart_top.sv:]
WARNING: [filemgmt 56-199] Attempt to get parsing info during refresh. "On-the-fly" syntax checking information may be incorrect. [/home/xmen/Videos/RustDesk/SystolicCore/SystolicCore/rtl/SystolicCore.sv:]
WARNING: [filemgmt 56-199] Attempt to get parsing info during refresh. "On-the-fly" syntax checking information may be incorrect. [/home/xmen/Videos/RustDesk/SystolicCore/SystolicCore/rtl/SystolicCore.sv:]
WARNING: [filemgmt 56-199] Attempt to get parsing info during refresh. "On-the-fly" syntax checking information may be incorrect. [/home/xmen/Videos/RustDesk/SystolicCore/SystolicCore/rtl/SystolicCore.sv:]
WARNING: [filemgmt 56-199] Attempt to get parsing info during refresh. "On-the-fly" syntax checking information may be incorrect. [/home/xmen/Videos/RustDesk/SystolicCore/SystolicCore/rtl/Arty7_top_sim.sv:]
WARNING: [filemgmt 56-199] Attempt to get parsing info during refresh. "On-the-fly" syntax checking information may be incorrect. [/home/xmen/Videos/RustDesk/SystolicCore/SystolicCore/rtl/src/uart_top.sv:]
WARNING: [filemgmt 56-199] Attempt to get parsing info during refresh. "On-the-fly" syntax checking information may be incorrect. [/home/xmen/Videos/RustDesk/SystolicCore/SystolicCore/rtl/SystolicCore.sv:]
WARNING: [filemgmt 56-199] Attempt to get parsing info during refresh. "On-the-fly" syntax checking information may be incorrect. [/home/xmen/Videos/RustDesk/SystolicCore/SystolicCore/rtl/Arty7_top_sim.sv:]
WARNING: [filemgmt 56-199] Attempt to get parsing info during refresh. "On-the-fly" syntax checking information may be incorrect. [/home/xmen/Videos/RustDesk/SystolicCore/SystolicCore/rtl/Arty7_top_sim.sv:]
WARNING: [filemgmt 56-199] Attempt to get parsing info during refresh. "On-the-fly" syntax checking information may be incorrect. [/home/xmen/Videos/RustDesk/SystolicCore/SystolicCore/rtl/Arty7_top_sim.sv:]
WARNING: [filemgmt 56-199] Attempt to get parsing info during refresh. "On-the-fly" syntax checking information may be incorrect. [/home/xmen/Videos/RustDesk/SystolicCore/SystolicCore/rtl/src/uart_top.sv:]
WARNING: [filemgmt 56-199] Attempt to get parsing info during refresh. "On-the-fly" syntax checking information may be incorrect. [/home/xmen/Videos/RustDesk/SystolicCore/SystolicCore/rtl/SystolicCore.sv:]
WARNING: [filemgmt 56-199] Attempt to get parsing info during refresh. "On-the-fly" syntax checking information may be incorrect. [/home/xmen/Videos/RustDesk/SystolicCore/SystolicCore/rtl/SystolicCore.sv:]
WARNING: [filemgmt 56-199] Attempt to get parsing info during refresh. "On-the-fly" syntax checking information may be incorrect. [/home/xmen/Videos/RustDesk/SystolicCore/SystolicCore/rtl/SystolicCore.sv:]
WARNING: [filemgmt 56-199] Attempt to get parsing info during refresh. "On-the-fly" syntax checking information may be incorrect. [/home/xmen/Videos/RustDesk/SystolicCore/SystolicCore/rtl/Arty7_top_sim.sv:]
WARNING: [filemgmt 56-199] Attempt to get parsing info during refresh. "On-the-fly" syntax checking information may be incorrect. [/home/xmen/Videos/RustDesk/SystolicCore/SystolicCore/rtl/src/uart_top.sv:]
WARNING: [filemgmt 56-199] Attempt to get parsing info during refresh. "On-the-fly" syntax checking information may be incorrect. [/home/xmen/Videos/RustDesk/SystolicCore/SystolicCore/rtl/SystolicCore.sv:]
WARNING: [filemgmt 56-199] Attempt to get parsing info during refresh. "On-the-fly" syntax checking information may be incorrect. [/home/xmen/Videos/RustDesk/SystolicCore/SystolicCore/rtl/src/uart_top.sv:]
WARNING: [filemgmt 56-199] Attempt to get parsing info during refresh. "On-the-fly" syntax checking information may be incorrect. [/home/xmen/Videos/RustDesk/SystolicCore/SystolicCore/rtl/src/uart_top.sv:]
WARNING: [filemgmt 56-199] Attempt to get parsing info during refresh. "On-the-fly" syntax checking information may be incorrect. [/home/xmen/Videos/RustDesk/SystolicCore/SystolicCore/rtl/Arty7_top_sim.sv:]
WARNING: [filemgmt 56-199] Attempt to get parsing info during refresh. "On-the-fly" syntax checking information may be incorrect. [/home/xmen/Videos/RustDesk/SystolicCore/SystolicCore/rtl/src/uart_top.sv:]
WARNING: [filemgmt 56-199] Attempt to get parsing info during refresh. "On-the-fly" syntax checking information may be incorrect. [/home/xmen/Videos/RustDesk/SystolicCore/SystolicCore/rtl/SystolicCore.sv:]
WARNING: [filemgmt 56-199] Attempt to get parsing info during refresh. "On-the-fly" syntax checking information may be incorrect. [/home/xmen/Videos/RustDesk/SystolicCore/SystolicCore/rtl/SystolicCore.sv:]
WARNING: [filemgmt 56-199] Attempt to get parsing info during refresh. "On-the-fly" syntax checking information may be incorrect. [/home/xmen/Videos/RustDesk/SystolicCore/SystolicCore/rtl/SystolicCore.sv:]
WARNING: [filemgmt 56-199] Attempt to get parsing info during refresh. "On-the-fly" syntax checking information may be incorrect. [/home/xmen/Videos/RustDesk/SystolicCore/SystolicCore/rtl/Arty7_top_sim.sv:]
WARNING: [filemgmt 56-199] Attempt to get parsing info during refresh. "On-the-fly" syntax checking information may be incorrect. [/home/xmen/Videos/RustDesk/SystolicCore/SystolicCore/rtl/src/uart_top.sv:]
WARNING: [filemgmt 56-199] Attempt to get parsing info during refresh. "On-the-fly" syntax checking information may be incorrect. [/home/xmen/Videos/RustDesk/SystolicCore/SystolicCore/rtl/SystolicCore.sv:]
WARNING: [filemgmt 56-199] Attempt to get parsing info during refresh. "On-the-fly" syntax checking information may be incorrect. [/home/xmen/Videos/RustDesk/SystolicCore/SystolicCore/rtl/src/uart_top.sv:]
WARNING: [filemgmt 56-199] Attempt to get parsing info during refresh. "On-the-fly" syntax checking information may be incorrect. [/home/xmen/Videos/RustDesk/SystolicCore/SystolicCore/rtl/src/uart_top.sv:]
WARNING: [filemgmt 56-199] Attempt to get parsing info during refresh. "On-the-fly" syntax checking information may be incorrect. [/home/xmen/Videos/RustDesk/SystolicCore/SystolicCore/rtl/Arty7_top_sim.sv:]
WARNING: [filemgmt 56-199] Attempt to get parsing info during refresh. "On-the-fly" syntax checking information may be incorrect. [/home/xmen/Videos/RustDesk/SystolicCore/SystolicCore/rtl/src/uart_top.sv:]
WARNING: [filemgmt 56-199] Attempt to get parsing info during refresh. "On-the-fly" syntax checking information may be incorrect. [/home/xmen/Videos/RustDesk/SystolicCore/SystolicCore/rtl/SystolicCore.sv:]
WARNING: [filemgmt 56-199] Attempt to get parsing info during refresh. "On-the-fly" syntax checking information may be incorrect. [/home/xmen/Videos/RustDesk/SystolicCore/SystolicCore/rtl/SystolicCore.sv:]
WARNING: [filemgmt 56-199] Attempt to get parsing info during refresh. "On-the-fly" syntax checking information may be incorrect. [/home/xmen/Videos/RustDesk/SystolicCore/SystolicCore/rtl/SystolicCore.sv:]
WARNING: [filemgmt 56-199] Attempt to get parsing info during refresh. "On-the-fly" syntax checking information may be incorrect. [/home/xmen/Videos/RustDesk/SystolicCore/SystolicCore/rtl/Arty7_top_sim.sv:]
WARNING: [filemgmt 56-199] Attempt to get parsing info during refresh. "On-the-fly" syntax checking information may be incorrect. [/home/xmen/Videos/RustDesk/SystolicCore/SystolicCore/rtl/src/uart_top.sv:]
WARNING: [filemgmt 56-199] Attempt to get parsing info during refresh. "On-the-fly" syntax checking information may be incorrect. [/home/xmen/Videos/RustDesk/SystolicCore/SystolicCore/rtl/SystolicCore.sv:]
WARNING: [filemgmt 56-199] Attempt to get parsing info during refresh. "On-the-fly" syntax checking information may be incorrect. [/home/xmen/Videos/RustDesk/SystolicCore/SystolicCore/rtl/src/uart_top.sv:]
WARNING: [filemgmt 56-199] Attempt to get parsing info during refresh. "On-the-fly" syntax checking information may be incorrect. [/home/xmen/Videos/RustDesk/SystolicCore/SystolicCore/rtl/src/uart_top.sv:]
WARNING: [filemgmt 56-199] Attempt to get parsing info during refresh. "On-the-fly" syntax checking information may be incorrect. [/home/xmen/Videos/RustDesk/SystolicCore/SystolicCore/rtl/Arty7_top_sim.sv:]
WARNING: [filemgmt 56-199] Attempt to get parsing info during refresh. "On-the-fly" syntax checking information may be incorrect. [/home/xmen/Videos/RustDesk/SystolicCore/SystolicCore/rtl/src/uart_top.sv:]
WARNING: [filemgmt 56-199] Attempt to get parsing info during refresh. "On-the-fly" syntax checking information may be incorrect. [/home/xmen/Videos/RustDesk/SystolicCore/SystolicCore/rtl/SystolicCore.sv:]
WARNING: [filemgmt 56-199] Attempt to get parsing info during refresh. "On-the-fly" syntax checking information may be incorrect. [/home/xmen/Videos/RustDesk/SystolicCore/SystolicCore/rtl/SystolicCore.sv:]
WARNING: [filemgmt 56-199] Attempt to get parsing info during refresh. "On-the-fly" syntax checking information may be incorrect. [/home/xmen/Videos/RustDesk/SystolicCore/SystolicCore/rtl/SystolicCore.sv:]
WARNING: [filemgmt 56-199] Attempt to get parsing info during refresh. "On-the-fly" syntax checking information may be incorrect. [/home/xmen/Videos/RustDesk/SystolicCore/SystolicCore/rtl/Arty7_top_sim.sv:]
WARNING: [filemgmt 56-199] Attempt to get parsing info during refresh. "On-the-fly" syntax checking information may be incorrect. [/home/xmen/Videos/RustDesk/SystolicCore/SystolicCore/rtl/src/uart_top.sv:]
WARNING: [filemgmt 56-199] Attempt to get parsing info during refresh. "On-the-fly" syntax checking information may be incorrect. [/home/xmen/Videos/RustDesk/SystolicCore/SystolicCore/rtl/SystolicCore.sv:]
WARNING: [filemgmt 56-199] Attempt to get parsing info during refresh. "On-the-fly" syntax checking information may be incorrect. [/home/xmen/Videos/RustDesk/SystolicCore/SystolicCore/rtl/src/uart_top.sv:]
WARNING: [filemgmt 56-199] Attempt to get parsing info during refresh. "On-the-fly" syntax checking information may be incorrect. [/home/xmen/Videos/RustDesk/SystolicCore/SystolicCore/rtl/src/uart_top.sv:]
WARNING: [filemgmt 56-199] Attempt to get parsing info during refresh. "On-the-fly" syntax checking information may be incorrect. [/home/xmen/Videos/RustDesk/SystolicCore/SystolicCore/rtl/Arty7_top_sim.sv:]
WARNING: [filemgmt 56-199] Attempt to get parsing info during refresh. "On-the-fly" syntax checking information may be incorrect. [/home/xmen/Videos/RustDesk/SystolicCore/SystolicCore/rtl/src/uart_top.sv:]
WARNING: [filemgmt 56-199] Attempt to get parsing info during refresh. "On-the-fly" syntax checking information may be incorrect. [/home/xmen/Videos/RustDesk/SystolicCore/SystolicCore/rtl/SystolicCore.sv:]
WARNING: [filemgmt 56-199] Attempt to get parsing info during refresh. "On-the-fly" syntax checking information may be incorrect. [/home/xmen/Videos/RustDesk/SystolicCore/SystolicCore/rtl/SystolicCore.sv:]
WARNING: [filemgmt 56-199] Attempt to get parsing info during refresh. "On-the-fly" syntax checking information may be incorrect. [/home/xmen/Videos/RustDesk/SystolicCore/SystolicCore/rtl/SystolicCore.sv:]
WARNING: [filemgmt 56-199] Attempt to get parsing info during refresh. "On-the-fly" syntax checking information may be incorrect. [/home/xmen/Videos/RustDesk/SystolicCore/SystolicCore/rtl/Arty7_top_sim.sv:]
WARNING: [filemgmt 56-199] Attempt to get parsing info during refresh. "On-the-fly" syntax checking information may be incorrect. [/home/xmen/Videos/RustDesk/SystolicCore/SystolicCore/rtl/src/uart_top.sv:]
WARNING: [filemgmt 56-199] Attempt to get parsing info during refresh. "On-the-fly" syntax checking information may be incorrect. [/home/xmen/Videos/RustDesk/SystolicCore/SystolicCore/rtl/SystolicCore.sv:]
WARNING: [filemgmt 56-199] Attempt to get parsing info during refresh. "On-the-fly" syntax checking information may be incorrect. [/home/xmen/Videos/RustDesk/SystolicCore/SystolicCore/rtl/src/uart_top.sv:]
WARNING: [filemgmt 56-199] Attempt to get parsing info during refresh. "On-the-fly" syntax checking information may be incorrect. [/home/xmen/Videos/RustDesk/SystolicCore/SystolicCore/rtl/src/uart_top.sv:]
WARNING: [filemgmt 56-199] Attempt to get parsing info during refresh. "On-the-fly" syntax checking information may be incorrect. [/home/xmen/Videos/RustDesk/SystolicCore/SystolicCore/rtl/Arty7_top_sim.sv:]
WARNING: [filemgmt 56-199] Attempt to get parsing info during refresh. "On-the-fly" syntax checking information may be incorrect. [/home/xmen/Videos/RustDesk/SystolicCore/SystolicCore/rtl/src/uart_top.sv:]
WARNING: [filemgmt 56-199] Attempt to get parsing info during refresh. "On-the-fly" syntax checking information may be incorrect. [/home/xmen/Videos/RustDesk/SystolicCore/SystolicCore/rtl/SystolicCore.sv:]
WARNING: [filemgmt 56-199] Attempt to get parsing info during refresh. "On-the-fly" syntax checking information may be incorrect. [/home/xmen/Videos/RustDesk/SystolicCore/SystolicCore/rtl/SystolicCore.sv:]
WARNING: [filemgmt 56-199] Attempt to get parsing info during refresh. "On-the-fly" syntax checking information may be incorrect. [/home/xmen/Videos/RustDesk/SystolicCore/SystolicCore/rtl/SystolicCore.sv:]
WARNING: [filemgmt 56-199] Attempt to get parsing info during refresh. "On-the-fly" syntax checking information may be incorrect. [/home/xmen/Videos/RustDesk/SystolicCore/SystolicCore/rtl/Arty7_top_sim.sv:]
WARNING: [filemgmt 56-199] Attempt to get parsing info during refresh. "On-the-fly" syntax checking information may be incorrect. [/home/xmen/Videos/RustDesk/SystolicCore/SystolicCore/rtl/src/uart_top.sv:]
WARNING: [filemgmt 56-199] Attempt to get parsing info during refresh. "On-the-fly" syntax checking information may be incorrect. [/home/xmen/Videos/RustDesk/SystolicCore/SystolicCore/rtl/SystolicCore.sv:]
WARNING: [filemgmt 56-199] Attempt to get parsing info during refresh. "On-the-fly" syntax checking information may be incorrect. [/home/xmen/Videos/RustDesk/SystolicCore/SystolicCore/rtl/src/uart_top.sv:]
WARNING: [filemgmt 56-199] Attempt to get parsing info during refresh. "On-the-fly" syntax checking information may be incorrect. [/home/xmen/Videos/RustDesk/SystolicCore/SystolicCore/rtl/src/uart_top.sv:]
WARNING: [filemgmt 56-199] Attempt to get parsing info during refresh. "On-the-fly" syntax checking information may be incorrect. [/home/xmen/Videos/RustDesk/SystolicCore/SystolicCore/rtl/Arty7_top_sim.sv:]
WARNING: [filemgmt 56-199] Attempt to get parsing info during refresh. "On-the-fly" syntax checking information may be incorrect. [/home/xmen/Videos/RustDesk/SystolicCore/SystolicCore/rtl/src/uart_top.sv:]
WARNING: [filemgmt 56-199] Attempt to get parsing info during refresh. "On-the-fly" syntax checking information may be incorrect. [/home/xmen/Videos/RustDesk/SystolicCore/SystolicCore/rtl/SystolicCore.sv:]
WARNING: [filemgmt 56-199] Attempt to get parsing info during refresh. "On-the-fly" syntax checking information may be incorrect. [/home/xmen/Videos/RustDesk/SystolicCore/SystolicCore/rtl/SystolicCore.sv:]
WARNING: [filemgmt 56-199] Attempt to get parsing info during refresh. "On-the-fly" syntax checking information may be incorrect. [/home/xmen/Videos/RustDesk/SystolicCore/SystolicCore/rtl/SystolicCore.sv:]
WARNING: [filemgmt 56-199] Attempt to get parsing info during refresh. "On-the-fly" syntax checking information may be incorrect. [/home/xmen/Videos/RustDesk/SystolicCore/SystolicCore/rtl/src/uart_top.sv:]
WARNING: [filemgmt 56-199] Attempt to get parsing info during refresh. "On-the-fly" syntax checking information may be incorrect. [/home/xmen/Videos/RustDesk/SystolicCore/SystolicCore/rtl/SystolicCore.sv:]
WARNING: [filemgmt 56-199] Attempt to get parsing info during refresh. "On-the-fly" syntax checking information may be incorrect. [/home/xmen/Videos/RustDesk/SystolicCore/SystolicCore/rtl/SystolicCore.sv:]
WARNING: [filemgmt 56-199] Attempt to get parsing info during refresh. "On-the-fly" syntax checking information may be incorrect. [/home/xmen/Videos/RustDesk/SystolicCore/SystolicCore/rtl/SystolicCore.sv:]
set_property is_enabled false [get_files  /home/xmen/Videos/RustDesk/SystolicCore/SystolicCore/rtl/Arty7_top_sim.sv]
WARNING: [filemgmt 56-199] Attempt to get parsing info during refresh. "On-the-fly" syntax checking information may be incorrect. [/home/xmen/Videos/RustDesk/SystolicCore/SystolicCore/rtl/src/uart_top.sv:]
WARNING: [filemgmt 56-199] Attempt to get parsing info during refresh. "On-the-fly" syntax checking information may be incorrect. [/home/xmen/Videos/RustDesk/SystolicCore/SystolicCore/rtl/SystolicCore.sv:]
WARNING: [filemgmt 56-199] Attempt to get parsing info during refresh. "On-the-fly" syntax checking information may be incorrect. [/home/xmen/Videos/RustDesk/SystolicCore/SystolicCore/rtl/SystolicCore.sv:]
WARNING: [filemgmt 56-199] Attempt to get parsing info during refresh. "On-the-fly" syntax checking information may be incorrect. [/home/xmen/Videos/RustDesk/SystolicCore/SystolicCore/rtl/SystolicCore.sv:]
update_compile_order -fileset sources_1
WARNING: [filemgmt 56-199] Attempt to get parsing info during refresh. "On-the-fly" syntax checking information may be incorrect. [/home/xmen/Videos/RustDesk/SystolicCore/SystolicCore/rtl/src/uart_top.sv:]
WARNING: [filemgmt 56-199] Attempt to get parsing info during refresh. "On-the-fly" syntax checking information may be incorrect. [/home/xmen/Videos/RustDesk/SystolicCore/SystolicCore/rtl/SystolicCore.sv:]
WARNING: [filemgmt 56-199] Attempt to get parsing info during refresh. "On-the-fly" syntax checking information may be incorrect. [/home/xmen/Videos/RustDesk/SystolicCore/SystolicCore/rtl/SystolicCore.sv:]
WARNING: [filemgmt 56-199] Attempt to get parsing info during refresh. "On-the-fly" syntax checking information may be incorrect. [/home/xmen/Videos/RustDesk/SystolicCore/SystolicCore/rtl/SystolicCore.sv:]
WARNING: [filemgmt 56-199] Attempt to get parsing info during refresh. "On-the-fly" syntax checking information may be incorrect. [/home/xmen/Videos/RustDesk/SystolicCore/SystolicCore/rtl/src/uart_top.sv:]
WARNING: [filemgmt 56-199] Attempt to get parsing info during refresh. "On-the-fly" syntax checking information may be incorrect. [/home/xmen/Videos/RustDesk/SystolicCore/SystolicCore/rtl/SystolicCore.sv:]
WARNING: [filemgmt 56-199] Attempt to get parsing info during refresh. "On-the-fly" syntax checking information may be incorrect. [/home/xmen/Videos/RustDesk/SystolicCore/SystolicCore/rtl/SystolicCore.sv:]
WARNING: [filemgmt 56-199] Attempt to get parsing info during refresh. "On-the-fly" syntax checking information may be incorrect. [/home/xmen/Videos/RustDesk/SystolicCore/SystolicCore/rtl/SystolicCore.sv:]
update_compile_order -fileset sources_1
WARNING: [filemgmt 56-199] Attempt to get parsing info during refresh. "On-the-fly" syntax checking information may be incorrect. [/home/xmen/Videos/RustDesk/SystolicCore/SystolicCore/rtl/src/uart_top.sv:]
WARNING: [filemgmt 56-199] Attempt to get parsing info during refresh. "On-the-fly" syntax checking information may be incorrect. [/home/xmen/Videos/RustDesk/SystolicCore/SystolicCore/rtl/SystolicCore.sv:]
WARNING: [filemgmt 56-199] Attempt to get parsing info during refresh. "On-the-fly" syntax checking information may be incorrect. [/home/xmen/Videos/RustDesk/SystolicCore/SystolicCore/rtl/SystolicCore.sv:]
WARNING: [filemgmt 56-199] Attempt to get parsing info during refresh. "On-the-fly" syntax checking information may be incorrect. [/home/xmen/Videos/RustDesk/SystolicCore/SystolicCore/rtl/SystolicCore.sv:]
add_files -norecurse /home/xmen/Videos/RustDesk/SystolicCore/SystolicCore/rtl/design_1_wrapper.v
WARNING: [filemgmt 56-199] Attempt to get parsing info during refresh. "On-the-fly" syntax checking information may be incorrect. [/home/xmen/Videos/RustDesk/SystolicCore/SystolicCore/rtl/src/uart_top.sv:]
WARNING: [filemgmt 56-199] Attempt to get parsing info during refresh. "On-the-fly" syntax checking information may be incorrect. [/home/xmen/Videos/RustDesk/SystolicCore/SystolicCore/rtl/SystolicCore.sv:]
WARNING: [filemgmt 56-199] Attempt to get parsing info during refresh. "On-the-fly" syntax checking information may be incorrect. [/home/xmen/Videos/RustDesk/SystolicCore/SystolicCore/rtl/SystolicCore.sv:]
WARNING: [filemgmt 56-199] Attempt to get parsing info during refresh. "On-the-fly" syntax checking information may be incorrect. [/home/xmen/Videos/RustDesk/SystolicCore/SystolicCore/rtl/SystolicCore.sv:]
update_compile_order -fileset sources_1
WARNING: [filemgmt 56-199] Attempt to get parsing info during refresh. "On-the-fly" syntax checking information may be incorrect. [/home/xmen/Videos/RustDesk/SystolicCore/SystolicCore/rtl/src/uart_top.sv:]
WARNING: [filemgmt 56-199] Attempt to get parsing info during refresh. "On-the-fly" syntax checking information may be incorrect. [/home/xmen/Videos/RustDesk/SystolicCore/SystolicCore/rtl/SystolicCore.sv:]
WARNING: [filemgmt 56-199] Attempt to get parsing info during refresh. "On-the-fly" syntax checking information may be incorrect. [/home/xmen/Videos/RustDesk/SystolicCore/SystolicCore/rtl/SystolicCore.sv:]
WARNING: [filemgmt 56-199] Attempt to get parsing info during refresh. "On-the-fly" syntax checking information may be incorrect. [/home/xmen/Videos/RustDesk/SystolicCore/SystolicCore/rtl/SystolicCore.sv:]
WARNING: [filemgmt 56-199] Attempt to get parsing info during refresh. "On-the-fly" syntax checking information may be incorrect. [/home/xmen/Videos/RustDesk/SystolicCore/SystolicCore/rtl/src/uart_top.sv:]
WARNING: [filemgmt 56-199] Attempt to get parsing info during refresh. "On-the-fly" syntax checking information may be incorrect. [/home/xmen/Videos/RustDesk/SystolicCore/SystolicCore/rtl/SystolicCore.sv:]
WARNING: [filemgmt 56-199] Attempt to get parsing info during refresh. "On-the-fly" syntax checking information may be incorrect. [/home/xmen/Videos/RustDesk/SystolicCore/SystolicCore/rtl/design_1_wrapper.v:]
WARNING: [filemgmt 56-199] Attempt to get parsing info during refresh. "On-the-fly" syntax checking information may be incorrect. [/home/xmen/Videos/RustDesk/SystolicCore/SystolicCore/rtl/src/uart_top.sv:]
WARNING: [filemgmt 56-199] Attempt to get parsing info during refresh. "On-the-fly" syntax checking information may be incorrect. [/home/xmen/Videos/RustDesk/SystolicCore/SystolicCore/rtl/src/uart_top.sv:]
WARNING: [filemgmt 56-199] Attempt to get parsing info during refresh. "On-the-fly" syntax checking information may be incorrect. [/home/xmen/Videos/RustDesk/SystolicCore/SystolicCore/rtl/src/uart_top.sv:]
WARNING: [filemgmt 56-199] Attempt to get parsing info during refresh. "On-the-fly" syntax checking information may be incorrect. [/home/xmen/Videos/RustDesk/SystolicCore/SystolicCore/rtl/SystolicCore.sv:]
WARNING: [filemgmt 56-199] Attempt to get parsing info during refresh. "On-the-fly" syntax checking information may be incorrect. [/home/xmen/Videos/RustDesk/SystolicCore/SystolicCore/rtl/design_1_wrapper.v:]
WARNING: [filemgmt 56-199] Attempt to get parsing info during refresh. "On-the-fly" syntax checking information may be incorrect. [/home/xmen/Videos/RustDesk/SystolicCore/SystolicCore/rtl/SystolicCore.sv:]
WARNING: [filemgmt 56-199] Attempt to get parsing info during refresh. "On-the-fly" syntax checking information may be incorrect. [/home/xmen/Videos/RustDesk/SystolicCore/SystolicCore/rtl/SystolicCore.sv:]
update_compile_order -fileset sources_1
WARNING: [filemgmt 56-199] Attempt to get parsing info during refresh. "On-the-fly" syntax checking information may be incorrect. [/home/xmen/Videos/RustDesk/SystolicCore/SystolicCore/rtl/src/uart_top.sv:]
WARNING: [filemgmt 56-199] Attempt to get parsing info during refresh. "On-the-fly" syntax checking information may be incorrect. [/home/xmen/Videos/RustDesk/SystolicCore/SystolicCore/rtl/SystolicCore.sv:]
WARNING: [filemgmt 56-199] Attempt to get parsing info during refresh. "On-the-fly" syntax checking information may be incorrect. [/home/xmen/Videos/RustDesk/SystolicCore/SystolicCore/rtl/design_1_wrapper.v:]
WARNING: [filemgmt 56-199] Attempt to get parsing info during refresh. "On-the-fly" syntax checking information may be incorrect. [/home/xmen/Videos/RustDesk/SystolicCore/SystolicCore/rtl/SystolicCore.sv:]
WARNING: [filemgmt 56-199] Attempt to get parsing info during refresh. "On-the-fly" syntax checking information may be incorrect. [/home/xmen/Videos/RustDesk/SystolicCore/SystolicCore/rtl/SystolicCore.sv:]
WARNING: [filemgmt 56-199] Attempt to get parsing info during refresh. "On-the-fly" syntax checking information may be incorrect. [/home/xmen/Videos/RustDesk/SystolicCore/SystolicCore/rtl/src/uart_top.sv:]
WARNING: [filemgmt 56-199] Attempt to get parsing info during refresh. "On-the-fly" syntax checking information may be incorrect. [/home/xmen/Videos/RustDesk/SystolicCore/SystolicCore/rtl/SystolicCore.sv:]
WARNING: [filemgmt 56-199] Attempt to get parsing info during refresh. "On-the-fly" syntax checking information may be incorrect. [/home/xmen/Videos/RustDesk/SystolicCore/SystolicCore/rtl/design_1_wrapper.v:]
WARNING: [filemgmt 56-199] Attempt to get parsing info during refresh. "On-the-fly" syntax checking information may be incorrect. [/home/xmen/Videos/RustDesk/SystolicCore/SystolicCore/rtl/src/uart_top.sv:]
WARNING: [filemgmt 56-199] Attempt to get parsing info during refresh. "On-the-fly" syntax checking information may be incorrect. [/home/xmen/Videos/RustDesk/SystolicCore/SystolicCore/rtl/src/uart_top.sv:]
WARNING: [filemgmt 56-199] Attempt to get parsing info during refresh. "On-the-fly" syntax checking information may be incorrect. [/home/xmen/Videos/RustDesk/SystolicCore/SystolicCore/rtl/src/uart_top.sv:]
WARNING: [filemgmt 56-199] Attempt to get parsing info during refresh. "On-the-fly" syntax checking information may be incorrect. [/home/xmen/Videos/RustDesk/SystolicCore/SystolicCore/rtl/SystolicCore.sv:]
WARNING: [filemgmt 56-199] Attempt to get parsing info during refresh. "On-the-fly" syntax checking information may be incorrect. [/home/xmen/Videos/RustDesk/SystolicCore/SystolicCore/rtl/design_1_wrapper.v:]
WARNING: [filemgmt 56-199] Attempt to get parsing info during refresh. "On-the-fly" syntax checking information may be incorrect. [/home/xmen/Videos/RustDesk/SystolicCore/SystolicCore/rtl/design_1_wrapper.v:]
WARNING: [filemgmt 56-199] Attempt to get parsing info during refresh. "On-the-fly" syntax checking information may be incorrect. [/home/xmen/Videos/RustDesk/SystolicCore/SystolicCore/rtl/design_1_wrapper.v:]
WARNING: [filemgmt 56-199] Attempt to get parsing info during refresh. "On-the-fly" syntax checking information may be incorrect. [/home/xmen/Videos/RustDesk/SystolicCore/SystolicCore/rtl/src/uart_top.sv:]
WARNING: [filemgmt 56-199] Attempt to get parsing info during refresh. "On-the-fly" syntax checking information may be incorrect. [/home/xmen/Videos/RustDesk/SystolicCore/SystolicCore/rtl/SystolicCore.sv:]
WARNING: [filemgmt 56-199] Attempt to get parsing info during refresh. "On-the-fly" syntax checking information may be incorrect. [/home/xmen/Videos/RustDesk/SystolicCore/SystolicCore/rtl/design_1_wrapper.v:]
WARNING: [filemgmt 56-199] Attempt to get parsing info during refresh. "On-the-fly" syntax checking information may be incorrect. [/home/xmen/Videos/RustDesk/SystolicCore/SystolicCore/rtl/SystolicCore.sv:]
WARNING: [filemgmt 56-199] Attempt to get parsing info during refresh. "On-the-fly" syntax checking information may be incorrect. [/home/xmen/Videos/RustDesk/SystolicCore/SystolicCore/rtl/SystolicCore.sv:]
WARNING: [filemgmt 56-199] Attempt to get parsing info during refresh. "On-the-fly" syntax checking information may be incorrect. [/home/xmen/Videos/RustDesk/SystolicCore/SystolicCore/rtl/src/uart_top.sv:]
WARNING: [filemgmt 56-199] Attempt to get parsing info during refresh. "On-the-fly" syntax checking information may be incorrect. [/home/xmen/Videos/RustDesk/SystolicCore/SystolicCore/rtl/SystolicCore.sv:]
WARNING: [filemgmt 56-199] Attempt to get parsing info during refresh. "On-the-fly" syntax checking information may be incorrect. [/home/xmen/Videos/RustDesk/SystolicCore/SystolicCore/rtl/design_1_wrapper.v:]
WARNING: [filemgmt 56-199] Attempt to get parsing info during refresh. "On-the-fly" syntax checking information may be incorrect. [/home/xmen/Videos/RustDesk/SystolicCore/SystolicCore/rtl/SystolicCore.sv:]
WARNING: [filemgmt 56-199] Attempt to get parsing info during refresh. "On-the-fly" syntax checking information may be incorrect. [/home/xmen/Videos/RustDesk/SystolicCore/SystolicCore/rtl/SystolicCore.sv:]
WARNING: [filemgmt 56-199] Attempt to get parsing info during refresh. "On-the-fly" syntax checking information may be incorrect. [/home/xmen/Videos/RustDesk/SystolicCore/SystolicCore/rtl/src/uart_top.sv:]
WARNING: [filemgmt 56-199] Attempt to get parsing info during refresh. "On-the-fly" syntax checking information may be incorrect. [/home/xmen/Videos/RustDesk/SystolicCore/SystolicCore/rtl/SystolicCore.sv:]
WARNING: [filemgmt 56-199] Attempt to get parsing info during refresh. "On-the-fly" syntax checking information may be incorrect. [/home/xmen/Videos/RustDesk/SystolicCore/SystolicCore/rtl/design_1_wrapper.v:]
WARNING: [filemgmt 56-199] Attempt to get parsing info during refresh. "On-the-fly" syntax checking information may be incorrect. [/home/xmen/Videos/RustDesk/SystolicCore/SystolicCore/rtl/src/uart_top.sv:]
WARNING: [filemgmt 56-199] Attempt to get parsing info during refresh. "On-the-fly" syntax checking information may be incorrect. [/home/xmen/Videos/RustDesk/SystolicCore/SystolicCore/rtl/src/uart_top.sv:]
WARNING: [filemgmt 56-199] Attempt to get parsing info during refresh. "On-the-fly" syntax checking information may be incorrect. [/home/xmen/Videos/RustDesk/SystolicCore/SystolicCore/rtl/src/uart_top.sv:]
WARNING: [filemgmt 56-199] Attempt to get parsing info during refresh. "On-the-fly" syntax checking information may be incorrect. [/home/xmen/Videos/RustDesk/SystolicCore/SystolicCore/rtl/SystolicCore.sv:]
WARNING: [filemgmt 56-199] Attempt to get parsing info during refresh. "On-the-fly" syntax checking information may be incorrect. [/home/xmen/Videos/RustDesk/SystolicCore/SystolicCore/rtl/design_1_wrapper.v:]
WARNING: [filemgmt 56-199] Attempt to get parsing info during refresh. "On-the-fly" syntax checking information may be incorrect. [/home/xmen/Videos/RustDesk/SystolicCore/SystolicCore/rtl/design_1_wrapper.v:]
WARNING: [filemgmt 56-199] Attempt to get parsing info during refresh. "On-the-fly" syntax checking information may be incorrect. [/home/xmen/Videos/RustDesk/SystolicCore/SystolicCore/rtl/design_1_wrapper.v:]
WARNING: [filemgmt 56-199] Attempt to get parsing info during refresh. "On-the-fly" syntax checking information may be incorrect. [/home/xmen/Videos/RustDesk/SystolicCore/SystolicCore/rtl/src/uart_top.sv:]
WARNING: [filemgmt 56-199] Attempt to get parsing info during refresh. "On-the-fly" syntax checking information may be incorrect. [/home/xmen/Videos/RustDesk/SystolicCore/SystolicCore/rtl/SystolicCore.sv:]
WARNING: [filemgmt 56-199] Attempt to get parsing info during refresh. "On-the-fly" syntax checking information may be incorrect. [/home/xmen/Videos/RustDesk/SystolicCore/SystolicCore/rtl/design_1_wrapper.v:]
WARNING: [filemgmt 56-199] Attempt to get parsing info during refresh. "On-the-fly" syntax checking information may be incorrect. [/home/xmen/Videos/RustDesk/SystolicCore/SystolicCore/rtl/SystolicCore.sv:]
WARNING: [filemgmt 56-199] Attempt to get parsing info during refresh. "On-the-fly" syntax checking information may be incorrect. [/home/xmen/Videos/RustDesk/SystolicCore/SystolicCore/rtl/SystolicCore.sv:]
WARNING: [filemgmt 56-199] Attempt to get parsing info during refresh. "On-the-fly" syntax checking information may be incorrect. [/home/xmen/Videos/RustDesk/SystolicCore/SystolicCore/rtl/src/uart_top.sv:]
WARNING: [filemgmt 56-199] Attempt to get parsing info during refresh. "On-the-fly" syntax checking information may be incorrect. [/home/xmen/Videos/RustDesk/SystolicCore/SystolicCore/rtl/SystolicCore.sv:]
WARNING: [filemgmt 56-199] Attempt to get parsing info during refresh. "On-the-fly" syntax checking information may be incorrect. [/home/xmen/Videos/RustDesk/SystolicCore/SystolicCore/rtl/design_1_wrapper.v:]
WARNING: [filemgmt 56-199] Attempt to get parsing info during refresh. "On-the-fly" syntax checking information may be incorrect. [/home/xmen/Videos/RustDesk/SystolicCore/SystolicCore/rtl/SystolicCore.sv:]
WARNING: [filemgmt 56-199] Attempt to get parsing info during refresh. "On-the-fly" syntax checking information may be incorrect. [/home/xmen/Videos/RustDesk/SystolicCore/SystolicCore/rtl/SystolicCore.sv:]
WARNING: [filemgmt 56-199] Attempt to get parsing info during refresh. "On-the-fly" syntax checking information may be incorrect. [/home/xmen/Videos/RustDesk/SystolicCore/SystolicCore/rtl/src/uart_top.sv:]
WARNING: [filemgmt 56-199] Attempt to get parsing info during refresh. "On-the-fly" syntax checking information may be incorrect. [/home/xmen/Videos/RustDesk/SystolicCore/SystolicCore/rtl/SystolicCore.sv:]
WARNING: [filemgmt 56-199] Attempt to get parsing info during refresh. "On-the-fly" syntax checking information may be incorrect. [/home/xmen/Videos/RustDesk/SystolicCore/SystolicCore/rtl/design_1_wrapper.v:]
WARNING: [filemgmt 56-199] Attempt to get parsing info during refresh. "On-the-fly" syntax checking information may be incorrect. [/home/xmen/Videos/RustDesk/SystolicCore/SystolicCore/rtl/src/uart_top.sv:]
WARNING: [filemgmt 56-199] Attempt to get parsing info during refresh. "On-the-fly" syntax checking information may be incorrect. [/home/xmen/Videos/RustDesk/SystolicCore/SystolicCore/rtl/src/uart_top.sv:]
create_bd_design "design_1"
Wrote  : </home/xmen/Videos/RustDesk/SystolicCore/SystolicCore/SystolicCore/SystolicCore.srcs/sources_1/bd/design_1/design_1.bd> 
WARNING: [filemgmt 56-199] Attempt to get parsing info during refresh. "On-the-fly" syntax checking information may be incorrect. [/home/xmen/Videos/RustDesk/SystolicCore/SystolicCore/rtl/src/uart_top.sv:]
WARNING: [filemgmt 56-199] Attempt to get parsing info during refresh. "On-the-fly" syntax checking information may be incorrect. [/home/xmen/Videos/RustDesk/SystolicCore/SystolicCore/rtl/SystolicCore.sv:]
WARNING: [filemgmt 56-199] Attempt to get parsing info during refresh. "On-the-fly" syntax checking information may be incorrect. [/home/xmen/Videos/RustDesk/SystolicCore/SystolicCore/rtl/design_1_wrapper.v:]
WARNING: [filemgmt 56-199] Attempt to get parsing info during refresh. "On-the-fly" syntax checking information may be incorrect. [/home/xmen/Videos/RustDesk/SystolicCore/SystolicCore/rtl/SystolicCore.sv:]
WARNING: [filemgmt 56-199] Attempt to get parsing info during refresh. "On-the-fly" syntax checking information may be incorrect. [/home/xmen/Videos/RustDesk/SystolicCore/SystolicCore/rtl/SystolicCore.sv:]
WARNING: [filemgmt 56-199] Attempt to get parsing info during refresh. "On-the-fly" syntax checking information may be incorrect. [/home/xmen/Videos/RustDesk/SystolicCore/SystolicCore/rtl/src/uart_top.sv:]
WARNING: [filemgmt 56-199] Attempt to get parsing info during refresh. "On-the-fly" syntax checking information may be incorrect. [/home/xmen/Videos/RustDesk/SystolicCore/SystolicCore/rtl/SystolicCore.sv:]
WARNING: [filemgmt 56-199] Attempt to get parsing info during refresh. "On-the-fly" syntax checking information may be incorrect. [/home/xmen/Videos/RustDesk/SystolicCore/SystolicCore/rtl/design_1_wrapper.v:]
WARNING: [filemgmt 56-199] Attempt to get parsing info during refresh. "On-the-fly" syntax checking information may be incorrect. [/home/xmen/Videos/RustDesk/SystolicCore/SystolicCore/rtl/src/uart_top.sv:]
WARNING: [filemgmt 56-199] Attempt to get parsing info during refresh. "On-the-fly" syntax checking information may be incorrect. [/home/xmen/Videos/RustDesk/SystolicCore/SystolicCore/rtl/src/uart_top.sv:]
update_compile_order -fileset sources_1
WARNING: [filemgmt 56-199] Attempt to get parsing info during refresh. "On-the-fly" syntax checking information may be incorrect. [/home/xmen/Videos/RustDesk/SystolicCore/SystolicCore/rtl/src/uart_top.sv:]
WARNING: [filemgmt 56-199] Attempt to get parsing info during refresh. "On-the-fly" syntax checking information may be incorrect. [/home/xmen/Videos/RustDesk/SystolicCore/SystolicCore/rtl/SystolicCore.sv:]
WARNING: [filemgmt 56-199] Attempt to get parsing info during refresh. "On-the-fly" syntax checking information may be incorrect. [/home/xmen/Videos/RustDesk/SystolicCore/SystolicCore/rtl/design_1_wrapper.v:]
WARNING: [filemgmt 56-199] Attempt to get parsing info during refresh. "On-the-fly" syntax checking information may be incorrect. [/home/xmen/Videos/RustDesk/SystolicCore/SystolicCore/rtl/SystolicCore.sv:]
WARNING: [filemgmt 56-199] Attempt to get parsing info during refresh. "On-the-fly" syntax checking information may be incorrect. [/home/xmen/Videos/RustDesk/SystolicCore/SystolicCore/rtl/SystolicCore.sv:]
WARNING: [filemgmt 56-199] Attempt to get parsing info during refresh. "On-the-fly" syntax checking information may be incorrect. [/home/xmen/Videos/RustDesk/SystolicCore/SystolicCore/rtl/src/uart_top.sv:]
WARNING: [filemgmt 56-199] Attempt to get parsing info during refresh. "On-the-fly" syntax checking information may be incorrect. [/home/xmen/Videos/RustDesk/SystolicCore/SystolicCore/rtl/SystolicCore.sv:]
WARNING: [filemgmt 56-199] Attempt to get parsing info during refresh. "On-the-fly" syntax checking information may be incorrect. [/home/xmen/Videos/RustDesk/SystolicCore/SystolicCore/rtl/design_1_wrapper.v:]
WARNING: [filemgmt 56-199] Attempt to get parsing info during refresh. "On-the-fly" syntax checking information may be incorrect. [/home/xmen/Videos/RustDesk/SystolicCore/SystolicCore/rtl/src/uart_top.sv:]
WARNING: [filemgmt 56-199] Attempt to get parsing info during refresh. "On-the-fly" syntax checking information may be incorrect. [/home/xmen/Videos/RustDesk/SystolicCore/SystolicCore/rtl/src/uart_top.sv:]
WARNING: [Board 49-26] cannot add Board Part xilinx.com:emb-plus-vpr-4616:part0:1.0 available at /home/xmen/Music/2025.2/data/xhub/boards/XilinxBoardStore/boards/Xilinx/emb-plus-vpr-4616/1.0/board.xml as part xcve2302-sfva784-2mp-e-s specified in board_part file is either invalid or not available
WARNING: [Board 49-26] cannot add Board Part xilinx.com:emb-plus-vpr-4616:part0:1.1 available at /home/xmen/Music/2025.2/data/xhub/boards/XilinxBoardStore/boards/Xilinx/emb-plus-vpr-4616/1.1/board.xml as part xcve2302-sfva784-2mp-e-s specified in board_part file is either invalid or not available
WARNING: [Board 49-26] cannot add Board Part xilinx.com:kcu105:part0:1.6 available at /home/xmen/Music/2025.2/data/xhub/boards/XilinxBoardStore/boards/Xilinx/kcu105/1.6/board.xml as part xcku040-ffva1156-2-e specified in board_part file is either invalid or not available
WARNING: [Board 49-26] cannot add Board Part xilinx.com:kcu105:part0:1.7 available at /home/xmen/Music/2025.2/data/xhub/boards/XilinxBoardStore/boards/Xilinx/kcu105/1.7/board.xml as part xcku040-ffva1156-2-e specified in board_part file is either invalid or not available
WARNING: [Board 49-26] cannot add Board Part xilinx.com:kcu1500:part0:1.2 available at /home/xmen/Music/2025.2/data/xhub/boards/XilinxBoardStore/boards/Xilinx/kcu1500/1.2/board.xml as part xcku115-flvb2104-2-e specified in board_part file is either invalid or not available
WARNING: [Board 49-26] cannot add Board Part xilinx.com:v80:part0:1.0 available at /home/xmen/Music/2025.2/data/xhub/boards/XilinxBoardStore/boards/Xilinx/v80/1.0/board.xml as part xcv80-lsva4737-2mhp-e-s specified in board_part file is either invalid or not available
WARNING: [Board 49-26] cannot add Board Part xilinx.com:vck190:part0:2.2 available at /home/xmen/Music/2025.2/data/xhub/boards/XilinxBoardStore/boards/Xilinx/vck190/production/2.2/board.xml as part xcvc1902-vsva2197-2mp-e-s specified in board_part file is either invalid or not available
WARNING: [Board 49-26] cannot add Board Part xilinx.com:vck190:part0:3.0 available at /home/xmen/Music/2025.2/data/xhub/boards/XilinxBoardStore/boards/Xilinx/vck190/production/3.0/board.xml as part xcvc1902-vsva2197-2mp-e-s specified in board_part file is either invalid or not available
WARNING: [Board 49-26] cannot add Board Part xilinx.com:vck190:part0:3.1 available at /home/xmen/Music/2025.2/data/xhub/boards/XilinxBoardStore/boards/Xilinx/vck190/production/3.1/board.xml as part xcvc1902-vsva2197-2mp-e-s specified in board_part file is either invalid or not available
WARNING: [Board 49-26] cannot add Board Part xilinx.com:vck190:part0:3.2 available at /home/xmen/Music/2025.2/data/xhub/boards/XilinxBoardStore/boards/Xilinx/vck190/production/3.2/board.xml as part xcvc1902-vsva2197-2mp-e-s specified in board_part file is either invalid or not available
WARNING: [Board 49-26] cannot add Board Part xilinx.com:vck190:part0:3.3 available at /home/xmen/Music/2025.2/data/xhub/boards/XilinxBoardStore/boards/Xilinx/vck190/production/3.3/board.xml as part xcvc1902-vsva2197-2mp-e-s specified in board_part file is either invalid or not available
WARNING: [Board 49-26] cannot add Board Part xilinx.com:vck190:part0:3.4 available at /home/xmen/Music/2025.2/data/xhub/boards/XilinxBoardStore/boards/Xilinx/vck190/production/3.4/board.xml as part xcvc1902-vsva2197-2mp-e-s specified in board_part file is either invalid or not available
WARNING: [Board 49-26] cannot add Board Part xilinx.com:vck190_newl:part0:1.0 available at /home/xmen/Music/2025.2/data/xhub/boards/XilinxBoardStore/boards/Xilinx/vck190_newl/production/1.0/board.xml as part xcvc1902-vsva2197-2mp-e-s specified in board_part file is either invalid or not available
WARNING: [Board 49-26] cannot add Board Part xilinx.com:vck190_newl:part0:1.1 available at /home/xmen/Music/2025.2/data/xhub/boards/XilinxBoardStore/boards/Xilinx/vck190_newl/production/1.1/board.xml as part xcvc1902-vsva2197-2mp-e-s specified in board_part file is either invalid or not available
WARNING: [Board 49-26] cannot add Board Part xilinx.com:vck190_newl:part0:1.2 available at /home/xmen/Music/2025.2/data/xhub/boards/XilinxBoardStore/boards/Xilinx/vck190_newl/production/1.2/board.xml as part xcvc1902-vsva2197-2mp-e-s specified in board_part file is either invalid or not available
WARNING: [Board 49-26] cannot add Board Part xilinx.com:vck190_newl:part0:1.3 available at /home/xmen/Music/2025.2/data/xhub/boards/XilinxBoardStore/boards/Xilinx/vck190_newl/production/1.3/board.xml as part xcvc1902-vsva2197-2mp-e-s specified in board_part file is either invalid or not available
WARNING: [Board 49-26] cannot add Board Part xilinx.com:vcu108:part0:1.6 available at /home/xmen/Music/2025.2/data/xhub/boards/XilinxBoardStore/boards/Xilinx/vcu108/1.6/board.xml as part xcvu095-ffva2104-2-e specified in board_part file is either invalid or not available
WARNING: [Board 49-26] cannot add Board Part xilinx.com:vcu108:part0:1.7 available at /home/xmen/Music/2025.2/data/xhub/boards/XilinxBoardStore/boards/Xilinx/vcu108/1.7/board.xml as part xcvu095-ffva2104-2-e specified in board_part file is either invalid or not available
WARNING: [Board 49-26] cannot add Board Part xilinx.com:vcu110:part0:1.4 available at /home/xmen/Music/2025.2/data/xhub/boards/XilinxBoardStore/boards/Xilinx/vcu110/1.4/board.xml as part xcvu190-flgc2104-2-e specified in board_part file is either invalid or not available
WARNING: [Board 49-26] cannot add Board Part xilinx.com:vek280:part0:1.0 available at /home/xmen/Music/2025.2/data/xhub/boards/XilinxBoardStore/boards/Xilinx/vek280/production/1.0/board.xml as part xcve2802-vsvh1760-2mp-e-s specified in board_part file is either invalid or not available
WARNING: [Board 49-26] cannot add Board Part xilinx.com:vek280:part0:1.1 available at /home/xmen/Music/2025.2/data/xhub/boards/XilinxBoardStore/boards/Xilinx/vek280/production/1.1/board.xml as part xcve2802-vsvh1760-2mp-e-s specified in board_part file is either invalid or not available
WARNING: [Board 49-26] cannot add Board Part xilinx.com:vek280:part0:1.2 available at /home/xmen/Music/2025.2/data/xhub/boards/XilinxBoardStore/boards/Xilinx/vek280/production/1.2/board.xml as part xcve2802-vsvh1760-2mp-e-s specified in board_part file is either invalid or not available
WARNING: [Board 49-26] cannot add Board Part xilinx.com:vek385:part0:1.0 available at /home/xmen/Music/2025.2/data/xhub/boards/XilinxBoardStore/boards/Xilinx/vek385/1.0/board.xml as part xc2ve3858-ssva2112-2mp-e-s specified in board_part file is either invalid or not available
WARNING: [Board 49-26] cannot add Board Part xilinx.com:vek385:part0:1.1 available at /home/xmen/Music/2025.2/data/xhub/boards/XilinxBoardStore/boards/Xilinx/vek385/1.1/board.xml as part xc2ve3858-ssva2112-2mp-e-s specified in board_part file is either invalid or not available
WARNING: [Board 49-26] cannot add Board Part xilinx.com:vek385_1:part0:1.0 available at /home/xmen/Music/2025.2/data/xhub/boards/XilinxBoardStore/boards/Xilinx/vek385_2/1.0/board.xml as part xc2ve3858-ssva2112-2mp-e-s specified in board_part file is either invalid or not available
WARNING: [Board 49-26] cannot add Board Part xilinx.com:vhk158:part0:1.0 available at /home/xmen/Music/2025.2/data/xhub/boards/XilinxBoardStore/boards/Xilinx/vhk158/production/1.0/board.xml as part xcvh1582-vsva3697-2mp-e-s specified in board_part file is either invalid or not available
WARNING: [Board 49-26] cannot add Board Part xilinx.com:vhk158:part0:1.1 available at /home/xmen/Music/2025.2/data/xhub/boards/XilinxBoardStore/boards/Xilinx/vhk158/production/1.1/board.xml as part xcvh1582-vsva3697-2mp-e-s specified in board_part file is either invalid or not available
WARNING: [Board 49-26] cannot add Board Part xilinx.com:vhk158:part0:1.2 available at /home/xmen/Music/2025.2/data/xhub/boards/XilinxBoardStore/boards/Xilinx/vhk158/production/1.2/board.xml as part xcvh1582-vsva3697-2mp-e-s specified in board_part file is either invalid or not available
WARNING: [Board 49-26] cannot add Board Part xilinx.com:vmk180:part0:2.2 available at /home/xmen/Music/2025.2/data/xhub/boards/XilinxBoardStore/boards/Xilinx/vmk180/production/2.2/board.xml as part xcvm1802-vsva2197-2mp-e-s specified in board_part file is either invalid or not available
WARNING: [Board 49-26] cannot add Board Part xilinx.com:vmk180:part0:3.0 available at /home/xmen/Music/2025.2/data/xhub/boards/XilinxBoardStore/boards/Xilinx/vmk180/production/3.0/board.xml as part xcvm1802-vsva2197-2mp-e-s specified in board_part file is either invalid or not available
WARNING: [Board 49-26] cannot add Board Part xilinx.com:vmk180:part0:3.1 available at /home/xmen/Music/2025.2/data/xhub/boards/XilinxBoardStore/boards/Xilinx/vmk180/production/3.1/board.xml as part xcvm1802-vsva2197-2mp-e-s specified in board_part file is either invalid or not available
WARNING: [Board 49-26] cannot add Board Part xilinx.com:vmk180:part0:3.2 available at /home/xmen/Music/2025.2/data/xhub/boards/XilinxBoardStore/boards/Xilinx/vmk180/production/3.2/board.xml as part xcvm1802-vsva2197-2mp-e-s specified in board_part file is either invalid or not available
WARNING: [Board 49-26] cannot add Board Part xilinx.com:vmk180:part0:3.3 available at /home/xmen/Music/2025.2/data/xhub/boards/XilinxBoardStore/boards/Xilinx/vmk180/production/3.3/board.xml as part xcvm1802-vsva2197-2mp-e-s specified in board_part file is either invalid or not available
WARNING: [Board 49-26] cannot add Board Part xilinx.com:vmk180_newl:part0:1.0 available at /home/xmen/Music/2025.2/data/xhub/boards/XilinxBoardStore/boards/Xilinx/vmk180_newl/production/1.0/board.xml as part xcvm1802-vsva2197-2mp-e-s specified in board_part file is either invalid or not available
WARNING: [Board 49-26] cannot add Board Part xilinx.com:vmk180_newl:part0:1.1 available at /home/xmen/Music/2025.2/data/xhub/boards/XilinxBoardStore/boards/Xilinx/vmk180_newl/production/1.1/board.xml as part xcvm1802-vsva2197-2mp-e-s specified in board_part file is either invalid or not available
WARNING: [Board 49-26] cannot add Board Part xilinx.com:vpk120:part0:1.0 available at /home/xmen/Music/2025.2/data/xhub/boards/XilinxBoardStore/boards/Xilinx/vpk120/production/1.0/board.xml as part xcvp1202-vsva2785-2mp-e-s specified in board_part file is either invalid or not available
WARNING: [Board 49-26] cannot add Board Part xilinx.com:vpk120:part0:1.1 available at /home/xmen/Music/2025.2/data/xhub/boards/XilinxBoardStore/boards/Xilinx/vpk120/production/1.1/board.xml as part xcvp1202-vsva2785-2mp-e-s specified in board_part file is either invalid or not available
WARNING: [Board 49-26] cannot add Board Part xilinx.com:vpk120:part0:1.2 available at /home/xmen/Music/2025.2/data/xhub/boards/XilinxBoardStore/boards/Xilinx/vpk120/production/1.2/board.xml as part xcvp1202-vsva2785-2mp-e-s specified in board_part file is either invalid or not available
WARNING: [Board 49-26] cannot add Board Part xilinx.com:vpk180:part0:1.0 available at /home/xmen/Music/2025.2/data/xhub/boards/XilinxBoardStore/boards/Xilinx/vpk180/production/1.0/board.xml as part xcvp1802-lsvc4072-2mp-e-s specified in board_part file is either invalid or not available
WARNING: [Board 49-26] cannot add Board Part xilinx.com:vpk180:part0:1.1 available at /home/xmen/Music/2025.2/data/xhub/boards/XilinxBoardStore/boards/Xilinx/vpk180/production/1.1/board.xml as part xcvp1802-lsvc4072-2mp-e-s specified in board_part file is either invalid or not available
WARNING: [Board 49-26] cannot add Board Part xilinx.com:vpk180:part0:1.2 available at /home/xmen/Music/2025.2/data/xhub/boards/XilinxBoardStore/boards/Xilinx/vpk180/production/1.2/board.xml as part xcvp1802-lsvc4072-2mp-e-s specified in board_part file is either invalid or not available
WARNING: [Board 49-26] cannot add Board Part xilinx.com:vrk160:part0:1.0 available at /home/xmen/Music/2025.2/data/xhub/boards/XilinxBoardStore/boards/Xilinx/vrk160/1.0/board.xml as part xcvr1602-vsva2488-2mp-e-s-es1 specified in board_part file is either invalid or not available
WARNING: [Board 49-26] cannot add Board Part xilinx.com:vrk160:part0:1.1 available at /home/xmen/Music/2025.2/data/xhub/boards/XilinxBoardStore/boards/Xilinx/vrk160/1.1/board.xml as part xcvr1602-vsva2488-2mp-e-s-es1 specified in board_part file is either invalid or not available
WARNING: [Board 49-26] cannot add Board Part xilinx.com:zcu208ld:part0:2.0 available at /home/xmen/Music/2025.2/data/xhub/boards/XilinxBoardStore/boards/Xilinx/zcu208ld/production/2.0/board.xml as part xczu58dr-fsvg1517-2-i specified in board_part file is either invalid or not available
WARNING: [Board 49-26] cannot add Board Part xilinx.com:zcu216ld:part0:2.0 available at /home/xmen/Music/2025.2/data/xhub/boards/XilinxBoardStore/boards/Xilinx/zcu216ld/production/2.0/board.xml as part xczu59dr-ffvf1760-2-i specified in board_part file is either invalid or not available
WARNING: [Board 49-26] cannot add Board Part xilinx.com:zcu670ld:part0:1.0 available at /home/xmen/Music/2025.2/data/xhub/boards/XilinxBoardStore/boards/Xilinx/zcu670ld/1.0/board.xml as part xczu57dr-fsve1156-2-i specified in board_part file is either invalid or not available
WARNING: [Board 49-26] cannot add Board Part xilinx.com:emb-plus-vpr-4616:part0:1.0 available at /home/xmen/Music/2025.2/data/xhub/boards/XilinxBoardStore/boards/Xilinx/emb-plus-vpr-4616/1.0/board.xml as part xcve2302-sfva784-2mp-e-s specified in board_part file is either invalid or not available
WARNING: [Board 49-26] cannot add Board Part xilinx.com:emb-plus-vpr-4616:part0:1.1 available at /home/xmen/Music/2025.2/data/xhub/boards/XilinxBoardStore/boards/Xilinx/emb-plus-vpr-4616/1.1/board.xml as part xcve2302-sfva784-2mp-e-s specified in board_part file is either invalid or not available
WARNING: [Board 49-26] cannot add Board Part xilinx.com:kcu105:part0:1.6 available at /home/xmen/Music/2025.2/data/xhub/boards/XilinxBoardStore/boards/Xilinx/kcu105/1.6/board.xml as part xcku040-ffva1156-2-e specified in board_part file is either invalid or not available
WARNING: [Board 49-26] cannot add Board Part xilinx.com:kcu105:part0:1.7 available at /home/xmen/Music/2025.2/data/xhub/boards/XilinxBoardStore/boards/Xilinx/kcu105/1.7/board.xml as part xcku040-ffva1156-2-e specified in board_part file is either invalid or not available
WARNING: [Board 49-26] cannot add Board Part xilinx.com:kcu1500:part0:1.2 available at /home/xmen/Music/2025.2/data/xhub/boards/XilinxBoardStore/boards/Xilinx/kcu1500/1.2/board.xml as part xcku115-flvb2104-2-e specified in board_part file is either invalid or not available
WARNING: [Board 49-26] cannot add Board Part xilinx.com:v80:part0:1.0 available at /home/xmen/Music/2025.2/data/xhub/boards/XilinxBoardStore/boards/Xilinx/v80/1.0/board.xml as part xcv80-lsva4737-2mhp-e-s specified in board_part file is either invalid or not available
WARNING: [Board 49-26] cannot add Board Part xilinx.com:vck190:part0:2.2 available at /home/xmen/Music/2025.2/data/xhub/boards/XilinxBoardStore/boards/Xilinx/vck190/production/2.2/board.xml as part xcvc1902-vsva2197-2mp-e-s specified in board_part file is either invalid or not available
WARNING: [Board 49-26] cannot add Board Part xilinx.com:vck190:part0:3.0 available at /home/xmen/Music/2025.2/data/xhub/boards/XilinxBoardStore/boards/Xilinx/vck190/production/3.0/board.xml as part xcvc1902-vsva2197-2mp-e-s specified in board_part file is either invalid or not available
WARNING: [Board 49-26] cannot add Board Part xilinx.com:vck190:part0:3.1 available at /home/xmen/Music/2025.2/data/xhub/boards/XilinxBoardStore/boards/Xilinx/vck190/production/3.1/board.xml as part xcvc1902-vsva2197-2mp-e-s specified in board_part file is either invalid or not available
WARNING: [Board 49-26] cannot add Board Part xilinx.com:vck190:part0:3.2 available at /home/xmen/Music/2025.2/data/xhub/boards/XilinxBoardStore/boards/Xilinx/vck190/production/3.2/board.xml as part xcvc1902-vsva2197-2mp-e-s specified in board_part file is either invalid or not available
WARNING: [Board 49-26] cannot add Board Part xilinx.com:vck190:part0:3.3 available at /home/xmen/Music/2025.2/data/xhub/boards/XilinxBoardStore/boards/Xilinx/vck190/production/3.3/board.xml as part xcvc1902-vsva2197-2mp-e-s specified in board_part file is either invalid or not available
WARNING: [Board 49-26] cannot add Board Part xilinx.com:vck190:part0:3.4 available at /home/xmen/Music/2025.2/data/xhub/boards/XilinxBoardStore/boards/Xilinx/vck190/production/3.4/board.xml as part xcvc1902-vsva2197-2mp-e-s specified in board_part file is either invalid or not available
WARNING: [Board 49-26] cannot add Board Part xilinx.com:vck190_newl:part0:1.0 available at /home/xmen/Music/2025.2/data/xhub/boards/XilinxBoardStore/boards/Xilinx/vck190_newl/production/1.0/board.xml as part xcvc1902-vsva2197-2mp-e-s specified in board_part file is either invalid or not available
WARNING: [Board 49-26] cannot add Board Part xilinx.com:vck190_newl:part0:1.1 available at /home/xmen/Music/2025.2/data/xhub/boards/XilinxBoardStore/boards/Xilinx/vck190_newl/production/1.1/board.xml as part xcvc1902-vsva2197-2mp-e-s specified in board_part file is either invalid or not available
WARNING: [Board 49-26] cannot add Board Part xilinx.com:vck190_newl:part0:1.2 available at /home/xmen/Music/2025.2/data/xhub/boards/XilinxBoardStore/boards/Xilinx/vck190_newl/production/1.2/board.xml as part xcvc1902-vsva2197-2mp-e-s specified in board_part file is either invalid or not available
WARNING: [Board 49-26] cannot add Board Part xilinx.com:vck190_newl:part0:1.3 available at /home/xmen/Music/2025.2/data/xhub/boards/XilinxBoardStore/boards/Xilinx/vck190_newl/production/1.3/board.xml as part xcvc1902-vsva2197-2mp-e-s specified in board_part file is either invalid or not available
WARNING: [Board 49-26] cannot add Board Part xilinx.com:vcu108:part0:1.6 available at /home/xmen/Music/2025.2/data/xhub/boards/XilinxBoardStore/boards/Xilinx/vcu108/1.6/board.xml as part xcvu095-ffva2104-2-e specified in board_part file is either invalid or not available
WARNING: [Board 49-26] cannot add Board Part xilinx.com:vcu108:part0:1.7 available at /home/xmen/Music/2025.2/data/xhub/boards/XilinxBoardStore/boards/Xilinx/vcu108/1.7/board.xml as part xcvu095-ffva2104-2-e specified in board_part file is either invalid or not available
WARNING: [Board 49-26] cannot add Board Part xilinx.com:vcu110:part0:1.4 available at /home/xmen/Music/2025.2/data/xhub/boards/XilinxBoardStore/boards/Xilinx/vcu110/1.4/board.xml as part xcvu190-flgc2104-2-e specified in board_part file is either invalid or not available
WARNING: [Board 49-26] cannot add Board Part xilinx.com:vek280:part0:1.0 available at /home/xmen/Music/2025.2/data/xhub/boards/XilinxBoardStore/boards/Xilinx/vek280/production/1.0/board.xml as part xcve2802-vsvh1760-2mp-e-s specified in board_part file is either invalid or not available
WARNING: [Board 49-26] cannot add Board Part xilinx.com:vek280:part0:1.1 available at /home/xmen/Music/2025.2/data/xhub/boards/XilinxBoardStore/boards/Xilinx/vek280/production/1.1/board.xml as part xcve2802-vsvh1760-2mp-e-s specified in board_part file is either invalid or not available
WARNING: [Board 49-26] cannot add Board Part xilinx.com:vek280:part0:1.2 available at /home/xmen/Music/2025.2/data/xhub/boards/XilinxBoardStore/boards/Xilinx/vek280/production/1.2/board.xml as part xcve2802-vsvh1760-2mp-e-s specified in board_part file is either invalid or not available
WARNING: [Board 49-26] cannot add Board Part xilinx.com:vek385:part0:1.0 available at /home/xmen/Music/2025.2/data/xhub/boards/XilinxBoardStore/boards/Xilinx/vek385/1.0/board.xml as part xc2ve3858-ssva2112-2mp-e-s specified in board_part file is either invalid or not available
WARNING: [Board 49-26] cannot add Board Part xilinx.com:vek385:part0:1.1 available at /home/xmen/Music/2025.2/data/xhub/boards/XilinxBoardStore/boards/Xilinx/vek385/1.1/board.xml as part xc2ve3858-ssva2112-2mp-e-s specified in board_part file is either invalid or not available
WARNING: [Board 49-26] cannot add Board Part xilinx.com:vek385_1:part0:1.0 available at /home/xmen/Music/2025.2/data/xhub/boards/XilinxBoardStore/boards/Xilinx/vek385_2/1.0/board.xml as part xc2ve3858-ssva2112-2mp-e-s specified in board_part file is either invalid or not available
WARNING: [Board 49-26] cannot add Board Part xilinx.com:vhk158:part0:1.0 available at /home/xmen/Music/2025.2/data/xhub/boards/XilinxBoardStore/boards/Xilinx/vhk158/production/1.0/board.xml as part xcvh1582-vsva3697-2mp-e-s specified in board_part file is either invalid or not available
WARNING: [Board 49-26] cannot add Board Part xilinx.com:vhk158:part0:1.1 available at /home/xmen/Music/2025.2/data/xhub/boards/XilinxBoardStore/boards/Xilinx/vhk158/production/1.1/board.xml as part xcvh1582-vsva3697-2mp-e-s specified in board_part file is either invalid or not available
WARNING: [Board 49-26] cannot add Board Part xilinx.com:vhk158:part0:1.2 available at /home/xmen/Music/2025.2/data/xhub/boards/XilinxBoardStore/boards/Xilinx/vhk158/production/1.2/board.xml as part xcvh1582-vsva3697-2mp-e-s specified in board_part file is either invalid or not available
WARNING: [Board 49-26] cannot add Board Part xilinx.com:vmk180:part0:2.2 available at /home/xmen/Music/2025.2/data/xhub/boards/XilinxBoardStore/boards/Xilinx/vmk180/production/2.2/board.xml as part xcvm1802-vsva2197-2mp-e-s specified in board_part file is either invalid or not available
WARNING: [Board 49-26] cannot add Board Part xilinx.com:vmk180:part0:3.0 available at /home/xmen/Music/2025.2/data/xhub/boards/XilinxBoardStore/boards/Xilinx/vmk180/production/3.0/board.xml as part xcvm1802-vsva2197-2mp-e-s specified in board_part file is either invalid or not available
WARNING: [Board 49-26] cannot add Board Part xilinx.com:vmk180:part0:3.1 available at /home/xmen/Music/2025.2/data/xhub/boards/XilinxBoardStore/boards/Xilinx/vmk180/production/3.1/board.xml as part xcvm1802-vsva2197-2mp-e-s specified in board_part file is either invalid or not available
WARNING: [Board 49-26] cannot add Board Part xilinx.com:vmk180:part0:3.2 available at /home/xmen/Music/2025.2/data/xhub/boards/XilinxBoardStore/boards/Xilinx/vmk180/production/3.2/board.xml as part xcvm1802-vsva2197-2mp-e-s specified in board_part file is either invalid or not available
WARNING: [Board 49-26] cannot add Board Part xilinx.com:vmk180:part0:3.3 available at /home/xmen/Music/2025.2/data/xhub/boards/XilinxBoardStore/boards/Xilinx/vmk180/production/3.3/board.xml as part xcvm1802-vsva2197-2mp-e-s specified in board_part file is either invalid or not available
WARNING: [Board 49-26] cannot add Board Part xilinx.com:vmk180_newl:part0:1.0 available at /home/xmen/Music/2025.2/data/xhub/boards/XilinxBoardStore/boards/Xilinx/vmk180_newl/production/1.0/board.xml as part xcvm1802-vsva2197-2mp-e-s specified in board_part file is either invalid or not available
WARNING: [Board 49-26] cannot add Board Part xilinx.com:vmk180_newl:part0:1.1 available at /home/xmen/Music/2025.2/data/xhub/boards/XilinxBoardStore/boards/Xilinx/vmk180_newl/production/1.1/board.xml as part xcvm1802-vsva2197-2mp-e-s specified in board_part file is either invalid or not available
WARNING: [Board 49-26] cannot add Board Part xilinx.com:vpk120:part0:1.0 available at /home/xmen/Music/2025.2/data/xhub/boards/XilinxBoardStore/boards/Xilinx/vpk120/production/1.0/board.xml as part xcvp1202-vsva2785-2mp-e-s specified in board_part file is either invalid or not available
WARNING: [Board 49-26] cannot add Board Part xilinx.com:vpk120:part0:1.1 available at /home/xmen/Music/2025.2/data/xhub/boards/XilinxBoardStore/boards/Xilinx/vpk120/production/1.1/board.xml as part xcvp1202-vsva2785-2mp-e-s specified in board_part file is either invalid or not available
WARNING: [Board 49-26] cannot add Board Part xilinx.com:vpk120:part0:1.2 available at /home/xmen/Music/2025.2/data/xhub/boards/XilinxBoardStore/boards/Xilinx/vpk120/production/1.2/board.xml as part xcvp1202-vsva2785-2mp-e-s specified in board_part file is either invalid or not available
WARNING: [Board 49-26] cannot add Board Part xilinx.com:vpk180:part0:1.0 available at /home/xmen/Music/2025.2/data/xhub/boards/XilinxBoardStore/boards/Xilinx/vpk180/production/1.0/board.xml as part xcvp1802-lsvc4072-2mp-e-s specified in board_part file is either invalid or not available
WARNING: [Board 49-26] cannot add Board Part xilinx.com:vpk180:part0:1.1 available at /home/xmen/Music/2025.2/data/xhub/boards/XilinxBoardStore/boards/Xilinx/vpk180/production/1.1/board.xml as part xcvp1802-lsvc4072-2mp-e-s specified in board_part file is either invalid or not available
WARNING: [Board 49-26] cannot add Board Part xilinx.com:vpk180:part0:1.2 available at /home/xmen/Music/2025.2/data/xhub/boards/XilinxBoardStore/boards/Xilinx/vpk180/production/1.2/board.xml as part xcvp1802-lsvc4072-2mp-e-s specified in board_part file is either invalid or not available
WARNING: [Board 49-26] cannot add Board Part xilinx.com:vrk160:part0:1.0 available at /home/xmen/Music/2025.2/data/xhub/boards/XilinxBoardStore/boards/Xilinx/vrk160/1.0/board.xml as part xcvr1602-vsva2488-2mp-e-s-es1 specified in board_part file is either invalid or not available
WARNING: [Board 49-26] cannot add Board Part xilinx.com:vrk160:part0:1.1 available at /home/xmen/Music/2025.2/data/xhub/boards/XilinxBoardStore/boards/Xilinx/vrk160/1.1/board.xml as part xcvr1602-vsva2488-2mp-e-s-es1 specified in board_part file is either invalid or not available
WARNING: [Board 49-26] cannot add Board Part xilinx.com:zcu208ld:part0:2.0 available at /home/xmen/Music/2025.2/data/xhub/boards/XilinxBoardStore/boards/Xilinx/zcu208ld/production/2.0/board.xml as part xczu58dr-fsvg1517-2-i specified in board_part file is either invalid or not available
WARNING: [Board 49-26] cannot add Board Part xilinx.com:zcu216ld:part0:2.0 available at /home/xmen/Music/2025.2/data/xhub/boards/XilinxBoardStore/boards/Xilinx/zcu216ld/production/2.0/board.xml as part xczu59dr-ffvf1760-2-i specified in board_part file is either invalid or not available
WARNING: [Board 49-26] cannot add Board Part xilinx.com:zcu670ld:part0:1.0 available at /home/xmen/Music/2025.2/data/xhub/boards/XilinxBoardStore/boards/Xilinx/zcu670ld/1.0/board.xml as part xczu57dr-fsve1156-2-i specified in board_part file is either invalid or not available
WARNING: [Board 49-26] cannot add Board Part xilinx.com:emb-plus-vpr-4616:part0:1.1 available at /home/xmen/Music/2025.2/data/xhub/boards/XilinxBoardStore/boards/Xilinx/emb-plus-vpr-4616/1.1/board.xml as part xcve2302-sfva784-2mp-e-s specified in board_part file is either invalid or not available
WARNING: [Board 49-26] cannot add Board Part xilinx.com:kcu105:part0:1.7 available at /home/xmen/Music/2025.2/data/xhub/boards/XilinxBoardStore/boards/Xilinx/kcu105/1.7/board.xml as part xcku040-ffva1156-2-e specified in board_part file is either invalid or not available
WARNING: [Board 49-26] cannot add Board Part xilinx.com:kcu1500:part0:1.2 available at /home/xmen/Music/2025.2/data/xhub/boards/XilinxBoardStore/boards/Xilinx/kcu1500/1.2/board.xml as part xcku115-flvb2104-2-e specified in board_part file is either invalid or not available
WARNING: [Board 49-26] cannot add Board Part xilinx.com:v80:part0:1.0 available at /home/xmen/Music/2025.2/data/xhub/boards/XilinxBoardStore/boards/Xilinx/v80/1.0/board.xml as part xcv80-lsva4737-2mhp-e-s specified in board_part file is either invalid or not available
WARNING: [Board 49-26] cannot add Board Part xilinx.com:vck190:part0:3.4 available at /home/xmen/Music/2025.2/data/xhub/boards/XilinxBoardStore/boards/Xilinx/vck190/production/3.4/board.xml as part xcvc1902-vsva2197-2mp-e-s specified in board_part file is either invalid or not available
WARNING: [Board 49-26] cannot add Board Part xilinx.com:vck190_newl:part0:1.3 available at /home/xmen/Music/2025.2/data/xhub/boards/XilinxBoardStore/boards/Xilinx/vck190_newl/production/1.3/board.xml as part xcvc1902-vsva2197-2mp-e-s specified in board_part file is either invalid or not available
WARNING: [Board 49-26] cannot add Board Part xilinx.com:vcu108:part0:1.7 available at /home/xmen/Music/2025.2/data/xhub/boards/XilinxBoardStore/boards/Xilinx/vcu108/1.7/board.xml as part xcvu095-ffva2104-2-e specified in board_part file is either invalid or not available
WARNING: [Board 49-26] cannot add Board Part xilinx.com:vcu110:part0:1.4 available at /home/xmen/Music/2025.2/data/xhub/boards/XilinxBoardStore/boards/Xilinx/vcu110/1.4/board.xml as part xcvu190-flgc2104-2-e specified in board_part file is either invalid or not available
INFO: [Common 17-14] Message 'Board 49-26' appears 100 times and further instances of the messages will be disabled. Use the Tcl command set_msg_config to change the current settings.
[2798124, Main Thread] WARNING: Theme parsing error: gtk.css:1397:82: Missing closing bracket for :not(): 'glib warning', file /builddir/build/BUILD/firefox-128.13.0/toolkit/xre/nsSigHandlers.cpp:187

(firefox:2798124): Gtk-WARNING **: 14:41:48.439: Theme parsing error: gtk.css:1397:82: Missing closing bracket for :not()
WARNING: [filemgmt 56-199] Attempt to get parsing info during refresh. "On-the-fly" syntax checking information may be incorrect. [/home/xmen/Videos/RustDesk/SystolicCore/SystolicCore/rtl/src/uart_top.sv:]
WARNING: [filemgmt 56-199] Attempt to get parsing info during refresh. "On-the-fly" syntax checking information may be incorrect. [/home/xmen/Videos/RustDesk/SystolicCore/SystolicCore/rtl/SystolicCore.sv:]
WARNING: [filemgmt 56-199] Attempt to get parsing info during refresh. "On-the-fly" syntax checking information may be incorrect. [/home/xmen/Videos/RustDesk/SystolicCore/SystolicCore/rtl/design_1_wrapper.v:]
WARNING: [filemgmt 56-199] Attempt to get parsing info during refresh. "On-the-fly" syntax checking information may be incorrect. [/home/xmen/Videos/RustDesk/SystolicCore/SystolicCore/rtl/SystolicCore.sv:]
WARNING: [filemgmt 56-199] Attempt to get parsing info during refresh. "On-the-fly" syntax checking information may be incorrect. [/home/xmen/Videos/RustDesk/SystolicCore/SystolicCore/rtl/SystolicCore.sv:]
set_property board_part xilinx.com:zcu106:part0:2.6 [current_project]
WARNING: [Project 1-153] The current project device 'xc7a100tcsg324-1' does not match with the device on the 'XILINX.COM:ZCU106:PART0:2.6' board part. A device change to match the device on 'XILINX.COM:ZCU106:PART0:2.6' board part is being done. Please upgrade the IP in the project via the upgrade_ip command or by selecting Reports => Reports IP Status.
CRITICAL WARNING: [Runs 36-291] Incremental checkpoint part, 'xc7a100tcsg324-1', does not match run part, 'xczu7ev-ffvc1156-2-e', for run 'synth_1'.
WARNING: [filemgmt 56-199] Attempt to get parsing info during refresh. "On-the-fly" syntax checking information may be incorrect. [/home/xmen/Videos/RustDesk/SystolicCore/SystolicCore/rtl/src/uart_top.sv:]
WARNING: [filemgmt 56-199] Attempt to get parsing info during refresh. "On-the-fly" syntax checking information may be incorrect. [/home/xmen/Videos/RustDesk/SystolicCore/SystolicCore/rtl/SystolicCore.sv:]
WARNING: [filemgmt 56-199] Attempt to get parsing info during refresh. "On-the-fly" syntax checking information may be incorrect. [/home/xmen/Videos/RustDesk/SystolicCore/SystolicCore/rtl/design_1_wrapper.v:]
WARNING: [filemgmt 56-199] Attempt to get parsing info during refresh. "On-the-fly" syntax checking information may be incorrect. [/home/xmen/Videos/RustDesk/SystolicCore/SystolicCore/rtl/src/uart_top.sv:]
WARNING: [filemgmt 56-199] Attempt to get parsing info during refresh. "On-the-fly" syntax checking information may be incorrect. [/home/xmen/Videos/RustDesk/SystolicCore/SystolicCore/rtl/src/uart_top.sv:]
INFO: [Project 1-152] Project part set to zynquplus (xczu7ev-ffvc1156-2-e)
reset_property board_connections [get_projects SystolicCore]
open_bd_design {/home/xmen/Videos/RustDesk/SystolicCore/SystolicCore/SystolicCore/SystolicCore.srcs/sources_1/bd/design_1/design_1.bd}
startgroup
create_bd_cell -type ip -vlnv xilinx.com:ip:zynq_ultra_ps_e:3.5 zynq_ultra_ps_e_0
endgroup
WARNING: [IP_Flow 19-474] Invalid Parameter 'Component_Name'
set_property CONFIG.PSU__ENET3__PERIPHERAL__ENABLE {1} [get_bd_cells zynq_ultra_ps_e_0]
startgroup
create_bd_cell -type ip -vlnv xilinx.com:ip:axi_gpio:2.0 axi_gpio_0
endgroup
set_property -dict [list \
  CONFIG.C_ALL_OUTPUTS {1} \
  CONFIG.C_GPIO_WIDTH {9} \
] [get_bd_cells axi_gpio_0]
startgroup
apply_bd_automation -rule xilinx.com:bd_rule:board -config { Board_Interface {dip_switches_8bits ( DIP switches ) } Manual_Source {Auto}}  [get_bd_intf_pins axi_gpio_0/GPIO]
INFO: [board_rule 100-100] set_property CONFIG.USE_BOARD_FLOW true [get_bd_cells /axi_gpio_0]
INFO: [board_rule 100-100] set_property CONFIG.GPIO_BOARD_INTERFACE dip_switches_8bits [get_bd_cells /axi_gpio_0]
INFO: [BoardRule 102-8] create_bd_intf_port -mode Master -vlnv xilinx.com:interface:gpio_rtl:1.0 dip_switches_8bits
INFO: [BoardRule 102-9] connect_bd_intf_net /dip_switches_8bits /axi_gpio_0/GPIO
apply_bd_automation -rule xilinx.com:bd_rule:axi4 -config { Clk_master {Auto} Clk_slave {Auto} Clk_xbar {Auto} Master {/zynq_ultra_ps_e_0/M_AXI_HPM0_LPD} Slave {/axi_gpio_0/S_AXI} ddr_seg {Auto} intc_ip {New AXI SmartConnect} master_apm {0}}  [get_bd_intf_pins axi_gpio_0/S_AXI]
Slave segment '/axi_gpio_0/S_AXI/Reg' is being assigned into address space '/zynq_ultra_ps_e_0/Data' at <0x8000_0000 [ 64K ]>.
endgroup
regenerate_bd_layout
apply_bd_automation -rule xilinx.com:bd_rule:zynq_ultra_ps_e -config {apply_board_preset "1" }  [get_bd_cells zynq_ultra_ps_e_0]
INFO: [PSU-1]  DP_AUDIO clock source: RPLL is also being used by other peripheral clocks. Their outputs may get impacted if any driver changes DP_AUDIO PLL source to support runtime audio change 
WARNING: [BD 41-1684] Pin /zynq_ultra_ps_e_0/maxihpm0_lpd_aclk is now disabled. All connections to this pin have been removed. 
INFO: [PSU-1]  DP_AUDIO clock source: RPLL is also being used by other peripheral clocks. Their outputs may get impacted if any driver changes DP_AUDIO PLL source to support runtime audio change 
WARNING: [IP_Flow 19-474] Invalid Parameter 'Component_Name'
INFO: [PSU-1]  DP_AUDIO clock source: RPLL is also being used by other peripheral clocks. Their outputs may get impacted if any driver changes DP_AUDIO PLL source to support runtime audio change 
INFO: [PSU-1]  DP_AUDIO clock source: RPLL is also being used by other peripheral clocks. Their outputs may get impacted if any driver changes DP_AUDIO PLL source to support runtime audio change 
INFO: [PSU-1]  DP_AUDIO clock source: RPLL is also being used by other peripheral clocks. Their outputs may get impacted if any driver changes DP_AUDIO PLL source to support runtime audio change 
INFO: [PSU-1]  DP_AUDIO clock source: RPLL is also being used by other peripheral clocks. Their outputs may get impacted if any driver changes DP_AUDIO PLL source to support runtime audio change 
INFO: [PSU-1]  DP_AUDIO clock source: RPLL is also being used by other peripheral clocks. Their outputs may get impacted if any driver changes DP_AUDIO PLL source to support runtime audio change 
INFO: [PSU-1]  DP_AUDIO clock source: RPLL is also being used by other peripheral clocks. Their outputs may get impacted if any driver changes DP_AUDIO PLL source to support runtime audio change 
startgroup
set_property -dict [list \
  CONFIG.PSU__CAN1__PERIPHERAL__ENABLE {0} \
  CONFIG.PSU__DISPLAYPORT__PERIPHERAL__ENABLE {0} \
  CONFIG.PSU__I2C0__PERIPHERAL__ENABLE {0} \
  CONFIG.PSU__I2C1__PERIPHERAL__ENABLE {0} \
  CONFIG.PSU__QSPI__PERIPHERAL__ENABLE {0} \
  CONFIG.PSU__SATA__PERIPHERAL__ENABLE {0} \
  CONFIG.PSU__SD1__PERIPHERAL__ENABLE {0} \
  CONFIG.PSU__USB0__PERIPHERAL__ENABLE {0} \
] [get_bd_cells zynq_ultra_ps_e_0]
endgroup
WARNING: [IP_Flow 19-474] Invalid Parameter 'Component_Name'
startgroup
set_property -dict [list \
  CONFIG.PSU__USE__M_AXI_GP0 {0} \
  CONFIG.PSU__USE__M_AXI_GP1 {0} \
  CONFIG.PSU__USE__M_AXI_GP2 {1} \
] [get_bd_cells zynq_ultra_ps_e_0]
endgroup
apply_bd_automation -rule xilinx.com:bd_rule:axi4 -config { Clk_master {Auto} Clk_slave {/zynq_ultra_ps_e_0/pl_clk0 (99 MHz)} Clk_xbar {/zynq_ultra_ps_e_0/pl_clk0 (99 MHz)} Master {/zynq_ultra_ps_e_0/M_AXI_HPM0_LPD} Slave {/axi_gpio_0/S_AXI} ddr_seg {Auto} intc_ip {/axi_smc} master_apm {0}}  [get_bd_intf_pins zynq_ultra_ps_e_0/M_AXI_HPM0_LPD]
INFO: [BD 41-3093] Triggering Legacy Auto Assign Algorithm
Slave segment '/axi_gpio_0/S_AXI/Reg' is being assigned into address space '/zynq_ultra_ps_e_0/Data' at <0x8000_0000 [ 64K ]>.
validate_bd_design
INFO: [BD 5-943] Reserving offset range <0x8000_0000 [ 64K ]> from slave interface '/axi_smc/S00_AXI' to master interface '/axi_smc/M00_AXI'. This will be used by smartconnect on path for routing.
INFO: [xilinx.com:ip:smartconnect:1.0-1] design_1_axi_smc_0: SmartConnect design_1_axi_smc_0 is in Low-Area Mode.
delete_bd_objs [get_bd_intf_nets axi_gpio_0_GPIO] [get_bd_intf_ports dip_switches_8bits]
startgroup
make_bd_intf_pins_external  [get_bd_intf_pins axi_gpio_0/GPIO]
endgroup
save_bd_design
Wrote  : </home/xmen/Videos/RustDesk/SystolicCore/SystolicCore/SystolicCore/SystolicCore.srcs/sources_1/bd/design_1/design_1.bd> 
Wrote  : </home/xmen/Videos/RustDesk/SystolicCore/SystolicCore/SystolicCore/SystolicCore.srcs/sources_1/bd/design_1/ui/bd_1f5defd0.ui> 
set_property is_global_include true [get_files  /home/xmen/Videos/RustDesk/SystolicCore/SystolicCore/rtl/design_1_wrapper.v]
WARNING: [filemgmt 56-199] Attempt to get parsing info during refresh. "On-the-fly" syntax checking information may be incorrect. [/home/xmen/Videos/RustDesk/SystolicCore/SystolicCore/rtl/src/uart_top.sv:]
WARNING: [filemgmt 56-199] Attempt to get parsing info during refresh. "On-the-fly" syntax checking information may be incorrect. [/home/xmen/Videos/RustDesk/SystolicCore/SystolicCore/rtl/SystolicCore.sv:]
WARNING: [filemgmt 56-199] Attempt to get parsing info during refresh. "On-the-fly" syntax checking information may be incorrect. [/home/xmen/Videos/RustDesk/SystolicCore/SystolicCore/rtl/design_1_wrapper.v:]
WARNING: [filemgmt 56-199] Attempt to get parsing info during refresh. "On-the-fly" syntax checking information may be incorrect. [/home/xmen/Videos/RustDesk/SystolicCore/SystolicCore/rtl/SystolicCore.sv:]
WARNING: [filemgmt 56-199] Attempt to get parsing info during refresh. "On-the-fly" syntax checking information may be incorrect. [/home/xmen/Videos/RustDesk/SystolicCore/SystolicCore/rtl/SystolicCore.sv:]
WARNING: [filemgmt 56-199] Attempt to get parsing info during refresh. "On-the-fly" syntax checking information may be incorrect. [/home/xmen/Videos/RustDesk/SystolicCore/SystolicCore/rtl/src/uart_top.sv:]
WARNING: [filemgmt 56-199] Attempt to get parsing info during refresh. "On-the-fly" syntax checking information may be incorrect. [/home/xmen/Videos/RustDesk/SystolicCore/SystolicCore/rtl/SystolicCore.sv:]
WARNING: [filemgmt 56-199] Attempt to get parsing info during refresh. "On-the-fly" syntax checking information may be incorrect. [/home/xmen/Videos/RustDesk/SystolicCore/SystolicCore/rtl/design_1_wrapper.v:]
WARNING: [filemgmt 56-199] Attempt to get parsing info during refresh. "On-the-fly" syntax checking information may be incorrect. [/home/xmen/Videos/RustDesk/SystolicCore/SystolicCore/rtl/src/uart_top.sv:]
WARNING: [filemgmt 56-199] Attempt to get parsing info during refresh. "On-the-fly" syntax checking information may be incorrect. [/home/xmen/Videos/RustDesk/SystolicCore/SystolicCore/rtl/src/uart_top.sv:]
reset_run synth_1
reset_run ram_dual_port_synth_1
reset_run ila_3_synth_1
launch_runs impl_1 -to_step write_bitstream -jobs 32
INFO: [BD 5-943] Reserving offset range <0x8000_0000 [ 64K ]> from slave interface '/axi_smc/S00_AXI' to master interface '/axi_smc/M00_AXI'. This will be used by smartconnect on path for routing.
INFO: [BD 5-943] Reserving offset range <0x8000_0000 [ 64K ]> from slave interface '/axi_smc/S00_AXI' to master interface '/axi_smc/M00_AXI'. This will be used by smartconnect on path for routing.
INFO: [xilinx.com:ip:smartconnect:1.0-1] design_1_axi_smc_0: SmartConnect design_1_axi_smc_0 is in Low-Area Mode.
WARNING: [filemgmt 56-199] Attempt to get parsing info during refresh. "On-the-fly" syntax checking information may be incorrect. [/home/xmen/Videos/RustDesk/SystolicCore/SystolicCore/rtl/src/uart_top.sv:]
WARNING: [filemgmt 56-199] Attempt to get parsing info during refresh. "On-the-fly" syntax checking information may be incorrect. [/home/xmen/Videos/RustDesk/SystolicCore/SystolicCore/rtl/SystolicCore.sv:]
WARNING: [filemgmt 56-199] Attempt to get parsing info during refresh. "On-the-fly" syntax checking information may be incorrect. [/home/xmen/Videos/RustDesk/SystolicCore/SystolicCore/rtl/design_1_wrapper.v:]
WARNING: [filemgmt 56-199] Attempt to get parsing info during refresh. "On-the-fly" syntax checking information may be incorrect. [/home/xmen/Videos/RustDesk/SystolicCore/SystolicCore/rtl/src/uart_top.sv:]
WARNING: [filemgmt 56-199] Attempt to get parsing info during refresh. "On-the-fly" syntax checking information may be incorrect. [/home/xmen/Videos/RustDesk/SystolicCore/SystolicCore/rtl/src/uart_top.sv:]
WARNING: [filemgmt 56-199] Attempt to get parsing info during refresh. "On-the-fly" syntax checking information may be incorrect. [/home/xmen/Videos/RustDesk/SystolicCore/SystolicCore/rtl/src/uart_top.sv:]
WARNING: [filemgmt 56-199] Attempt to get parsing info during refresh. "On-the-fly" syntax checking information may be incorrect. [/home/xmen/Videos/RustDesk/SystolicCore/SystolicCore/rtl/SystolicCore.sv:]
WARNING: [filemgmt 56-199] Attempt to get parsing info during refresh. "On-the-fly" syntax checking information may be incorrect. [/home/xmen/Videos/RustDesk/SystolicCore/SystolicCore/rtl/design_1_wrapper.v:]
WARNING: [filemgmt 56-199] Attempt to get parsing info during refresh. "On-the-fly" syntax checking information may be incorrect. [/home/xmen/Videos/RustDesk/SystolicCore/SystolicCore/rtl/SystolicCore.sv:]
WARNING: [filemgmt 56-199] Attempt to get parsing info during refresh. "On-the-fly" syntax checking information may be incorrect. [/home/xmen/Videos/RustDesk/SystolicCore/SystolicCore/rtl/SystolicCore.sv:]
WARNING: [BD 41-1771] Block interface /axi_gpio_0/GPIO has associated board param 'GPIO_BOARD_INTERFACE', which is set to board part interface 'dip_switches_8bits'. This interface is connected to an external interface /GPIO_0, whose name 'GPIO_0' does not match with the board interface name 'dip_switches_8bits'.
This is a visual-only issue - this interface /axi_gpio_0/GPIO will be connected to board interface 'dip_switches_8bits'. If desired, please change the name of this port /GPIO_0 manually.
Wrote  : </home/xmen/Videos/RustDesk/SystolicCore/SystolicCore/SystolicCore/SystolicCore.srcs/sources_1/bd/design_1/design_1.bd> 
Verilog Output written to : /home/xmen/Videos/RustDesk/SystolicCore/SystolicCore/SystolicCore/SystolicCore.gen/sources_1/bd/design_1/synth/design_1.v
Verilog Output written to : /home/xmen/Videos/RustDesk/SystolicCore/SystolicCore/SystolicCore/SystolicCore.gen/sources_1/bd/design_1/sim/design_1.v
Verilog Output written to : /home/xmen/Videos/RustDesk/SystolicCore/SystolicCore/SystolicCore/SystolicCore.gen/sources_1/bd/design_1/hdl/design_1_wrapper.v
INFO: [xilinx.com:ip:zynq_ultra_ps_e:3.5-0] design_1_zynq_ultra_ps_e_0_0: 
Changes in your design (including the PCW configuration settings) are not automatically exported from Vivado to Amd's SDK, Petalinux or Yocto.
This is by design to avoid disrupting existing embedded development efforts. To have any changes of your design taking effect in the embedded software flow please export your
design by going through Vivado's main menu, click on File, then Export finally select Export Hardware, please ensure you click on the Include BitStream option.
The auto-generated HDF file is all you need to import in Amd's SDK, Petalinux or Yocto for your changes to be reflected in the Embedded Software Flow.
For more information, please consult PG201, section: Exporting PCW Settings to Embedded Software Flows
INFO: [PSU-0] Address Range of DDR (0x7ff00000 to 0x7fffffff) is reserved by PMU for internal purpose.
INFO: [IP_Flow 19-5611] Unable to find an associated reset port for the interface 'M_AXI_HPM0_LPD'. A default connection has been created.
INFO: [BD 41-1029] Generation completed for the IP Integrator block zynq_ultra_ps_e_0 .
INFO: [BD 41-1029] Generation completed for the IP Integrator block axi_gpio_0 .
Exporting to file /home/xmen/Videos/RustDesk/SystolicCore/SystolicCore/SystolicCore/SystolicCore.gen/sources_1/bd/design_1/ip/design_1_axi_smc_0/bd_0/hw_handoff/design_1_axi_smc_0.hwh
Generated Hardware Definition File /home/xmen/Videos/RustDesk/SystolicCore/SystolicCore/SystolicCore/SystolicCore.gen/sources_1/bd/design_1/ip/design_1_axi_smc_0/bd_0/synth/design_1_axi_smc_0.hwdef
INFO: [BD 41-1029] Generation completed for the IP Integrator block axi_smc .
INFO: [BD 41-1029] Generation completed for the IP Integrator block rst_ps8_0_96M .
Exporting to file /home/xmen/Videos/RustDesk/SystolicCore/SystolicCore/SystolicCore/SystolicCore.gen/sources_1/bd/design_1/hw_handoff/design_1.hwh
Generated Hardware Definition File /home/xmen/Videos/RustDesk/SystolicCore/SystolicCore/SystolicCore/SystolicCore.gen/sources_1/bd/design_1/synth/design_1.hwdef
INFO: [BD 41-3262] Generated VHDL Instantiation Template file /home/xmen/Videos/RustDesk/SystolicCore/SystolicCore/SystolicCore/SystolicCore.gen/sources_1/bd/design_1/design_1.vho
INFO: [BD 41-3262] Generated Verilog Instantiation Template file /home/xmen/Videos/RustDesk/SystolicCore/SystolicCore/SystolicCore/SystolicCore.gen/sources_1/bd/design_1/design_1.veo
INFO: [BD 41-3262] Generated System Verilog Instantiation Template file /home/xmen/Videos/RustDesk/SystolicCore/SystolicCore/SystolicCore/SystolicCore.gen/sources_1/bd/design_1/design_1_sv.sveo
WARNING: [filemgmt 56-199] Attempt to get parsing info during refresh. "On-the-fly" syntax checking information may be incorrect. [/home/xmen/Videos/RustDesk/SystolicCore/SystolicCore/rtl/src/uart_top.sv:]
WARNING: [filemgmt 56-199] Attempt to get parsing info during refresh. "On-the-fly" syntax checking information may be incorrect. [/home/xmen/Videos/RustDesk/SystolicCore/SystolicCore/rtl/SystolicCore.sv:]
WARNING: [filemgmt 56-199] Attempt to get parsing info during refresh. "On-the-fly" syntax checking information may be incorrect. [/home/xmen/Videos/RustDesk/SystolicCore/SystolicCore/rtl/design_1_wrapper.v:]
WARNING: [filemgmt 56-199] Attempt to get parsing info during refresh. "On-the-fly" syntax checking information may be incorrect. [/home/xmen/Videos/RustDesk/SystolicCore/SystolicCore/rtl/SystolicCore.sv:]
WARNING: [filemgmt 56-199] Attempt to get parsing info during refresh. "On-the-fly" syntax checking information may be incorrect. [/home/xmen/Videos/RustDesk/SystolicCore/SystolicCore/rtl/SystolicCore.sv:]
WARNING: [Project 1-577] IP run ram_dual_port_synth_1 is available but is out of date. Since the IP is locked, the synthesis checkpoint cannot be updated. The out-of-date checkpoint will be used and it may result in incorrect behavior.
Please select 'Report IP Status' from the 'Tools/Report' menu or run the Tcl command 'report_ip_status' for more information.
WARNING: [Project 1-576] IP '/home/xmen/Videos/RustDesk/SystolicCore/SystolicCore/SystolicCore/SystolicCore.srcs/sources_1/ip/ila_3/ila_3.xci' in run ila_3_synth_1 is locked, no out-of-context (OOC) run will be launched. The run may not be able to complete.
Please select 'Report IP Status' from 'Tools/Report' or run the Tcl command 'report_ip_status' for more information.
WARNING: [Runs 36-337] The following IPs are either missing output products or output products are not up-to-date for Synthesis target. Since these IPs are locked, no update to the output products can be done. 
Please select 'Report IP Status' from the 'Tools/Report' menu or run Tcl command 'report_ip_status' for more information.
/home/xmen/Videos/RustDesk/SystolicCore/SystolicCore/SystolicCore/SystolicCore.srcs/sources_1/ip/ram_dual_port/ram_dual_port.xci

WARNING: [Runs 36-337] The following IPs are either missing output products or output products are not up-to-date for Synthesis target. Since these IPs are locked, no update to the output products can be done. 
Please select 'Report IP Status' from the 'Tools/Report' menu or run Tcl command 'report_ip_status' for more information.
/home/xmen/Videos/RustDesk/SystolicCore/SystolicCore/SystolicCore/SystolicCore.srcs/sources_1/ip/ila_3/ila_3.xci

WARNING: [Runs 36-337] The following IPs are either missing output products or output products are not up-to-date for Implementation target. Since these IPs are locked, no update to the output products can be done. 
Please select 'Report IP Status' from the 'Tools/Report' menu or run Tcl command 'report_ip_status' for more information.
/home/xmen/Videos/RustDesk/SystolicCore/SystolicCore/SystolicCore/SystolicCore.srcs/sources_1/ip/ila_3/ila_3.xci

WARNING: [filemgmt 56-199] Attempt to get parsing info during refresh. "On-the-fly" syntax checking information may be incorrect. [/home/xmen/Videos/RustDesk/SystolicCore/SystolicCore/rtl/src/uart_top.sv:]
WARNING: [filemgmt 56-199] Attempt to get parsing info during refresh. "On-the-fly" syntax checking information may be incorrect. [/home/xmen/Videos/RustDesk/SystolicCore/SystolicCore/rtl/SystolicCore.sv:]
WARNING: [filemgmt 56-199] Attempt to get parsing info during refresh. "On-the-fly" syntax checking information may be incorrect. [/home/xmen/Videos/RustDesk/SystolicCore/SystolicCore/rtl/design_1_wrapper.v:]
WARNING: [filemgmt 56-199] Attempt to get parsing info during refresh. "On-the-fly" syntax checking information may be incorrect. [/home/xmen/Videos/RustDesk/SystolicCore/SystolicCore/rtl/src/uart_top.sv:]
WARNING: [filemgmt 56-199] Attempt to get parsing info during refresh. "On-the-fly" syntax checking information may be incorrect. [/home/xmen/Videos/RustDesk/SystolicCore/SystolicCore/rtl/src/uart_top.sv:]
WARNING: [Project 1-576] IP '/home/xmen/Videos/RustDesk/SystolicCore/SystolicCore/SystolicCore/SystolicCore.srcs/sources_1/ip/ram_dual_port/ram_dual_port.xci' in run ram_dual_port_synth_1 is locked, no out-of-context (OOC) run will be launched. The run may not be able to complete.
Please select 'Report IP Status' from 'Tools/Report' or run the Tcl command 'report_ip_status' for more information.
WARNING: [Project 1-576] IP '/home/xmen/Videos/RustDesk/SystolicCore/SystolicCore/SystolicCore/SystolicCore.srcs/sources_1/ip/ila_3/ila_3.xci' in run ila_3_synth_1 is locked, no out-of-context (OOC) run will be launched. The run may not be able to complete.
Please select 'Report IP Status' from 'Tools/Report' or run the Tcl command 'report_ip_status' for more information.
[Tue Dec 30 14:45:05 2025] Launched ram_dual_port_synth_1, ila_3_synth_1, design_1_rst_ps8_0_96M_0_synth_1, design_1_axi_gpio_0_0_synth_1, design_1_zynq_ultra_ps_e_0_0_synth_1, design_1_axi_smc_0_synth_1, synth_1...
Run output will be captured here:
ram_dual_port_synth_1: /home/xmen/Videos/RustDesk/SystolicCore/SystolicCore/SystolicCore/SystolicCore.runs/ram_dual_port_synth_1/runme.log
ila_3_synth_1: /home/xmen/Videos/RustDesk/SystolicCore/SystolicCore/SystolicCore/SystolicCore.runs/ila_3_synth_1/runme.log
design_1_rst_ps8_0_96M_0_synth_1: /home/xmen/Videos/RustDesk/SystolicCore/SystolicCore/SystolicCore/SystolicCore.runs/design_1_rst_ps8_0_96M_0_synth_1/runme.log
design_1_axi_gpio_0_0_synth_1: /home/xmen/Videos/RustDesk/SystolicCore/SystolicCore/SystolicCore/SystolicCore.runs/design_1_axi_gpio_0_0_synth_1/runme.log
design_1_zynq_ultra_ps_e_0_0_synth_1: /home/xmen/Videos/RustDesk/SystolicCore/SystolicCore/SystolicCore/SystolicCore.runs/design_1_zynq_ultra_ps_e_0_0_synth_1/runme.log
design_1_axi_smc_0_synth_1: /home/xmen/Videos/RustDesk/SystolicCore/SystolicCore/SystolicCore/SystolicCore.runs/design_1_axi_smc_0_synth_1/runme.log
synth_1: /home/xmen/Videos/RustDesk/SystolicCore/SystolicCore/SystolicCore/SystolicCore.runs/synth_1/runme.log
[Tue Dec 30 14:45:06 2025] Launched impl_1...
Run output will be captured here: /home/xmen/Videos/RustDesk/SystolicCore/SystolicCore/SystolicCore/SystolicCore.runs/impl_1/runme.log
launch_runs: Time (s): cpu = 00:00:20 ; elapsed = 00:00:17 . Memory (MB): peak = 12385.875 ; gain = 118.055 ; free physical = 4505 ; free virtual = 52478
WARNING: [filemgmt 56-199] Attempt to get parsing info during refresh. "On-the-fly" syntax checking information may be incorrect. [/home/xmen/Videos/RustDesk/SystolicCore/SystolicCore/rtl/src/uart_top.sv:]
WARNING: [filemgmt 56-199] Attempt to get parsing info during refresh. "On-the-fly" syntax checking information may be incorrect. [/home/xmen/Videos/RustDesk/SystolicCore/SystolicCore/rtl/SystolicCore.sv:]
WARNING: [filemgmt 56-199] Attempt to get parsing info during refresh. "On-the-fly" syntax checking information may be incorrect. [/home/xmen/Videos/RustDesk/SystolicCore/SystolicCore/rtl/design_1_wrapper.v:]
WARNING: [filemgmt 56-199] Attempt to get parsing info during refresh. "On-the-fly" syntax checking information may be incorrect. [/home/xmen/Videos/RustDesk/SystolicCore/SystolicCore/rtl/SystolicCore.sv:]
WARNING: [filemgmt 56-199] Attempt to get parsing info during refresh. "On-the-fly" syntax checking information may be incorrect. [/home/xmen/Videos/RustDesk/SystolicCore/SystolicCore/rtl/SystolicCore.sv:]
WARNING: [filemgmt 56-199] Attempt to get parsing info during refresh. "On-the-fly" syntax checking information may be incorrect. [/home/xmen/Videos/RustDesk/SystolicCore/SystolicCore/rtl/src/uart_top.sv:]
WARNING: [filemgmt 56-199] Attempt to get parsing info during refresh. "On-the-fly" syntax checking information may be incorrect. [/home/xmen/Videos/RustDesk/SystolicCore/SystolicCore/rtl/SystolicCore.sv:]
WARNING: [filemgmt 56-199] Attempt to get parsing info during refresh. "On-the-fly" syntax checking information may be incorrect. [/home/xmen/Videos/RustDesk/SystolicCore/SystolicCore/rtl/design_1_wrapper.v:]
WARNING: [filemgmt 56-199] Attempt to get parsing info during refresh. "On-the-fly" syntax checking information may be incorrect. [/home/xmen/Videos/RustDesk/SystolicCore/SystolicCore/rtl/src/uart_top.sv:]
WARNING: [filemgmt 56-199] Attempt to get parsing info during refresh. "On-the-fly" syntax checking information may be incorrect. [/home/xmen/Videos/RustDesk/SystolicCore/SystolicCore/rtl/src/uart_top.sv:]
WARNING: [filemgmt 56-199] Attempt to get parsing info during refresh. "On-the-fly" syntax checking information may be incorrect. [/home/xmen/Videos/RustDesk/SystolicCore/SystolicCore/rtl/src/uart_top.sv:]
WARNING: [filemgmt 56-199] Attempt to get parsing info during refresh. "On-the-fly" syntax checking information may be incorrect. [/home/xmen/Videos/RustDesk/SystolicCore/SystolicCore/rtl/SystolicCore.sv:]
WARNING: [filemgmt 56-199] Attempt to get parsing info during refresh. "On-the-fly" syntax checking information may be incorrect. [/home/xmen/Videos/RustDesk/SystolicCore/SystolicCore/rtl/design_1_wrapper.v:]
WARNING: [filemgmt 56-199] Attempt to get parsing info during refresh. "On-the-fly" syntax checking information may be incorrect. [/home/xmen/Videos/RustDesk/SystolicCore/SystolicCore/rtl/SystolicCore.sv:]
WARNING: [filemgmt 56-199] Attempt to get parsing info during refresh. "On-the-fly" syntax checking information may be incorrect. [/home/xmen/Videos/RustDesk/SystolicCore/SystolicCore/rtl/SystolicCore.sv:]
WARNING: [filemgmt 56-199] Attempt to get parsing info during refresh. "On-the-fly" syntax checking information may be incorrect. [/home/xmen/Videos/RustDesk/SystolicCore/SystolicCore/rtl/src/uart_top.sv:]
WARNING: [filemgmt 56-199] Attempt to get parsing info during refresh. "On-the-fly" syntax checking information may be incorrect. [/home/xmen/Videos/RustDesk/SystolicCore/SystolicCore/rtl/SystolicCore.sv:]
WARNING: [filemgmt 56-199] Attempt to get parsing info during refresh. "On-the-fly" syntax checking information may be incorrect. [/home/xmen/Videos/RustDesk/SystolicCore/SystolicCore/rtl/design_1_wrapper.v:]
WARNING: [filemgmt 56-199] Attempt to get parsing info during refresh. "On-the-fly" syntax checking information may be incorrect. [/home/xmen/Videos/RustDesk/SystolicCore/SystolicCore/rtl/src/uart_top.sv:]
WARNING: [filemgmt 56-199] Attempt to get parsing info during refresh. "On-the-fly" syntax checking information may be incorrect. [/home/xmen/Videos/RustDesk/SystolicCore/SystolicCore/rtl/src/uart_top.sv:]
WARNING: [filemgmt 56-199] Attempt to get parsing info during refresh. "On-the-fly" syntax checking information may be incorrect. [/home/xmen/Videos/RustDesk/SystolicCore/SystolicCore/rtl/src/uart_top.sv:]
WARNING: [filemgmt 56-199] Attempt to get parsing info during refresh. "On-the-fly" syntax checking information may be incorrect. [/home/xmen/Videos/RustDesk/SystolicCore/SystolicCore/rtl/SystolicCore.sv:]
WARNING: [filemgmt 56-199] Attempt to get parsing info during refresh. "On-the-fly" syntax checking information may be incorrect. [/home/xmen/Videos/RustDesk/SystolicCore/SystolicCore/rtl/design_1_wrapper.v:]
WARNING: [filemgmt 56-199] Attempt to get parsing info during refresh. "On-the-fly" syntax checking information may be incorrect. [/home/xmen/Videos/RustDesk/SystolicCore/SystolicCore/rtl/SystolicCore.sv:]
WARNING: [filemgmt 56-199] Attempt to get parsing info during refresh. "On-the-fly" syntax checking information may be incorrect. [/home/xmen/Videos/RustDesk/SystolicCore/SystolicCore/rtl/SystolicCore.sv:]
WARNING: [filemgmt 56-199] Attempt to get parsing info during refresh. "On-the-fly" syntax checking information may be incorrect. [/home/xmen/Videos/RustDesk/SystolicCore/SystolicCore/rtl/src/uart_top.sv:]
WARNING: [filemgmt 56-199] Attempt to get parsing info during refresh. "On-the-fly" syntax checking information may be incorrect. [/home/xmen/Videos/RustDesk/SystolicCore/SystolicCore/rtl/SystolicCore.sv:]
WARNING: [filemgmt 56-199] Attempt to get parsing info during refresh. "On-the-fly" syntax checking information may be incorrect. [/home/xmen/Videos/RustDesk/SystolicCore/SystolicCore/rtl/design_1_wrapper.v:]
WARNING: [filemgmt 56-199] Attempt to get parsing info during refresh. "On-the-fly" syntax checking information may be incorrect. [/home/xmen/Videos/RustDesk/SystolicCore/SystolicCore/rtl/src/uart_top.sv:]
WARNING: [filemgmt 56-199] Attempt to get parsing info during refresh. "On-the-fly" syntax checking information may be incorrect. [/home/xmen/Videos/RustDesk/SystolicCore/SystolicCore/rtl/src/uart_top.sv:]
WARNING: [filemgmt 56-199] Attempt to get parsing info during refresh. "On-the-fly" syntax checking information may be incorrect. [/home/xmen/Videos/RustDesk/SystolicCore/SystolicCore/rtl/src/uart_top.sv:]
WARNING: [filemgmt 56-199] Attempt to get parsing info during refresh. "On-the-fly" syntax checking information may be incorrect. [/home/xmen/Videos/RustDesk/SystolicCore/SystolicCore/rtl/SystolicCore.sv:]
WARNING: [filemgmt 56-199] Attempt to get parsing info during refresh. "On-the-fly" syntax checking information may be incorrect. [/home/xmen/Videos/RustDesk/SystolicCore/SystolicCore/rtl/design_1_wrapper.v:]
WARNING: [filemgmt 56-199] Attempt to get parsing info during refresh. "On-the-fly" syntax checking information may be incorrect. [/home/xmen/Videos/RustDesk/SystolicCore/SystolicCore/rtl/SystolicCore.sv:]
WARNING: [filemgmt 56-199] Attempt to get parsing info during refresh. "On-the-fly" syntax checking information may be incorrect. [/home/xmen/Videos/RustDesk/SystolicCore/SystolicCore/rtl/SystolicCore.sv:]
WARNING: [filemgmt 56-199] Attempt to get parsing info during refresh. "On-the-fly" syntax checking information may be incorrect. [/home/xmen/Videos/RustDesk/SystolicCore/SystolicCore/rtl/src/uart_top.sv:]
WARNING: [filemgmt 56-199] Attempt to get parsing info during refresh. "On-the-fly" syntax checking information may be incorrect. [/home/xmen/Videos/RustDesk/SystolicCore/SystolicCore/rtl/SystolicCore.sv:]
WARNING: [filemgmt 56-199] Attempt to get parsing info during refresh. "On-the-fly" syntax checking information may be incorrect. [/home/xmen/Videos/RustDesk/SystolicCore/SystolicCore/rtl/design_1_wrapper.v:]
WARNING: [filemgmt 56-199] Attempt to get parsing info during refresh. "On-the-fly" syntax checking information may be incorrect. [/home/xmen/Videos/RustDesk/SystolicCore/SystolicCore/rtl/src/uart_top.sv:]
WARNING: [filemgmt 56-199] Attempt to get parsing info during refresh. "On-the-fly" syntax checking information may be incorrect. [/home/xmen/Videos/RustDesk/SystolicCore/SystolicCore/rtl/src/uart_top.sv:]
WARNING: [filemgmt 56-199] Attempt to get parsing info during refresh. "On-the-fly" syntax checking information may be incorrect. [/home/xmen/Videos/RustDesk/SystolicCore/SystolicCore/rtl/src/uart_top.sv:]
WARNING: [filemgmt 56-199] Attempt to get parsing info during refresh. "On-the-fly" syntax checking information may be incorrect. [/home/xmen/Videos/RustDesk/SystolicCore/SystolicCore/rtl/SystolicCore.sv:]
WARNING: [filemgmt 56-199] Attempt to get parsing info during refresh. "On-the-fly" syntax checking information may be incorrect. [/home/xmen/Videos/RustDesk/SystolicCore/SystolicCore/rtl/design_1_wrapper.v:]
WARNING: [filemgmt 56-199] Attempt to get parsing info during refresh. "On-the-fly" syntax checking information may be incorrect. [/home/xmen/Videos/RustDesk/SystolicCore/SystolicCore/rtl/src/uart_top.sv:]
WARNING: [filemgmt 56-199] Attempt to get parsing info during refresh. "On-the-fly" syntax checking information may be incorrect. [/home/xmen/Videos/RustDesk/SystolicCore/SystolicCore/rtl/src/uart_top.sv:]
WARNING: [filemgmt 56-199] Attempt to get parsing info during refresh. "On-the-fly" syntax checking information may be incorrect. [/home/xmen/Videos/RustDesk/SystolicCore/SystolicCore/rtl/src/uart_top.sv:]
WARNING: [filemgmt 56-199] Attempt to get parsing info during refresh. "On-the-fly" syntax checking information may be incorrect. [/home/xmen/Videos/RustDesk/SystolicCore/SystolicCore/rtl/SystolicCore.sv:]
WARNING: [filemgmt 56-199] Attempt to get parsing info during refresh. "On-the-fly" syntax checking information may be incorrect. [/home/xmen/Videos/RustDesk/SystolicCore/SystolicCore/rtl/design_1_wrapper.v:]
WARNING: [filemgmt 56-199] Attempt to get parsing info during refresh. "On-the-fly" syntax checking information may be incorrect. [/home/xmen/Videos/RustDesk/SystolicCore/SystolicCore/rtl/SystolicCore.sv:]
WARNING: [filemgmt 56-199] Attempt to get parsing info during refresh. "On-the-fly" syntax checking information may be incorrect. [/home/xmen/Videos/RustDesk/SystolicCore/SystolicCore/rtl/SystolicCore.sv:]
WARNING: [filemgmt 56-199] Attempt to get parsing info during refresh. "On-the-fly" syntax checking information may be incorrect. [/home/xmen/Videos/RustDesk/SystolicCore/SystolicCore/rtl/src/uart_top.sv:]
WARNING: [filemgmt 56-199] Attempt to get parsing info during refresh. "On-the-fly" syntax checking information may be incorrect. [/home/xmen/Videos/RustDesk/SystolicCore/SystolicCore/rtl/SystolicCore.sv:]
WARNING: [filemgmt 56-199] Attempt to get parsing info during refresh. "On-the-fly" syntax checking information may be incorrect. [/home/xmen/Videos/RustDesk/SystolicCore/SystolicCore/rtl/design_1_wrapper.v:]
WARNING: [filemgmt 56-199] Attempt to get parsing info during refresh. "On-the-fly" syntax checking information may be incorrect. [/home/xmen/Videos/RustDesk/SystolicCore/SystolicCore/rtl/SystolicCore.sv:]
WARNING: [filemgmt 56-199] Attempt to get parsing info during refresh. "On-the-fly" syntax checking information may be incorrect. [/home/xmen/Videos/RustDesk/SystolicCore/SystolicCore/rtl/SystolicCore.sv:]
WARNING: [filemgmt 56-199] Attempt to get parsing info during refresh. "On-the-fly" syntax checking information may be incorrect. [/home/xmen/Videos/RustDesk/SystolicCore/SystolicCore/rtl/src/uart_top.sv:]
WARNING: [filemgmt 56-199] Attempt to get parsing info during refresh. "On-the-fly" syntax checking information may be incorrect. [/home/xmen/Videos/RustDesk/SystolicCore/SystolicCore/rtl/SystolicCore.sv:]
WARNING: [filemgmt 56-199] Attempt to get parsing info during refresh. "On-the-fly" syntax checking information may be incorrect. [/home/xmen/Videos/RustDesk/SystolicCore/SystolicCore/rtl/design_1_wrapper.v:]
WARNING: [filemgmt 56-199] Attempt to get parsing info during refresh. "On-the-fly" syntax checking information may be incorrect. [/home/xmen/Videos/RustDesk/SystolicCore/SystolicCore/rtl/src/uart_top.sv:]
WARNING: [filemgmt 56-199] Attempt to get parsing info during refresh. "On-the-fly" syntax checking information may be incorrect. [/home/xmen/Videos/RustDesk/SystolicCore/SystolicCore/rtl/src/uart_top.sv:]
WARNING: [filemgmt 56-199] Attempt to get parsing info during refresh. "On-the-fly" syntax checking information may be incorrect. [/home/xmen/Videos/RustDesk/SystolicCore/SystolicCore/rtl/src/uart_top.sv:]
WARNING: [filemgmt 56-199] Attempt to get parsing info during refresh. "On-the-fly" syntax checking information may be incorrect. [/home/xmen/Videos/RustDesk/SystolicCore/SystolicCore/rtl/SystolicCore.sv:]
WARNING: [filemgmt 56-199] Attempt to get parsing info during refresh. "On-the-fly" syntax checking information may be incorrect. [/home/xmen/Videos/RustDesk/SystolicCore/SystolicCore/rtl/design_1_wrapper.v:]
WARNING: [filemgmt 56-199] Attempt to get parsing info during refresh. "On-the-fly" syntax checking information may be incorrect. [/home/xmen/Videos/RustDesk/SystolicCore/SystolicCore/rtl/SystolicCore.sv:]
WARNING: [filemgmt 56-199] Attempt to get parsing info during refresh. "On-the-fly" syntax checking information may be incorrect. [/home/xmen/Videos/RustDesk/SystolicCore/SystolicCore/rtl/SystolicCore.sv:]
WARNING: [filemgmt 56-199] Attempt to get parsing info during refresh. "On-the-fly" syntax checking information may be incorrect. [/home/xmen/Videos/RustDesk/SystolicCore/SystolicCore/rtl/src/uart_top.sv:]
WARNING: [filemgmt 56-199] Attempt to get parsing info during refresh. "On-the-fly" syntax checking information may be incorrect. [/home/xmen/Videos/RustDesk/SystolicCore/SystolicCore/rtl/SystolicCore.sv:]
WARNING: [filemgmt 56-199] Attempt to get parsing info during refresh. "On-the-fly" syntax checking information may be incorrect. [/home/xmen/Videos/RustDesk/SystolicCore/SystolicCore/rtl/design_1_wrapper.v:]
WARNING: [filemgmt 56-199] Attempt to get parsing info during refresh. "On-the-fly" syntax checking information may be incorrect. [/home/xmen/Videos/RustDesk/SystolicCore/SystolicCore/rtl/src/uart_top.sv:]
WARNING: [filemgmt 56-199] Attempt to get parsing info during refresh. "On-the-fly" syntax checking information may be incorrect. [/home/xmen/Videos/RustDesk/SystolicCore/SystolicCore/rtl/src/uart_top.sv:]
WARNING: [filemgmt 56-199] Attempt to get parsing info during refresh. "On-the-fly" syntax checking information may be incorrect. [/home/xmen/Videos/RustDesk/SystolicCore/SystolicCore/rtl/src/uart_top.sv:]
WARNING: [filemgmt 56-199] Attempt to get parsing info during refresh. "On-the-fly" syntax checking information may be incorrect. [/home/xmen/Videos/RustDesk/SystolicCore/SystolicCore/rtl/SystolicCore.sv:]
WARNING: [filemgmt 56-199] Attempt to get parsing info during refresh. "On-the-fly" syntax checking information may be incorrect. [/home/xmen/Videos/RustDesk/SystolicCore/SystolicCore/rtl/design_1_wrapper.v:]
WARNING: [filemgmt 56-199] Attempt to get parsing info during refresh. "On-the-fly" syntax checking information may be incorrect. [/home/xmen/Videos/RustDesk/SystolicCore/SystolicCore/rtl/SystolicCore.sv:]
WARNING: [filemgmt 56-199] Attempt to get parsing info during refresh. "On-the-fly" syntax checking information may be incorrect. [/home/xmen/Videos/RustDesk/SystolicCore/SystolicCore/rtl/SystolicCore.sv:]
WARNING: [filemgmt 56-199] Attempt to get parsing info during refresh. "On-the-fly" syntax checking information may be incorrect. [/home/xmen/Videos/RustDesk/SystolicCore/SystolicCore/rtl/src/uart_top.sv:]
WARNING: [filemgmt 56-199] Attempt to get parsing info during refresh. "On-the-fly" syntax checking information may be incorrect. [/home/xmen/Videos/RustDesk/SystolicCore/SystolicCore/rtl/SystolicCore.sv:]
WARNING: [filemgmt 56-199] Attempt to get parsing info during refresh. "On-the-fly" syntax checking information may be incorrect. [/home/xmen/Videos/RustDesk/SystolicCore/SystolicCore/rtl/design_1_wrapper.v:]
WARNING: [filemgmt 56-199] Attempt to get parsing info during refresh. "On-the-fly" syntax checking information may be incorrect. [/home/xmen/Videos/RustDesk/SystolicCore/SystolicCore/rtl/src/uart_top.sv:]
WARNING: [filemgmt 56-199] Attempt to get parsing info during refresh. "On-the-fly" syntax checking information may be incorrect. [/home/xmen/Videos/RustDesk/SystolicCore/SystolicCore/rtl/src/uart_top.sv:]
WARNING: [filemgmt 56-199] Attempt to get parsing info during refresh. "On-the-fly" syntax checking information may be incorrect. [/home/xmen/Videos/RustDesk/SystolicCore/SystolicCore/rtl/src/uart_top.sv:]
WARNING: [filemgmt 56-199] Attempt to get parsing info during refresh. "On-the-fly" syntax checking information may be incorrect. [/home/xmen/Videos/RustDesk/SystolicCore/SystolicCore/rtl/SystolicCore.sv:]
WARNING: [filemgmt 56-199] Attempt to get parsing info during refresh. "On-the-fly" syntax checking information may be incorrect. [/home/xmen/Videos/RustDesk/SystolicCore/SystolicCore/rtl/design_1_wrapper.v:]
WARNING: [filemgmt 56-199] Attempt to get parsing info during refresh. "On-the-fly" syntax checking information may be incorrect. [/home/xmen/Videos/RustDesk/SystolicCore/SystolicCore/rtl/SystolicCore.sv:]
WARNING: [filemgmt 56-199] Attempt to get parsing info during refresh. "On-the-fly" syntax checking information may be incorrect. [/home/xmen/Videos/RustDesk/SystolicCore/SystolicCore/rtl/SystolicCore.sv:]
WARNING: [filemgmt 56-199] Attempt to get parsing info during refresh. "On-the-fly" syntax checking information may be incorrect. [/home/xmen/Videos/RustDesk/SystolicCore/SystolicCore/rtl/src/uart_top.sv:]
WARNING: [filemgmt 56-199] Attempt to get parsing info during refresh. "On-the-fly" syntax checking information may be incorrect. [/home/xmen/Videos/RustDesk/SystolicCore/SystolicCore/rtl/SystolicCore.sv:]
WARNING: [filemgmt 56-199] Attempt to get parsing info during refresh. "On-the-fly" syntax checking information may be incorrect. [/home/xmen/Videos/RustDesk/SystolicCore/SystolicCore/rtl/design_1_wrapper.v:]
WARNING: [filemgmt 56-199] Attempt to get parsing info during refresh. "On-the-fly" syntax checking information may be incorrect. [/home/xmen/Videos/RustDesk/SystolicCore/SystolicCore/rtl/src/uart_top.sv:]
WARNING: [filemgmt 56-199] Attempt to get parsing info during refresh. "On-the-fly" syntax checking information may be incorrect. [/home/xmen/Videos/RustDesk/SystolicCore/SystolicCore/rtl/src/uart_top.sv:]
open_bd_design {/home/xmen/Videos/RustDesk/SystolicCore/SystolicCore/SystolicCore/SystolicCore.srcs/sources_1/bd/design_1/design_1.bd}
startgroup
set_property -dict [list \
  CONFIG.C_GPIO_WIDTH {9} \
  CONFIG.GPIO_BOARD_INTERFACE {Custom} \
] [get_bd_cells axi_gpio_0]
endgroup
delete_bd_objs [get_bd_intf_nets axi_gpio_0_GPIO] [get_bd_intf_ports GPIO_0]
startgroup
set_property -dict [list \
  CONFIG.C_ALL_INPUTS {0} \
  CONFIG.C_ALL_OUTPUTS {1} \
] [get_bd_cells axi_gpio_0]
endgroup
startgroup
make_bd_intf_pins_external  [get_bd_intf_pins axi_gpio_0/GPIO]
endgroup
save_bd_design
Wrote  : </home/xmen/Videos/RustDesk/SystolicCore/SystolicCore/SystolicCore/SystolicCore.srcs/sources_1/bd/design_1/design_1.bd> 
Wrote  : </home/xmen/Videos/RustDesk/SystolicCore/SystolicCore/SystolicCore/SystolicCore.srcs/sources_1/bd/design_1/ui/bd_1f5defd0.ui> 
reset_run synth_1
reset_run design_1_axi_gpio_0_0_synth_1
launch_runs impl_1 -to_step write_bitstream -jobs 32
INFO: [BD 5-943] Reserving offset range <0x8000_0000 [ 64K ]> from slave interface '/axi_smc/S00_AXI' to master interface '/axi_smc/M00_AXI'. This will be used by smartconnect on path for routing.
INFO: [BD 5-943] Reserving offset range <0x8000_0000 [ 64K ]> from slave interface '/axi_smc/S00_AXI' to master interface '/axi_smc/M00_AXI'. This will be used by smartconnect on path for routing.
INFO: [xilinx.com:ip:smartconnect:1.0-1] design_1_axi_smc_0: SmartConnect design_1_axi_smc_0 is in Low-Area Mode.
Wrote  : </home/xmen/Videos/RustDesk/SystolicCore/SystolicCore/SystolicCore/SystolicCore.srcs/sources_1/bd/design_1/design_1.bd> 
Verilog Output written to : /home/xmen/Videos/RustDesk/SystolicCore/SystolicCore/SystolicCore/SystolicCore.gen/sources_1/bd/design_1/synth/design_1.v
Verilog Output written to : /home/xmen/Videos/RustDesk/SystolicCore/SystolicCore/SystolicCore/SystolicCore.gen/sources_1/bd/design_1/sim/design_1.v
Verilog Output written to : /home/xmen/Videos/RustDesk/SystolicCore/SystolicCore/SystolicCore/SystolicCore.gen/sources_1/bd/design_1/hdl/design_1_wrapper.v
INFO: [BD 41-1029] Generation completed for the IP Integrator block axi_gpio_0 .
Exporting to file /home/xmen/Videos/RustDesk/SystolicCore/SystolicCore/SystolicCore/SystolicCore.gen/sources_1/bd/design_1/ip/design_1_axi_smc_0/bd_0/hw_handoff/design_1_axi_smc_0.hwh
Generated Hardware Definition File /home/xmen/Videos/RustDesk/SystolicCore/SystolicCore/SystolicCore/SystolicCore.gen/sources_1/bd/design_1/ip/design_1_axi_smc_0/bd_0/synth/design_1_axi_smc_0.hwdef
INFO: [BD 41-1029] Generation completed for the IP Integrator block axi_smc .
Exporting to file /home/xmen/Videos/RustDesk/SystolicCore/SystolicCore/SystolicCore/SystolicCore.gen/sources_1/bd/design_1/hw_handoff/design_1.hwh
Generated Hardware Definition File /home/xmen/Videos/RustDesk/SystolicCore/SystolicCore/SystolicCore/SystolicCore.gen/sources_1/bd/design_1/synth/design_1.hwdef
INFO: [BD 41-3262] Generated VHDL Instantiation Template file /home/xmen/Videos/RustDesk/SystolicCore/SystolicCore/SystolicCore/SystolicCore.gen/sources_1/bd/design_1/design_1.vho
INFO: [BD 41-3262] Generated Verilog Instantiation Template file /home/xmen/Videos/RustDesk/SystolicCore/SystolicCore/SystolicCore/SystolicCore.gen/sources_1/bd/design_1/design_1.veo
INFO: [BD 41-3262] Generated System Verilog Instantiation Template file /home/xmen/Videos/RustDesk/SystolicCore/SystolicCore/SystolicCore/SystolicCore.gen/sources_1/bd/design_1/design_1_sv.sveo
INFO: [IP_Flow 19-4993] Using cached IP synthesis design for IP design_1_axi_smc_0, cache-ID = 375638869eecdc26; cache size = 41.764 MB.
[Tue Dec 30 14:47:41 2025] Launched design_1_axi_gpio_0_0_synth_1, synth_1...
Run output will be captured here:
design_1_axi_gpio_0_0_synth_1: /home/xmen/Videos/RustDesk/SystolicCore/SystolicCore/SystolicCore/SystolicCore.runs/design_1_axi_gpio_0_0_synth_1/runme.log
synth_1: /home/xmen/Videos/RustDesk/SystolicCore/SystolicCore/SystolicCore/SystolicCore.runs/synth_1/runme.log
[Tue Dec 30 14:47:41 2025] Launched impl_1...
Run output will be captured here: /home/xmen/Videos/RustDesk/SystolicCore/SystolicCore/SystolicCore/SystolicCore.runs/impl_1/runme.log
launch_runs: Time (s): cpu = 00:00:03 ; elapsed = 00:00:05 . Memory (MB): peak = 12754.617 ; gain = 49.102 ; free physical = 12460 ; free virtual = 52793
WARNING: [filemgmt 56-199] Attempt to get parsing info during refresh. "On-the-fly" syntax checking information may be incorrect. [/home/xmen/Videos/RustDesk/SystolicCore/SystolicCore/SystolicCore/SystolicCore.gen/sources_1/bd/design_1/synth/design_1.v:]
WARNING: [filemgmt 56-199] Attempt to get parsing info during refresh. "On-the-fly" syntax checking information may be incorrect. [/home/xmen/Videos/RustDesk/SystolicCore/SystolicCore/rtl/src/uart_top.sv:]
WARNING: [filemgmt 56-199] Attempt to get parsing info during refresh. "On-the-fly" syntax checking information may be incorrect. [/home/xmen/Videos/RustDesk/SystolicCore/SystolicCore/rtl/SystolicCore.sv:]
WARNING: [filemgmt 56-199] Attempt to get parsing info during refresh. "On-the-fly" syntax checking information may be incorrect. [/home/xmen/Videos/RustDesk/SystolicCore/SystolicCore/rtl/design_1_wrapper.v:]
WARNING: [filemgmt 56-199] Attempt to get parsing info during refresh. "On-the-fly" syntax checking information may be incorrect. [/home/xmen/Videos/RustDesk/SystolicCore/SystolicCore/rtl/SystolicCore.sv:]
WARNING: [filemgmt 56-199] Attempt to get parsing info during refresh. "On-the-fly" syntax checking information may be incorrect. [/home/xmen/Videos/RustDesk/SystolicCore/SystolicCore/rtl/SystolicCore.sv:]
WARNING: [filemgmt 56-199] Attempt to get parsing info during refresh. "On-the-fly" syntax checking information may be incorrect. [/home/xmen/Videos/RustDesk/SystolicCore/SystolicCore/SystolicCore/SystolicCore.gen/sources_1/bd/design_1/synth/design_1.v:]
WARNING: [filemgmt 56-199] Attempt to get parsing info during refresh. "On-the-fly" syntax checking information may be incorrect. [/home/xmen/Videos/RustDesk/SystolicCore/SystolicCore/rtl/src/uart_top.sv:]
WARNING: [filemgmt 56-199] Attempt to get parsing info during refresh. "On-the-fly" syntax checking information may be incorrect. [/home/xmen/Videos/RustDesk/SystolicCore/SystolicCore/rtl/SystolicCore.sv:]
WARNING: [filemgmt 56-199] Attempt to get parsing info during refresh. "On-the-fly" syntax checking information may be incorrect. [/home/xmen/Videos/RustDesk/SystolicCore/SystolicCore/rtl/design_1_wrapper.v:]
WARNING: [filemgmt 56-199] Attempt to get parsing info during refresh. "On-the-fly" syntax checking information may be incorrect. [/home/xmen/Videos/RustDesk/SystolicCore/SystolicCore/SystolicCore/SystolicCore.gen/sources_1/bd/design_1/synth/design_1.v:]
WARNING: [filemgmt 56-199] Attempt to get parsing info during refresh. "On-the-fly" syntax checking information may be incorrect. [/home/xmen/Videos/RustDesk/SystolicCore/SystolicCore/SystolicCore/SystolicCore.gen/sources_1/bd/design_1/synth/design_1.v:]
WARNING: [filemgmt 56-199] Attempt to get parsing info during refresh. "On-the-fly" syntax checking information may be incorrect. [/home/xmen/Videos/RustDesk/SystolicCore/SystolicCore/SystolicCore/SystolicCore.gen/sources_1/bd/design_1/synth/design_1.v:]
WARNING: [filemgmt 56-199] Attempt to get parsing info during refresh. "On-the-fly" syntax checking information may be incorrect. [/home/xmen/Videos/RustDesk/SystolicCore/SystolicCore/rtl/src/uart_top.sv:]
WARNING: [filemgmt 56-199] Attempt to get parsing info during refresh. "On-the-fly" syntax checking information may be incorrect. [/home/xmen/Videos/RustDesk/SystolicCore/SystolicCore/rtl/SystolicCore.sv:]
WARNING: [filemgmt 56-199] Attempt to get parsing info during refresh. "On-the-fly" syntax checking information may be incorrect. [/home/xmen/Videos/RustDesk/SystolicCore/SystolicCore/rtl/design_1_wrapper.v:]
WARNING: [filemgmt 56-199] Attempt to get parsing info during refresh. "On-the-fly" syntax checking information may be incorrect. [/home/xmen/Videos/RustDesk/SystolicCore/SystolicCore/rtl/src/uart_top.sv:]
WARNING: [filemgmt 56-199] Attempt to get parsing info during refresh. "On-the-fly" syntax checking information may be incorrect. [/home/xmen/Videos/RustDesk/SystolicCore/SystolicCore/rtl/src/uart_top.sv:]
WARNING: [filemgmt 56-199] Attempt to get parsing info during refresh. "On-the-fly" syntax checking information may be incorrect. [/home/xmen/Videos/RustDesk/SystolicCore/SystolicCore/SystolicCore/SystolicCore.gen/sources_1/bd/design_1/synth/design_1.v:]
WARNING: [filemgmt 56-199] Attempt to get parsing info during refresh. "On-the-fly" syntax checking information may be incorrect. [/home/xmen/Videos/RustDesk/SystolicCore/SystolicCore/rtl/src/uart_top.sv:]
WARNING: [filemgmt 56-199] Attempt to get parsing info during refresh. "On-the-fly" syntax checking information may be incorrect. [/home/xmen/Videos/RustDesk/SystolicCore/SystolicCore/rtl/SystolicCore.sv:]
WARNING: [filemgmt 56-199] Attempt to get parsing info during refresh. "On-the-fly" syntax checking information may be incorrect. [/home/xmen/Videos/RustDesk/SystolicCore/SystolicCore/rtl/design_1_wrapper.v:]
WARNING: [filemgmt 56-199] Attempt to get parsing info during refresh. "On-the-fly" syntax checking information may be incorrect. [/home/xmen/Videos/RustDesk/SystolicCore/SystolicCore/rtl/SystolicCore.sv:]
WARNING: [filemgmt 56-199] Attempt to get parsing info during refresh. "On-the-fly" syntax checking information may be incorrect. [/home/xmen/Videos/RustDesk/SystolicCore/SystolicCore/rtl/SystolicCore.sv:]
WARNING: [filemgmt 56-199] Attempt to get parsing info during refresh. "On-the-fly" syntax checking information may be incorrect. [/home/xmen/Videos/RustDesk/SystolicCore/SystolicCore/SystolicCore/SystolicCore.gen/sources_1/bd/design_1/synth/design_1.v:]
WARNING: [filemgmt 56-199] Attempt to get parsing info during refresh. "On-the-fly" syntax checking information may be incorrect. [/home/xmen/Videos/RustDesk/SystolicCore/SystolicCore/rtl/src/uart_top.sv:]
WARNING: [filemgmt 56-199] Attempt to get parsing info during refresh. "On-the-fly" syntax checking information may be incorrect. [/home/xmen/Videos/RustDesk/SystolicCore/SystolicCore/rtl/SystolicCore.sv:]
WARNING: [filemgmt 56-199] Attempt to get parsing info during refresh. "On-the-fly" syntax checking information may be incorrect. [/home/xmen/Videos/RustDesk/SystolicCore/SystolicCore/rtl/design_1_wrapper.v:]
WARNING: [filemgmt 56-199] Attempt to get parsing info during refresh. "On-the-fly" syntax checking information may be incorrect. [/home/xmen/Videos/RustDesk/SystolicCore/SystolicCore/SystolicCore/SystolicCore.gen/sources_1/bd/design_1/synth/design_1.v:]
WARNING: [filemgmt 56-199] Attempt to get parsing info during refresh. "On-the-fly" syntax checking information may be incorrect. [/home/xmen/Videos/RustDesk/SystolicCore/SystolicCore/SystolicCore/SystolicCore.gen/sources_1/bd/design_1/synth/design_1.v:]
WARNING: [filemgmt 56-199] Attempt to get parsing info during refresh. "On-the-fly" syntax checking information may be incorrect. [/home/xmen/Videos/RustDesk/SystolicCore/SystolicCore/SystolicCore/SystolicCore.gen/sources_1/bd/design_1/synth/design_1.v:]
WARNING: [filemgmt 56-199] Attempt to get parsing info during refresh. "On-the-fly" syntax checking information may be incorrect. [/home/xmen/Videos/RustDesk/SystolicCore/SystolicCore/rtl/src/uart_top.sv:]
WARNING: [filemgmt 56-199] Attempt to get parsing info during refresh. "On-the-fly" syntax checking information may be incorrect. [/home/xmen/Videos/RustDesk/SystolicCore/SystolicCore/rtl/SystolicCore.sv:]
WARNING: [filemgmt 56-199] Attempt to get parsing info during refresh. "On-the-fly" syntax checking information may be incorrect. [/home/xmen/Videos/RustDesk/SystolicCore/SystolicCore/rtl/design_1_wrapper.v:]
WARNING: [filemgmt 56-199] Attempt to get parsing info during refresh. "On-the-fly" syntax checking information may be incorrect. [/home/xmen/Videos/RustDesk/SystolicCore/SystolicCore/rtl/src/uart_top.sv:]
WARNING: [filemgmt 56-199] Attempt to get parsing info during refresh. "On-the-fly" syntax checking information may be incorrect. [/home/xmen/Videos/RustDesk/SystolicCore/SystolicCore/rtl/src/uart_top.sv:]
open_bd_design {/home/xmen/Videos/RustDesk/SystolicCore/SystolicCore/SystolicCore/SystolicCore.srcs/sources_1/bd/design_1/design_1.bd}
WARNING: [filemgmt 56-199] Attempt to get parsing info during refresh. "On-the-fly" syntax checking information may be incorrect. [/home/xmen/Videos/RustDesk/SystolicCore/SystolicCore/SystolicCore/SystolicCore.gen/sources_1/bd/design_1/synth/design_1.v:]
WARNING: [filemgmt 56-199] Attempt to get parsing info during refresh. "On-the-fly" syntax checking information may be incorrect. [/home/xmen/Videos/RustDesk/SystolicCore/SystolicCore/rtl/src/uart_top.sv:]
WARNING: [filemgmt 56-199] Attempt to get parsing info during refresh. "On-the-fly" syntax checking information may be incorrect. [/home/xmen/Videos/RustDesk/SystolicCore/SystolicCore/rtl/SystolicCore.sv:]
WARNING: [filemgmt 56-199] Attempt to get parsing info during refresh. "On-the-fly" syntax checking information may be incorrect. [/home/xmen/Videos/RustDesk/SystolicCore/SystolicCore/rtl/design_1_wrapper.v:]
WARNING: [filemgmt 56-199] Attempt to get parsing info during refresh. "On-the-fly" syntax checking information may be incorrect. [/home/xmen/Videos/RustDesk/SystolicCore/SystolicCore/rtl/design_1_wrapper.v:]
WARNING: [filemgmt 56-199] Attempt to get parsing info during refresh. "On-the-fly" syntax checking information may be incorrect. [/home/xmen/Videos/RustDesk/SystolicCore/SystolicCore/rtl/design_1_wrapper.v:]
WARNING: [filemgmt 56-199] Attempt to get parsing info during refresh. "On-the-fly" syntax checking information may be incorrect. [/home/xmen/Videos/RustDesk/SystolicCore/SystolicCore/SystolicCore/SystolicCore.gen/sources_1/bd/design_1/synth/design_1.v:]
WARNING: [filemgmt 56-199] Attempt to get parsing info during refresh. "On-the-fly" syntax checking information may be incorrect. [/home/xmen/Videos/RustDesk/SystolicCore/SystolicCore/rtl/src/uart_top.sv:]
WARNING: [filemgmt 56-199] Attempt to get parsing info during refresh. "On-the-fly" syntax checking information may be incorrect. [/home/xmen/Videos/RustDesk/SystolicCore/SystolicCore/rtl/SystolicCore.sv:]
WARNING: [filemgmt 56-199] Attempt to get parsing info during refresh. "On-the-fly" syntax checking information may be incorrect. [/home/xmen/Videos/RustDesk/SystolicCore/SystolicCore/rtl/design_1_wrapper.v:]
WARNING: [filemgmt 56-199] Attempt to get parsing info during refresh. "On-the-fly" syntax checking information may be incorrect. [/home/xmen/Videos/RustDesk/SystolicCore/SystolicCore/rtl/SystolicCore.sv:]
WARNING: [filemgmt 56-199] Attempt to get parsing info during refresh. "On-the-fly" syntax checking information may be incorrect. [/home/xmen/Videos/RustDesk/SystolicCore/SystolicCore/rtl/SystolicCore.sv:]
reset_run synth_1
launch_runs impl_1 -to_step write_bitstream -jobs 32
WARNING: [filemgmt 56-199] Attempt to get parsing info during refresh. "On-the-fly" syntax checking information may be incorrect. [/home/xmen/Videos/RustDesk/SystolicCore/SystolicCore/SystolicCore/SystolicCore.gen/sources_1/bd/design_1/synth/design_1.v:]
WARNING: [filemgmt 56-199] Attempt to get parsing info during refresh. "On-the-fly" syntax checking information may be incorrect. [/home/xmen/Videos/RustDesk/SystolicCore/SystolicCore/rtl/src/uart_top.sv:]
WARNING: [filemgmt 56-199] Attempt to get parsing info during refresh. "On-the-fly" syntax checking information may be incorrect. [/home/xmen/Videos/RustDesk/SystolicCore/SystolicCore/rtl/SystolicCore.sv:]
WARNING: [filemgmt 56-199] Attempt to get parsing info during refresh. "On-the-fly" syntax checking information may be incorrect. [/home/xmen/Videos/RustDesk/SystolicCore/SystolicCore/rtl/design_1_wrapper.v:]
WARNING: [filemgmt 56-199] Attempt to get parsing info during refresh. "On-the-fly" syntax checking information may be incorrect. [/home/xmen/Videos/RustDesk/SystolicCore/SystolicCore/rtl/src/uart_top.sv:]
WARNING: [filemgmt 56-199] Attempt to get parsing info during refresh. "On-the-fly" syntax checking information may be incorrect. [/home/xmen/Videos/RustDesk/SystolicCore/SystolicCore/rtl/src/uart_top.sv:]
[Tue Dec 30 14:50:27 2025] Launched synth_1...
Run output will be captured here: /home/xmen/Videos/RustDesk/SystolicCore/SystolicCore/SystolicCore/SystolicCore.runs/synth_1/runme.log
[Tue Dec 30 14:50:27 2025] Launched impl_1...
Run output will be captured here: /home/xmen/Videos/RustDesk/SystolicCore/SystolicCore/SystolicCore/SystolicCore.runs/impl_1/runme.log
set_property is_enabled false [get_files  /home/xmen/Videos/RustDesk/SystolicCore/SystolicCore/rtl/src/uart_top.sv]
WARNING: [filemgmt 56-199] Attempt to get parsing info during refresh. "On-the-fly" syntax checking information may be incorrect. [/home/xmen/Videos/RustDesk/SystolicCore/SystolicCore/rtl/SystolicCore.sv:]
WARNING: [filemgmt 56-199] Attempt to get parsing info during refresh. "On-the-fly" syntax checking information may be incorrect. [/home/xmen/Videos/RustDesk/SystolicCore/SystolicCore/rtl/design_1_wrapper.v:]
WARNING: [filemgmt 56-199] Attempt to get parsing info during refresh. "On-the-fly" syntax checking information may be incorrect. [/home/xmen/Videos/RustDesk/SystolicCore/SystolicCore/rtl/SystolicCore.sv:]
WARNING: [filemgmt 56-199] Attempt to get parsing info during refresh. "On-the-fly" syntax checking information may be incorrect. [/home/xmen/Videos/RustDesk/SystolicCore/SystolicCore/rtl/SystolicCore.sv:]
set_property is_enabled false [get_files  /home/xmen/Videos/RustDesk/SystolicCore/SystolicCore/rtl/uart/rtl/ref_clock.sv]
WARNING: [filemgmt 56-199] Attempt to get parsing info during refresh. "On-the-fly" syntax checking information may be incorrect. [/home/xmen/Videos/RustDesk/SystolicCore/SystolicCore/rtl/SystolicCore.sv:]
WARNING: [filemgmt 56-199] Attempt to get parsing info during refresh. "On-the-fly" syntax checking information may be incorrect. [/home/xmen/Videos/RustDesk/SystolicCore/SystolicCore/rtl/design_1_wrapper.v:]
WARNING: [filemgmt 56-199] Attempt to get parsing info during refresh. "On-the-fly" syntax checking information may be incorrect. [/home/xmen/Videos/RustDesk/SystolicCore/SystolicCore/rtl/SystolicCore.sv:]
WARNING: [filemgmt 56-199] Attempt to get parsing info during refresh. "On-the-fly" syntax checking information may be incorrect. [/home/xmen/Videos/RustDesk/SystolicCore/SystolicCore/rtl/SystolicCore.sv:]
set_property is_enabled false [get_files  /home/xmen/Videos/RustDesk/SystolicCore/SystolicCore/rtl/ram.sv]
WARNING: [filemgmt 56-199] Attempt to get parsing info during refresh. "On-the-fly" syntax checking information may be incorrect. [/home/xmen/Videos/RustDesk/SystolicCore/SystolicCore/rtl/SystolicCore.sv:]
WARNING: [filemgmt 56-199] Attempt to get parsing info during refresh. "On-the-fly" syntax checking information may be incorrect. [/home/xmen/Videos/RustDesk/SystolicCore/SystolicCore/rtl/design_1_wrapper.v:]
WARNING: [filemgmt 56-199] Attempt to get parsing info during refresh. "On-the-fly" syntax checking information may be incorrect. [/home/xmen/Videos/RustDesk/SystolicCore/SystolicCore/rtl/SystolicCore.sv:]
WARNING: [filemgmt 56-199] Attempt to get parsing info during refresh. "On-the-fly" syntax checking information may be incorrect. [/home/xmen/Videos/RustDesk/SystolicCore/SystolicCore/rtl/SystolicCore.sv:]
set_property is_enabled false [get_files  {/home/xmen/Videos/RustDesk/SystolicCore/SystolicCore/rtl/uart/rtl/counter.sv /home/xmen/Videos/RustDesk/SystolicCore/SystolicCore/rtl/src/uart_rx.v /home/xmen/Videos/RustDesk/SystolicCore/SystolicCore/rtl/src/uart_tx.v}]
WARNING: [filemgmt 56-199] Attempt to get parsing info during refresh. "On-the-fly" syntax checking information may be incorrect. [/home/xmen/Videos/RustDesk/SystolicCore/SystolicCore/rtl/SystolicCore.sv:]
WARNING: [filemgmt 56-199] Attempt to get parsing info during refresh. "On-the-fly" syntax checking information may be incorrect. [/home/xmen/Videos/RustDesk/SystolicCore/SystolicCore/rtl/design_1_wrapper.v:]
WARNING: [filemgmt 56-199] Attempt to get parsing info during refresh. "On-the-fly" syntax checking information may be incorrect. [/home/xmen/Videos/RustDesk/SystolicCore/SystolicCore/rtl/SystolicCore.sv:]
WARNING: [filemgmt 56-199] Attempt to get parsing info during refresh. "On-the-fly" syntax checking information may be incorrect. [/home/xmen/Videos/RustDesk/SystolicCore/SystolicCore/rtl/SystolicCore.sv:]
WARNING: [filemgmt 56-199] Attempt to get parsing info during refresh. "On-the-fly" syntax checking information may be incorrect. [/home/xmen/Videos/RustDesk/SystolicCore/SystolicCore/rtl/SystolicCore.sv:]
WARNING: [filemgmt 56-199] Attempt to get parsing info during refresh. "On-the-fly" syntax checking information may be incorrect. [/home/xmen/Videos/RustDesk/SystolicCore/SystolicCore/rtl/design_1_wrapper.v:]
WARNING: [filemgmt 56-199] Attempt to get parsing info during refresh. "On-the-fly" syntax checking information may be incorrect. [/home/xmen/Videos/RustDesk/SystolicCore/SystolicCore/rtl/SystolicCore.sv:]
WARNING: [filemgmt 56-199] Attempt to get parsing info during refresh. "On-the-fly" syntax checking information may be incorrect. [/home/xmen/Videos/RustDesk/SystolicCore/SystolicCore/rtl/SystolicCore.sv:]
WARNING: [filemgmt 56-199] Attempt to get parsing info during refresh. "On-the-fly" syntax checking information may be incorrect. [/home/xmen/Videos/RustDesk/SystolicCore/SystolicCore/rtl/SystolicCore.sv:]
WARNING: [filemgmt 56-199] Attempt to get parsing info during refresh. "On-the-fly" syntax checking information may be incorrect. [/home/xmen/Videos/RustDesk/SystolicCore/SystolicCore/rtl/design_1_wrapper.v:]
WARNING: [filemgmt 56-199] Attempt to get parsing info during refresh. "On-the-fly" syntax checking information may be incorrect. [/home/xmen/Videos/RustDesk/SystolicCore/SystolicCore/rtl/SystolicCore.sv:]
WARNING: [filemgmt 56-199] Attempt to get parsing info during refresh. "On-the-fly" syntax checking information may be incorrect. [/home/xmen/Videos/RustDesk/SystolicCore/SystolicCore/rtl/SystolicCore.sv:]
reset_run synth_1
launch_runs impl_1 -to_step write_bitstream -jobs 32
[Tue Dec 30 14:56:18 2025] Launched synth_1...
Run output will be captured here: /home/xmen/Videos/RustDesk/SystolicCore/SystolicCore/SystolicCore/SystolicCore.runs/synth_1/runme.log
[Tue Dec 30 14:56:18 2025] Launched impl_1...
Run output will be captured here: /home/xmen/Videos/RustDesk/SystolicCore/SystolicCore/SystolicCore/SystolicCore.runs/impl_1/runme.log
open_run impl_1
INFO: [Device 21-403] Loading part xczu7ev-ffvc1156-2-e
Netlist sorting complete. Time (s): cpu = 00:00:00.12 ; elapsed = 00:00:00.13 . Memory (MB): peak = 13396.914 ; gain = 0.000 ; free physical = 8143 ; free virtual = 49321
INFO: [Netlist 29-17] Analyzing 2775 Unisim elements for replacement
CRITICAL WARNING: [Netlist 29-358] Reg 'SystolicCore0/mem2serial_transfer_pc/pmatrix_reg[0][0][0]' of type 'FDCP' cannot be timed accurately. Hardware behavior may be unpredictable. Use check_timing command for more information.
Resolution: Recode your design, so that you do not depend on both asynchronous set and reset for your desired functionality.
Convert at least one of them to synchronous signal, or get rid of at least one of those.
Often, the use of "initial" value will help you get rid of one of the asynchronous set/reset signals.
CRITICAL WARNING: [Netlist 29-358] Reg 'SystolicCore0/mem2serial_transfer_pc/pmatrix_reg[0][0][1]' of type 'FDCP' cannot be timed accurately. Hardware behavior may be unpredictable. Use check_timing command for more information.
Resolution: Recode your design, so that you do not depend on both asynchronous set and reset for your desired functionality.
Convert at least one of them to synchronous signal, or get rid of at least one of those.
Often, the use of "initial" value will help you get rid of one of the asynchronous set/reset signals.
CRITICAL WARNING: [Netlist 29-358] Reg 'SystolicCore0/mem2serial_transfer_pc/pmatrix_reg[0][0][2]' of type 'FDCP' cannot be timed accurately. Hardware behavior may be unpredictable. Use check_timing command for more information.
Resolution: Recode your design, so that you do not depend on both asynchronous set and reset for your desired functionality.
Convert at least one of them to synchronous signal, or get rid of at least one of those.
Often, the use of "initial" value will help you get rid of one of the asynchronous set/reset signals.
CRITICAL WARNING: [Netlist 29-358] Reg 'SystolicCore0/mem2serial_transfer_pc/pmatrix_reg[0][0][3]' of type 'FDCP' cannot be timed accurately. Hardware behavior may be unpredictable. Use check_timing command for more information.
Resolution: Recode your design, so that you do not depend on both asynchronous set and reset for your desired functionality.
Convert at least one of them to synchronous signal, or get rid of at least one of those.
Often, the use of "initial" value will help you get rid of one of the asynchronous set/reset signals.
CRITICAL WARNING: [Netlist 29-358] Reg 'SystolicCore0/mem2serial_transfer_pc/pmatrix_reg[0][0][4]' of type 'FDCP' cannot be timed accurately. Hardware behavior may be unpredictable. Use check_timing command for more information.
Resolution: Recode your design, so that you do not depend on both asynchronous set and reset for your desired functionality.
Convert at least one of them to synchronous signal, or get rid of at least one of those.
Often, the use of "initial" value will help you get rid of one of the asynchronous set/reset signals.
CRITICAL WARNING: [Netlist 29-358] Reg 'SystolicCore0/mem2serial_transfer_pc/pmatrix_reg[0][0][5]' of type 'FDCP' cannot be timed accurately. Hardware behavior may be unpredictable. Use check_timing command for more information.
Resolution: Recode your design, so that you do not depend on both asynchronous set and reset for your desired functionality.
Convert at least one of them to synchronous signal, or get rid of at least one of those.
Often, the use of "initial" value will help you get rid of one of the asynchronous set/reset signals.
CRITICAL WARNING: [Netlist 29-358] Reg 'SystolicCore0/mem2serial_transfer_pc/pmatrix_reg[0][0][6]' of type 'FDCP' cannot be timed accurately. Hardware behavior may be unpredictable. Use check_timing command for more information.
Resolution: Recode your design, so that you do not depend on both asynchronous set and reset for your desired functionality.
Convert at least one of them to synchronous signal, or get rid of at least one of those.
Often, the use of "initial" value will help you get rid of one of the asynchronous set/reset signals.
CRITICAL WARNING: [Netlist 29-358] Reg 'SystolicCore0/mem2serial_transfer_pc/pmatrix_reg[0][0][7]' of type 'FDCP' cannot be timed accurately. Hardware behavior may be unpredictable. Use check_timing command for more information.
Resolution: Recode your design, so that you do not depend on both asynchronous set and reset for your desired functionality.
Convert at least one of them to synchronous signal, or get rid of at least one of those.
Often, the use of "initial" value will help you get rid of one of the asynchronous set/reset signals.
CRITICAL WARNING: [Netlist 29-358] Reg 'SystolicCore0/mem2serial_transfer_pc/pmatrix_reg[0][10][0]' of type 'FDCP' cannot be timed accurately. Hardware behavior may be unpredictable. Use check_timing command for more information.
Resolution: Recode your design, so that you do not depend on both asynchronous set and reset for your desired functionality.
Convert at least one of them to synchronous signal, or get rid of at least one of those.
Often, the use of "initial" value will help you get rid of one of the asynchronous set/reset signals.
CRITICAL WARNING: [Netlist 29-358] Reg 'SystolicCore0/mem2serial_transfer_pc/pmatrix_reg[0][10][1]' of type 'FDCP' cannot be timed accurately. Hardware behavior may be unpredictable. Use check_timing command for more information.
Resolution: Recode your design, so that you do not depend on both asynchronous set and reset for your desired functionality.
Convert at least one of them to synchronous signal, or get rid of at least one of those.
Often, the use of "initial" value will help you get rid of one of the asynchronous set/reset signals.
CRITICAL WARNING: [Netlist 29-358] Reg 'SystolicCore0/mem2serial_transfer_pc/pmatrix_reg[0][10][2]' of type 'FDCP' cannot be timed accurately. Hardware behavior may be unpredictable. Use check_timing command for more information.
Resolution: Recode your design, so that you do not depend on both asynchronous set and reset for your desired functionality.
Convert at least one of them to synchronous signal, or get rid of at least one of those.
Often, the use of "initial" value will help you get rid of one of the asynchronous set/reset signals.
CRITICAL WARNING: [Netlist 29-358] Reg 'SystolicCore0/mem2serial_transfer_pc/pmatrix_reg[0][10][3]' of type 'FDCP' cannot be timed accurately. Hardware behavior may be unpredictable. Use check_timing command for more information.
Resolution: Recode your design, so that you do not depend on both asynchronous set and reset for your desired functionality.
Convert at least one of them to synchronous signal, or get rid of at least one of those.
Often, the use of "initial" value will help you get rid of one of the asynchronous set/reset signals.
CRITICAL WARNING: [Netlist 29-358] Reg 'SystolicCore0/mem2serial_transfer_pc/pmatrix_reg[0][10][4]' of type 'FDCP' cannot be timed accurately. Hardware behavior may be unpredictable. Use check_timing command for more information.
Resolution: Recode your design, so that you do not depend on both asynchronous set and reset for your desired functionality.
Convert at least one of them to synchronous signal, or get rid of at least one of those.
Often, the use of "initial" value will help you get rid of one of the asynchronous set/reset signals.
CRITICAL WARNING: [Netlist 29-358] Reg 'SystolicCore0/mem2serial_transfer_pc/pmatrix_reg[0][10][5]' of type 'FDCP' cannot be timed accurately. Hardware behavior may be unpredictable. Use check_timing command for more information.
Resolution: Recode your design, so that you do not depend on both asynchronous set and reset for your desired functionality.
Convert at least one of them to synchronous signal, or get rid of at least one of those.
Often, the use of "initial" value will help you get rid of one of the asynchronous set/reset signals.
CRITICAL WARNING: [Netlist 29-358] Reg 'SystolicCore0/mem2serial_transfer_pc/pmatrix_reg[0][10][6]' of type 'FDCP' cannot be timed accurately. Hardware behavior may be unpredictable. Use check_timing command for more information.
Resolution: Recode your design, so that you do not depend on both asynchronous set and reset for your desired functionality.
Convert at least one of them to synchronous signal, or get rid of at least one of those.
Often, the use of "initial" value will help you get rid of one of the asynchronous set/reset signals.
CRITICAL WARNING: [Netlist 29-358] Reg 'SystolicCore0/mem2serial_transfer_pc/pmatrix_reg[0][10][7]' of type 'FDCP' cannot be timed accurately. Hardware behavior may be unpredictable. Use check_timing command for more information.
Resolution: Recode your design, so that you do not depend on both asynchronous set and reset for your desired functionality.
Convert at least one of them to synchronous signal, or get rid of at least one of those.
Often, the use of "initial" value will help you get rid of one of the asynchronous set/reset signals.
CRITICAL WARNING: [Netlist 29-358] Reg 'SystolicCore0/mem2serial_transfer_pc/pmatrix_reg[0][11][0]' of type 'FDCP' cannot be timed accurately. Hardware behavior may be unpredictable. Use check_timing command for more information.
Resolution: Recode your design, so that you do not depend on both asynchronous set and reset for your desired functionality.
Convert at least one of them to synchronous signal, or get rid of at least one of those.
Often, the use of "initial" value will help you get rid of one of the asynchronous set/reset signals.
CRITICAL WARNING: [Netlist 29-358] Reg 'SystolicCore0/mem2serial_transfer_pc/pmatrix_reg[0][11][1]' of type 'FDCP' cannot be timed accurately. Hardware behavior may be unpredictable. Use check_timing command for more information.
Resolution: Recode your design, so that you do not depend on both asynchronous set and reset for your desired functionality.
Convert at least one of them to synchronous signal, or get rid of at least one of those.
Often, the use of "initial" value will help you get rid of one of the asynchronous set/reset signals.
CRITICAL WARNING: [Netlist 29-358] Reg 'SystolicCore0/mem2serial_transfer_pc/pmatrix_reg[0][11][2]' of type 'FDCP' cannot be timed accurately. Hardware behavior may be unpredictable. Use check_timing command for more information.
Resolution: Recode your design, so that you do not depend on both asynchronous set and reset for your desired functionality.
Convert at least one of them to synchronous signal, or get rid of at least one of those.
Often, the use of "initial" value will help you get rid of one of the asynchronous set/reset signals.
CRITICAL WARNING: [Netlist 29-358] Reg 'SystolicCore0/mem2serial_transfer_pc/pmatrix_reg[0][11][3]' of type 'FDCP' cannot be timed accurately. Hardware behavior may be unpredictable. Use check_timing command for more information.
Resolution: Recode your design, so that you do not depend on both asynchronous set and reset for your desired functionality.
Convert at least one of them to synchronous signal, or get rid of at least one of those.
Often, the use of "initial" value will help you get rid of one of the asynchronous set/reset signals.
CRITICAL WARNING: [Netlist 29-358] Reg 'SystolicCore0/mem2serial_transfer_pc/pmatrix_reg[0][11][4]' of type 'FDCP' cannot be timed accurately. Hardware behavior may be unpredictable. Use check_timing command for more information.
Resolution: Recode your design, so that you do not depend on both asynchronous set and reset for your desired functionality.
Convert at least one of them to synchronous signal, or get rid of at least one of those.
Often, the use of "initial" value will help you get rid of one of the asynchronous set/reset signals.
CRITICAL WARNING: [Netlist 29-358] Reg 'SystolicCore0/mem2serial_transfer_pc/pmatrix_reg[0][11][5]' of type 'FDCP' cannot be timed accurately. Hardware behavior may be unpredictable. Use check_timing command for more information.
Resolution: Recode your design, so that you do not depend on both asynchronous set and reset for your desired functionality.
Convert at least one of them to synchronous signal, or get rid of at least one of those.
Often, the use of "initial" value will help you get rid of one of the asynchronous set/reset signals.
CRITICAL WARNING: [Netlist 29-358] Reg 'SystolicCore0/mem2serial_transfer_pc/pmatrix_reg[0][11][6]' of type 'FDCP' cannot be timed accurately. Hardware behavior may be unpredictable. Use check_timing command for more information.
Resolution: Recode your design, so that you do not depend on both asynchronous set and reset for your desired functionality.
Convert at least one of them to synchronous signal, or get rid of at least one of those.
Often, the use of "initial" value will help you get rid of one of the asynchronous set/reset signals.
CRITICAL WARNING: [Netlist 29-358] Reg 'SystolicCore0/mem2serial_transfer_pc/pmatrix_reg[0][11][7]' of type 'FDCP' cannot be timed accurately. Hardware behavior may be unpredictable. Use check_timing command for more information.
Resolution: Recode your design, so that you do not depend on both asynchronous set and reset for your desired functionality.
Convert at least one of them to synchronous signal, or get rid of at least one of those.
Often, the use of "initial" value will help you get rid of one of the asynchronous set/reset signals.
CRITICAL WARNING: [Netlist 29-358] Reg 'SystolicCore0/mem2serial_transfer_pc/pmatrix_reg[0][12][0]' of type 'FDCP' cannot be timed accurately. Hardware behavior may be unpredictable. Use check_timing command for more information.
Resolution: Recode your design, so that you do not depend on both asynchronous set and reset for your desired functionality.
Convert at least one of them to synchronous signal, or get rid of at least one of those.
Often, the use of "initial" value will help you get rid of one of the asynchronous set/reset signals.
CRITICAL WARNING: [Netlist 29-358] Reg 'SystolicCore0/mem2serial_transfer_pc/pmatrix_reg[0][12][1]' of type 'FDCP' cannot be timed accurately. Hardware behavior may be unpredictable. Use check_timing command for more information.
Resolution: Recode your design, so that you do not depend on both asynchronous set and reset for your desired functionality.
Convert at least one of them to synchronous signal, or get rid of at least one of those.
Often, the use of "initial" value will help you get rid of one of the asynchronous set/reset signals.
CRITICAL WARNING: [Netlist 29-358] Reg 'SystolicCore0/mem2serial_transfer_pc/pmatrix_reg[0][12][2]' of type 'FDCP' cannot be timed accurately. Hardware behavior may be unpredictable. Use check_timing command for more information.
Resolution: Recode your design, so that you do not depend on both asynchronous set and reset for your desired functionality.
Convert at least one of them to synchronous signal, or get rid of at least one of those.
Often, the use of "initial" value will help you get rid of one of the asynchronous set/reset signals.
CRITICAL WARNING: [Netlist 29-358] Reg 'SystolicCore0/mem2serial_transfer_pc/pmatrix_reg[0][12][3]' of type 'FDCP' cannot be timed accurately. Hardware behavior may be unpredictable. Use check_timing command for more information.
Resolution: Recode your design, so that you do not depend on both asynchronous set and reset for your desired functionality.
Convert at least one of them to synchronous signal, or get rid of at least one of those.
Often, the use of "initial" value will help you get rid of one of the asynchronous set/reset signals.
CRITICAL WARNING: [Netlist 29-358] Reg 'SystolicCore0/mem2serial_transfer_pc/pmatrix_reg[0][12][4]' of type 'FDCP' cannot be timed accurately. Hardware behavior may be unpredictable. Use check_timing command for more information.
Resolution: Recode your design, so that you do not depend on both asynchronous set and reset for your desired functionality.
Convert at least one of them to synchronous signal, or get rid of at least one of those.
Often, the use of "initial" value will help you get rid of one of the asynchronous set/reset signals.
CRITICAL WARNING: [Netlist 29-358] Reg 'SystolicCore0/mem2serial_transfer_pc/pmatrix_reg[0][12][5]' of type 'FDCP' cannot be timed accurately. Hardware behavior may be unpredictable. Use check_timing command for more information.
Resolution: Recode your design, so that you do not depend on both asynchronous set and reset for your desired functionality.
Convert at least one of them to synchronous signal, or get rid of at least one of those.
Often, the use of "initial" value will help you get rid of one of the asynchronous set/reset signals.
CRITICAL WARNING: [Netlist 29-358] Reg 'SystolicCore0/mem2serial_transfer_pc/pmatrix_reg[0][12][6]' of type 'FDCP' cannot be timed accurately. Hardware behavior may be unpredictable. Use check_timing command for more information.
Resolution: Recode your design, so that you do not depend on both asynchronous set and reset for your desired functionality.
Convert at least one of them to synchronous signal, or get rid of at least one of those.
Often, the use of "initial" value will help you get rid of one of the asynchronous set/reset signals.
CRITICAL WARNING: [Netlist 29-358] Reg 'SystolicCore0/mem2serial_transfer_pc/pmatrix_reg[0][12][7]' of type 'FDCP' cannot be timed accurately. Hardware behavior may be unpredictable. Use check_timing command for more information.
Resolution: Recode your design, so that you do not depend on both asynchronous set and reset for your desired functionality.
Convert at least one of them to synchronous signal, or get rid of at least one of those.
Often, the use of "initial" value will help you get rid of one of the asynchronous set/reset signals.
CRITICAL WARNING: [Netlist 29-358] Reg 'SystolicCore0/mem2serial_transfer_pc/pmatrix_reg[0][13][0]' of type 'FDCP' cannot be timed accurately. Hardware behavior may be unpredictable. Use check_timing command for more information.
Resolution: Recode your design, so that you do not depend on both asynchronous set and reset for your desired functionality.
Convert at least one of them to synchronous signal, or get rid of at least one of those.
Often, the use of "initial" value will help you get rid of one of the asynchronous set/reset signals.
CRITICAL WARNING: [Netlist 29-358] Reg 'SystolicCore0/mem2serial_transfer_pc/pmatrix_reg[0][13][1]' of type 'FDCP' cannot be timed accurately. Hardware behavior may be unpredictable. Use check_timing command for more information.
Resolution: Recode your design, so that you do not depend on both asynchronous set and reset for your desired functionality.
Convert at least one of them to synchronous signal, or get rid of at least one of those.
Often, the use of "initial" value will help you get rid of one of the asynchronous set/reset signals.
CRITICAL WARNING: [Netlist 29-358] Reg 'SystolicCore0/mem2serial_transfer_pc/pmatrix_reg[0][13][2]' of type 'FDCP' cannot be timed accurately. Hardware behavior may be unpredictable. Use check_timing command for more information.
Resolution: Recode your design, so that you do not depend on both asynchronous set and reset for your desired functionality.
Convert at least one of them to synchronous signal, or get rid of at least one of those.
Often, the use of "initial" value will help you get rid of one of the asynchronous set/reset signals.
CRITICAL WARNING: [Netlist 29-358] Reg 'SystolicCore0/mem2serial_transfer_pc/pmatrix_reg[0][13][3]' of type 'FDCP' cannot be timed accurately. Hardware behavior may be unpredictable. Use check_timing command for more information.
Resolution: Recode your design, so that you do not depend on both asynchronous set and reset for your desired functionality.
Convert at least one of them to synchronous signal, or get rid of at least one of those.
Often, the use of "initial" value will help you get rid of one of the asynchronous set/reset signals.
CRITICAL WARNING: [Netlist 29-358] Reg 'SystolicCore0/mem2serial_transfer_pc/pmatrix_reg[0][13][4]' of type 'FDCP' cannot be timed accurately. Hardware behavior may be unpredictable. Use check_timing command for more information.
Resolution: Recode your design, so that you do not depend on both asynchronous set and reset for your desired functionality.
Convert at least one of them to synchronous signal, or get rid of at least one of those.
Often, the use of "initial" value will help you get rid of one of the asynchronous set/reset signals.
CRITICAL WARNING: [Netlist 29-358] Reg 'SystolicCore0/mem2serial_transfer_pc/pmatrix_reg[0][13][5]' of type 'FDCP' cannot be timed accurately. Hardware behavior may be unpredictable. Use check_timing command for more information.
Resolution: Recode your design, so that you do not depend on both asynchronous set and reset for your desired functionality.
Convert at least one of them to synchronous signal, or get rid of at least one of those.
Often, the use of "initial" value will help you get rid of one of the asynchronous set/reset signals.
CRITICAL WARNING: [Netlist 29-358] Reg 'SystolicCore0/mem2serial_transfer_pc/pmatrix_reg[0][13][6]' of type 'FDCP' cannot be timed accurately. Hardware behavior may be unpredictable. Use check_timing command for more information.
Resolution: Recode your design, so that you do not depend on both asynchronous set and reset for your desired functionality.
Convert at least one of them to synchronous signal, or get rid of at least one of those.
Often, the use of "initial" value will help you get rid of one of the asynchronous set/reset signals.
CRITICAL WARNING: [Netlist 29-358] Reg 'SystolicCore0/mem2serial_transfer_pc/pmatrix_reg[0][13][7]' of type 'FDCP' cannot be timed accurately. Hardware behavior may be unpredictable. Use check_timing command for more information.
Resolution: Recode your design, so that you do not depend on both asynchronous set and reset for your desired functionality.
Convert at least one of them to synchronous signal, or get rid of at least one of those.
Often, the use of "initial" value will help you get rid of one of the asynchronous set/reset signals.
CRITICAL WARNING: [Netlist 29-358] Reg 'SystolicCore0/mem2serial_transfer_pc/pmatrix_reg[0][14][0]' of type 'FDCP' cannot be timed accurately. Hardware behavior may be unpredictable. Use check_timing command for more information.
Resolution: Recode your design, so that you do not depend on both asynchronous set and reset for your desired functionality.
Convert at least one of them to synchronous signal, or get rid of at least one of those.
Often, the use of "initial" value will help you get rid of one of the asynchronous set/reset signals.
CRITICAL WARNING: [Netlist 29-358] Reg 'SystolicCore0/mem2serial_transfer_pc/pmatrix_reg[0][14][1]' of type 'FDCP' cannot be timed accurately. Hardware behavior may be unpredictable. Use check_timing command for more information.
Resolution: Recode your design, so that you do not depend on both asynchronous set and reset for your desired functionality.
Convert at least one of them to synchronous signal, or get rid of at least one of those.
Often, the use of "initial" value will help you get rid of one of the asynchronous set/reset signals.
CRITICAL WARNING: [Netlist 29-358] Reg 'SystolicCore0/mem2serial_transfer_pc/pmatrix_reg[0][14][2]' of type 'FDCP' cannot be timed accurately. Hardware behavior may be unpredictable. Use check_timing command for more information.
Resolution: Recode your design, so that you do not depend on both asynchronous set and reset for your desired functionality.
Convert at least one of them to synchronous signal, or get rid of at least one of those.
Often, the use of "initial" value will help you get rid of one of the asynchronous set/reset signals.
CRITICAL WARNING: [Netlist 29-358] Reg 'SystolicCore0/mem2serial_transfer_pc/pmatrix_reg[0][14][3]' of type 'FDCP' cannot be timed accurately. Hardware behavior may be unpredictable. Use check_timing command for more information.
Resolution: Recode your design, so that you do not depend on both asynchronous set and reset for your desired functionality.
Convert at least one of them to synchronous signal, or get rid of at least one of those.
Often, the use of "initial" value will help you get rid of one of the asynchronous set/reset signals.
CRITICAL WARNING: [Netlist 29-358] Reg 'SystolicCore0/mem2serial_transfer_pc/pmatrix_reg[0][14][4]' of type 'FDCP' cannot be timed accurately. Hardware behavior may be unpredictable. Use check_timing command for more information.
Resolution: Recode your design, so that you do not depend on both asynchronous set and reset for your desired functionality.
Convert at least one of them to synchronous signal, or get rid of at least one of those.
Often, the use of "initial" value will help you get rid of one of the asynchronous set/reset signals.
CRITICAL WARNING: [Netlist 29-358] Reg 'SystolicCore0/mem2serial_transfer_pc/pmatrix_reg[0][14][5]' of type 'FDCP' cannot be timed accurately. Hardware behavior may be unpredictable. Use check_timing command for more information.
Resolution: Recode your design, so that you do not depend on both asynchronous set and reset for your desired functionality.
Convert at least one of them to synchronous signal, or get rid of at least one of those.
Often, the use of "initial" value will help you get rid of one of the asynchronous set/reset signals.
CRITICAL WARNING: [Netlist 29-358] Reg 'SystolicCore0/mem2serial_transfer_pc/pmatrix_reg[0][14][6]' of type 'FDCP' cannot be timed accurately. Hardware behavior may be unpredictable. Use check_timing command for more information.
Resolution: Recode your design, so that you do not depend on both asynchronous set and reset for your desired functionality.
Convert at least one of them to synchronous signal, or get rid of at least one of those.
Often, the use of "initial" value will help you get rid of one of the asynchronous set/reset signals.
CRITICAL WARNING: [Netlist 29-358] Reg 'SystolicCore0/mem2serial_transfer_pc/pmatrix_reg[0][14][7]' of type 'FDCP' cannot be timed accurately. Hardware behavior may be unpredictable. Use check_timing command for more information.
Resolution: Recode your design, so that you do not depend on both asynchronous set and reset for your desired functionality.
Convert at least one of them to synchronous signal, or get rid of at least one of those.
Often, the use of "initial" value will help you get rid of one of the asynchronous set/reset signals.
CRITICAL WARNING: [Netlist 29-358] Reg 'SystolicCore0/mem2serial_transfer_pc/pmatrix_reg[0][15][0]' of type 'FDCP' cannot be timed accurately. Hardware behavior may be unpredictable. Use check_timing command for more information.
Resolution: Recode your design, so that you do not depend on both asynchronous set and reset for your desired functionality.
Convert at least one of them to synchronous signal, or get rid of at least one of those.
Often, the use of "initial" value will help you get rid of one of the asynchronous set/reset signals.
CRITICAL WARNING: [Netlist 29-358] Reg 'SystolicCore0/mem2serial_transfer_pc/pmatrix_reg[0][15][1]' of type 'FDCP' cannot be timed accurately. Hardware behavior may be unpredictable. Use check_timing command for more information.
Resolution: Recode your design, so that you do not depend on both asynchronous set and reset for your desired functionality.
Convert at least one of them to synchronous signal, or get rid of at least one of those.
Often, the use of "initial" value will help you get rid of one of the asynchronous set/reset signals.
CRITICAL WARNING: [Netlist 29-358] Reg 'SystolicCore0/mem2serial_transfer_pc/pmatrix_reg[0][15][2]' of type 'FDCP' cannot be timed accurately. Hardware behavior may be unpredictable. Use check_timing command for more information.
Resolution: Recode your design, so that you do not depend on both asynchronous set and reset for your desired functionality.
Convert at least one of them to synchronous signal, or get rid of at least one of those.
Often, the use of "initial" value will help you get rid of one of the asynchronous set/reset signals.
CRITICAL WARNING: [Netlist 29-358] Reg 'SystolicCore0/mem2serial_transfer_pc/pmatrix_reg[0][15][3]' of type 'FDCP' cannot be timed accurately. Hardware behavior may be unpredictable. Use check_timing command for more information.
Resolution: Recode your design, so that you do not depend on both asynchronous set and reset for your desired functionality.
Convert at least one of them to synchronous signal, or get rid of at least one of those.
Often, the use of "initial" value will help you get rid of one of the asynchronous set/reset signals.
CRITICAL WARNING: [Netlist 29-358] Reg 'SystolicCore0/mem2serial_transfer_pc/pmatrix_reg[0][15][4]' of type 'FDCP' cannot be timed accurately. Hardware behavior may be unpredictable. Use check_timing command for more information.
Resolution: Recode your design, so that you do not depend on both asynchronous set and reset for your desired functionality.
Convert at least one of them to synchronous signal, or get rid of at least one of those.
Often, the use of "initial" value will help you get rid of one of the asynchronous set/reset signals.
CRITICAL WARNING: [Netlist 29-358] Reg 'SystolicCore0/mem2serial_transfer_pc/pmatrix_reg[0][15][5]' of type 'FDCP' cannot be timed accurately. Hardware behavior may be unpredictable. Use check_timing command for more information.
Resolution: Recode your design, so that you do not depend on both asynchronous set and reset for your desired functionality.
Convert at least one of them to synchronous signal, or get rid of at least one of those.
Often, the use of "initial" value will help you get rid of one of the asynchronous set/reset signals.
CRITICAL WARNING: [Netlist 29-358] Reg 'SystolicCore0/mem2serial_transfer_pc/pmatrix_reg[0][15][6]' of type 'FDCP' cannot be timed accurately. Hardware behavior may be unpredictable. Use check_timing command for more information.
Resolution: Recode your design, so that you do not depend on both asynchronous set and reset for your desired functionality.
Convert at least one of them to synchronous signal, or get rid of at least one of those.
Often, the use of "initial" value will help you get rid of one of the asynchronous set/reset signals.
CRITICAL WARNING: [Netlist 29-358] Reg 'SystolicCore0/mem2serial_transfer_pc/pmatrix_reg[0][15][7]' of type 'FDCP' cannot be timed accurately. Hardware behavior may be unpredictable. Use check_timing command for more information.
Resolution: Recode your design, so that you do not depend on both asynchronous set and reset for your desired functionality.
Convert at least one of them to synchronous signal, or get rid of at least one of those.
Often, the use of "initial" value will help you get rid of one of the asynchronous set/reset signals.
CRITICAL WARNING: [Netlist 29-358] Reg 'SystolicCore0/mem2serial_transfer_pc/pmatrix_reg[0][1][0]' of type 'FDCP' cannot be timed accurately. Hardware behavior may be unpredictable. Use check_timing command for more information.
Resolution: Recode your design, so that you do not depend on both asynchronous set and reset for your desired functionality.
Convert at least one of them to synchronous signal, or get rid of at least one of those.
Often, the use of "initial" value will help you get rid of one of the asynchronous set/reset signals.
CRITICAL WARNING: [Netlist 29-358] Reg 'SystolicCore0/mem2serial_transfer_pc/pmatrix_reg[0][1][1]' of type 'FDCP' cannot be timed accurately. Hardware behavior may be unpredictable. Use check_timing command for more information.
Resolution: Recode your design, so that you do not depend on both asynchronous set and reset for your desired functionality.
Convert at least one of them to synchronous signal, or get rid of at least one of those.
Often, the use of "initial" value will help you get rid of one of the asynchronous set/reset signals.
CRITICAL WARNING: [Netlist 29-358] Reg 'SystolicCore0/mem2serial_transfer_pc/pmatrix_reg[0][1][2]' of type 'FDCP' cannot be timed accurately. Hardware behavior may be unpredictable. Use check_timing command for more information.
Resolution: Recode your design, so that you do not depend on both asynchronous set and reset for your desired functionality.
Convert at least one of them to synchronous signal, or get rid of at least one of those.
Often, the use of "initial" value will help you get rid of one of the asynchronous set/reset signals.
CRITICAL WARNING: [Netlist 29-358] Reg 'SystolicCore0/mem2serial_transfer_pc/pmatrix_reg[0][1][3]' of type 'FDCP' cannot be timed accurately. Hardware behavior may be unpredictable. Use check_timing command for more information.
Resolution: Recode your design, so that you do not depend on both asynchronous set and reset for your desired functionality.
Convert at least one of them to synchronous signal, or get rid of at least one of those.
Often, the use of "initial" value will help you get rid of one of the asynchronous set/reset signals.
CRITICAL WARNING: [Netlist 29-358] Reg 'SystolicCore0/mem2serial_transfer_pc/pmatrix_reg[0][1][4]' of type 'FDCP' cannot be timed accurately. Hardware behavior may be unpredictable. Use check_timing command for more information.
Resolution: Recode your design, so that you do not depend on both asynchronous set and reset for your desired functionality.
Convert at least one of them to synchronous signal, or get rid of at least one of those.
Often, the use of "initial" value will help you get rid of one of the asynchronous set/reset signals.
CRITICAL WARNING: [Netlist 29-358] Reg 'SystolicCore0/mem2serial_transfer_pc/pmatrix_reg[0][1][5]' of type 'FDCP' cannot be timed accurately. Hardware behavior may be unpredictable. Use check_timing command for more information.
Resolution: Recode your design, so that you do not depend on both asynchronous set and reset for your desired functionality.
Convert at least one of them to synchronous signal, or get rid of at least one of those.
Often, the use of "initial" value will help you get rid of one of the asynchronous set/reset signals.
CRITICAL WARNING: [Netlist 29-358] Reg 'SystolicCore0/mem2serial_transfer_pc/pmatrix_reg[0][1][6]' of type 'FDCP' cannot be timed accurately. Hardware behavior may be unpredictable. Use check_timing command for more information.
Resolution: Recode your design, so that you do not depend on both asynchronous set and reset for your desired functionality.
Convert at least one of them to synchronous signal, or get rid of at least one of those.
Often, the use of "initial" value will help you get rid of one of the asynchronous set/reset signals.
CRITICAL WARNING: [Netlist 29-358] Reg 'SystolicCore0/mem2serial_transfer_pc/pmatrix_reg[0][1][7]' of type 'FDCP' cannot be timed accurately. Hardware behavior may be unpredictable. Use check_timing command for more information.
Resolution: Recode your design, so that you do not depend on both asynchronous set and reset for your desired functionality.
Convert at least one of them to synchronous signal, or get rid of at least one of those.
Often, the use of "initial" value will help you get rid of one of the asynchronous set/reset signals.
CRITICAL WARNING: [Netlist 29-358] Reg 'SystolicCore0/mem2serial_transfer_pc/pmatrix_reg[0][2][0]' of type 'FDCP' cannot be timed accurately. Hardware behavior may be unpredictable. Use check_timing command for more information.
Resolution: Recode your design, so that you do not depend on both asynchronous set and reset for your desired functionality.
Convert at least one of them to synchronous signal, or get rid of at least one of those.
Often, the use of "initial" value will help you get rid of one of the asynchronous set/reset signals.
CRITICAL WARNING: [Netlist 29-358] Reg 'SystolicCore0/mem2serial_transfer_pc/pmatrix_reg[0][2][1]' of type 'FDCP' cannot be timed accurately. Hardware behavior may be unpredictable. Use check_timing command for more information.
Resolution: Recode your design, so that you do not depend on both asynchronous set and reset for your desired functionality.
Convert at least one of them to synchronous signal, or get rid of at least one of those.
Often, the use of "initial" value will help you get rid of one of the asynchronous set/reset signals.
CRITICAL WARNING: [Netlist 29-358] Reg 'SystolicCore0/mem2serial_transfer_pc/pmatrix_reg[0][2][2]' of type 'FDCP' cannot be timed accurately. Hardware behavior may be unpredictable. Use check_timing command for more information.
Resolution: Recode your design, so that you do not depend on both asynchronous set and reset for your desired functionality.
Convert at least one of them to synchronous signal, or get rid of at least one of those.
Often, the use of "initial" value will help you get rid of one of the asynchronous set/reset signals.
CRITICAL WARNING: [Netlist 29-358] Reg 'SystolicCore0/mem2serial_transfer_pc/pmatrix_reg[0][2][3]' of type 'FDCP' cannot be timed accurately. Hardware behavior may be unpredictable. Use check_timing command for more information.
Resolution: Recode your design, so that you do not depend on both asynchronous set and reset for your desired functionality.
Convert at least one of them to synchronous signal, or get rid of at least one of those.
Often, the use of "initial" value will help you get rid of one of the asynchronous set/reset signals.
CRITICAL WARNING: [Netlist 29-358] Reg 'SystolicCore0/mem2serial_transfer_pc/pmatrix_reg[0][2][4]' of type 'FDCP' cannot be timed accurately. Hardware behavior may be unpredictable. Use check_timing command for more information.
Resolution: Recode your design, so that you do not depend on both asynchronous set and reset for your desired functionality.
Convert at least one of them to synchronous signal, or get rid of at least one of those.
Often, the use of "initial" value will help you get rid of one of the asynchronous set/reset signals.
CRITICAL WARNING: [Netlist 29-358] Reg 'SystolicCore0/mem2serial_transfer_pc/pmatrix_reg[0][2][5]' of type 'FDCP' cannot be timed accurately. Hardware behavior may be unpredictable. Use check_timing command for more information.
Resolution: Recode your design, so that you do not depend on both asynchronous set and reset for your desired functionality.
Convert at least one of them to synchronous signal, or get rid of at least one of those.
Often, the use of "initial" value will help you get rid of one of the asynchronous set/reset signals.
CRITICAL WARNING: [Netlist 29-358] Reg 'SystolicCore0/mem2serial_transfer_pc/pmatrix_reg[0][2][6]' of type 'FDCP' cannot be timed accurately. Hardware behavior may be unpredictable. Use check_timing command for more information.
Resolution: Recode your design, so that you do not depend on both asynchronous set and reset for your desired functionality.
Convert at least one of them to synchronous signal, or get rid of at least one of those.
Often, the use of "initial" value will help you get rid of one of the asynchronous set/reset signals.
CRITICAL WARNING: [Netlist 29-358] Reg 'SystolicCore0/mem2serial_transfer_pc/pmatrix_reg[0][2][7]' of type 'FDCP' cannot be timed accurately. Hardware behavior may be unpredictable. Use check_timing command for more information.
Resolution: Recode your design, so that you do not depend on both asynchronous set and reset for your desired functionality.
Convert at least one of them to synchronous signal, or get rid of at least one of those.
Often, the use of "initial" value will help you get rid of one of the asynchronous set/reset signals.
CRITICAL WARNING: [Netlist 29-358] Reg 'SystolicCore0/mem2serial_transfer_pc/pmatrix_reg[0][3][0]' of type 'FDCP' cannot be timed accurately. Hardware behavior may be unpredictable. Use check_timing command for more information.
Resolution: Recode your design, so that you do not depend on both asynchronous set and reset for your desired functionality.
Convert at least one of them to synchronous signal, or get rid of at least one of those.
Often, the use of "initial" value will help you get rid of one of the asynchronous set/reset signals.
CRITICAL WARNING: [Netlist 29-358] Reg 'SystolicCore0/mem2serial_transfer_pc/pmatrix_reg[0][3][1]' of type 'FDCP' cannot be timed accurately. Hardware behavior may be unpredictable. Use check_timing command for more information.
Resolution: Recode your design, so that you do not depend on both asynchronous set and reset for your desired functionality.
Convert at least one of them to synchronous signal, or get rid of at least one of those.
Often, the use of "initial" value will help you get rid of one of the asynchronous set/reset signals.
CRITICAL WARNING: [Netlist 29-358] Reg 'SystolicCore0/mem2serial_transfer_pc/pmatrix_reg[0][3][2]' of type 'FDCP' cannot be timed accurately. Hardware behavior may be unpredictable. Use check_timing command for more information.
Resolution: Recode your design, so that you do not depend on both asynchronous set and reset for your desired functionality.
Convert at least one of them to synchronous signal, or get rid of at least one of those.
Often, the use of "initial" value will help you get rid of one of the asynchronous set/reset signals.
CRITICAL WARNING: [Netlist 29-358] Reg 'SystolicCore0/mem2serial_transfer_pc/pmatrix_reg[0][3][3]' of type 'FDCP' cannot be timed accurately. Hardware behavior may be unpredictable. Use check_timing command for more information.
Resolution: Recode your design, so that you do not depend on both asynchronous set and reset for your desired functionality.
Convert at least one of them to synchronous signal, or get rid of at least one of those.
Often, the use of "initial" value will help you get rid of one of the asynchronous set/reset signals.
CRITICAL WARNING: [Netlist 29-358] Reg 'SystolicCore0/mem2serial_transfer_pc/pmatrix_reg[0][3][4]' of type 'FDCP' cannot be timed accurately. Hardware behavior may be unpredictable. Use check_timing command for more information.
Resolution: Recode your design, so that you do not depend on both asynchronous set and reset for your desired functionality.
Convert at least one of them to synchronous signal, or get rid of at least one of those.
Often, the use of "initial" value will help you get rid of one of the asynchronous set/reset signals.
CRITICAL WARNING: [Netlist 29-358] Reg 'SystolicCore0/mem2serial_transfer_pc/pmatrix_reg[0][3][5]' of type 'FDCP' cannot be timed accurately. Hardware behavior may be unpredictable. Use check_timing command for more information.
Resolution: Recode your design, so that you do not depend on both asynchronous set and reset for your desired functionality.
Convert at least one of them to synchronous signal, or get rid of at least one of those.
Often, the use of "initial" value will help you get rid of one of the asynchronous set/reset signals.
CRITICAL WARNING: [Netlist 29-358] Reg 'SystolicCore0/mem2serial_transfer_pc/pmatrix_reg[0][3][6]' of type 'FDCP' cannot be timed accurately. Hardware behavior may be unpredictable. Use check_timing command for more information.
Resolution: Recode your design, so that you do not depend on both asynchronous set and reset for your desired functionality.
Convert at least one of them to synchronous signal, or get rid of at least one of those.
Often, the use of "initial" value will help you get rid of one of the asynchronous set/reset signals.
CRITICAL WARNING: [Netlist 29-358] Reg 'SystolicCore0/mem2serial_transfer_pc/pmatrix_reg[0][3][7]' of type 'FDCP' cannot be timed accurately. Hardware behavior may be unpredictable. Use check_timing command for more information.
Resolution: Recode your design, so that you do not depend on both asynchronous set and reset for your desired functionality.
Convert at least one of them to synchronous signal, or get rid of at least one of those.
Often, the use of "initial" value will help you get rid of one of the asynchronous set/reset signals.
CRITICAL WARNING: [Netlist 29-358] Reg 'SystolicCore0/mem2serial_transfer_pc/pmatrix_reg[0][4][0]' of type 'FDCP' cannot be timed accurately. Hardware behavior may be unpredictable. Use check_timing command for more information.
Resolution: Recode your design, so that you do not depend on both asynchronous set and reset for your desired functionality.
Convert at least one of them to synchronous signal, or get rid of at least one of those.
Often, the use of "initial" value will help you get rid of one of the asynchronous set/reset signals.
CRITICAL WARNING: [Netlist 29-358] Reg 'SystolicCore0/mem2serial_transfer_pc/pmatrix_reg[0][4][1]' of type 'FDCP' cannot be timed accurately. Hardware behavior may be unpredictable. Use check_timing command for more information.
Resolution: Recode your design, so that you do not depend on both asynchronous set and reset for your desired functionality.
Convert at least one of them to synchronous signal, or get rid of at least one of those.
Often, the use of "initial" value will help you get rid of one of the asynchronous set/reset signals.
CRITICAL WARNING: [Netlist 29-358] Reg 'SystolicCore0/mem2serial_transfer_pc/pmatrix_reg[0][4][2]' of type 'FDCP' cannot be timed accurately. Hardware behavior may be unpredictable. Use check_timing command for more information.
Resolution: Recode your design, so that you do not depend on both asynchronous set and reset for your desired functionality.
Convert at least one of them to synchronous signal, or get rid of at least one of those.
Often, the use of "initial" value will help you get rid of one of the asynchronous set/reset signals.
CRITICAL WARNING: [Netlist 29-358] Reg 'SystolicCore0/mem2serial_transfer_pc/pmatrix_reg[0][4][3]' of type 'FDCP' cannot be timed accurately. Hardware behavior may be unpredictable. Use check_timing command for more information.
Resolution: Recode your design, so that you do not depend on both asynchronous set and reset for your desired functionality.
Convert at least one of them to synchronous signal, or get rid of at least one of those.
Often, the use of "initial" value will help you get rid of one of the asynchronous set/reset signals.
CRITICAL WARNING: [Netlist 29-358] Reg 'SystolicCore0/mem2serial_transfer_pc/pmatrix_reg[0][4][4]' of type 'FDCP' cannot be timed accurately. Hardware behavior may be unpredictable. Use check_timing command for more information.
Resolution: Recode your design, so that you do not depend on both asynchronous set and reset for your desired functionality.
Convert at least one of them to synchronous signal, or get rid of at least one of those.
Often, the use of "initial" value will help you get rid of one of the asynchronous set/reset signals.
CRITICAL WARNING: [Netlist 29-358] Reg 'SystolicCore0/mem2serial_transfer_pc/pmatrix_reg[0][4][5]' of type 'FDCP' cannot be timed accurately. Hardware behavior may be unpredictable. Use check_timing command for more information.
Resolution: Recode your design, so that you do not depend on both asynchronous set and reset for your desired functionality.
Convert at least one of them to synchronous signal, or get rid of at least one of those.
Often, the use of "initial" value will help you get rid of one of the asynchronous set/reset signals.
CRITICAL WARNING: [Netlist 29-358] Reg 'SystolicCore0/mem2serial_transfer_pc/pmatrix_reg[0][4][6]' of type 'FDCP' cannot be timed accurately. Hardware behavior may be unpredictable. Use check_timing command for more information.
Resolution: Recode your design, so that you do not depend on both asynchronous set and reset for your desired functionality.
Convert at least one of them to synchronous signal, or get rid of at least one of those.
Often, the use of "initial" value will help you get rid of one of the asynchronous set/reset signals.
CRITICAL WARNING: [Netlist 29-358] Reg 'SystolicCore0/mem2serial_transfer_pc/pmatrix_reg[0][4][7]' of type 'FDCP' cannot be timed accurately. Hardware behavior may be unpredictable. Use check_timing command for more information.
Resolution: Recode your design, so that you do not depend on both asynchronous set and reset for your desired functionality.
Convert at least one of them to synchronous signal, or get rid of at least one of those.
Often, the use of "initial" value will help you get rid of one of the asynchronous set/reset signals.
CRITICAL WARNING: [Netlist 29-358] Reg 'SystolicCore0/mem2serial_transfer_pc/pmatrix_reg[0][5][0]' of type 'FDCP' cannot be timed accurately. Hardware behavior may be unpredictable. Use check_timing command for more information.
Resolution: Recode your design, so that you do not depend on both asynchronous set and reset for your desired functionality.
Convert at least one of them to synchronous signal, or get rid of at least one of those.
Often, the use of "initial" value will help you get rid of one of the asynchronous set/reset signals.
CRITICAL WARNING: [Netlist 29-358] Reg 'SystolicCore0/mem2serial_transfer_pc/pmatrix_reg[0][5][1]' of type 'FDCP' cannot be timed accurately. Hardware behavior may be unpredictable. Use check_timing command for more information.
Resolution: Recode your design, so that you do not depend on both asynchronous set and reset for your desired functionality.
Convert at least one of them to synchronous signal, or get rid of at least one of those.
Often, the use of "initial" value will help you get rid of one of the asynchronous set/reset signals.
CRITICAL WARNING: [Netlist 29-358] Reg 'SystolicCore0/mem2serial_transfer_pc/pmatrix_reg[0][5][2]' of type 'FDCP' cannot be timed accurately. Hardware behavior may be unpredictable. Use check_timing command for more information.
Resolution: Recode your design, so that you do not depend on both asynchronous set and reset for your desired functionality.
Convert at least one of them to synchronous signal, or get rid of at least one of those.
Often, the use of "initial" value will help you get rid of one of the asynchronous set/reset signals.
CRITICAL WARNING: [Netlist 29-358] Reg 'SystolicCore0/mem2serial_transfer_pc/pmatrix_reg[0][5][3]' of type 'FDCP' cannot be timed accurately. Hardware behavior may be unpredictable. Use check_timing command for more information.
Resolution: Recode your design, so that you do not depend on both asynchronous set and reset for your desired functionality.
Convert at least one of them to synchronous signal, or get rid of at least one of those.
Often, the use of "initial" value will help you get rid of one of the asynchronous set/reset signals.
CRITICAL WARNING: [Netlist 29-358] Reg 'SystolicCore0/mem2serial_transfer_pc/pmatrix_reg[0][5][4]' of type 'FDCP' cannot be timed accurately. Hardware behavior may be unpredictable. Use check_timing command for more information.
Resolution: Recode your design, so that you do not depend on both asynchronous set and reset for your desired functionality.
Convert at least one of them to synchronous signal, or get rid of at least one of those.
Often, the use of "initial" value will help you get rid of one of the asynchronous set/reset signals.
CRITICAL WARNING: [Netlist 29-358] Reg 'SystolicCore0/mem2serial_transfer_pc/pmatrix_reg[0][5][5]' of type 'FDCP' cannot be timed accurately. Hardware behavior may be unpredictable. Use check_timing command for more information.
Resolution: Recode your design, so that you do not depend on both asynchronous set and reset for your desired functionality.
Convert at least one of them to synchronous signal, or get rid of at least one of those.
Often, the use of "initial" value will help you get rid of one of the asynchronous set/reset signals.
CRITICAL WARNING: [Netlist 29-358] Reg 'SystolicCore0/mem2serial_transfer_pc/pmatrix_reg[0][5][6]' of type 'FDCP' cannot be timed accurately. Hardware behavior may be unpredictable. Use check_timing command for more information.
Resolution: Recode your design, so that you do not depend on both asynchronous set and reset for your desired functionality.
Convert at least one of them to synchronous signal, or get rid of at least one of those.
Often, the use of "initial" value will help you get rid of one of the asynchronous set/reset signals.
CRITICAL WARNING: [Netlist 29-358] Reg 'SystolicCore0/mem2serial_transfer_pc/pmatrix_reg[0][5][7]' of type 'FDCP' cannot be timed accurately. Hardware behavior may be unpredictable. Use check_timing command for more information.
Resolution: Recode your design, so that you do not depend on both asynchronous set and reset for your desired functionality.
Convert at least one of them to synchronous signal, or get rid of at least one of those.
Often, the use of "initial" value will help you get rid of one of the asynchronous set/reset signals.
CRITICAL WARNING: [Netlist 29-358] Reg 'SystolicCore0/mem2serial_transfer_pc/pmatrix_reg[0][6][0]' of type 'FDCP' cannot be timed accurately. Hardware behavior may be unpredictable. Use check_timing command for more information.
Resolution: Recode your design, so that you do not depend on both asynchronous set and reset for your desired functionality.
Convert at least one of them to synchronous signal, or get rid of at least one of those.
Often, the use of "initial" value will help you get rid of one of the asynchronous set/reset signals.
CRITICAL WARNING: [Netlist 29-358] Reg 'SystolicCore0/mem2serial_transfer_pc/pmatrix_reg[0][6][1]' of type 'FDCP' cannot be timed accurately. Hardware behavior may be unpredictable. Use check_timing command for more information.
Resolution: Recode your design, so that you do not depend on both asynchronous set and reset for your desired functionality.
Convert at least one of them to synchronous signal, or get rid of at least one of those.
Often, the use of "initial" value will help you get rid of one of the asynchronous set/reset signals.
CRITICAL WARNING: [Netlist 29-358] Reg 'SystolicCore0/mem2serial_transfer_pc/pmatrix_reg[0][6][2]' of type 'FDCP' cannot be timed accurately. Hardware behavior may be unpredictable. Use check_timing command for more information.
Resolution: Recode your design, so that you do not depend on both asynchronous set and reset for your desired functionality.
Convert at least one of them to synchronous signal, or get rid of at least one of those.
Often, the use of "initial" value will help you get rid of one of the asynchronous set/reset signals.
CRITICAL WARNING: [Netlist 29-358] Reg 'SystolicCore0/mem2serial_transfer_pc/pmatrix_reg[0][6][3]' of type 'FDCP' cannot be timed accurately. Hardware behavior may be unpredictable. Use check_timing command for more information.
Resolution: Recode your design, so that you do not depend on both asynchronous set and reset for your desired functionality.
Convert at least one of them to synchronous signal, or get rid of at least one of those.
Often, the use of "initial" value will help you get rid of one of the asynchronous set/reset signals.
INFO: [Common 17-14] Message 'Netlist 29-358' appears 100 times and further instances of the messages will be disabled. Use the Tcl command set_msg_config to change the current settings.
INFO: [Netlist 29-28] Unisim Transformation completed in 0 CPU seconds
INFO: [Project 1-479] Netlist was created with Vivado 2025.2
INFO: [Project 1-570] Preparing netlist for logic optimization
Read ShapeDB Complete: Time (s): cpu = 00:00:00.02 ; elapsed = 00:00:00.02 . Memory (MB): peak = 13396.914 ; gain = 0.000 ; free physical = 8011 ; free virtual = 49191
INFO: [Timing 38-478] Restoring timing data from binary archive.
INFO: [Timing 38-479] Binary timing data restore complete.
INFO: [Project 1-856] Restoring constraints from binary archive.
INFO: [Project 1-853] Binary constraint restore complete.
INFO: [Designutils 20-5722] Start Reading Physical Databases.
Reading placement.
Read Netlist Cache: Time (s): cpu = 00:00:00.01 ; elapsed = 00:00:00.02 . Memory (MB): peak = 13720.703 ; gain = 0.000 ; free physical = 7608 ; free virtual = 48808
Reading placer database...
Read Device Cache: Time (s): cpu = 00:00:00.02 ; elapsed = 00:00:00.02 . Memory (MB): peak = 13720.703 ; gain = 0.000 ; free physical = 7607 ; free virtual = 48806
Read PlaceDB: Time (s): cpu = 00:00:01 ; elapsed = 00:00:01 . Memory (MB): peak = 13750.664 ; gain = 29.961 ; free physical = 7563 ; free virtual = 48761
Read PulsedLatchDB: Time (s): cpu = 00:00:00 ; elapsed = 00:00:00 . Memory (MB): peak = 13750.664 ; gain = 0.000 ; free physical = 7563 ; free virtual = 48761
Reading routing.
Read RouteStorage: Time (s): cpu = 00:00:04 ; elapsed = 00:00:04 . Memory (MB): peak = 14203.656 ; gain = 452.992 ; free physical = 7138 ; free virtual = 48336
Read Physdb Files: Time (s): cpu = 00:00:05 ; elapsed = 00:00:05 . Memory (MB): peak = 14203.656 ; gain = 482.953 ; free physical = 7138 ; free virtual = 48336
Restored from archive | CPU: 5.580000 secs | Memory: 443.329811 MB |
Finished XDEF File Restore: Time (s): cpu = 00:00:05 ; elapsed = 00:00:05 . Memory (MB): peak = 14203.656 ; gain = 482.953 ; free physical = 7138 ; free virtual = 48336
Netlist sorting complete. Time (s): cpu = 00:00:00.01 ; elapsed = 00:00:00 . Memory (MB): peak = 14203.656 ; gain = 0.000 ; free physical = 7138 ; free virtual = 48336
INFO: [Project 1-111] Unisim Transformation Summary:
  A total of 2092 instances were transformed.
  CFGLUT5 => CFGLUT5 (SRL16E, SRLC32E): 36 instances
  FDCP => FDCP (FDCE, FDPE, LDCE, LUT3, VCC): 2048 instances
  IBUF => IBUF (IBUFCTRL, INBUF): 1 instance 
  IBUFDS => IBUFDS (DIFFINBUF, IBUFCTRL): 1 instance 
  RAM32M16 => RAM32M16 (RAMD32(x14), RAMS32(x2)): 2 instances
  RAM32X1D => RAM32X1D (RAMD32(x2)): 4 instances

open_run: Time (s): cpu = 00:00:24 ; elapsed = 00:00:18 . Memory (MB): peak = 14802.992 ; gain = 2033.445 ; free physical = 6408 ; free virtual = 47629
CRITICAL WARNING: [Timing 38-282] The design failed to meet the timing requirements. Please see the timing summary report for details on the timing violations.
WARNING: [Timing 38-436] There are set_bus_skew constraint(s) in this design. Please run report_bus_skew to ensure that bus skew requirements are met.
close_design
close_design: Time (s): cpu = 00:00:09 ; elapsed = 00:00:09 . Memory (MB): peak = 15230.027 ; gain = 0.000 ; free physical = 6344 ; free virtual = 47514
open_run synth_1 -name synth_1
Design is defaulting to impl run constrset: constrs_1
Design is defaulting to synth run part: xczu7ev-ffvc1156-2-e
INFO: [Project 1-5699] Read binary netlist with skipMacroContent - 1
INFO: [Project 1-454] Reading design checkpoint '/home/xmen/Videos/RustDesk/SystolicCore/SystolicCore/SystolicCore/SystolicCore.gen/sources_1/ip/ram_dual_port/ram_dual_port.dcp' for cell 'SystolicCore0/serial2mem_opA/ram'
INFO: [Project 1-454] Reading design checkpoint '/home/xmen/Videos/RustDesk/SystolicCore/SystolicCore/SystolicCore/SystolicCore.gen/sources_1/ip/ila_3/ila_3.dcp' for cell 'SystolicCore0/systolicControlUnit_Global/your_instance_name'
INFO: [Project 1-454] Reading design checkpoint '/home/xmen/Videos/RustDesk/SystolicCore/SystolicCore/SystolicCore/SystolicCore.gen/sources_1/bd/design_1/ip/design_1_axi_gpio_0_0/design_1_axi_gpio_0_0.dcp' for cell 'design_1_i/axi_gpio_0'
INFO: [Project 1-454] Reading design checkpoint '/home/xmen/Videos/RustDesk/SystolicCore/SystolicCore/SystolicCore/SystolicCore.gen/sources_1/bd/design_1/ip/design_1_axi_smc_0/design_1_axi_smc_0.dcp' for cell 'design_1_i/axi_smc'
INFO: [Project 1-454] Reading design checkpoint '/home/xmen/Videos/RustDesk/SystolicCore/SystolicCore/SystolicCore/SystolicCore.gen/sources_1/bd/design_1/ip/design_1_rst_ps8_0_96M_0/design_1_rst_ps8_0_96M_0.dcp' for cell 'design_1_i/rst_ps8_0_96M'
INFO: [Project 1-454] Reading design checkpoint '/home/xmen/Videos/RustDesk/SystolicCore/SystolicCore/SystolicCore/SystolicCore.gen/sources_1/bd/design_1/ip/design_1_zynq_ultra_ps_e_0_0/design_1_zynq_ultra_ps_e_0_0.dcp' for cell 'design_1_i/zynq_ultra_ps_e_0'
Netlist sorting complete. Time (s): cpu = 00:00:00.13 ; elapsed = 00:00:00.12 . Memory (MB): peak = 15230.027 ; gain = 0.000 ; free physical = 6311 ; free virtual = 47482
INFO: [Netlist 29-17] Analyzing 2762 Unisim elements for replacement
INFO: [Netlist 29-28] Unisim Transformation completed in 0 CPU seconds
INFO: [Project 1-479] Netlist was created with Vivado 2025.2
INFO: [Project 1-570] Preparing netlist for logic optimization
INFO: [Chipscope 16-324] Core: SystolicCore0/systolicControlUnit_Global/your_instance_name UUID: f90ee68e-4842-522a-86f7-a946cbe314da 
Parsing XDC File [/home/xmen/Videos/RustDesk/SystolicCore/SystolicCore/SystolicCore/SystolicCore.gen/sources_1/bd/design_1/ip/design_1_zynq_ultra_ps_e_0_0/design_1_zynq_ultra_ps_e_0_0.xdc] for cell 'design_1_i/zynq_ultra_ps_e_0/inst'
Finished Parsing XDC File [/home/xmen/Videos/RustDesk/SystolicCore/SystolicCore/SystolicCore/SystolicCore.gen/sources_1/bd/design_1/ip/design_1_zynq_ultra_ps_e_0_0/design_1_zynq_ultra_ps_e_0_0.xdc] for cell 'design_1_i/zynq_ultra_ps_e_0/inst'
Parsing XDC File [/home/xmen/Videos/RustDesk/SystolicCore/SystolicCore/SystolicCore/SystolicCore.gen/sources_1/bd/design_1/ip/design_1_axi_gpio_0_0/design_1_axi_gpio_0_0_board.xdc] for cell 'design_1_i/axi_gpio_0/U0'
Finished Parsing XDC File [/home/xmen/Videos/RustDesk/SystolicCore/SystolicCore/SystolicCore/SystolicCore.gen/sources_1/bd/design_1/ip/design_1_axi_gpio_0_0/design_1_axi_gpio_0_0_board.xdc] for cell 'design_1_i/axi_gpio_0/U0'
Parsing XDC File [/home/xmen/Videos/RustDesk/SystolicCore/SystolicCore/SystolicCore/SystolicCore.gen/sources_1/bd/design_1/ip/design_1_axi_smc_0/bd_0/ip/ip_1/bd_afc3_psr_aclk_0_board.xdc] for cell 'design_1_i/axi_smc/inst/clk_map/psr_aclk/U0'
Finished Parsing XDC File [/home/xmen/Videos/RustDesk/SystolicCore/SystolicCore/SystolicCore/SystolicCore.gen/sources_1/bd/design_1/ip/design_1_axi_smc_0/bd_0/ip/ip_1/bd_afc3_psr_aclk_0_board.xdc] for cell 'design_1_i/axi_smc/inst/clk_map/psr_aclk/U0'
Parsing XDC File [/home/xmen/Videos/RustDesk/SystolicCore/SystolicCore/SystolicCore/SystolicCore.gen/sources_1/bd/design_1/ip/design_1_axi_smc_0/smartconnect.xdc] for cell 'design_1_i/axi_smc/inst'
Finished Parsing XDC File [/home/xmen/Videos/RustDesk/SystolicCore/SystolicCore/SystolicCore/SystolicCore.gen/sources_1/bd/design_1/ip/design_1_axi_smc_0/smartconnect.xdc] for cell 'design_1_i/axi_smc/inst'
Parsing XDC File [/home/xmen/Videos/RustDesk/SystolicCore/SystolicCore/SystolicCore/SystolicCore.gen/sources_1/bd/design_1/ip/design_1_rst_ps8_0_96M_0/design_1_rst_ps8_0_96M_0_board.xdc] for cell 'design_1_i/rst_ps8_0_96M/U0'
Finished Parsing XDC File [/home/xmen/Videos/RustDesk/SystolicCore/SystolicCore/SystolicCore/SystolicCore.gen/sources_1/bd/design_1/ip/design_1_rst_ps8_0_96M_0/design_1_rst_ps8_0_96M_0_board.xdc] for cell 'design_1_i/rst_ps8_0_96M/U0'
Parsing XDC File [/home/xmen/Videos/RustDesk/SystolicCore/SystolicCore/SystolicCore/SystolicCore.gen/sources_1/ip/ila_3/ila_v6_2/constraints/ila_impl.xdc] for cell 'SystolicCore0/systolicControlUnit_Global/your_instance_name/inst'
WARNING: [Vivado_Tcl 4-921] Waiver ID 'CDC-10' -to list should not be empty. [/home/xmen/Videos/RustDesk/SystolicCore/SystolicCore/SystolicCore/SystolicCore.gen/sources_1/ip/ila_3/ila_v6_2/constraints/ila_impl.xdc:31]
Finished Parsing XDC File [/home/xmen/Videos/RustDesk/SystolicCore/SystolicCore/SystolicCore/SystolicCore.gen/sources_1/ip/ila_3/ila_v6_2/constraints/ila_impl.xdc] for cell 'SystolicCore0/systolicControlUnit_Global/your_instance_name/inst'
Parsing XDC File [/home/xmen/Videos/RustDesk/SystolicCore/SystolicCore/SystolicCore/SystolicCore.gen/sources_1/ip/ila_3/ila_v6_2/constraints/ila.xdc] for cell 'SystolicCore0/systolicControlUnit_Global/your_instance_name/inst'
WARNING: [Vivado_Tcl 4-921] Waiver ID 'CDC-10' -to list should not be empty. [/home/xmen/Videos/RustDesk/SystolicCore/SystolicCore/SystolicCore/SystolicCore.gen/sources_1/ip/ila_3/ila_v6_2/constraints/ila.xdc:108]
Finished Parsing XDC File [/home/xmen/Videos/RustDesk/SystolicCore/SystolicCore/SystolicCore/SystolicCore.gen/sources_1/ip/ila_3/ila_v6_2/constraints/ila.xdc] for cell 'SystolicCore0/systolicControlUnit_Global/your_instance_name/inst'
Parsing XDC File [/home/xmen/Videos/RustDesk/SystolicCore/SystolicCore/xilinxdesignconstraint/Arty-A7-100-Master.xdc]
WARNING: [Vivado 12-584] No ports matched 'led_8bits_tri_o[0]'. [/home/xmen/Videos/RustDesk/SystolicCore/SystolicCore/xilinxdesignconstraint/Arty-A7-100-Master.xdc:5]
CRITICAL WARNING: [Common 17-55] 'set_property' expects at least one object. [/home/xmen/Videos/RustDesk/SystolicCore/SystolicCore/xilinxdesignconstraint/Arty-A7-100-Master.xdc:5]
Resolution: If [get_<value>] was used to populate the object, check to make sure this command returns at least one valid object.
WARNING: [Vivado 12-584] No ports matched 'led_8bits_tri_o[0]'. [/home/xmen/Videos/RustDesk/SystolicCore/SystolicCore/xilinxdesignconstraint/Arty-A7-100-Master.xdc:6]
CRITICAL WARNING: [Common 17-55] 'set_property' expects at least one object. [/home/xmen/Videos/RustDesk/SystolicCore/SystolicCore/xilinxdesignconstraint/Arty-A7-100-Master.xdc:6]
Resolution: If [get_<value>] was used to populate the object, check to make sure this command returns at least one valid object.
WARNING: [Vivado 12-584] No ports matched 'led_8bits_tri_o[1]'. [/home/xmen/Videos/RustDesk/SystolicCore/SystolicCore/xilinxdesignconstraint/Arty-A7-100-Master.xdc:7]
CRITICAL WARNING: [Common 17-55] 'set_property' expects at least one object. [/home/xmen/Videos/RustDesk/SystolicCore/SystolicCore/xilinxdesignconstraint/Arty-A7-100-Master.xdc:7]
Resolution: If [get_<value>] was used to populate the object, check to make sure this command returns at least one valid object.
WARNING: [Vivado 12-584] No ports matched 'led_8bits_tri_o[1]'. [/home/xmen/Videos/RustDesk/SystolicCore/SystolicCore/xilinxdesignconstraint/Arty-A7-100-Master.xdc:8]
CRITICAL WARNING: [Common 17-55] 'set_property' expects at least one object. [/home/xmen/Videos/RustDesk/SystolicCore/SystolicCore/xilinxdesignconstraint/Arty-A7-100-Master.xdc:8]
Resolution: If [get_<value>] was used to populate the object, check to make sure this command returns at least one valid object.
WARNING: [Vivado 12-584] No ports matched 'led_8bits_tri_o[2]'. [/home/xmen/Videos/RustDesk/SystolicCore/SystolicCore/xilinxdesignconstraint/Arty-A7-100-Master.xdc:9]
CRITICAL WARNING: [Common 17-55] 'set_property' expects at least one object. [/home/xmen/Videos/RustDesk/SystolicCore/SystolicCore/xilinxdesignconstraint/Arty-A7-100-Master.xdc:9]
Resolution: If [get_<value>] was used to populate the object, check to make sure this command returns at least one valid object.
WARNING: [Vivado 12-584] No ports matched 'led_8bits_tri_o[2]'. [/home/xmen/Videos/RustDesk/SystolicCore/SystolicCore/xilinxdesignconstraint/Arty-A7-100-Master.xdc:10]
CRITICAL WARNING: [Common 17-55] 'set_property' expects at least one object. [/home/xmen/Videos/RustDesk/SystolicCore/SystolicCore/xilinxdesignconstraint/Arty-A7-100-Master.xdc:10]
Resolution: If [get_<value>] was used to populate the object, check to make sure this command returns at least one valid object.
WARNING: [Vivado 12-584] No ports matched 'led_8bits_tri_o[3]'. [/home/xmen/Videos/RustDesk/SystolicCore/SystolicCore/xilinxdesignconstraint/Arty-A7-100-Master.xdc:11]
CRITICAL WARNING: [Common 17-55] 'set_property' expects at least one object. [/home/xmen/Videos/RustDesk/SystolicCore/SystolicCore/xilinxdesignconstraint/Arty-A7-100-Master.xdc:11]
Resolution: If [get_<value>] was used to populate the object, check to make sure this command returns at least one valid object.
WARNING: [Vivado 12-584] No ports matched 'led_8bits_tri_o[3]'. [/home/xmen/Videos/RustDesk/SystolicCore/SystolicCore/xilinxdesignconstraint/Arty-A7-100-Master.xdc:12]
CRITICAL WARNING: [Common 17-55] 'set_property' expects at least one object. [/home/xmen/Videos/RustDesk/SystolicCore/SystolicCore/xilinxdesignconstraint/Arty-A7-100-Master.xdc:12]
Resolution: If [get_<value>] was used to populate the object, check to make sure this command returns at least one valid object.
WARNING: [Vivado 12-584] No ports matched 'led_8bits_tri_o[4]'. [/home/xmen/Videos/RustDesk/SystolicCore/SystolicCore/xilinxdesignconstraint/Arty-A7-100-Master.xdc:13]
CRITICAL WARNING: [Common 17-55] 'set_property' expects at least one object. [/home/xmen/Videos/RustDesk/SystolicCore/SystolicCore/xilinxdesignconstraint/Arty-A7-100-Master.xdc:13]
Resolution: If [get_<value>] was used to populate the object, check to make sure this command returns at least one valid object.
WARNING: [Vivado 12-584] No ports matched 'led_8bits_tri_o[4]'. [/home/xmen/Videos/RustDesk/SystolicCore/SystolicCore/xilinxdesignconstraint/Arty-A7-100-Master.xdc:14]
CRITICAL WARNING: [Common 17-55] 'set_property' expects at least one object. [/home/xmen/Videos/RustDesk/SystolicCore/SystolicCore/xilinxdesignconstraint/Arty-A7-100-Master.xdc:14]
Resolution: If [get_<value>] was used to populate the object, check to make sure this command returns at least one valid object.
WARNING: [Vivado 12-584] No ports matched 'led_8bits_tri_o[5]'. [/home/xmen/Videos/RustDesk/SystolicCore/SystolicCore/xilinxdesignconstraint/Arty-A7-100-Master.xdc:15]
CRITICAL WARNING: [Common 17-55] 'set_property' expects at least one object. [/home/xmen/Videos/RustDesk/SystolicCore/SystolicCore/xilinxdesignconstraint/Arty-A7-100-Master.xdc:15]
Resolution: If [get_<value>] was used to populate the object, check to make sure this command returns at least one valid object.
WARNING: [Vivado 12-584] No ports matched 'led_8bits_tri_o[5]'. [/home/xmen/Videos/RustDesk/SystolicCore/SystolicCore/xilinxdesignconstraint/Arty-A7-100-Master.xdc:16]
CRITICAL WARNING: [Common 17-55] 'set_property' expects at least one object. [/home/xmen/Videos/RustDesk/SystolicCore/SystolicCore/xilinxdesignconstraint/Arty-A7-100-Master.xdc:16]
Resolution: If [get_<value>] was used to populate the object, check to make sure this command returns at least one valid object.
WARNING: [Vivado 12-584] No ports matched 'led_8bits_tri_o[6]'. [/home/xmen/Videos/RustDesk/SystolicCore/SystolicCore/xilinxdesignconstraint/Arty-A7-100-Master.xdc:17]
CRITICAL WARNING: [Common 17-55] 'set_property' expects at least one object. [/home/xmen/Videos/RustDesk/SystolicCore/SystolicCore/xilinxdesignconstraint/Arty-A7-100-Master.xdc:17]
Resolution: If [get_<value>] was used to populate the object, check to make sure this command returns at least one valid object.
WARNING: [Vivado 12-584] No ports matched 'led_8bits_tri_o[6]'. [/home/xmen/Videos/RustDesk/SystolicCore/SystolicCore/xilinxdesignconstraint/Arty-A7-100-Master.xdc:18]
CRITICAL WARNING: [Common 17-55] 'set_property' expects at least one object. [/home/xmen/Videos/RustDesk/SystolicCore/SystolicCore/xilinxdesignconstraint/Arty-A7-100-Master.xdc:18]
Resolution: If [get_<value>] was used to populate the object, check to make sure this command returns at least one valid object.
WARNING: [Vivado 12-584] No ports matched 's_axi_bvalid_0'. [/home/xmen/Videos/RustDesk/SystolicCore/SystolicCore/xilinxdesignconstraint/Arty-A7-100-Master.xdc:25]
CRITICAL WARNING: [Common 17-55] 'set_property' expects at least one object. [/home/xmen/Videos/RustDesk/SystolicCore/SystolicCore/xilinxdesignconstraint/Arty-A7-100-Master.xdc:25]
Resolution: If [get_<value>] was used to populate the object, check to make sure this command returns at least one valid object.
Finished Parsing XDC File [/home/xmen/Videos/RustDesk/SystolicCore/SystolicCore/xilinxdesignconstraint/Arty-A7-100-Master.xdc]
INFO: [Project 1-1714] 19 XPM XDC files have been applied to the design.
INFO: [Opt 31-138] Pushed 0 inverter(s) to 0 load pin(s).
INFO: [Opt 31-422] The CLOCK_DOMAINS attribute on the BRAM cell SystolicCore0/serial2mem_opA/ram/U0/inst_blk_mem_gen/gnbram.gnativebmg.native_blk_mem_gen/valid.cstr/ramloop[0].ram.r/prim_noinit.ram/DEVICE_7SERIES.NO_BMM_INFO.SDP.WIDE_PRIM36_NO_ECC.ram has been changed from INDEPENDENT to COMMON to match the clocking topology used for the BRAM.
INFO: [Opt 31-422] The CLOCK_DOMAINS attribute on the BRAM cell SystolicCore0/serial2mem_opB/ram/U0/inst_blk_mem_gen/gnbram.gnativebmg.native_blk_mem_gen/valid.cstr/ramloop[0].ram.r/prim_noinit.ram/DEVICE_7SERIES.NO_BMM_INFO.SDP.WIDE_PRIM36_NO_ECC.ram has been changed from INDEPENDENT to COMMON to match the clocking topology used for the BRAM.
INFO: [Project 1-1687] 2 scoped IP constraints or related sub-commands were skipped due to synthesis logic optimizations usually triggered by constant connectivity or unconnected output pins. To review the skipped constraints and messages, run the command 'set_param netlist.IPMsgFiltering false' before opening the design.
Netlist sorting complete. Time (s): cpu = 00:00:00 ; elapsed = 00:00:00.01 . Memory (MB): peak = 15230.027 ; gain = 0.000 ; free physical = 6362 ; free virtual = 47532
INFO: [Project 1-111] Unisim Transformation Summary:
  A total of 2086 instances were transformed.
  CFGLUT5 => CFGLUT5 (SRL16E, SRLC32E): 36 instances
  FDCP => FDCP (FDCE, FDPE, LDCE, LUT3, VCC): 2048 instances
  IBUF => IBUF (IBUFCTRL, INBUF): 1 instance 
  IBUFDS => IBUFDS (DIFFINBUF, IBUFCTRL): 1 instance 

open_run: Time (s): cpu = 00:00:16 ; elapsed = 00:00:14 . Memory (MB): peak = 15230.027 ; gain = 0.000 ; free physical = 6189 ; free virtual = 47387
open_hw_manager
connect_hw_server -allow_non_jtag
INFO: [Labtools 27-2285] Connecting to hw_server url TCP:localhost:3121
INFO: [Labtools 27-3415] Connecting to cs_server url TCP:localhost:0
INFO: [Labtools 27-3417] Launching cs_server...
INFO: [Labtools 27-2221] Launch Output:


******** Xilinx cs_server v2025.2.0
  ****** Build date   : Nov 13 2025-20:16:52
    **** Build number : 2025.2.1763075812
      ** Copyright 2017-2022 Xilinx, Inc. All Rights Reserved.
      ** Copyright 2022-2025 Advanced Micro Devices, Inc. All Rights Reserved.



open_hw_target
INFO: [Labtoolstcl 44-466] Opening hw_target localhost:3121/xilinx_tcf/Xilinx/14587
current_hw_device [get_hw_devices xczu7_0]
refresh_hw_device -update_hw_probes false [lindex [get_hw_devices xczu7_0] 0]
INFO: [Labtools 27-2302] Device xczu7 (JTAG device index = 0) is programmed with a design that has 1 ILA core(s).
current_hw_device [get_hw_devices arm_dap_1]
refresh_hw_device -update_hw_probes false [lindex [get_hw_devices arm_dap_1] 0]
current_hw_device [get_hw_devices xczu7_0]
WARNING: [IP_Flow 19-4067] Ignoring invalid widget type specified checkbox.Providing a default widget
create_ip -name ila -vendor xilinx.com -library ip -version 6.2 -module_name ila_4
set_property -dict [list \
  CONFIG.C_NUM_OF_PROBES {32} \
  CONFIG.C_PROBE0_WIDTH {8} \
  CONFIG.C_PROBE10_WIDTH {8} \
  CONFIG.C_PROBE11_WIDTH {8} \
  CONFIG.C_PROBE12_WIDTH {8} \
  CONFIG.C_PROBE13_WIDTH {8} \
  CONFIG.C_PROBE14_WIDTH {8} \
  CONFIG.C_PROBE15_WIDTH {8} \
  CONFIG.C_PROBE16_WIDTH {8} \
  CONFIG.C_PROBE17_WIDTH {8} \
  CONFIG.C_PROBE18_WIDTH {8} \
  CONFIG.C_PROBE19_WIDTH {8} \
  CONFIG.C_PROBE1_WIDTH {8} \
  CONFIG.C_PROBE20_WIDTH {8} \
  CONFIG.C_PROBE21_WIDTH {8} \
  CONFIG.C_PROBE22_WIDTH {8} \
  CONFIG.C_PROBE23_WIDTH {8} \
  CONFIG.C_PROBE24_WIDTH {8} \
  CONFIG.C_PROBE25_WIDTH {8} \
  CONFIG.C_PROBE26_WIDTH {8} \
  CONFIG.C_PROBE27_WIDTH {8} \
  CONFIG.C_PROBE28_WIDTH {8} \
  CONFIG.C_PROBE29_WIDTH {8} \
  CONFIG.C_PROBE2_WIDTH {8} \
  CONFIG.C_PROBE30_WIDTH {8} \
  CONFIG.C_PROBE31_WIDTH {8} \
  CONFIG.C_PROBE3_WIDTH {8} \
  CONFIG.C_PROBE4_WIDTH {8} \
  CONFIG.C_PROBE5_WIDTH {8} \
  CONFIG.C_PROBE6_WIDTH {8} \
  CONFIG.C_PROBE7_WIDTH {8} \
  CONFIG.C_PROBE8_WIDTH {8} \
  CONFIG.C_PROBE9_WIDTH {8} \
] [get_ips ila_4]
WARNING: [filemgmt 56-199] Attempt to get parsing info during refresh. "On-the-fly" syntax checking information may be incorrect. [/home/xmen/Videos/RustDesk/SystolicCore/SystolicCore/rtl/SystolicCore.sv:]
WARNING: [filemgmt 56-199] Attempt to get parsing info during refresh. "On-the-fly" syntax checking information may be incorrect. [/home/xmen/Videos/RustDesk/SystolicCore/SystolicCore/rtl/design_1_wrapper.v:]
WARNING: [filemgmt 56-199] Attempt to get parsing info during refresh. "On-the-fly" syntax checking information may be incorrect. [/home/xmen/Videos/RustDesk/SystolicCore/SystolicCore/rtl/SystolicCore.sv:]
WARNING: [filemgmt 56-199] Attempt to get parsing info during refresh. "On-the-fly" syntax checking information may be incorrect. [/home/xmen/Videos/RustDesk/SystolicCore/SystolicCore/rtl/SystolicCore.sv:]
generate_target {instantiation_template} [get_files /home/xmen/Videos/RustDesk/SystolicCore/SystolicCore/SystolicCore/SystolicCore.srcs/sources_1/ip/ila_4/ila_4.xci]
INFO: [IP_Flow 19-1686] Generating 'Instantiation Template' target for IP 'ila_4'...
WARNING: [filemgmt 56-199] Attempt to get parsing info during refresh. "On-the-fly" syntax checking information may be incorrect. [/home/xmen/Videos/RustDesk/SystolicCore/SystolicCore/rtl/SystolicCore.sv:]
WARNING: [filemgmt 56-199] Attempt to get parsing info during refresh. "On-the-fly" syntax checking information may be incorrect. [/home/xmen/Videos/RustDesk/SystolicCore/SystolicCore/rtl/design_1_wrapper.v:]
WARNING: [filemgmt 56-199] Attempt to get parsing info during refresh. "On-the-fly" syntax checking information may be incorrect. [/home/xmen/Videos/RustDesk/SystolicCore/SystolicCore/rtl/SystolicCore.sv:]
WARNING: [filemgmt 56-199] Attempt to get parsing info during refresh. "On-the-fly" syntax checking information may be incorrect. [/home/xmen/Videos/RustDesk/SystolicCore/SystolicCore/rtl/SystolicCore.sv:]
generate_target all [get_files  /home/xmen/Videos/RustDesk/SystolicCore/SystolicCore/SystolicCore/SystolicCore.srcs/sources_1/ip/ila_4/ila_4.xci]
INFO: [IP_Flow 19-1686] Generating 'Synthesis' target for IP 'ila_4'...
WARNING: [IP_Flow 19-4994] Overwriting existing constraint file '/home/xmen/Videos/RustDesk/SystolicCore/SystolicCore/SystolicCore/SystolicCore.gen/sources_1/ip/ila_4/ila_4_ooc.xdc'
INFO: [IP_Flow 19-1686] Generating 'Simulation' target for IP 'ila_4'...
INFO: [IP_Flow 19-1686] Generating 'Implementation' target for IP 'ila_4'...
INFO: [IP_Flow 19-1686] Generating 'Change Log' target for IP 'ila_4'...
catch { config_ip_cache -export [get_ips -all ila_4] }
export_ip_user_files -of_objects [get_files /home/xmen/Videos/RustDesk/SystolicCore/SystolicCore/SystolicCore/SystolicCore.srcs/sources_1/ip/ila_4/ila_4.xci] -no_script -sync -force -quiet
create_ip_run [get_files -of_objects [get_fileset sources_1] /home/xmen/Videos/RustDesk/SystolicCore/SystolicCore/SystolicCore/SystolicCore.srcs/sources_1/ip/ila_4/ila_4.xci]
launch_runs ila_4_synth_1 -jobs 32
[Tue Dec 30 15:06:37 2025] Launched ila_4_synth_1...
Run output will be captured here: /home/xmen/Videos/RustDesk/SystolicCore/SystolicCore/SystolicCore/SystolicCore.runs/ila_4_synth_1/runme.log
export_simulation -lib_map_path [list {modelsim=/home/xmen/Videos/RustDesk/SystolicCore/SystolicCore/SystolicCore/SystolicCore.cache/compile_simlib/modelsim} {questa=/home/xmen/Videos/RustDesk/SystolicCore/SystolicCore/SystolicCore/SystolicCore.cache/compile_simlib/questa} {xcelium=/home/xmen/Videos/RustDesk/SystolicCore/SystolicCore/SystolicCore/SystolicCore.cache/compile_simlib/xcelium} {vcs=/home/xmen/Videos/RustDesk/SystolicCore/SystolicCore/SystolicCore/SystolicCore.cache/compile_simlib/vcs} {riviera=/home/xmen/Videos/RustDesk/SystolicCore/SystolicCore/SystolicCore/SystolicCore.cache/compile_simlib/riviera}] -of_objects [get_files /home/xmen/Videos/RustDesk/SystolicCore/SystolicCore/SystolicCore/SystolicCore.srcs/sources_1/ip/ila_4/ila_4.xci] -directory /home/xmen/Videos/RustDesk/SystolicCore/SystolicCore/SystolicCore/SystolicCore.ip_user_files/sim_scripts -ip_user_files_dir /home/xmen/Videos/RustDesk/SystolicCore/SystolicCore/SystolicCore/SystolicCore.ip_user_files -ipstatic_source_dir /home/xmen/Videos/RustDesk/SystolicCore/SystolicCore/SystolicCore/SystolicCore.ip_user_files/ipstatic -use_ip_compiled_libs -force -quiet
WARNING: [filemgmt 56-199] Attempt to get parsing info during refresh. "On-the-fly" syntax checking information may be incorrect. [/home/xmen/Videos/RustDesk/SystolicCore/SystolicCore/rtl/SystolicCore.sv:]
WARNING: [filemgmt 56-199] Attempt to get parsing info during refresh. "On-the-fly" syntax checking information may be incorrect. [/home/xmen/Videos/RustDesk/SystolicCore/SystolicCore/rtl/design_1_wrapper.v:]
WARNING: [filemgmt 56-199] Attempt to get parsing info during refresh. "On-the-fly" syntax checking information may be incorrect. [/home/xmen/Videos/RustDesk/SystolicCore/SystolicCore/rtl/SystolicCore.sv:]
WARNING: [filemgmt 56-199] Attempt to get parsing info during refresh. "On-the-fly" syntax checking information may be incorrect. [/home/xmen/Videos/RustDesk/SystolicCore/SystolicCore/rtl/SystolicCore.sv:]
WARNING: [filemgmt 56-199] Attempt to get parsing info during refresh. "On-the-fly" syntax checking information may be incorrect. [/home/xmen/Videos/RustDesk/SystolicCore/SystolicCore/rtl/SystolicCore.sv:]
WARNING: [filemgmt 56-199] Attempt to get parsing info during refresh. "On-the-fly" syntax checking information may be incorrect. [/home/xmen/Videos/RustDesk/SystolicCore/SystolicCore/rtl/design_1_wrapper.v:]
WARNING: [filemgmt 56-199] Attempt to get parsing info during refresh. "On-the-fly" syntax checking information may be incorrect. [/home/xmen/Videos/RustDesk/SystolicCore/SystolicCore/rtl/SystolicCore.sv:]
WARNING: [filemgmt 56-199] Attempt to get parsing info during refresh. "On-the-fly" syntax checking information may be incorrect. [/home/xmen/Videos/RustDesk/SystolicCore/SystolicCore/rtl/SystolicCore.sv:]
WARNING: [filemgmt 56-199] Attempt to get parsing info during refresh. "On-the-fly" syntax checking information may be incorrect. [/home/xmen/Videos/RustDesk/SystolicCore/SystolicCore/SystolicCore/SystolicCore.gen/sources_1/ip/ila_4/ila_4.veo:]
WARNING: [filemgmt 56-199] Attempt to get parsing info during refresh. "On-the-fly" syntax checking information may be incorrect. [/home/xmen/Videos/RustDesk/SystolicCore/SystolicCore/SystolicCore/SystolicCore.gen/sources_1/ip/ila_4/ila_4.veo:]
WARNING: [filemgmt 56-199] Attempt to get parsing info during refresh. "On-the-fly" syntax checking information may be incorrect. [/home/xmen/Videos/RustDesk/SystolicCore/SystolicCore/rtl/SystolicCore.sv:]
WARNING: [filemgmt 56-199] Attempt to get parsing info during refresh. "On-the-fly" syntax checking information may be incorrect. [/home/xmen/Videos/RustDesk/SystolicCore/SystolicCore/rtl/design_1_wrapper.v:]
WARNING: [filemgmt 56-199] Attempt to get parsing info during refresh. "On-the-fly" syntax checking information may be incorrect. [/home/xmen/Videos/RustDesk/SystolicCore/SystolicCore/rtl/SystolicCore.sv:]
WARNING: [filemgmt 56-199] Attempt to get parsing info during refresh. "On-the-fly" syntax checking information may be incorrect. [/home/xmen/Videos/RustDesk/SystolicCore/SystolicCore/rtl/SystolicCore.sv:]
WARNING: [filemgmt 56-199] Attempt to get parsing info during refresh. "On-the-fly" syntax checking information may be incorrect. [/home/xmen/Videos/RustDesk/SystolicCore/SystolicCore/SystolicCore/SystolicCore.gen/sources_1/ip/ila_4/ila_4.veo:]
WARNING: [filemgmt 56-199] Attempt to get parsing info during refresh. "On-the-fly" syntax checking information may be incorrect. [/home/xmen/Videos/RustDesk/SystolicCore/SystolicCore/SystolicCore/SystolicCore.gen/sources_1/ip/ila_4/ila_4.veo:]
WARNING: [filemgmt 56-199] Attempt to get parsing info during refresh. "On-the-fly" syntax checking information may be incorrect. [/home/xmen/Videos/RustDesk/SystolicCore/SystolicCore/rtl/SystolicCore.sv:]
WARNING: [filemgmt 56-199] Attempt to get parsing info during refresh. "On-the-fly" syntax checking information may be incorrect. [/home/xmen/Videos/RustDesk/SystolicCore/SystolicCore/rtl/design_1_wrapper.v:]
WARNING: [filemgmt 56-199] Attempt to get parsing info during refresh. "On-the-fly" syntax checking information may be incorrect. [/home/xmen/Videos/RustDesk/SystolicCore/SystolicCore/rtl/SystolicCore.sv:]
WARNING: [filemgmt 56-199] Attempt to get parsing info during refresh. "On-the-fly" syntax checking information may be incorrect. [/home/xmen/Videos/RustDesk/SystolicCore/SystolicCore/rtl/SystolicCore.sv:]
WARNING: [filemgmt 56-199] Attempt to get parsing info during refresh. "On-the-fly" syntax checking information may be incorrect. [/home/xmen/Videos/RustDesk/SystolicCore/SystolicCore/SystolicCore/SystolicCore.gen/sources_1/ip/ila_4/ila_4.veo:]
WARNING: [filemgmt 56-199] Attempt to get parsing info during refresh. "On-the-fly" syntax checking information may be incorrect. [/home/xmen/Videos/RustDesk/SystolicCore/SystolicCore/SystolicCore/SystolicCore.gen/sources_1/ip/ila_4/ila_4.veo:]
WARNING: [filemgmt 56-199] Attempt to get parsing info during refresh. "On-the-fly" syntax checking information may be incorrect. [/home/xmen/Videos/RustDesk/SystolicCore/SystolicCore/rtl/SystolicCore.sv:]
WARNING: [filemgmt 56-199] Attempt to get parsing info during refresh. "On-the-fly" syntax checking information may be incorrect. [/home/xmen/Videos/RustDesk/SystolicCore/SystolicCore/rtl/design_1_wrapper.v:]
WARNING: [filemgmt 56-199] Attempt to get parsing info during refresh. "On-the-fly" syntax checking information may be incorrect. [/home/xmen/Videos/RustDesk/SystolicCore/SystolicCore/rtl/SystolicCore.sv:]
WARNING: [filemgmt 56-199] Attempt to get parsing info during refresh. "On-the-fly" syntax checking information may be incorrect. [/home/xmen/Videos/RustDesk/SystolicCore/SystolicCore/rtl/SystolicCore.sv:]
WARNING: [filemgmt 56-199] Attempt to get parsing info during refresh. "On-the-fly" syntax checking information may be incorrect. [/home/xmen/Videos/RustDesk/SystolicCore/SystolicCore/SystolicCore/SystolicCore.gen/sources_1/ip/ila_4/ila_4.veo:]
WARNING: [filemgmt 56-199] Attempt to get parsing info during refresh. "On-the-fly" syntax checking information may be incorrect. [/home/xmen/Videos/RustDesk/SystolicCore/SystolicCore/SystolicCore/SystolicCore.gen/sources_1/ip/ila_4/ila_4.veo:]
WARNING: [filemgmt 56-199] Attempt to get parsing info during refresh. "On-the-fly" syntax checking information may be incorrect. [/home/xmen/Videos/RustDesk/SystolicCore/SystolicCore/rtl/SystolicCore.sv:]
WARNING: [filemgmt 56-199] Attempt to get parsing info during refresh. "On-the-fly" syntax checking information may be incorrect. [/home/xmen/Videos/RustDesk/SystolicCore/SystolicCore/rtl/design_1_wrapper.v:]
WARNING: [filemgmt 56-199] Attempt to get parsing info during refresh. "On-the-fly" syntax checking information may be incorrect. [/home/xmen/Videos/RustDesk/SystolicCore/SystolicCore/rtl/SystolicCore.sv:]
WARNING: [filemgmt 56-199] Attempt to get parsing info during refresh. "On-the-fly" syntax checking information may be incorrect. [/home/xmen/Videos/RustDesk/SystolicCore/SystolicCore/rtl/SystolicCore.sv:]
WARNING: [filemgmt 56-199] Attempt to get parsing info during refresh. "On-the-fly" syntax checking information may be incorrect. [/home/xmen/Videos/RustDesk/SystolicCore/SystolicCore/SystolicCore/SystolicCore.gen/sources_1/ip/ila_4/ila_4.veo:]
WARNING: [filemgmt 56-199] Attempt to get parsing info during refresh. "On-the-fly" syntax checking information may be incorrect. [/home/xmen/Videos/RustDesk/SystolicCore/SystolicCore/SystolicCore/SystolicCore.gen/sources_1/ip/ila_4/ila_4.veo:]
WARNING: [filemgmt 56-199] Attempt to get parsing info during refresh. "On-the-fly" syntax checking information may be incorrect. [/home/xmen/Videos/RustDesk/SystolicCore/SystolicCore/rtl/SystolicCore.sv:]
WARNING: [filemgmt 56-199] Attempt to get parsing info during refresh. "On-the-fly" syntax checking information may be incorrect. [/home/xmen/Videos/RustDesk/SystolicCore/SystolicCore/rtl/design_1_wrapper.v:]
WARNING: [filemgmt 56-199] Attempt to get parsing info during refresh. "On-the-fly" syntax checking information may be incorrect. [/home/xmen/Videos/RustDesk/SystolicCore/SystolicCore/rtl/SystolicCore.sv:]
WARNING: [filemgmt 56-199] Attempt to get parsing info during refresh. "On-the-fly" syntax checking information may be incorrect. [/home/xmen/Videos/RustDesk/SystolicCore/SystolicCore/rtl/SystolicCore.sv:]
WARNING: [filemgmt 56-199] Attempt to get parsing info during refresh. "On-the-fly" syntax checking information may be incorrect. [/home/xmen/Videos/RustDesk/SystolicCore/SystolicCore/SystolicCore/SystolicCore.gen/sources_1/ip/ila_4/ila_4.veo:]
WARNING: [filemgmt 56-199] Attempt to get parsing info during refresh. "On-the-fly" syntax checking information may be incorrect. [/home/xmen/Videos/RustDesk/SystolicCore/SystolicCore/SystolicCore/SystolicCore.gen/sources_1/ip/ila_4/ila_4.veo:]
WARNING: [filemgmt 56-199] Attempt to get parsing info during refresh. "On-the-fly" syntax checking information may be incorrect. [/home/xmen/Videos/RustDesk/SystolicCore/SystolicCore/rtl/SystolicCore.sv:]
WARNING: [filemgmt 56-199] Attempt to get parsing info during refresh. "On-the-fly" syntax checking information may be incorrect. [/home/xmen/Videos/RustDesk/SystolicCore/SystolicCore/rtl/design_1_wrapper.v:]
WARNING: [filemgmt 56-199] Attempt to get parsing info during refresh. "On-the-fly" syntax checking information may be incorrect. [/home/xmen/Videos/RustDesk/SystolicCore/SystolicCore/rtl/SystolicCore.sv:]
WARNING: [filemgmt 56-199] Attempt to get parsing info during refresh. "On-the-fly" syntax checking information may be incorrect. [/home/xmen/Videos/RustDesk/SystolicCore/SystolicCore/rtl/SystolicCore.sv:]
WARNING: [filemgmt 56-199] Attempt to get parsing info during refresh. "On-the-fly" syntax checking information may be incorrect. [/home/xmen/Videos/RustDesk/SystolicCore/SystolicCore/SystolicCore/SystolicCore.gen/sources_1/ip/ila_4/ila_4.veo:]
WARNING: [filemgmt 56-199] Attempt to get parsing info during refresh. "On-the-fly" syntax checking information may be incorrect. [/home/xmen/Videos/RustDesk/SystolicCore/SystolicCore/SystolicCore/SystolicCore.gen/sources_1/ip/ila_4/ila_4.veo:]
WARNING: [filemgmt 56-199] Attempt to get parsing info during refresh. "On-the-fly" syntax checking information may be incorrect. [/home/xmen/Videos/RustDesk/SystolicCore/SystolicCore/SystolicCore/SystolicCore.gen/sources_1/ip/ila_4/ila_4.veo:]
WARNING: [filemgmt 56-199] Attempt to get parsing info during refresh. "On-the-fly" syntax checking information may be incorrect. [/home/xmen/Videos/RustDesk/SystolicCore/SystolicCore/SystolicCore/SystolicCore.gen/sources_1/ip/ila_4/ila_4.veo:]
WARNING: [filemgmt 56-199] Attempt to get parsing info during refresh. "On-the-fly" syntax checking information may be incorrect. [/home/xmen/Videos/RustDesk/SystolicCore/SystolicCore/rtl/SystolicCore.sv:]
WARNING: [filemgmt 56-199] Attempt to get parsing info during refresh. "On-the-fly" syntax checking information may be incorrect. [/home/xmen/Videos/RustDesk/SystolicCore/SystolicCore/rtl/design_1_wrapper.v:]
WARNING: [filemgmt 56-199] Attempt to get parsing info during refresh. "On-the-fly" syntax checking information may be incorrect. [/home/xmen/Videos/RustDesk/SystolicCore/SystolicCore/rtl/SystolicCore.sv:]
WARNING: [filemgmt 56-199] Attempt to get parsing info during refresh. "On-the-fly" syntax checking information may be incorrect. [/home/xmen/Videos/RustDesk/SystolicCore/SystolicCore/rtl/SystolicCore.sv:]
WARNING: [filemgmt 56-199] Attempt to get parsing info during refresh. "On-the-fly" syntax checking information may be incorrect. [/home/xmen/Videos/RustDesk/SystolicCore/SystolicCore/rtl/SystolicCore.sv:]
WARNING: [filemgmt 56-199] Attempt to get parsing info during refresh. "On-the-fly" syntax checking information may be incorrect. [/home/xmen/Videos/RustDesk/SystolicCore/SystolicCore/rtl/design_1_wrapper.v:]
WARNING: [filemgmt 56-199] Attempt to get parsing info during refresh. "On-the-fly" syntax checking information may be incorrect. [/home/xmen/Videos/RustDesk/SystolicCore/SystolicCore/rtl/SystolicCore.sv:]
WARNING: [filemgmt 56-199] Attempt to get parsing info during refresh. "On-the-fly" syntax checking information may be incorrect. [/home/xmen/Videos/RustDesk/SystolicCore/SystolicCore/rtl/SystolicCore.sv:]
WARNING: [filemgmt 56-199] Attempt to get parsing info during refresh. "On-the-fly" syntax checking information may be incorrect. [/home/xmen/Videos/RustDesk/SystolicCore/SystolicCore/SystolicCore/SystolicCore.gen/sources_1/ip/ila_4/ila_4.veo:]
WARNING: [filemgmt 56-199] Attempt to get parsing info during refresh. "On-the-fly" syntax checking information may be incorrect. [/home/xmen/Videos/RustDesk/SystolicCore/SystolicCore/SystolicCore/SystolicCore.gen/sources_1/ip/ila_4/ila_4.veo:]
reset_run synth_1
launch_runs impl_1 -to_step write_bitstream -jobs 32
WARNING: [Project 1-478] Design 'synth_1' is stale and will not be used when launching 'impl_1'
[Tue Dec 30 15:11:46 2025] Launched synth_1...
Run output will be captured here: /home/xmen/Videos/RustDesk/SystolicCore/SystolicCore/SystolicCore/SystolicCore.runs/synth_1/runme.log
[Tue Dec 30 15:11:46 2025] Launched impl_1...
Run output will be captured here: /home/xmen/Videos/RustDesk/SystolicCore/SystolicCore/SystolicCore/SystolicCore.runs/impl_1/runme.log
WARNING: [filemgmt 56-199] Attempt to get parsing info during refresh. "On-the-fly" syntax checking information may be incorrect. [/home/xmen/Videos/RustDesk/SystolicCore/SystolicCore/rtl/SystolicCore.sv:]
WARNING: [filemgmt 56-199] Attempt to get parsing info during refresh. "On-the-fly" syntax checking information may be incorrect. [/home/xmen/Videos/RustDesk/SystolicCore/SystolicCore/rtl/design_1_wrapper.v:]
WARNING: [filemgmt 56-199] Attempt to get parsing info during refresh. "On-the-fly" syntax checking information may be incorrect. [/home/xmen/Videos/RustDesk/SystolicCore/SystolicCore/rtl/SystolicCore.sv:]
WARNING: [filemgmt 56-199] Attempt to get parsing info during refresh. "On-the-fly" syntax checking information may be incorrect. [/home/xmen/Videos/RustDesk/SystolicCore/SystolicCore/rtl/SystolicCore.sv:]
WARNING: [filemgmt 56-199] Attempt to get parsing info during refresh. "On-the-fly" syntax checking information may be incorrect. [/home/xmen/Videos/RustDesk/SystolicCore/SystolicCore/SystolicCore/SystolicCore.gen/sources_1/ip/ila_4/ila_4.veo:]
WARNING: [filemgmt 56-199] Attempt to get parsing info during refresh. "On-the-fly" syntax checking information may be incorrect. [/home/xmen/Videos/RustDesk/SystolicCore/SystolicCore/SystolicCore/SystolicCore.gen/sources_1/ip/ila_4/ila_4.veo:]
reset_run synth_1
launch_runs impl_1 -to_step write_bitstream -jobs 32
WARNING: [Project 1-478] Design 'synth_1' is stale and will not be used when launching 'impl_1'
[Tue Dec 30 15:13:38 2025] Launched synth_1...
Run output will be captured here: /home/xmen/Videos/RustDesk/SystolicCore/SystolicCore/SystolicCore/SystolicCore.runs/synth_1/runme.log
[Tue Dec 30 15:13:38 2025] Launched impl_1...
Run output will be captured here: /home/xmen/Videos/RustDesk/SystolicCore/SystolicCore/SystolicCore/SystolicCore.runs/impl_1/runme.log
WARNING: [filemgmt 56-199] Attempt to get parsing info during refresh. "On-the-fly" syntax checking information may be incorrect. [/home/xmen/Videos/RustDesk/SystolicCore/SystolicCore/rtl/SystolicCore.sv:]
WARNING: [filemgmt 56-199] Attempt to get parsing info during refresh. "On-the-fly" syntax checking information may be incorrect. [/home/xmen/Videos/RustDesk/SystolicCore/SystolicCore/rtl/design_1_wrapper.v:]
WARNING: [filemgmt 56-199] Attempt to get parsing info during refresh. "On-the-fly" syntax checking information may be incorrect. [/home/xmen/Videos/RustDesk/SystolicCore/SystolicCore/rtl/SystolicCore.sv:]
WARNING: [filemgmt 56-199] Attempt to get parsing info during refresh. "On-the-fly" syntax checking information may be incorrect. [/home/xmen/Videos/RustDesk/SystolicCore/SystolicCore/rtl/SystolicCore.sv:]
WARNING: [filemgmt 56-199] Attempt to get parsing info during refresh. "On-the-fly" syntax checking information may be incorrect. [/home/xmen/Videos/RustDesk/SystolicCore/SystolicCore/SystolicCore/SystolicCore.gen/sources_1/ip/ila_4/ila_4.veo:]
WARNING: [filemgmt 56-199] Attempt to get parsing info during refresh. "On-the-fly" syntax checking information may be incorrect. [/home/xmen/Videos/RustDesk/SystolicCore/SystolicCore/SystolicCore/SystolicCore.gen/sources_1/ip/ila_4/ila_4.veo:]
reset_run synth_1
launch_runs impl_1 -to_step write_bitstream -jobs 32
WARNING: [Project 1-478] Design 'synth_1' is stale and will not be used when launching 'impl_1'
[Tue Dec 30 15:14:12 2025] Launched synth_1...
Run output will be captured here: /home/xmen/Videos/RustDesk/SystolicCore/SystolicCore/SystolicCore/SystolicCore.runs/synth_1/runme.log
[Tue Dec 30 15:14:12 2025] Launched impl_1...
Run output will be captured here: /home/xmen/Videos/RustDesk/SystolicCore/SystolicCore/SystolicCore/SystolicCore.runs/impl_1/runme.log
WARNING: [filemgmt 56-199] Attempt to get parsing info during refresh. "On-the-fly" syntax checking information may be incorrect. [/home/xmen/Videos/RustDesk/SystolicCore/SystolicCore/rtl/SystolicCore.sv:]
WARNING: [filemgmt 56-199] Attempt to get parsing info during refresh. "On-the-fly" syntax checking information may be incorrect. [/home/xmen/Videos/RustDesk/SystolicCore/SystolicCore/rtl/design_1_wrapper.v:]
WARNING: [filemgmt 56-199] Attempt to get parsing info during refresh. "On-the-fly" syntax checking information may be incorrect. [/home/xmen/Videos/RustDesk/SystolicCore/SystolicCore/rtl/SystolicCore.sv:]
WARNING: [filemgmt 56-199] Attempt to get parsing info during refresh. "On-the-fly" syntax checking information may be incorrect. [/home/xmen/Videos/RustDesk/SystolicCore/SystolicCore/rtl/SystolicCore.sv:]
WARNING: [filemgmt 56-199] Attempt to get parsing info during refresh. "On-the-fly" syntax checking information may be incorrect. [/home/xmen/Videos/RustDesk/SystolicCore/SystolicCore/SystolicCore/SystolicCore.gen/sources_1/ip/ila_4/ila_4.veo:]
WARNING: [filemgmt 56-199] Attempt to get parsing info during refresh. "On-the-fly" syntax checking information may be incorrect. [/home/xmen/Videos/RustDesk/SystolicCore/SystolicCore/SystolicCore/SystolicCore.gen/sources_1/ip/ila_4/ila_4.veo:]
WARNING: [filemgmt 56-199] Attempt to get parsing info during refresh. "On-the-fly" syntax checking information may be incorrect. [/home/xmen/Videos/RustDesk/SystolicCore/SystolicCore/rtl/SystolicCore.sv:]
WARNING: [filemgmt 56-199] Attempt to get parsing info during refresh. "On-the-fly" syntax checking information may be incorrect. [/home/xmen/Videos/RustDesk/SystolicCore/SystolicCore/rtl/design_1_wrapper.v:]
WARNING: [filemgmt 56-199] Attempt to get parsing info during refresh. "On-the-fly" syntax checking information may be incorrect. [/home/xmen/Videos/RustDesk/SystolicCore/SystolicCore/rtl/SystolicCore.sv:]
WARNING: [filemgmt 56-199] Attempt to get parsing info during refresh. "On-the-fly" syntax checking information may be incorrect. [/home/xmen/Videos/RustDesk/SystolicCore/SystolicCore/rtl/SystolicCore.sv:]
WARNING: [filemgmt 56-199] Attempt to get parsing info during refresh. "On-the-fly" syntax checking information may be incorrect. [/home/xmen/Videos/RustDesk/SystolicCore/SystolicCore/SystolicCore/SystolicCore.gen/sources_1/ip/ila_4/ila_4.veo:]
WARNING: [filemgmt 56-199] Attempt to get parsing info during refresh. "On-the-fly" syntax checking information may be incorrect. [/home/xmen/Videos/RustDesk/SystolicCore/SystolicCore/SystolicCore/SystolicCore.gen/sources_1/ip/ila_4/ila_4.veo:]
WARNING: [filemgmt 56-199] Attempt to get parsing info during refresh. "On-the-fly" syntax checking information may be incorrect. [/home/xmen/Videos/RustDesk/SystolicCore/SystolicCore/rtl/SystolicCore.sv:]
WARNING: [filemgmt 56-199] Attempt to get parsing info during refresh. "On-the-fly" syntax checking information may be incorrect. [/home/xmen/Videos/RustDesk/SystolicCore/SystolicCore/rtl/design_1_wrapper.v:]
WARNING: [filemgmt 56-199] Attempt to get parsing info during refresh. "On-the-fly" syntax checking information may be incorrect. [/home/xmen/Videos/RustDesk/SystolicCore/SystolicCore/rtl/SystolicCore.sv:]
WARNING: [filemgmt 56-199] Attempt to get parsing info during refresh. "On-the-fly" syntax checking information may be incorrect. [/home/xmen/Videos/RustDesk/SystolicCore/SystolicCore/rtl/SystolicCore.sv:]
WARNING: [filemgmt 56-199] Attempt to get parsing info during refresh. "On-the-fly" syntax checking information may be incorrect. [/home/xmen/Videos/RustDesk/SystolicCore/SystolicCore/SystolicCore/SystolicCore.gen/sources_1/ip/ila_4/ila_4.veo:]
WARNING: [filemgmt 56-199] Attempt to get parsing info during refresh. "On-the-fly" syntax checking information may be incorrect. [/home/xmen/Videos/RustDesk/SystolicCore/SystolicCore/SystolicCore/SystolicCore.gen/sources_1/ip/ila_4/ila_4.veo:]
reset_run synth_1
launch_runs impl_1 -to_step write_bitstream -jobs 32
WARNING: [Project 1-478] Design 'synth_1' is stale and will not be used when launching 'impl_1'
[Tue Dec 30 15:15:05 2025] Launched synth_1...
Run output will be captured here: /home/xmen/Videos/RustDesk/SystolicCore/SystolicCore/SystolicCore/SystolicCore.runs/synth_1/runme.log
[Tue Dec 30 15:15:05 2025] Launched impl_1...
Run output will be captured here: /home/xmen/Videos/RustDesk/SystolicCore/SystolicCore/SystolicCore/SystolicCore.runs/impl_1/runme.log
reset_run synth_1
launch_runs impl_1 -to_step write_bitstream -jobs 32
WARNING: [Project 1-478] Design 'synth_1' is stale and will not be used when launching 'impl_1'
[Tue Dec 30 15:15:09 2025] Launched synth_1...
Run output will be captured here: /home/xmen/Videos/RustDesk/SystolicCore/SystolicCore/SystolicCore/SystolicCore.runs/synth_1/runme.log
[Tue Dec 30 15:15:09 2025] Launched impl_1...
Run output will be captured here: /home/xmen/Videos/RustDesk/SystolicCore/SystolicCore/SystolicCore/SystolicCore.runs/impl_1/runme.log
set_property PROBES.FILE {/home/xmen/Videos/RustDesk/SystolicCore/SystolicCore/SystolicCore/SystolicCore.runs/impl_1/zynq_wrapper_systolic.ltx} [get_hw_devices xczu7_0]
set_property FULL_PROBES.FILE {/home/xmen/Videos/RustDesk/SystolicCore/SystolicCore/SystolicCore/SystolicCore.runs/impl_1/zynq_wrapper_systolic.ltx} [get_hw_devices xczu7_0]
set_property PROGRAM.FILE {/home/xmen/Videos/RustDesk/SystolicCore/SystolicCore/SystolicCore/SystolicCore.runs/impl_1/zynq_wrapper_systolic.bit} [get_hw_devices xczu7_0]
program_hw_devices [get_hw_devices xczu7_0]
INFO: [Labtools 27-3164] End of startup status: HIGH
program_hw_devices: Time (s): cpu = 00:00:12 ; elapsed = 00:00:11 . Memory (MB): peak = 16568.469 ; gain = 0.000 ; free physical = 6386 ; free virtual = 46367
refresh_hw_device [lindex [get_hw_devices xczu7_0] 0]
INFO: [Labtools 27-2302] Device xczu7 (JTAG device index = 0) is programmed with a design that has 2 ILA core(s).
display_hw_ila_data [ get_hw_ila_data hw_ila_data_1 -of_objects [get_hw_ilas -of_objects [get_hw_devices xczu7_0] -filter {CELL_NAME=~"SystolicCore0/systolicControlUnit_Global/your_instance_name"}]]
display_hw_ila_data [ get_hw_ila_data hw_ila_data_2 -of_objects [get_hw_ilas -of_objects [get_hw_devices xczu7_0] -filter {CELL_NAME=~"SystolicCore0/your_instance_name"}]]
WARNING: Simulation object SystolicCore0/probe0 was not found in the design.
WARNING: Simulation object SystolicCore0/probe1 was not found in the design.
WARNING: Simulation object SystolicCore0/probe1 was not found in the design.
WARNING: Simulation object SystolicCore0/probe0 was not found in the design.
add_wave -into {hw_ila_data_2.wcfg} -radix hex { {SystolicCore0/mem2serial_pmatrix_in[0][0]_511} {SystolicCore0/mem2serial_pmatrix_in[0][1]_509} {SystolicCore0/mem2serial_pmatrix_in[0][2]_507} {SystolicCore0/mem2serial_pmatrix_in[0][3]_505} {SystolicCore0/mem2serial_pmatrix_in[0][4]_503} {SystolicCore0/mem2serial_pmatrix_in[0][5]_501} {SystolicCore0/mem2serial_pmatrix_in[0][6]_499} {SystolicCore0/mem2serial_pmatrix_in[0][7]_497} {SystolicCore0/mem2serial_pmatrix_in[0][8]_495} {SystolicCore0/mem2serial_pmatrix_in[0][9]_493} {SystolicCore0/mem2serial_pmatrix_in[0][10]_491} {SystolicCore0/mem2serial_pmatrix_in[0][11]_489} {SystolicCore0/mem2serial_pmatrix_in[0][12]_487} {SystolicCore0/mem2serial_pmatrix_in[0][13]_485} {SystolicCore0/mem2serial_pmatrix_in[0][14]_483} {SystolicCore0/mem2serial_pmatrix_in[0][15]_481} {SystolicCore0/mem2serial_pmatrix_in[1][0]_479} {SystolicCore0/mem2serial_pmatrix_in[1][1]_477} {SystolicCore0/mem2serial_pmatrix_in[1][2]_475} {SystolicCore0/mem2serial_pmatrix_in[1][3]_473} {SystolicCore0/mem2serial_pmatrix_in[1][4]_471} {SystolicCore0/mem2serial_pmatrix_in[1][5]_469} {SystolicCore0/mem2serial_pmatrix_in[1][6]_467} {SystolicCore0/mem2serial_pmatrix_in[1][7]_465} {SystolicCore0/mem2serial_pmatrix_in[1][8]_463} {SystolicCore0/mem2serial_pmatrix_in[1][9]_461} {SystolicCore0/mem2serial_pmatrix_in[1][10]_459} {SystolicCore0/mem2serial_pmatrix_in[1][11]_457} {SystolicCore0/mem2serial_pmatrix_in[1][12]_455} {SystolicCore0/mem2serial_pmatrix_in[1][13]_453} {SystolicCore0/mem2serial_pmatrix_in[1][14]_451} {SystolicCore0/mem2serial_pmatrix_in[1][15]_449} }
run_hw_ila [get_hw_ilas -of_objects [get_hw_devices xczu7_0] -filter {CELL_NAME=~"SystolicCore0/your_instance_name"}]
INFO: [Labtools 27-1964] The ILA core 'hw_ila_2' trigger was armed at 2025-Dec-30 15:24:51
wait_on_hw_ila [get_hw_ilas -of_objects [get_hw_devices xczu7_0] -filter {CELL_NAME=~"SystolicCore0/your_instance_name"}]
display_hw_ila_data [upload_hw_ila_data [get_hw_ilas -of_objects [get_hw_devices xczu7_0] -filter {CELL_NAME=~"SystolicCore0/your_instance_name"}]]
INFO: [Labtools 27-1966] The ILA core 'hw_ila_2' triggered at 2025-Dec-30 15:24:51
INFO: [Labtools 27-3304] ILA Waveform data saved to file /home/xmen/Videos/RustDesk/SystolicCore/SystolicCore/SystolicCore/SystolicCore.hw/backup/hw_ila_data_2.ila. Use Tcl command 'read_hw_ila_data' or Vivado File->Import->Import ILA Data menu item to import the previously saved data.
write_hw_platform -fixed -include_bit -force -file /home/xmen/Videos/RustDesk/SystolicCore/SystolicCore/SystolicCore/zynq_wrapper_systolic.xsa
INFO: [Projectvivado 1-1918] Creating Hardware Platform: /home/xmen/Videos/RustDesk/SystolicCore/SystolicCore/SystolicCore/zynq_wrapper_systolic.xsa ...
INFO: [Projectvivado 1-1943] The Hardware Platform can be used for Hardware
INFO: [Projectvivado 1-1941] Successfully created Hardware Platform: /home/xmen/Videos/RustDesk/SystolicCore/SystolicCore/SystolicCore/zynq_wrapper_systolic.xsa
INFO: [Hsi 55-2053] elapsed time for repository (/home/xmen/Music/2025.2/data/embeddedsw) loading 0 seconds
open_bd_design {/home/xmen/Videos/RustDesk/SystolicCore/SystolicCore/SystolicCore/SystolicCore.srcs/sources_1/bd/design_1/design_1.bd}
open_bd_design {/home/xmen/Videos/RustDesk/SystolicCore/SystolicCore/SystolicCore/SystolicCore.srcs/sources_1/bd/design_1/design_1.bd}
WARNING: [IP_Flow 19-474] Invalid Parameter 'Component_Name'
startgroup
set_property -dict [list \
  CONFIG.PSU__CAN1__PERIPHERAL__ENABLE {1} \
  CONFIG.PSU__CAN1__PERIPHERAL__IO {MIO 24 .. 25} \
  CONFIG.PSU__I2C0__PERIPHERAL__ENABLE {1} \
  CONFIG.PSU__I2C1__PERIPHERAL__ENABLE {1} \
  CONFIG.PSU__SD0__PERIPHERAL__ENABLE {0} \
  CONFIG.PSU__SD1__PERIPHERAL__ENABLE {1} \
  CONFIG.PSU__USB0__PERIPHERAL__ENABLE {1} \
  CONFIG.PSU__USB3_0__PERIPHERAL__ENABLE {1} \
] [get_bd_cells zynq_ultra_ps_e_0]
endgroup
save_bd_design
Wrote  : </home/xmen/Videos/RustDesk/SystolicCore/SystolicCore/SystolicCore/SystolicCore.srcs/sources_1/bd/design_1/design_1.bd> 
Wrote  : </home/xmen/Videos/RustDesk/SystolicCore/SystolicCore/SystolicCore/SystolicCore.srcs/sources_1/bd/design_1/ui/bd_1f5defd0.ui> 
reset_run synth_1
reset_run design_1_zynq_ultra_ps_e_0_0_synth_1
launch_runs impl_1 -to_step write_bitstream -jobs 32
INFO: [BD 5-943] Reserving offset range <0x8000_0000 [ 64K ]> from slave interface '/axi_smc/S00_AXI' to master interface '/axi_smc/M00_AXI'. This will be used by smartconnect on path for routing.
INFO: [BD 5-943] Reserving offset range <0x8000_0000 [ 64K ]> from slave interface '/axi_smc/S00_AXI' to master interface '/axi_smc/M00_AXI'. This will be used by smartconnect on path for routing.
INFO: [xilinx.com:ip:smartconnect:1.0-1] design_1_axi_smc_0: SmartConnect design_1_axi_smc_0 is in Low-Area Mode.
Wrote  : </home/xmen/Videos/RustDesk/SystolicCore/SystolicCore/SystolicCore/SystolicCore.srcs/sources_1/bd/design_1/design_1.bd> 
Verilog Output written to : /home/xmen/Videos/RustDesk/SystolicCore/SystolicCore/SystolicCore/SystolicCore.gen/sources_1/bd/design_1/synth/design_1.v
Verilog Output written to : /home/xmen/Videos/RustDesk/SystolicCore/SystolicCore/SystolicCore/SystolicCore.gen/sources_1/bd/design_1/sim/design_1.v
Verilog Output written to : /home/xmen/Videos/RustDesk/SystolicCore/SystolicCore/SystolicCore/SystolicCore.gen/sources_1/bd/design_1/hdl/design_1_wrapper.v
INFO: [xilinx.com:ip:zynq_ultra_ps_e:3.5-0] design_1_zynq_ultra_ps_e_0_0: 
Changes in your design (including the PCW configuration settings) are not automatically exported from Vivado to Amd's SDK, Petalinux or Yocto.
This is by design to avoid disrupting existing embedded development efforts. To have any changes of your design taking effect in the embedded software flow please export your
design by going through Vivado's main menu, click on File, then Export finally select Export Hardware, please ensure you click on the Include BitStream option.
The auto-generated HDF file is all you need to import in Amd's SDK, Petalinux or Yocto for your changes to be reflected in the Embedded Software Flow.
For more information, please consult PG201, section: Exporting PCW Settings to Embedded Software Flows
INFO: [PSU-0] Address Range of DDR (0x7ff00000 to 0x7fffffff) is reserved by PMU for internal purpose.
INFO: [IP_Flow 19-5611] Unable to find an associated reset port for the interface 'M_AXI_HPM0_LPD'. A default connection has been created.
INFO: [BD 41-1029] Generation completed for the IP Integrator block zynq_ultra_ps_e_0 .
Exporting to file /home/xmen/Videos/RustDesk/SystolicCore/SystolicCore/SystolicCore/SystolicCore.gen/sources_1/bd/design_1/ip/design_1_axi_smc_0/bd_0/hw_handoff/design_1_axi_smc_0.hwh
Generated Hardware Definition File /home/xmen/Videos/RustDesk/SystolicCore/SystolicCore/SystolicCore/SystolicCore.gen/sources_1/bd/design_1/ip/design_1_axi_smc_0/bd_0/synth/design_1_axi_smc_0.hwdef
INFO: [BD 41-1029] Generation completed for the IP Integrator block axi_smc .
Exporting to file /home/xmen/Videos/RustDesk/SystolicCore/SystolicCore/SystolicCore/SystolicCore.gen/sources_1/bd/design_1/hw_handoff/design_1.hwh
Generated Hardware Definition File /home/xmen/Videos/RustDesk/SystolicCore/SystolicCore/SystolicCore/SystolicCore.gen/sources_1/bd/design_1/synth/design_1.hwdef
INFO: [BD 41-3262] Generated VHDL Instantiation Template file /home/xmen/Videos/RustDesk/SystolicCore/SystolicCore/SystolicCore/SystolicCore.gen/sources_1/bd/design_1/design_1.vho
INFO: [BD 41-3262] Generated Verilog Instantiation Template file /home/xmen/Videos/RustDesk/SystolicCore/SystolicCore/SystolicCore/SystolicCore.gen/sources_1/bd/design_1/design_1.veo
INFO: [BD 41-3262] Generated System Verilog Instantiation Template file /home/xmen/Videos/RustDesk/SystolicCore/SystolicCore/SystolicCore/SystolicCore.gen/sources_1/bd/design_1/design_1_sv.sveo
INFO: [IP_Flow 19-4993] Using cached IP synthesis design for IP design_1_axi_smc_0, cache-ID = 375638869eecdc26; cache size = 58.320 MB.
WARNING: [Project 1-478] Design 'synth_1' is stale and will not be used when launching 'impl_1'
[Tue Dec 30 15:41:59 2025] Launched design_1_zynq_ultra_ps_e_0_0_synth_1, synth_1...
Run output will be captured here:
design_1_zynq_ultra_ps_e_0_0_synth_1: /home/xmen/Videos/RustDesk/SystolicCore/SystolicCore/SystolicCore/SystolicCore.runs/design_1_zynq_ultra_ps_e_0_0_synth_1/runme.log
synth_1: /home/xmen/Videos/RustDesk/SystolicCore/SystolicCore/SystolicCore/SystolicCore.runs/synth_1/runme.log
[Tue Dec 30 15:41:59 2025] Launched impl_1...
Run output will be captured here: /home/xmen/Videos/RustDesk/SystolicCore/SystolicCore/SystolicCore/SystolicCore.runs/impl_1/runme.log
launch_runs: Time (s): cpu = 00:00:15 ; elapsed = 00:00:14 . Memory (MB): peak = 16712.633 ; gain = 144.164 ; free physical = 5108 ; free virtual = 45842
WARNING: [filemgmt 56-199] Attempt to get parsing info during refresh. "On-the-fly" syntax checking information may be incorrect. [/home/xmen/Videos/RustDesk/SystolicCore/SystolicCore/rtl/SystolicCore.sv:]
WARNING: [filemgmt 56-199] Attempt to get parsing info during refresh. "On-the-fly" syntax checking information may be incorrect. [/home/xmen/Videos/RustDesk/SystolicCore/SystolicCore/rtl/design_1_wrapper.v:]
WARNING: [filemgmt 56-199] Attempt to get parsing info during refresh. "On-the-fly" syntax checking information may be incorrect. [/home/xmen/Videos/RustDesk/SystolicCore/SystolicCore/rtl/SystolicCore.sv:]
WARNING: [filemgmt 56-199] Attempt to get parsing info during refresh. "On-the-fly" syntax checking information may be incorrect. [/home/xmen/Videos/RustDesk/SystolicCore/SystolicCore/rtl/SystolicCore.sv:]
WARNING: [filemgmt 56-199] Attempt to get parsing info during refresh. "On-the-fly" syntax checking information may be incorrect. [/home/xmen/Videos/RustDesk/SystolicCore/SystolicCore/SystolicCore/SystolicCore.gen/sources_1/ip/ila_4/ila_4.veo:]
WARNING: [filemgmt 56-199] Attempt to get parsing info during refresh. "On-the-fly" syntax checking information may be incorrect. [/home/xmen/Videos/RustDesk/SystolicCore/SystolicCore/SystolicCore/SystolicCore.gen/sources_1/ip/ila_4/ila_4.veo:]
WARNING: [filemgmt 56-199] Attempt to get parsing info during refresh. "On-the-fly" syntax checking information may be incorrect. [/home/xmen/Videos/RustDesk/SystolicCore/SystolicCore/rtl/SystolicCore.sv:]
WARNING: [filemgmt 56-199] Attempt to get parsing info during refresh. "On-the-fly" syntax checking information may be incorrect. [/home/xmen/Videos/RustDesk/SystolicCore/SystolicCore/rtl/design_1_wrapper.v:]
WARNING: [filemgmt 56-199] Attempt to get parsing info during refresh. "On-the-fly" syntax checking information may be incorrect. [/home/xmen/Videos/RustDesk/SystolicCore/SystolicCore/rtl/SystolicCore.sv:]
WARNING: [filemgmt 56-199] Attempt to get parsing info during refresh. "On-the-fly" syntax checking information may be incorrect. [/home/xmen/Videos/RustDesk/SystolicCore/SystolicCore/rtl/SystolicCore.sv:]
WARNING: [filemgmt 56-199] Attempt to get parsing info during refresh. "On-the-fly" syntax checking information may be incorrect. [/home/xmen/Videos/RustDesk/SystolicCore/SystolicCore/SystolicCore/SystolicCore.gen/sources_1/ip/ila_4/ila_4.veo:]
WARNING: [filemgmt 56-199] Attempt to get parsing info during refresh. "On-the-fly" syntax checking information may be incorrect. [/home/xmen/Videos/RustDesk/SystolicCore/SystolicCore/SystolicCore/SystolicCore.gen/sources_1/ip/ila_4/ila_4.veo:]
write_hw_platform -fixed -include_bit -force -file /home/xmen/Videos/RustDesk/SystolicCore/SystolicCore/SystolicCore/zynq_wrapper_systolic.xsa
INFO: [Projectvivado 1-1918] Creating Hardware Platform: /home/xmen/Videos/RustDesk/SystolicCore/SystolicCore/SystolicCore/zynq_wrapper_systolic.xsa ...
INFO: [Projectvivado 1-1943] The Hardware Platform can be used for Hardware
INFO: [Projectvivado 1-1941] Successfully created Hardware Platform: /home/xmen/Videos/RustDesk/SystolicCore/SystolicCore/SystolicCore/zynq_wrapper_systolic.xsa
ERROR: [Labtoolstcl 44-513] HW Target shutdown. Closing target: localhost:3121/xilinx_tcf/Xilinx/14587
INFO: [Labtoolstcl 44-466] Opening hw_target localhost:3121/xilinx_tcf/Xilinx/14587
INFO: [Labtools 27-1435] Device xczu7 (JTAG device index = 0) is not programmed (DONE status = 0).
WARNING: [Labtoolstcl 44-129] No matching hw_ila_data was found.
WARNING: [Labtoolstcl 44-129] No matching hw_ila_data was found.
