#-----------------------------------------------------------
# Vivado v2025.1 (64-bit)
# SW Build 6140274 on Wed May 21 22:58:25 MDT 2025
# IP Build 6138677 on Thu May 22 03:10:11 MDT 2025
# SharedData Build 6139179 on Tue May 20 17:58:58 MDT 2025
# Start of session at: Tue Nov 11 10:23:46 2025
# Process ID         : 2709489
# Current directory  : /home/xmen/Desktop/SystolicCore
# Command line       : vivado vivado/SystolicCore/SystolicCore.xpr
# Log file           : /home/xmen/Desktop/SystolicCore/vivado.log
# Journal file       : /home/xmen/Desktop/SystolicCore/vivado.jou
# Running On         : VT0144
# Platform           : Rocky
# Operating System   : Rocky Linux release 8.10 (Green Obsidian)
# Processor Detail   : Intel(R) Core(TM) i9-14900F
# CPU Frequency      : 2000.000 MHz
# CPU Physical cores : 24
# CPU Logical cores  : 32
# Host memory        : 67075 MB
# Swap memory        : 14727 MB
# Total Virtual      : 81802 MB
# Available Virtual  : 50674 MB
#-----------------------------------------------------------
start_gui
WARNING: [Board 49-26] cannot add Board Part iwavesystems.com:iw-g35m-19eg-4e008g-e016g-bia:part0:1.0 available at /home/xmen/.Xilinx/Vivado/2025.1/xhub/board_store/xilinx_board_store/XilinxBoardStore/Vivado/2025.1/boards/iWave/iW-G35M-19EG-4E008G-E016G-BIA/1.0/1.B/board.xml as part xczu19eg-ffvc1760-1-i specified in board_part file is either invalid or not available
WARNING: [Board 49-26] cannot add Board Part xilinx.com:emb-plus-vpr-4616:part0:1.0 available at /home/xmen/amd/2025.1/data/xhub/boards/XilinxBoardStore/boards/Xilinx/emb-plus-vpr-4616/1.0/board.xml as part xcve2302-sfva784-2mp-e-s specified in board_part file is either invalid or not available
WARNING: [Board 49-26] cannot add Board Part xilinx.com:emb-plus-vpr-4616:part0:1.1 available at /home/xmen/amd/2025.1/data/xhub/boards/XilinxBoardStore/boards/Xilinx/emb-plus-vpr-4616/1.1/board.xml as part xcve2302-sfva784-2mp-e-s specified in board_part file is either invalid or not available
WARNING: [Board 49-26] cannot add Board Part xilinx.com:k24c:part0:1.0 available at /home/xmen/amd/2025.1/data/xhub/boards/XilinxBoardStore/boards/Xilinx/k24c/1.0/board.xml as part xck24-ubva530-2lv-c specified in board_part file is either invalid or not available
WARNING: [Board 49-26] cannot add Board Part xilinx.com:k24c:part0:1.1 available at /home/xmen/amd/2025.1/data/xhub/boards/XilinxBoardStore/boards/Xilinx/k24c/1.1/board.xml as part xck24-ubva530-2lv-c specified in board_part file is either invalid or not available
WARNING: [Board 49-26] cannot add Board Part xilinx.com:k24i:part0:1.0 available at /home/xmen/amd/2025.1/data/xhub/boards/XilinxBoardStore/boards/Xilinx/k24i/1.0/board.xml as part xck24-ubva530-2lvi-i specified in board_part file is either invalid or not available
WARNING: [Board 49-26] cannot add Board Part xilinx.com:k26c:part0:1.2 available at /home/xmen/amd/2025.1/data/xhub/boards/XilinxBoardStore/boards/Xilinx/k26c/1.2/board.xml as part xck26-sfvc784-2lv-c specified in board_part file is either invalid or not available
WARNING: [Board 49-26] cannot add Board Part xilinx.com:k26c:part0:1.3 available at /home/xmen/amd/2025.1/data/xhub/boards/XilinxBoardStore/boards/Xilinx/k26c/1.3/board.xml as part xck26-sfvc784-2lv-c specified in board_part file is either invalid or not available
WARNING: [Board 49-26] cannot add Board Part xilinx.com:k26c:part0:1.4 available at /home/xmen/amd/2025.1/data/xhub/boards/XilinxBoardStore/boards/Xilinx/k26c/1.4/board.xml as part xck26-sfvc784-2lv-c specified in board_part file is either invalid or not available
WARNING: [Board 49-26] cannot add Board Part xilinx.com:k26i:part0:1.2 available at /home/xmen/amd/2025.1/data/xhub/boards/XilinxBoardStore/boards/Xilinx/k26i/1.2/board.xml as part xck26-sfvc784-2lvi-i specified in board_part file is either invalid or not available
WARNING: [Board 49-26] cannot add Board Part xilinx.com:k26i:part0:1.3 available at /home/xmen/amd/2025.1/data/xhub/boards/XilinxBoardStore/boards/Xilinx/k26i/1.3/board.xml as part xck26-sfvc784-2lvi-i specified in board_part file is either invalid or not available
WARNING: [Board 49-26] cannot add Board Part xilinx.com:k26i:part0:1.4 available at /home/xmen/amd/2025.1/data/xhub/boards/XilinxBoardStore/boards/Xilinx/k26i/1.4/board.xml as part xck26-sfvc784-2lvi-i specified in board_part file is either invalid or not available
WARNING: [Board 49-26] cannot add Board Part xilinx.com:kcu105:part0:1.6 available at /home/xmen/amd/2025.1/data/xhub/boards/XilinxBoardStore/boards/Xilinx/kcu105/1.6/board.xml as part xcku040-ffva1156-2-e specified in board_part file is either invalid or not available
WARNING: [Board 49-26] cannot add Board Part xilinx.com:kcu105:part0:1.7 available at /home/xmen/amd/2025.1/data/xhub/boards/XilinxBoardStore/boards/Xilinx/kcu105/1.7/board.xml as part xcku040-ffva1156-2-e specified in board_part file is either invalid or not available
WARNING: [Board 49-26] cannot add Board Part xilinx.com:kcu116:part0:1.4 available at /home/xmen/amd/2025.1/data/xhub/boards/XilinxBoardStore/boards/Xilinx/kcu116/1.4/board.xml as part xcku5p-ffvb676-2-e specified in board_part file is either invalid or not available
WARNING: [Board 49-26] cannot add Board Part xilinx.com:kcu116:part0:1.5 available at /home/xmen/amd/2025.1/data/xhub/boards/XilinxBoardStore/boards/Xilinx/kcu116/1.5/board.xml as part xcku5p-ffvb676-2-e specified in board_part file is either invalid or not available
WARNING: [Board 49-26] cannot add Board Part xilinx.com:kcu1500:part0:1.2 available at /home/xmen/amd/2025.1/data/xhub/boards/XilinxBoardStore/boards/Xilinx/kcu1500/1.2/board.xml as part xcku115-flvb2104-2-e specified in board_part file is either invalid or not available
WARNING: [Board 49-26] cannot add Board Part xilinx.com:kd240_som:part0:1.0 available at /home/xmen/amd/2025.1/data/xhub/boards/XilinxBoardStore/boards/Xilinx/kd240_som/1.0/board.xml as part xck24-ubva530-2lv-c specified in board_part file is either invalid or not available
WARNING: [Board 49-26] cannot add Board Part xilinx.com:kd240_som:part0:1.1 available at /home/xmen/amd/2025.1/data/xhub/boards/XilinxBoardStore/boards/Xilinx/kd240_som/1.1/board.xml as part xck24-ubva530-2lv-c specified in board_part file is either invalid or not available
WARNING: [Board 49-26] cannot add Board Part xilinx.com:kr260_som:part0:1.0 available at /home/xmen/amd/2025.1/data/xhub/boards/XilinxBoardStore/boards/Xilinx/kr260_som/1.0/board.xml as part xck26-sfvc784-2lv-c specified in board_part file is either invalid or not available
WARNING: [Board 49-26] cannot add Board Part xilinx.com:kr260_som:part0:1.1 available at /home/xmen/amd/2025.1/data/xhub/boards/XilinxBoardStore/boards/Xilinx/kr260_som/1.1/board.xml as part xck26-sfvc784-2lv-c specified in board_part file is either invalid or not available
WARNING: [Board 49-26] cannot add Board Part xilinx.com:kv260_som:part0:1.2 available at /home/xmen/amd/2025.1/data/xhub/boards/XilinxBoardStore/boards/Xilinx/kv260_som/1.2/board.xml as part xck26-sfvc784-2lv-c specified in board_part file is either invalid or not available
WARNING: [Board 49-26] cannot add Board Part xilinx.com:kv260_som:part0:1.3 available at /home/xmen/amd/2025.1/data/xhub/boards/XilinxBoardStore/boards/Xilinx/kv260_som/1.3/board.xml as part xck26-sfvc784-2lv-c specified in board_part file is either invalid or not available
WARNING: [Board 49-26] cannot add Board Part xilinx.com:kv260_som:part0:1.4 available at /home/xmen/amd/2025.1/data/xhub/boards/XilinxBoardStore/boards/Xilinx/kv260_som/1.4/board.xml as part xck26-sfvc784-2lv-c specified in board_part file is either invalid or not available
WARNING: [Board 49-26] cannot add Board Part xilinx.com:scu35:part0:1.0 available at /home/xmen/amd/2025.1/data/xhub/boards/XilinxBoardStore/boards/Xilinx/scu35/1.0/board.xml as part xcsu35p-sbvb625-2-e specified in board_part file is either invalid or not available
WARNING: [Board 49-26] cannot add Board Part xilinx.com:v80:part0:1.0 available at /home/xmen/amd/2025.1/data/xhub/boards/XilinxBoardStore/boards/Xilinx/v80/1.0/board.xml as part xcv80-lsva4737-2mhp-e-s specified in board_part file is either invalid or not available
WARNING: [Board 49-26] cannot add Board Part xilinx.com:vck190:part0:2.2 available at /home/xmen/amd/2025.1/data/xhub/boards/XilinxBoardStore/boards/Xilinx/vck190/production/2.2/board.xml as part xcvc1902-vsva2197-2mp-e-s specified in board_part file is either invalid or not available
WARNING: [Board 49-26] cannot add Board Part xilinx.com:vck190:part0:3.0 available at /home/xmen/amd/2025.1/data/xhub/boards/XilinxBoardStore/boards/Xilinx/vck190/production/3.0/board.xml as part xcvc1902-vsva2197-2mp-e-s specified in board_part file is either invalid or not available
WARNING: [Board 49-26] cannot add Board Part xilinx.com:vck190:part0:3.1 available at /home/xmen/amd/2025.1/data/xhub/boards/XilinxBoardStore/boards/Xilinx/vck190/production/3.1/board.xml as part xcvc1902-vsva2197-2mp-e-s specified in board_part file is either invalid or not available
WARNING: [Board 49-26] cannot add Board Part xilinx.com:vck190:part0:3.2 available at /home/xmen/amd/2025.1/data/xhub/boards/XilinxBoardStore/boards/Xilinx/vck190/production/3.2/board.xml as part xcvc1902-vsva2197-2mp-e-s specified in board_part file is either invalid or not available
WARNING: [Board 49-26] cannot add Board Part xilinx.com:vck190:part0:3.3 available at /home/xmen/amd/2025.1/data/xhub/boards/XilinxBoardStore/boards/Xilinx/vck190/production/3.3/board.xml as part xcvc1902-vsva2197-2mp-e-s specified in board_part file is either invalid or not available
WARNING: [Board 49-26] cannot add Board Part xilinx.com:vck190:part0:3.4 available at /home/xmen/amd/2025.1/data/xhub/boards/XilinxBoardStore/boards/Xilinx/vck190/production/3.4/board.xml as part xcvc1902-vsva2197-2mp-e-s specified in board_part file is either invalid or not available
WARNING: [Board 49-26] cannot add Board Part xilinx.com:vck190_newl:part0:1.0 available at /home/xmen/amd/2025.1/data/xhub/boards/XilinxBoardStore/boards/Xilinx/vck190_newl/production/1.0/board.xml as part xcvc1902-vsva2197-2mp-e-s specified in board_part file is either invalid or not available
WARNING: [Board 49-26] cannot add Board Part xilinx.com:vck190_newl:part0:1.1 available at /home/xmen/amd/2025.1/data/xhub/boards/XilinxBoardStore/boards/Xilinx/vck190_newl/production/1.1/board.xml as part xcvc1902-vsva2197-2mp-e-s specified in board_part file is either invalid or not available
WARNING: [Board 49-26] cannot add Board Part xilinx.com:vck190_newl:part0:1.2 available at /home/xmen/amd/2025.1/data/xhub/boards/XilinxBoardStore/boards/Xilinx/vck190_newl/production/1.2/board.xml as part xcvc1902-vsva2197-2mp-e-s specified in board_part file is either invalid or not available
WARNING: [Board 49-26] cannot add Board Part xilinx.com:vck190_newl:part0:1.3 available at /home/xmen/amd/2025.1/data/xhub/boards/XilinxBoardStore/boards/Xilinx/vck190_newl/production/1.3/board.xml as part xcvc1902-vsva2197-2mp-e-s specified in board_part file is either invalid or not available
WARNING: [Board 49-26] cannot add Board Part xilinx.com:vcu108:part0:1.6 available at /home/xmen/amd/2025.1/data/xhub/boards/XilinxBoardStore/boards/Xilinx/vcu108/1.6/board.xml as part xcvu095-ffva2104-2-e specified in board_part file is either invalid or not available
WARNING: [Board 49-26] cannot add Board Part xilinx.com:vcu108:part0:1.7 available at /home/xmen/amd/2025.1/data/xhub/boards/XilinxBoardStore/boards/Xilinx/vcu108/1.7/board.xml as part xcvu095-ffva2104-2-e specified in board_part file is either invalid or not available
WARNING: [Board 49-26] cannot add Board Part xilinx.com:vcu110:part0:1.4 available at /home/xmen/amd/2025.1/data/xhub/boards/XilinxBoardStore/boards/Xilinx/vcu110/1.4/board.xml as part xcvu190-flgc2104-2-e specified in board_part file is either invalid or not available
WARNING: [Board 49-26] cannot add Board Part xilinx.com:vcu118:part0:2.0 available at /home/xmen/amd/2025.1/data/xhub/boards/XilinxBoardStore/boards/Xilinx/vcu118/2.0/board.xml as part xcvu9p-flga2104-2l-e specified in board_part file is either invalid or not available
WARNING: [Board 49-26] cannot add Board Part xilinx.com:vcu118:part0:2.3 available at /home/xmen/amd/2025.1/data/xhub/boards/XilinxBoardStore/boards/Xilinx/vcu118/2.3/board.xml as part xcvu9p-flga2104-2l-e specified in board_part file is either invalid or not available
WARNING: [Board 49-26] cannot add Board Part xilinx.com:vcu118:part0:2.4 available at /home/xmen/amd/2025.1/data/xhub/boards/XilinxBoardStore/boards/Xilinx/vcu118/2.4/board.xml as part xcvu9p-flga2104-2l-e specified in board_part file is either invalid or not available
WARNING: [Board 49-26] cannot add Board Part xilinx.com:vcu128:part0:1.0 available at /home/xmen/amd/2025.1/data/xhub/boards/XilinxBoardStore/boards/Xilinx/vcu128/production/1.0/board.xml as part xcvu37p-fsvh2892-2l-e specified in board_part file is either invalid or not available
WARNING: [Board 49-26] cannot add Board Part xilinx.com:vcu129:part0:1.0 available at /home/xmen/amd/2025.1/data/xhub/boards/XilinxBoardStore/boards/Xilinx/vcu129/production/1.0/board.xml as part xcvu29p-fsga2577-2l-e specified in board_part file is either invalid or not available
WARNING: [Board 49-26] cannot add Board Part xilinx.com:vcu1525:part0:1.3 available at /home/xmen/amd/2025.1/data/xhub/boards/XilinxBoardStore/boards/Xilinx/vcu1525/1.3/board.xml as part xcvu9p-fsgd2104-2l-e specified in board_part file is either invalid or not available
WARNING: [Board 49-26] cannot add Board Part xilinx.com:vek280:part0:1.0 available at /home/xmen/amd/2025.1/data/xhub/boards/XilinxBoardStore/boards/Xilinx/vek280/production/1.0/board.xml as part xcve2802-vsvh1760-2mp-e-s specified in board_part file is either invalid or not available
WARNING: [Board 49-26] cannot add Board Part xilinx.com:vek280:part0:1.1 available at /home/xmen/amd/2025.1/data/xhub/boards/XilinxBoardStore/boards/Xilinx/vek280/production/1.1/board.xml as part xcve2802-vsvh1760-2mp-e-s specified in board_part file is either invalid or not available
WARNING: [Board 49-26] cannot add Board Part xilinx.com:vek280:part0:1.2 available at /home/xmen/amd/2025.1/data/xhub/boards/XilinxBoardStore/boards/Xilinx/vek280/production/1.2/board.xml as part xcve2802-vsvh1760-2mp-e-s specified in board_part file is either invalid or not available
WARNING: [Board 49-26] cannot add Board Part xilinx.com:vek385:part0:1.0 available at /home/xmen/amd/2025.1/data/xhub/boards/XilinxBoardStore/boards/Xilinx/vek385/1.0/board.xml as part xc2ve3858-ssva2112-2mp-e-s specified in board_part file is either invalid or not available
WARNING: [Board 49-26] cannot add Board Part xilinx.com:vermeo_t1_mpsoc:part0:1.0 available at /home/xmen/amd/2025.1/data/xhub/boards/XilinxBoardStore/boards/Xilinx/vermeo_t1_mpsoc/1.0/board.xml as part xczu19eg-ffvd1760-2l-e specified in board_part file is either invalid or not available
WARNING: [Board 49-26] cannot add Board Part xilinx.com:vermeo_t1_rfsoc:part0:1.0 available at /home/xmen/amd/2025.1/data/xhub/boards/XilinxBoardStore/boards/Xilinx/vermeo_t1_rfsoc/1.0/board.xml as part xczu21dr-ffvd1156-2l-e specified in board_part file is either invalid or not available
WARNING: [Board 49-26] cannot add Board Part xilinx.com:vhk158:part0:1.0 available at /home/xmen/amd/2025.1/data/xhub/boards/XilinxBoardStore/boards/Xilinx/vhk158/production/1.0/board.xml as part xcvh1582-vsva3697-2mp-e-s specified in board_part file is either invalid or not available
WARNING: [Board 49-26] cannot add Board Part xilinx.com:vhk158:part0:1.1 available at /home/xmen/amd/2025.1/data/xhub/boards/XilinxBoardStore/boards/Xilinx/vhk158/production/1.1/board.xml as part xcvh1582-vsva3697-2mp-e-s specified in board_part file is either invalid or not available
WARNING: [Board 49-26] cannot add Board Part xilinx.com:vhk158:part0:1.2 available at /home/xmen/amd/2025.1/data/xhub/boards/XilinxBoardStore/boards/Xilinx/vhk158/production/1.2/board.xml as part xcvh1582-vsva3697-2mp-e-s specified in board_part file is either invalid or not available
WARNING: [Board 49-26] cannot add Board Part xilinx.com:vmk180:part0:2.2 available at /home/xmen/amd/2025.1/data/xhub/boards/XilinxBoardStore/boards/Xilinx/vmk180/production/2.2/board.xml as part xcvm1802-vsva2197-2mp-e-s specified in board_part file is either invalid or not available
WARNING: [Board 49-26] cannot add Board Part xilinx.com:vmk180:part0:3.0 available at /home/xmen/amd/2025.1/data/xhub/boards/XilinxBoardStore/boards/Xilinx/vmk180/production/3.0/board.xml as part xcvm1802-vsva2197-2mp-e-s specified in board_part file is either invalid or not available
WARNING: [Board 49-26] cannot add Board Part xilinx.com:vmk180:part0:3.1 available at /home/xmen/amd/2025.1/data/xhub/boards/XilinxBoardStore/boards/Xilinx/vmk180/production/3.1/board.xml as part xcvm1802-vsva2197-2mp-e-s specified in board_part file is either invalid or not available
WARNING: [Board 49-26] cannot add Board Part xilinx.com:vmk180:part0:3.2 available at /home/xmen/amd/2025.1/data/xhub/boards/XilinxBoardStore/boards/Xilinx/vmk180/production/3.2/board.xml as part xcvm1802-vsva2197-2mp-e-s specified in board_part file is either invalid or not available
WARNING: [Board 49-26] cannot add Board Part xilinx.com:vmk180:part0:3.3 available at /home/xmen/amd/2025.1/data/xhub/boards/XilinxBoardStore/boards/Xilinx/vmk180/production/3.3/board.xml as part xcvm1802-vsva2197-2mp-e-s specified in board_part file is either invalid or not available
WARNING: [Board 49-26] cannot add Board Part xilinx.com:vmk180_newl:part0:1.0 available at /home/xmen/amd/2025.1/data/xhub/boards/XilinxBoardStore/boards/Xilinx/vmk180_newl/production/1.0/board.xml as part xcvm1802-vsva2197-2mp-e-s specified in board_part file is either invalid or not available
WARNING: [Board 49-26] cannot add Board Part xilinx.com:vmk180_newl:part0:1.1 available at /home/xmen/amd/2025.1/data/xhub/boards/XilinxBoardStore/boards/Xilinx/vmk180_newl/production/1.1/board.xml as part xcvm1802-vsva2197-2mp-e-s specified in board_part file is either invalid or not available
WARNING: [Board 49-26] cannot add Board Part xilinx.com:vpk120:part0:1.0 available at /home/xmen/amd/2025.1/data/xhub/boards/XilinxBoardStore/boards/Xilinx/vpk120/production/1.0/board.xml as part xcvp1202-vsva2785-2mp-e-s specified in board_part file is either invalid or not available
WARNING: [Board 49-26] cannot add Board Part xilinx.com:vpk120:part0:1.1 available at /home/xmen/amd/2025.1/data/xhub/boards/XilinxBoardStore/boards/Xilinx/vpk120/production/1.1/board.xml as part xcvp1202-vsva2785-2mp-e-s specified in board_part file is either invalid or not available
WARNING: [Board 49-26] cannot add Board Part xilinx.com:vpk120:part0:1.2 available at /home/xmen/amd/2025.1/data/xhub/boards/XilinxBoardStore/boards/Xilinx/vpk120/production/1.2/board.xml as part xcvp1202-vsva2785-2mp-e-s specified in board_part file is either invalid or not available
WARNING: [Board 49-26] cannot add Board Part xilinx.com:vpk180:part0:1.0 available at /home/xmen/amd/2025.1/data/xhub/boards/XilinxBoardStore/boards/Xilinx/vpk180/production/1.0/board.xml as part xcvp1802-lsvc4072-2mp-e-s specified in board_part file is either invalid or not available
WARNING: [Board 49-26] cannot add Board Part xilinx.com:vpk180:part0:1.1 available at /home/xmen/amd/2025.1/data/xhub/boards/XilinxBoardStore/boards/Xilinx/vpk180/production/1.1/board.xml as part xcvp1802-lsvc4072-2mp-e-s specified in board_part file is either invalid or not available
WARNING: [Board 49-26] cannot add Board Part xilinx.com:vpk180:part0:1.2 available at /home/xmen/amd/2025.1/data/xhub/boards/XilinxBoardStore/boards/Xilinx/vpk180/production/1.2/board.xml as part xcvp1802-lsvc4072-2mp-e-s specified in board_part file is either invalid or not available
WARNING: [Board 49-26] cannot add Board Part xilinx.com:zc702:part0:1.4 available at /home/xmen/amd/2025.1/data/xhub/boards/XilinxBoardStore/boards/Xilinx/zc702/1.4/board.xml as part xc7z020clg484-1 specified in board_part file is either invalid or not available
WARNING: [Board 49-26] cannot add Board Part xilinx.com:zc706:part0:1.4 available at /home/xmen/amd/2025.1/data/xhub/boards/XilinxBoardStore/boards/Xilinx/zc706/1.4/board.xml as part xc7z045ffg900-2 specified in board_part file is either invalid or not available
WARNING: [Board 49-26] cannot add Board Part xilinx.com:zcu102:part0:3.3 available at /home/xmen/amd/2025.1/data/xhub/boards/XilinxBoardStore/boards/Xilinx/zcu102/3.3/board.xml as part xczu9eg-ffvb1156-2-e specified in board_part file is either invalid or not available
WARNING: [Board 49-26] cannot add Board Part xilinx.com:zcu102:part0:3.4 available at /home/xmen/amd/2025.1/data/xhub/boards/XilinxBoardStore/boards/Xilinx/zcu102/3.4/board.xml as part xczu9eg-ffvb1156-2-e specified in board_part file is either invalid or not available
WARNING: [Board 49-26] cannot add Board Part xilinx.com:zcu104:part0:1.1 available at /home/xmen/amd/2025.1/data/xhub/boards/XilinxBoardStore/boards/Xilinx/zcu104/1.1/board.xml as part xczu7ev-ffvc1156-2-e specified in board_part file is either invalid or not available
WARNING: [Board 49-26] cannot add Board Part xilinx.com:zcu106:part0:2.4 available at /home/xmen/amd/2025.1/data/xhub/boards/XilinxBoardStore/boards/Xilinx/zcu106/2.4/board.xml as part xczu7ev-ffvc1156-2-e specified in board_part file is either invalid or not available
WARNING: [Board 49-26] cannot add Board Part xilinx.com:zcu106:part0:2.5 available at /home/xmen/amd/2025.1/data/xhub/boards/XilinxBoardStore/boards/Xilinx/zcu106/2.5/board.xml as part xczu7ev-ffvc1156-2-e specified in board_part file is either invalid or not available
WARNING: [Board 49-26] cannot add Board Part xilinx.com:zcu106:part0:2.6 available at /home/xmen/amd/2025.1/data/xhub/boards/XilinxBoardStore/boards/Xilinx/zcu106/2.6/board.xml as part xczu7ev-ffvc1156-2-e specified in board_part file is either invalid or not available
WARNING: [Board 49-26] cannot add Board Part xilinx.com:zcu111:part0:1.2 available at /home/xmen/amd/2025.1/data/xhub/boards/XilinxBoardStore/boards/Xilinx/zcu111/1.2/board.xml as part xczu28dr-ffvg1517-2-e specified in board_part file is either invalid or not available
WARNING: [Board 49-26] cannot add Board Part xilinx.com:zcu111:part0:1.3 available at /home/xmen/amd/2025.1/data/xhub/boards/XilinxBoardStore/boards/Xilinx/zcu111/1.3/board.xml as part xczu28dr-ffvg1517-2-e specified in board_part file is either invalid or not available
WARNING: [Board 49-26] cannot add Board Part xilinx.com:zcu111:part0:1.4 available at /home/xmen/amd/2025.1/data/xhub/boards/XilinxBoardStore/boards/Xilinx/zcu111/1.4/board.xml as part xczu28dr-ffvg1517-2-e specified in board_part file is either invalid or not available
WARNING: [Board 49-26] cannot add Board Part xilinx.com:zcu1275:part0:1.0 available at /home/xmen/amd/2025.1/data/xhub/boards/XilinxBoardStore/boards/Xilinx/zcu1275/1.0/board.xml as part xczu29dr-ffvf1760-2-e specified in board_part file is either invalid or not available
WARNING: [Board 49-26] cannot add Board Part xilinx.com:zcu1285:part0:1.0 available at /home/xmen/amd/2025.1/data/xhub/boards/XilinxBoardStore/boards/Xilinx/zcu1285/1.0/board.xml as part xczu39dr-ffvf1760-2-i specified in board_part file is either invalid or not available
WARNING: [Board 49-26] cannot add Board Part xilinx.com:zcu208:part0:2.0 available at /home/xmen/amd/2025.1/data/xhub/boards/XilinxBoardStore/boards/Xilinx/zcu208/production/2.0/board.xml as part xczu48dr-fsvg1517-2-e specified in board_part file is either invalid or not available
WARNING: [Board 49-26] cannot add Board Part xilinx.com:zcu208ld:part0:2.0 available at /home/xmen/amd/2025.1/data/xhub/boards/XilinxBoardStore/boards/Xilinx/zcu208ld/production/2.0/board.xml as part xczu58dr-fsvg1517-2-i specified in board_part file is either invalid or not available
WARNING: [Board 49-26] cannot add Board Part xilinx.com:zcu216:part0:2.0 available at /home/xmen/amd/2025.1/data/xhub/boards/XilinxBoardStore/boards/Xilinx/zcu216/production/2.0/board.xml as part xczu49dr-ffvf1760-2-e specified in board_part file is either invalid or not available
WARNING: [Board 49-26] cannot add Board Part xilinx.com:zcu216ld:part0:2.0 available at /home/xmen/amd/2025.1/data/xhub/boards/XilinxBoardStore/boards/Xilinx/zcu216ld/production/2.0/board.xml as part xczu59dr-ffvf1760-2-i specified in board_part file is either invalid or not available
WARNING: [Board 49-26] cannot add Board Part xilinx.com:zcu670:part0:2.0 available at /home/xmen/amd/2025.1/data/xhub/boards/XilinxBoardStore/boards/Xilinx/zcu670/2.0/board.xml as part xczu67dr-fsve1156-2-i specified in board_part file is either invalid or not available
WARNING: [Board 49-26] cannot add Board Part xilinx.com:zcu670ld:part0:1.0 available at /home/xmen/amd/2025.1/data/xhub/boards/XilinxBoardStore/boards/Xilinx/zcu670ld/1.0/board.xml as part xczu57dr-fsve1156-2-i specified in board_part file is either invalid or not available
open_project vivado/SystolicCore/SystolicCore.xpr
CRITICAL WARNING: [Project 1-19] Could not find the file '/home/xmen/Desktop/tb_behav.wcfg'.
Scanning sources...
Finished scanning sources
WARNING: [Board 49-26] cannot add Board Part iwavesystems.com:iw-g35m-19eg-4e008g-e016g-bia:part0:1.0 available at /home/xmen/.Xilinx/Vivado/2025.1/xhub/board_store/xilinx_board_store/XilinxBoardStore/Vivado/2025.1/boards/iWave/iW-G35M-19EG-4E008G-E016G-BIA/1.0/1.B/board.xml as part xczu19eg-ffvc1760-1-i specified in board_part file is either invalid or not available
WARNING: [Board 49-26] cannot add Board Part xilinx.com:emb-plus-vpr-4616:part0:1.0 available at /home/xmen/amd/2025.1/data/xhub/boards/XilinxBoardStore/boards/Xilinx/emb-plus-vpr-4616/1.0/board.xml as part xcve2302-sfva784-2mp-e-s specified in board_part file is either invalid or not available
WARNING: [Board 49-26] cannot add Board Part xilinx.com:emb-plus-vpr-4616:part0:1.1 available at /home/xmen/amd/2025.1/data/xhub/boards/XilinxBoardStore/boards/Xilinx/emb-plus-vpr-4616/1.1/board.xml as part xcve2302-sfva784-2mp-e-s specified in board_part file is either invalid or not available
WARNING: [Board 49-26] cannot add Board Part xilinx.com:k24c:part0:1.0 available at /home/xmen/amd/2025.1/data/xhub/boards/XilinxBoardStore/boards/Xilinx/k24c/1.0/board.xml as part xck24-ubva530-2lv-c specified in board_part file is either invalid or not available
WARNING: [Board 49-26] cannot add Board Part xilinx.com:k24c:part0:1.1 available at /home/xmen/amd/2025.1/data/xhub/boards/XilinxBoardStore/boards/Xilinx/k24c/1.1/board.xml as part xck24-ubva530-2lv-c specified in board_part file is either invalid or not available
WARNING: [Board 49-26] cannot add Board Part xilinx.com:k24i:part0:1.0 available at /home/xmen/amd/2025.1/data/xhub/boards/XilinxBoardStore/boards/Xilinx/k24i/1.0/board.xml as part xck24-ubva530-2lvi-i specified in board_part file is either invalid or not available
WARNING: [Board 49-26] cannot add Board Part xilinx.com:k26c:part0:1.2 available at /home/xmen/amd/2025.1/data/xhub/boards/XilinxBoardStore/boards/Xilinx/k26c/1.2/board.xml as part xck26-sfvc784-2lv-c specified in board_part file is either invalid or not available
WARNING: [Board 49-26] cannot add Board Part xilinx.com:k26c:part0:1.3 available at /home/xmen/amd/2025.1/data/xhub/boards/XilinxBoardStore/boards/Xilinx/k26c/1.3/board.xml as part xck26-sfvc784-2lv-c specified in board_part file is either invalid or not available
WARNING: [Board 49-26] cannot add Board Part xilinx.com:k26c:part0:1.4 available at /home/xmen/amd/2025.1/data/xhub/boards/XilinxBoardStore/boards/Xilinx/k26c/1.4/board.xml as part xck26-sfvc784-2lv-c specified in board_part file is either invalid or not available
WARNING: [Board 49-26] cannot add Board Part xilinx.com:k26i:part0:1.2 available at /home/xmen/amd/2025.1/data/xhub/boards/XilinxBoardStore/boards/Xilinx/k26i/1.2/board.xml as part xck26-sfvc784-2lvi-i specified in board_part file is either invalid or not available
WARNING: [Board 49-26] cannot add Board Part xilinx.com:k26i:part0:1.3 available at /home/xmen/amd/2025.1/data/xhub/boards/XilinxBoardStore/boards/Xilinx/k26i/1.3/board.xml as part xck26-sfvc784-2lvi-i specified in board_part file is either invalid or not available
WARNING: [Board 49-26] cannot add Board Part xilinx.com:k26i:part0:1.4 available at /home/xmen/amd/2025.1/data/xhub/boards/XilinxBoardStore/boards/Xilinx/k26i/1.4/board.xml as part xck26-sfvc784-2lvi-i specified in board_part file is either invalid or not available
WARNING: [Board 49-26] cannot add Board Part xilinx.com:kcu105:part0:1.6 available at /home/xmen/amd/2025.1/data/xhub/boards/XilinxBoardStore/boards/Xilinx/kcu105/1.6/board.xml as part xcku040-ffva1156-2-e specified in board_part file is either invalid or not available
WARNING: [Board 49-26] cannot add Board Part xilinx.com:kcu105:part0:1.7 available at /home/xmen/amd/2025.1/data/xhub/boards/XilinxBoardStore/boards/Xilinx/kcu105/1.7/board.xml as part xcku040-ffva1156-2-e specified in board_part file is either invalid or not available
WARNING: [Board 49-26] cannot add Board Part xilinx.com:kcu116:part0:1.4 available at /home/xmen/amd/2025.1/data/xhub/boards/XilinxBoardStore/boards/Xilinx/kcu116/1.4/board.xml as part xcku5p-ffvb676-2-e specified in board_part file is either invalid or not available
WARNING: [Board 49-26] cannot add Board Part xilinx.com:kcu116:part0:1.5 available at /home/xmen/amd/2025.1/data/xhub/boards/XilinxBoardStore/boards/Xilinx/kcu116/1.5/board.xml as part xcku5p-ffvb676-2-e specified in board_part file is either invalid or not available
WARNING: [Board 49-26] cannot add Board Part xilinx.com:kcu1500:part0:1.2 available at /home/xmen/amd/2025.1/data/xhub/boards/XilinxBoardStore/boards/Xilinx/kcu1500/1.2/board.xml as part xcku115-flvb2104-2-e specified in board_part file is either invalid or not available
WARNING: [Board 49-26] cannot add Board Part xilinx.com:kd240_som:part0:1.0 available at /home/xmen/amd/2025.1/data/xhub/boards/XilinxBoardStore/boards/Xilinx/kd240_som/1.0/board.xml as part xck24-ubva530-2lv-c specified in board_part file is either invalid or not available
WARNING: [Board 49-26] cannot add Board Part xilinx.com:kd240_som:part0:1.1 available at /home/xmen/amd/2025.1/data/xhub/boards/XilinxBoardStore/boards/Xilinx/kd240_som/1.1/board.xml as part xck24-ubva530-2lv-c specified in board_part file is either invalid or not available
WARNING: [Board 49-26] cannot add Board Part xilinx.com:kr260_som:part0:1.0 available at /home/xmen/amd/2025.1/data/xhub/boards/XilinxBoardStore/boards/Xilinx/kr260_som/1.0/board.xml as part xck26-sfvc784-2lv-c specified in board_part file is either invalid or not available
WARNING: [Board 49-26] cannot add Board Part xilinx.com:kr260_som:part0:1.1 available at /home/xmen/amd/2025.1/data/xhub/boards/XilinxBoardStore/boards/Xilinx/kr260_som/1.1/board.xml as part xck26-sfvc784-2lv-c specified in board_part file is either invalid or not available
WARNING: [Board 49-26] cannot add Board Part xilinx.com:kv260_som:part0:1.2 available at /home/xmen/amd/2025.1/data/xhub/boards/XilinxBoardStore/boards/Xilinx/kv260_som/1.2/board.xml as part xck26-sfvc784-2lv-c specified in board_part file is either invalid or not available
WARNING: [Board 49-26] cannot add Board Part xilinx.com:kv260_som:part0:1.3 available at /home/xmen/amd/2025.1/data/xhub/boards/XilinxBoardStore/boards/Xilinx/kv260_som/1.3/board.xml as part xck26-sfvc784-2lv-c specified in board_part file is either invalid or not available
WARNING: [Board 49-26] cannot add Board Part xilinx.com:kv260_som:part0:1.4 available at /home/xmen/amd/2025.1/data/xhub/boards/XilinxBoardStore/boards/Xilinx/kv260_som/1.4/board.xml as part xck26-sfvc784-2lv-c specified in board_part file is either invalid or not available
WARNING: [Board 49-26] cannot add Board Part xilinx.com:scu35:part0:1.0 available at /home/xmen/amd/2025.1/data/xhub/boards/XilinxBoardStore/boards/Xilinx/scu35/1.0/board.xml as part xcsu35p-sbvb625-2-e specified in board_part file is either invalid or not available
WARNING: [Board 49-26] cannot add Board Part xilinx.com:v80:part0:1.0 available at /home/xmen/amd/2025.1/data/xhub/boards/XilinxBoardStore/boards/Xilinx/v80/1.0/board.xml as part xcv80-lsva4737-2mhp-e-s specified in board_part file is either invalid or not available
WARNING: [Board 49-26] cannot add Board Part xilinx.com:vck190:part0:2.2 available at /home/xmen/amd/2025.1/data/xhub/boards/XilinxBoardStore/boards/Xilinx/vck190/production/2.2/board.xml as part xcvc1902-vsva2197-2mp-e-s specified in board_part file is either invalid or not available
WARNING: [Board 49-26] cannot add Board Part xilinx.com:vck190:part0:3.0 available at /home/xmen/amd/2025.1/data/xhub/boards/XilinxBoardStore/boards/Xilinx/vck190/production/3.0/board.xml as part xcvc1902-vsva2197-2mp-e-s specified in board_part file is either invalid or not available
WARNING: [Board 49-26] cannot add Board Part xilinx.com:vck190:part0:3.1 available at /home/xmen/amd/2025.1/data/xhub/boards/XilinxBoardStore/boards/Xilinx/vck190/production/3.1/board.xml as part xcvc1902-vsva2197-2mp-e-s specified in board_part file is either invalid or not available
WARNING: [Board 49-26] cannot add Board Part xilinx.com:vck190:part0:3.2 available at /home/xmen/amd/2025.1/data/xhub/boards/XilinxBoardStore/boards/Xilinx/vck190/production/3.2/board.xml as part xcvc1902-vsva2197-2mp-e-s specified in board_part file is either invalid or not available
WARNING: [Board 49-26] cannot add Board Part xilinx.com:vck190:part0:3.3 available at /home/xmen/amd/2025.1/data/xhub/boards/XilinxBoardStore/boards/Xilinx/vck190/production/3.3/board.xml as part xcvc1902-vsva2197-2mp-e-s specified in board_part file is either invalid or not available
WARNING: [Board 49-26] cannot add Board Part xilinx.com:vck190:part0:3.4 available at /home/xmen/amd/2025.1/data/xhub/boards/XilinxBoardStore/boards/Xilinx/vck190/production/3.4/board.xml as part xcvc1902-vsva2197-2mp-e-s specified in board_part file is either invalid or not available
WARNING: [Board 49-26] cannot add Board Part xilinx.com:vck190_newl:part0:1.0 available at /home/xmen/amd/2025.1/data/xhub/boards/XilinxBoardStore/boards/Xilinx/vck190_newl/production/1.0/board.xml as part xcvc1902-vsva2197-2mp-e-s specified in board_part file is either invalid or not available
WARNING: [Board 49-26] cannot add Board Part xilinx.com:vck190_newl:part0:1.1 available at /home/xmen/amd/2025.1/data/xhub/boards/XilinxBoardStore/boards/Xilinx/vck190_newl/production/1.1/board.xml as part xcvc1902-vsva2197-2mp-e-s specified in board_part file is either invalid or not available
WARNING: [Board 49-26] cannot add Board Part xilinx.com:vck190_newl:part0:1.2 available at /home/xmen/amd/2025.1/data/xhub/boards/XilinxBoardStore/boards/Xilinx/vck190_newl/production/1.2/board.xml as part xcvc1902-vsva2197-2mp-e-s specified in board_part file is either invalid or not available
WARNING: [Board 49-26] cannot add Board Part xilinx.com:vck190_newl:part0:1.3 available at /home/xmen/amd/2025.1/data/xhub/boards/XilinxBoardStore/boards/Xilinx/vck190_newl/production/1.3/board.xml as part xcvc1902-vsva2197-2mp-e-s specified in board_part file is either invalid or not available
WARNING: [Board 49-26] cannot add Board Part xilinx.com:vcu108:part0:1.6 available at /home/xmen/amd/2025.1/data/xhub/boards/XilinxBoardStore/boards/Xilinx/vcu108/1.6/board.xml as part xcvu095-ffva2104-2-e specified in board_part file is either invalid or not available
WARNING: [Board 49-26] cannot add Board Part xilinx.com:vcu108:part0:1.7 available at /home/xmen/amd/2025.1/data/xhub/boards/XilinxBoardStore/boards/Xilinx/vcu108/1.7/board.xml as part xcvu095-ffva2104-2-e specified in board_part file is either invalid or not available
WARNING: [Board 49-26] cannot add Board Part xilinx.com:vcu110:part0:1.4 available at /home/xmen/amd/2025.1/data/xhub/boards/XilinxBoardStore/boards/Xilinx/vcu110/1.4/board.xml as part xcvu190-flgc2104-2-e specified in board_part file is either invalid or not available
WARNING: [Board 49-26] cannot add Board Part xilinx.com:vcu118:part0:2.0 available at /home/xmen/amd/2025.1/data/xhub/boards/XilinxBoardStore/boards/Xilinx/vcu118/2.0/board.xml as part xcvu9p-flga2104-2l-e specified in board_part file is either invalid or not available
WARNING: [Board 49-26] cannot add Board Part xilinx.com:vcu118:part0:2.3 available at /home/xmen/amd/2025.1/data/xhub/boards/XilinxBoardStore/boards/Xilinx/vcu118/2.3/board.xml as part xcvu9p-flga2104-2l-e specified in board_part file is either invalid or not available
WARNING: [Board 49-26] cannot add Board Part xilinx.com:vcu118:part0:2.4 available at /home/xmen/amd/2025.1/data/xhub/boards/XilinxBoardStore/boards/Xilinx/vcu118/2.4/board.xml as part xcvu9p-flga2104-2l-e specified in board_part file is either invalid or not available
WARNING: [Board 49-26] cannot add Board Part xilinx.com:vcu128:part0:1.0 available at /home/xmen/amd/2025.1/data/xhub/boards/XilinxBoardStore/boards/Xilinx/vcu128/production/1.0/board.xml as part xcvu37p-fsvh2892-2l-e specified in board_part file is either invalid or not available
WARNING: [Board 49-26] cannot add Board Part xilinx.com:vcu129:part0:1.0 available at /home/xmen/amd/2025.1/data/xhub/boards/XilinxBoardStore/boards/Xilinx/vcu129/production/1.0/board.xml as part xcvu29p-fsga2577-2l-e specified in board_part file is either invalid or not available
WARNING: [Board 49-26] cannot add Board Part xilinx.com:vcu1525:part0:1.3 available at /home/xmen/amd/2025.1/data/xhub/boards/XilinxBoardStore/boards/Xilinx/vcu1525/1.3/board.xml as part xcvu9p-fsgd2104-2l-e specified in board_part file is either invalid or not available
WARNING: [Board 49-26] cannot add Board Part xilinx.com:vek280:part0:1.0 available at /home/xmen/amd/2025.1/data/xhub/boards/XilinxBoardStore/boards/Xilinx/vek280/production/1.0/board.xml as part xcve2802-vsvh1760-2mp-e-s specified in board_part file is either invalid or not available
WARNING: [Board 49-26] cannot add Board Part xilinx.com:vek280:part0:1.1 available at /home/xmen/amd/2025.1/data/xhub/boards/XilinxBoardStore/boards/Xilinx/vek280/production/1.1/board.xml as part xcve2802-vsvh1760-2mp-e-s specified in board_part file is either invalid or not available
WARNING: [Board 49-26] cannot add Board Part xilinx.com:vek280:part0:1.2 available at /home/xmen/amd/2025.1/data/xhub/boards/XilinxBoardStore/boards/Xilinx/vek280/production/1.2/board.xml as part xcve2802-vsvh1760-2mp-e-s specified in board_part file is either invalid or not available
WARNING: [Board 49-26] cannot add Board Part xilinx.com:vek385:part0:1.0 available at /home/xmen/amd/2025.1/data/xhub/boards/XilinxBoardStore/boards/Xilinx/vek385/1.0/board.xml as part xc2ve3858-ssva2112-2mp-e-s specified in board_part file is either invalid or not available
WARNING: [Board 49-26] cannot add Board Part xilinx.com:vermeo_t1_mpsoc:part0:1.0 available at /home/xmen/amd/2025.1/data/xhub/boards/XilinxBoardStore/boards/Xilinx/vermeo_t1_mpsoc/1.0/board.xml as part xczu19eg-ffvd1760-2l-e specified in board_part file is either invalid or not available
WARNING: [Board 49-26] cannot add Board Part xilinx.com:vermeo_t1_rfsoc:part0:1.0 available at /home/xmen/amd/2025.1/data/xhub/boards/XilinxBoardStore/boards/Xilinx/vermeo_t1_rfsoc/1.0/board.xml as part xczu21dr-ffvd1156-2l-e specified in board_part file is either invalid or not available
WARNING: [Board 49-26] cannot add Board Part xilinx.com:vhk158:part0:1.0 available at /home/xmen/amd/2025.1/data/xhub/boards/XilinxBoardStore/boards/Xilinx/vhk158/production/1.0/board.xml as part xcvh1582-vsva3697-2mp-e-s specified in board_part file is either invalid or not available
WARNING: [Board 49-26] cannot add Board Part xilinx.com:vhk158:part0:1.1 available at /home/xmen/amd/2025.1/data/xhub/boards/XilinxBoardStore/boards/Xilinx/vhk158/production/1.1/board.xml as part xcvh1582-vsva3697-2mp-e-s specified in board_part file is either invalid or not available
WARNING: [Board 49-26] cannot add Board Part xilinx.com:vhk158:part0:1.2 available at /home/xmen/amd/2025.1/data/xhub/boards/XilinxBoardStore/boards/Xilinx/vhk158/production/1.2/board.xml as part xcvh1582-vsva3697-2mp-e-s specified in board_part file is either invalid or not available
WARNING: [Board 49-26] cannot add Board Part xilinx.com:vmk180:part0:2.2 available at /home/xmen/amd/2025.1/data/xhub/boards/XilinxBoardStore/boards/Xilinx/vmk180/production/2.2/board.xml as part xcvm1802-vsva2197-2mp-e-s specified in board_part file is either invalid or not available
WARNING: [Board 49-26] cannot add Board Part xilinx.com:vmk180:part0:3.0 available at /home/xmen/amd/2025.1/data/xhub/boards/XilinxBoardStore/boards/Xilinx/vmk180/production/3.0/board.xml as part xcvm1802-vsva2197-2mp-e-s specified in board_part file is either invalid or not available
WARNING: [Board 49-26] cannot add Board Part xilinx.com:vmk180:part0:3.1 available at /home/xmen/amd/2025.1/data/xhub/boards/XilinxBoardStore/boards/Xilinx/vmk180/production/3.1/board.xml as part xcvm1802-vsva2197-2mp-e-s specified in board_part file is either invalid or not available
WARNING: [Board 49-26] cannot add Board Part xilinx.com:vmk180:part0:3.2 available at /home/xmen/amd/2025.1/data/xhub/boards/XilinxBoardStore/boards/Xilinx/vmk180/production/3.2/board.xml as part xcvm1802-vsva2197-2mp-e-s specified in board_part file is either invalid or not available
WARNING: [Board 49-26] cannot add Board Part xilinx.com:vmk180:part0:3.3 available at /home/xmen/amd/2025.1/data/xhub/boards/XilinxBoardStore/boards/Xilinx/vmk180/production/3.3/board.xml as part xcvm1802-vsva2197-2mp-e-s specified in board_part file is either invalid or not available
WARNING: [Board 49-26] cannot add Board Part xilinx.com:vmk180_newl:part0:1.0 available at /home/xmen/amd/2025.1/data/xhub/boards/XilinxBoardStore/boards/Xilinx/vmk180_newl/production/1.0/board.xml as part xcvm1802-vsva2197-2mp-e-s specified in board_part file is either invalid or not available
WARNING: [Board 49-26] cannot add Board Part xilinx.com:vmk180_newl:part0:1.1 available at /home/xmen/amd/2025.1/data/xhub/boards/XilinxBoardStore/boards/Xilinx/vmk180_newl/production/1.1/board.xml as part xcvm1802-vsva2197-2mp-e-s specified in board_part file is either invalid or not available
WARNING: [Board 49-26] cannot add Board Part xilinx.com:vpk120:part0:1.0 available at /home/xmen/amd/2025.1/data/xhub/boards/XilinxBoardStore/boards/Xilinx/vpk120/production/1.0/board.xml as part xcvp1202-vsva2785-2mp-e-s specified in board_part file is either invalid or not available
WARNING: [Board 49-26] cannot add Board Part xilinx.com:vpk120:part0:1.1 available at /home/xmen/amd/2025.1/data/xhub/boards/XilinxBoardStore/boards/Xilinx/vpk120/production/1.1/board.xml as part xcvp1202-vsva2785-2mp-e-s specified in board_part file is either invalid or not available
WARNING: [Board 49-26] cannot add Board Part xilinx.com:vpk120:part0:1.2 available at /home/xmen/amd/2025.1/data/xhub/boards/XilinxBoardStore/boards/Xilinx/vpk120/production/1.2/board.xml as part xcvp1202-vsva2785-2mp-e-s specified in board_part file is either invalid or not available
WARNING: [Board 49-26] cannot add Board Part xilinx.com:vpk180:part0:1.0 available at /home/xmen/amd/2025.1/data/xhub/boards/XilinxBoardStore/boards/Xilinx/vpk180/production/1.0/board.xml as part xcvp1802-lsvc4072-2mp-e-s specified in board_part file is either invalid or not available
WARNING: [Board 49-26] cannot add Board Part xilinx.com:vpk180:part0:1.1 available at /home/xmen/amd/2025.1/data/xhub/boards/XilinxBoardStore/boards/Xilinx/vpk180/production/1.1/board.xml as part xcvp1802-lsvc4072-2mp-e-s specified in board_part file is either invalid or not available
WARNING: [Board 49-26] cannot add Board Part xilinx.com:vpk180:part0:1.2 available at /home/xmen/amd/2025.1/data/xhub/boards/XilinxBoardStore/boards/Xilinx/vpk180/production/1.2/board.xml as part xcvp1802-lsvc4072-2mp-e-s specified in board_part file is either invalid or not available
WARNING: [Board 49-26] cannot add Board Part xilinx.com:zc702:part0:1.4 available at /home/xmen/amd/2025.1/data/xhub/boards/XilinxBoardStore/boards/Xilinx/zc702/1.4/board.xml as part xc7z020clg484-1 specified in board_part file is either invalid or not available
WARNING: [Board 49-26] cannot add Board Part xilinx.com:zc706:part0:1.4 available at /home/xmen/amd/2025.1/data/xhub/boards/XilinxBoardStore/boards/Xilinx/zc706/1.4/board.xml as part xc7z045ffg900-2 specified in board_part file is either invalid or not available
WARNING: [Board 49-26] cannot add Board Part xilinx.com:zcu102:part0:3.3 available at /home/xmen/amd/2025.1/data/xhub/boards/XilinxBoardStore/boards/Xilinx/zcu102/3.3/board.xml as part xczu9eg-ffvb1156-2-e specified in board_part file is either invalid or not available
WARNING: [Board 49-26] cannot add Board Part xilinx.com:zcu102:part0:3.4 available at /home/xmen/amd/2025.1/data/xhub/boards/XilinxBoardStore/boards/Xilinx/zcu102/3.4/board.xml as part xczu9eg-ffvb1156-2-e specified in board_part file is either invalid or not available
WARNING: [Board 49-26] cannot add Board Part xilinx.com:zcu104:part0:1.1 available at /home/xmen/amd/2025.1/data/xhub/boards/XilinxBoardStore/boards/Xilinx/zcu104/1.1/board.xml as part xczu7ev-ffvc1156-2-e specified in board_part file is either invalid or not available
WARNING: [Board 49-26] cannot add Board Part xilinx.com:zcu106:part0:2.4 available at /home/xmen/amd/2025.1/data/xhub/boards/XilinxBoardStore/boards/Xilinx/zcu106/2.4/board.xml as part xczu7ev-ffvc1156-2-e specified in board_part file is either invalid or not available
WARNING: [Board 49-26] cannot add Board Part xilinx.com:zcu106:part0:2.5 available at /home/xmen/amd/2025.1/data/xhub/boards/XilinxBoardStore/boards/Xilinx/zcu106/2.5/board.xml as part xczu7ev-ffvc1156-2-e specified in board_part file is either invalid or not available
WARNING: [Board 49-26] cannot add Board Part xilinx.com:zcu106:part0:2.6 available at /home/xmen/amd/2025.1/data/xhub/boards/XilinxBoardStore/boards/Xilinx/zcu106/2.6/board.xml as part xczu7ev-ffvc1156-2-e specified in board_part file is either invalid or not available
WARNING: [Board 49-26] cannot add Board Part xilinx.com:zcu111:part0:1.2 available at /home/xmen/amd/2025.1/data/xhub/boards/XilinxBoardStore/boards/Xilinx/zcu111/1.2/board.xml as part xczu28dr-ffvg1517-2-e specified in board_part file is either invalid or not available
WARNING: [Board 49-26] cannot add Board Part xilinx.com:zcu111:part0:1.3 available at /home/xmen/amd/2025.1/data/xhub/boards/XilinxBoardStore/boards/Xilinx/zcu111/1.3/board.xml as part xczu28dr-ffvg1517-2-e specified in board_part file is either invalid or not available
WARNING: [Board 49-26] cannot add Board Part xilinx.com:zcu111:part0:1.4 available at /home/xmen/amd/2025.1/data/xhub/boards/XilinxBoardStore/boards/Xilinx/zcu111/1.4/board.xml as part xczu28dr-ffvg1517-2-e specified in board_part file is either invalid or not available
WARNING: [Board 49-26] cannot add Board Part xilinx.com:zcu1275:part0:1.0 available at /home/xmen/amd/2025.1/data/xhub/boards/XilinxBoardStore/boards/Xilinx/zcu1275/1.0/board.xml as part xczu29dr-ffvf1760-2-e specified in board_part file is either invalid or not available
WARNING: [Board 49-26] cannot add Board Part xilinx.com:zcu1285:part0:1.0 available at /home/xmen/amd/2025.1/data/xhub/boards/XilinxBoardStore/boards/Xilinx/zcu1285/1.0/board.xml as part xczu39dr-ffvf1760-2-i specified in board_part file is either invalid or not available
WARNING: [Board 49-26] cannot add Board Part xilinx.com:zcu208:part0:2.0 available at /home/xmen/amd/2025.1/data/xhub/boards/XilinxBoardStore/boards/Xilinx/zcu208/production/2.0/board.xml as part xczu48dr-fsvg1517-2-e specified in board_part file is either invalid or not available
WARNING: [Board 49-26] cannot add Board Part xilinx.com:zcu208ld:part0:2.0 available at /home/xmen/amd/2025.1/data/xhub/boards/XilinxBoardStore/boards/Xilinx/zcu208ld/production/2.0/board.xml as part xczu58dr-fsvg1517-2-i specified in board_part file is either invalid or not available
WARNING: [Board 49-26] cannot add Board Part xilinx.com:zcu216:part0:2.0 available at /home/xmen/amd/2025.1/data/xhub/boards/XilinxBoardStore/boards/Xilinx/zcu216/production/2.0/board.xml as part xczu49dr-ffvf1760-2-e specified in board_part file is either invalid or not available
WARNING: [Board 49-26] cannot add Board Part xilinx.com:zcu216ld:part0:2.0 available at /home/xmen/amd/2025.1/data/xhub/boards/XilinxBoardStore/boards/Xilinx/zcu216ld/production/2.0/board.xml as part xczu59dr-ffvf1760-2-i specified in board_part file is either invalid or not available
WARNING: [Board 49-26] cannot add Board Part xilinx.com:zcu670:part0:2.0 available at /home/xmen/amd/2025.1/data/xhub/boards/XilinxBoardStore/boards/Xilinx/zcu670/2.0/board.xml as part xczu67dr-fsve1156-2-i specified in board_part file is either invalid or not available
WARNING: [Board 49-26] cannot add Board Part xilinx.com:zcu670ld:part0:1.0 available at /home/xmen/amd/2025.1/data/xhub/boards/XilinxBoardStore/boards/Xilinx/zcu670ld/1.0/board.xml as part xczu57dr-fsve1156-2-i specified in board_part file is either invalid or not available
WARNING: [Project 1-5713] Board part '' set for the project  is not found. BoardPart property will be unset. Please select board from latest repo build 
INFO: [IP_Flow 19-234] Refreshing IP repositories
INFO: [IP_Flow 19-1704] No user IP repositories specified
INFO: [IP_Flow 19-2313] Loaded Vivado IP repository '/home/xmen/amd/2025.1/Vivado/data/ip'.
launch_simulation
Command: launch_simulation 
INFO: [Vivado 12-12493] Simulation top is 'tb'
INFO: [Vivado 12-5698] Checking validity of IPs in the design for the 'XSim' simulator...
INFO: [Vivado 12-5682] Launching behavioral simulation in '/home/xmen/Desktop/SystolicCore/vivado/SystolicCore/SystolicCore.sim/sim_1/behav/xsim'
INFO: [Vivado 12-4795] Using compiled simulation libraries for IPs
INFO: [SIM-utils-51] Simulation object is 'sim_1'
INFO: [SIM-utils-72] Using boost library from '/home/xmen/amd/2025.1/Vivado/tps/boost_1_72_0'
INFO: [USF-XSim-7] Finding pre-compiled libraries...
INFO: [USF-XSim-11] File '/home/xmen/amd/2025.1/data/xsim/xsim.ini' copied to run dir:'/home/xmen/Desktop/SystolicCore/vivado/SystolicCore/SystolicCore.sim/sim_1/behav/xsim'
INFO: [SIM-utils-54] Inspecting design source files for 'tb' in fileset 'sim_1'...
INFO: [SIM-utils-43] Exported '/home/xmen/Desktop/SystolicCore/vivado/SystolicCore/SystolicCore.sim/sim_1/behav/xsim/testeINPUT_B.mem'
INFO: [SIM-utils-43] Exported '/home/xmen/Desktop/SystolicCore/vivado/SystolicCore/SystolicCore.sim/sim_1/behav/xsim/testeINPUT_A.mem'
INFO: [SIM-utils-43] Exported '/home/xmen/Desktop/SystolicCore/vivado/SystolicCore/SystolicCore.sim/sim_1/behav/xsim/testeINPUT_B.mem'
INFO: [SIM-utils-43] Exported '/home/xmen/Desktop/SystolicCore/vivado/SystolicCore/SystolicCore.sim/sim_1/behav/xsim/testeINPUT_A.mem'
INFO: [USF-XSim-97] Finding global include files...
INFO: [USF-XSim-100] Fetching design files from 'sources_1'...(this may take a while)...
INFO: [USF-XSim-101] Fetching design files from 'sim_1'...
INFO: [USF-XSim-2] XSim::Compile design
INFO: [USF-XSim-61] Executing 'COMPILE and ANALYZE' step in '/home/xmen/Desktop/SystolicCore/vivado/SystolicCore/SystolicCore.sim/sim_1/behav/xsim'
xvlog --incr --relax -L uvm -prj tb_vlog.prj
INFO: [VRFC 10-2263] Analyzing Verilog file "/home/xmen/Desktop/SystolicCore/vivado/SystolicCore/SystolicCore.gen/sources_1/ip/ila_0_1/sim/ila_0.v" into library xil_defaultlib
INFO: [VRFC 10-311] analyzing module ila_0
INFO: [VRFC 10-2263] Analyzing SystemVerilog file "/home/xmen/Desktop/SystolicCore/rtl/SystolicControlUnit.sv" into library xil_defaultlib
INFO: [VRFC 10-311] analyzing module systolicControlUnitTop
INFO: [VRFC 10-2263] Analyzing SystemVerilog file "/home/xmen/Desktop/SystolicCore/rtl/SystolicCore.sv" into library xil_defaultlib
INFO: [VRFC 10-311] analyzing module SystolicCoreTop
INFO: [VRFC 10-2263] Analyzing SystemVerilog file "/home/xmen/Desktop/SystolicCore/rtl/accumulator.sv" into library xil_defaultlib
INFO: [VRFC 10-311] analyzing module accumulator_cells
INFO: [VRFC 10-2263] Analyzing SystemVerilog file "/home/xmen/Desktop/SystolicCore/rtl/uart/rtl/baud_rate.sv" into library xil_defaultlib
INFO: [VRFC 10-311] analyzing module baudRateGenerator
INFO: [VRFC 10-2263] Analyzing SystemVerilog file "/home/xmen/Desktop/SystolicCore/rtl/uart/rtl/counter.sv" into library xil_defaultlib
INFO: [VRFC 10-311] analyzing module counter
INFO: [VRFC 10-2263] Analyzing SystemVerilog file "/home/xmen/Desktop/SystolicCore/rtl/mem2serial.sv" into library xil_defaultlib
INFO: [VRFC 10-311] analyzing module mem2seriala
INFO: [VRFC 10-2263] Analyzing SystemVerilog file "/home/xmen/Desktop/SystolicCore/rtl/uart/rtl/ref_clock.sv" into library xil_defaultlib
INFO: [VRFC 10-311] analyzing module ref_clock
INFO: [VRFC 10-2263] Analyzing SystemVerilog file "/home/xmen/Desktop/SystolicCore/rtl/serial2mem.sv" into library xil_defaultlib
INFO: [VRFC 10-311] analyzing module serial2mem
INFO: [VRFC 10-2263] Analyzing SystemVerilog file "/home/xmen/Desktop/SystolicCore/rtl/systolicMatrixMultiply.sv" into library xil_defaultlib
INFO: [VRFC 10-311] analyzing module systolicMatrixMultiply
INFO: [VRFC 10-2263] Analyzing SystemVerilog file "/home/xmen/Desktop/SystolicCore/rtl/uart/rtl/uart_rx.sv" into library xil_defaultlib
INFO: [VRFC 10-311] analyzing module uart_rx
INFO: [VRFC 10-2263] Analyzing SystemVerilog file "/home/xmen/Desktop/SystolicCore/rtl/uart/rtl/uart_top.sv" into library xil_defaultlib
INFO: [VRFC 10-311] analyzing module uart_top
INFO: [VRFC 10-2263] Analyzing SystemVerilog file "/home/xmen/Desktop/SystolicCore/rtl/uart/rtl/uart_tx.sv" into library xil_defaultlib
INFO: [VRFC 10-311] analyzing module uart_tx
INFO: [VRFC 10-2263] Analyzing SystemVerilog file "/home/xmen/Desktop/SystolicCore/rtl/Arty7_top_sim.sv" into library xil_defaultlib
INFO: [VRFC 10-311] analyzing module Arty7_top_sim
INFO: [VRFC 10-2263] Analyzing SystemVerilog file "/home/xmen/Desktop/SystolicCore/tb/tb_fpga.sv" into library xil_defaultlib
INFO: [VRFC 10-311] analyzing module tb
Waiting for jobs to finish...
No pending jobs, compilation finished.
INFO: [USF-XSim-69] 'compile' step finished in '0' seconds
INFO: [USF-XSim-3] XSim::Elaborate design
INFO: [USF-XSim-61] Executing 'ELABORATE' step in '/home/xmen/Desktop/SystolicCore/vivado/SystolicCore/SystolicCore.sim/sim_1/behav/xsim'
xelab --incr --debug typical --relax --mt 8 -L xil_defaultlib -L blk_mem_gen_v8_4_11 -L uvm -L unisims_ver -L unimacro_ver -L secureip -L xpm --snapshot tb_behav xil_defaultlib.tb xil_defaultlib.glbl -log elaborate.log
Vivado Simulator v2025.1.0
Copyright 1986-2022 Xilinx, Inc. All Rights Reserved.
Copyright 2022-2025 Advanced Micro Devices, Inc. All Rights Reserved.
Running: /home/xmen/amd/2025.1/Vivado/bin/unwrapped/lnx64.o/xelab --incr --debug typical --relax --mt 8 -L xil_defaultlib -L blk_mem_gen_v8_4_11 -L uvm -L unisims_ver -L unimacro_ver -L secureip -L xpm --snapshot tb_behav xil_defaultlib.tb xil_defaultlib.glbl -log elaborate.log 
Using 8 slave threads.
Starting static elaboration
Pass Through NonSizing Optimizer
WARNING: [VRFC 10-3091] actual bit length 32 differs from formal bit length 1 for port 'valid_rx_in' [/home/xmen/Desktop/SystolicCore/tb/tb_fpga.sv:32]
WARNING: [VRFC 10-3091] actual bit length 1 differs from formal bit length 8 for port 'data_rx_out' [/home/xmen/Desktop/SystolicCore/tb/tb_fpga.sv:34]
WARNING: [VRFC 10-3091] actual bit length 7 differs from formal bit length 3 for port 'addra' [/home/xmen/Desktop/SystolicCore/rtl/serial2mem.sv:45]
WARNING: [VRFC 10-3091] actual bit length 8 differs from formal bit length 3 for port 'smatrix_out' [/home/xmen/Desktop/SystolicCore/rtl/SystolicCore.sv:233]
WARNING: [VRFC 10-3091] actual bit length 4 differs from formal bit length 8 for port 'probe9' [/home/xmen/Desktop/SystolicCore/rtl/SystolicCore.sv:273]
WARNING: [VRFC 10-3091] actual bit length 4 differs from formal bit length 8 for port 'probe10' [/home/xmen/Desktop/SystolicCore/rtl/SystolicCore.sv:274]
WARNING: [VRFC 10-3091] actual bit length 1 differs from formal bit length 8 for port 'probe11' [/home/xmen/Desktop/SystolicCore/rtl/SystolicCore.sv:275]
WARNING: [VRFC 10-3091] actual bit length 1 differs from formal bit length 8 for port 'probe12' [/home/xmen/Desktop/SystolicCore/rtl/SystolicCore.sv:276]
WARNING: [VRFC 10-3091] actual bit length 1 differs from formal bit length 8 for port 'probe13' [/home/xmen/Desktop/SystolicCore/rtl/SystolicCore.sv:277]
WARNING: [VRFC 10-3091] actual bit length 1 differs from formal bit length 8 for port 'probe15' [/home/xmen/Desktop/SystolicCore/rtl/SystolicCore.sv:279]
WARNING: [VRFC 10-10063] index 3 into 'b_vec' is out of bounds [/home/xmen/Desktop/SystolicCore/rtl/systolicMatrixMultiply.sv:51]
WARNING: [VRFC 10-10063] index 3 into 'a_vec' is out of bounds [/home/xmen/Desktop/SystolicCore/rtl/systolicMatrixMultiply.sv:50]
Completed static elaboration
Starting simulation data flow analysis
WARNING: [XSIM 43-4099] "/home/xmen/Desktop/SystolicCore/rtl/SystolicControlUnit.sv" Line 1. Module systolicControlUnitTop doesn't have a timescale but at least one module in design has a timescale.
WARNING: [XSIM 43-4099] "/home/xmen/Desktop/SystolicCore/rtl/SystolicControlUnit.sv" Line 1. Module systolicControlUnitTop doesn't have a timescale but at least one module in design has a timescale.
Completed simulation data flow analysis
Time Resolution for simulation is 1ps
Compiling module xil_defaultlib.counter(MOD=5)
Compiling module xil_defaultlib.ref_clock(CLOCK_REF=10000000,CLO...
Compiling module xil_defaultlib.counter(MOD=3)
Compiling module xil_defaultlib.counter
Compiling module xil_defaultlib.baudRateGenerator(BAUDRATE=11520...
Compiling module xil_defaultlib.uart_rx(COUNTER_CLOCK_INPUT=1000...
Compiling module xil_defaultlib.counter(MOD=44)
Compiling module xil_defaultlib.counter(MOD=1)
Compiling module xil_defaultlib.baudRateGenerator(BAUDRATE=11520...
Compiling module xil_defaultlib.uart_tx(COUNTER_CLOCK_INPUT=1000...
Compiling module xil_defaultlib.uart_top
Compiling module xil_defaultlib.accumulator_cells(WIDTH=8)
Compiling module xil_defaultlib.systolicMatrixMultiply(SIZE=3)
Compiling module blk_mem_gen_v8_4_11.blk_mem_gen_v8_4_11_output_stage...
Compiling module blk_mem_gen_v8_4_11.blk_mem_gen_v8_4_11_output_stage...
Compiling module blk_mem_gen_v8_4_11.blk_mem_gen_v8_4_11_softecc_outp...
Compiling module blk_mem_gen_v8_4_11.blk_mem_gen_v8_4_11_mem_module(C...
Compiling module blk_mem_gen_v8_4_11.blk_mem_gen_v8_4_11(C_FAMILY="ar...
Compiling module xil_defaultlib.ram_single_port
Compiling module xil_defaultlib.serial2mem(SIZE=3)
Compiling module xil_defaultlib.mem2seriala(SIZE=3)
Compiling module xil_defaultlib.systolicControlUnitTop
Compiling module xil_defaultlib.counter(MOD=5000)
Compiling module xil_defaultlib.ref_clock(CLOCK_REF=10000,CLOCK_...
Compiling module xil_defaultlib.ila_0
Compiling module xil_defaultlib.SystolicCoreTop(WIDTHx=4,SIZE=3)
Compiling module xil_defaultlib.Arty7_top_sim
Compiling module xil_defaultlib.tb
Compiling module xil_defaultlib.glbl
Built simulation snapshot tb_behav
INFO: [USF-XSim-69] 'elaborate' step finished in '2' seconds
INFO: [USF-XSim-4] XSim::Simulate design
WARNING: [USF-XSim-17] WCFG file does not exist:/home/xmen/Desktop/tb_behav.wcfg
WARNING: [USF-XSim-17] WCFG file does not exist:/home/xmen/Desktop/tb_behav.wcfg
INFO: [USF-XSim-61] Executing 'SIMULATE' step in '/home/xmen/Desktop/SystolicCore/vivado/SystolicCore/SystolicCore.sim/sim_1/behav/xsim'
INFO: [USF-XSim-98] *** Running xsim
   with args "tb_behav -key {Behavioral:sim_1:Functional:tb} -tclbatch {tb.tcl} -log {simulate.log}"
INFO: [USF-XSim-8] Loading simulator feature
Time resolution is 1 ps
source tb.tcl
# set curr_wave [current_wave_config]
# if { [string length $curr_wave] == 0 } {
#   if { [llength [get_objects]] > 0} {
#     add_wave /
#     set_property needs_save false [current_wave_config]
#   } else {
#      send_msg_id Add_Wave-1 WARNING "No top level signals found. Simulator will start without a wave window. If you want to open a wave window go to 'File->New Waveform Configuration' or type 'create_wave_config' in the TCL console."
#   }
# }
# run 1000ns
Block Memory Generator module tb.a.SystolicCore0.serial2mem_opA.mem.inst.native_mem_module.blk_mem_gen_v8_4_11_inst is using a behavioral model for simulation which will not precisely model memory collision behavior.
Block Memory Generator module tb.a.SystolicCore0.serial2mem_opB.mem.inst.native_mem_module.blk_mem_gen_v8_4_11_inst is using a behavioral model for simulation which will not precisely model memory collision behavior.
INFO: [USF-XSim-96] XSim completed. Design snapshot 'tb_behav' loaded.
INFO: [USF-XSim-97] XSim simulation ran for 1000ns
launch_simulation: Time (s): cpu = 00:00:08 ; elapsed = 00:00:06 . Memory (MB): peak = 10531.562 ; gain = 10.207 ; free physical = 14369 ; free virtual = 47482
run all
blk_mem_gen_v8_4_11 WARNING: Address 5 is outside range for A Read
blk_mem_gen_v8_4_11 WARNING: Address 5 is outside range for A Read
blk_mem_gen_v8_4_11 WARNING: Address 5 is outside range for A Read
blk_mem_gen_v8_4_11 WARNING: Address 5 is outside range for A Read
run: Time (s): cpu = 00:00:42 ; elapsed = 00:00:36 . Memory (MB): peak = 10548.387 ; gain = 16.824 ; free physical = 12678 ; free virtual = 47418
close_sim
INFO: xsimkernel Simulation Memory Usage: 483724 KB (Peak: 540784 KB), Simulation CPU Usage: 36030 ms
INFO: [Simtcl 6-16] Simulation closed
launch_simulation
Command: launch_simulation 
INFO: [Vivado 12-12493] Simulation top is 'tb'
INFO: [Vivado 12-5698] Checking validity of IPs in the design for the 'XSim' simulator...
INFO: [Vivado 12-5682] Launching behavioral simulation in '/home/xmen/Desktop/SystolicCore/vivado/SystolicCore/SystolicCore.sim/sim_1/behav/xsim'
INFO: [Vivado 12-4795] Using compiled simulation libraries for IPs
INFO: [SIM-utils-51] Simulation object is 'sim_1'
INFO: [SIM-utils-72] Using boost library from '/home/xmen/amd/2025.1/Vivado/tps/boost_1_72_0'
INFO: [USF-XSim-7] Finding pre-compiled libraries...
INFO: [USF-XSim-11] File '/home/xmen/amd/2025.1/data/xsim/xsim.ini' copied to run dir:'/home/xmen/Desktop/SystolicCore/vivado/SystolicCore/SystolicCore.sim/sim_1/behav/xsim'
INFO: [SIM-utils-54] Inspecting design source files for 'tb' in fileset 'sim_1'...
INFO: [SIM-utils-43] Exported '/home/xmen/Desktop/SystolicCore/vivado/SystolicCore/SystolicCore.sim/sim_1/behav/xsim/testeINPUT_B.mem'
INFO: [SIM-utils-43] Exported '/home/xmen/Desktop/SystolicCore/vivado/SystolicCore/SystolicCore.sim/sim_1/behav/xsim/testeINPUT_A.mem'
INFO: [SIM-utils-43] Exported '/home/xmen/Desktop/SystolicCore/vivado/SystolicCore/SystolicCore.sim/sim_1/behav/xsim/testeINPUT_B.mem'
INFO: [SIM-utils-43] Exported '/home/xmen/Desktop/SystolicCore/vivado/SystolicCore/SystolicCore.sim/sim_1/behav/xsim/testeINPUT_A.mem'
INFO: [USF-XSim-97] Finding global include files...
INFO: [USF-XSim-100] Fetching design files from 'sources_1'...(this may take a while)...
INFO: [USF-XSim-101] Fetching design files from 'sim_1'...
INFO: [USF-XSim-2] XSim::Compile design
INFO: [USF-XSim-61] Executing 'COMPILE and ANALYZE' step in '/home/xmen/Desktop/SystolicCore/vivado/SystolicCore/SystolicCore.sim/sim_1/behav/xsim'
xvlog --incr --relax -L uvm -prj tb_vlog.prj
INFO: [VRFC 10-2263] Analyzing SystemVerilog file "/home/xmen/Desktop/SystolicCore/rtl/SystolicControlUnit.sv" into library xil_defaultlib
INFO: [VRFC 10-311] analyzing module systolicControlUnitTop
INFO: [VRFC 10-2263] Analyzing SystemVerilog file "/home/xmen/Desktop/SystolicCore/rtl/SystolicCore.sv" into library xil_defaultlib
INFO: [VRFC 10-311] analyzing module SystolicCoreTop
INFO: [VRFC 10-2263] Analyzing SystemVerilog file "/home/xmen/Desktop/SystolicCore/rtl/accumulator.sv" into library xil_defaultlib
INFO: [VRFC 10-311] analyzing module accumulator_cells
INFO: [VRFC 10-2263] Analyzing SystemVerilog file "/home/xmen/Desktop/SystolicCore/rtl/uart/rtl/baud_rate.sv" into library xil_defaultlib
INFO: [VRFC 10-311] analyzing module baudRateGenerator
INFO: [VRFC 10-2263] Analyzing SystemVerilog file "/home/xmen/Desktop/SystolicCore/rtl/uart/rtl/counter.sv" into library xil_defaultlib
INFO: [VRFC 10-311] analyzing module counter
INFO: [VRFC 10-2263] Analyzing SystemVerilog file "/home/xmen/Desktop/SystolicCore/rtl/mem2serial.sv" into library xil_defaultlib
INFO: [VRFC 10-311] analyzing module mem2seriala
INFO: [VRFC 10-2263] Analyzing SystemVerilog file "/home/xmen/Desktop/SystolicCore/rtl/uart/rtl/ref_clock.sv" into library xil_defaultlib
INFO: [VRFC 10-311] analyzing module ref_clock
INFO: [VRFC 10-2263] Analyzing SystemVerilog file "/home/xmen/Desktop/SystolicCore/rtl/serial2mem.sv" into library xil_defaultlib
INFO: [VRFC 10-311] analyzing module serial2mem
INFO: [VRFC 10-2263] Analyzing SystemVerilog file "/home/xmen/Desktop/SystolicCore/rtl/systolicMatrixMultiply.sv" into library xil_defaultlib
INFO: [VRFC 10-311] analyzing module systolicMatrixMultiply
INFO: [VRFC 10-2263] Analyzing SystemVerilog file "/home/xmen/Desktop/SystolicCore/rtl/uart/rtl/uart_rx.sv" into library xil_defaultlib
INFO: [VRFC 10-311] analyzing module uart_rx
INFO: [VRFC 10-2263] Analyzing SystemVerilog file "/home/xmen/Desktop/SystolicCore/rtl/uart/rtl/uart_top.sv" into library xil_defaultlib
INFO: [VRFC 10-311] analyzing module uart_top
INFO: [VRFC 10-2263] Analyzing SystemVerilog file "/home/xmen/Desktop/SystolicCore/rtl/uart/rtl/uart_tx.sv" into library xil_defaultlib
INFO: [VRFC 10-311] analyzing module uart_tx
INFO: [VRFC 10-2263] Analyzing SystemVerilog file "/home/xmen/Desktop/SystolicCore/rtl/Arty7_top_sim.sv" into library xil_defaultlib
INFO: [VRFC 10-311] analyzing module Arty7_top_sim
INFO: [VRFC 10-2263] Analyzing SystemVerilog file "/home/xmen/Desktop/SystolicCore/tb/tb_fpga.sv" into library xil_defaultlib
INFO: [VRFC 10-311] analyzing module tb
Waiting for jobs to finish...
No pending jobs, compilation finished.
INFO: [USF-XSim-69] 'compile' step finished in '0' seconds
INFO: [USF-XSim-3] XSim::Elaborate design
INFO: [USF-XSim-61] Executing 'ELABORATE' step in '/home/xmen/Desktop/SystolicCore/vivado/SystolicCore/SystolicCore.sim/sim_1/behav/xsim'
xelab --incr --debug typical --relax --mt 8 -L xil_defaultlib -L blk_mem_gen_v8_4_11 -L uvm -L unisims_ver -L unimacro_ver -L secureip -L xpm --snapshot tb_behav xil_defaultlib.tb xil_defaultlib.glbl -log elaborate.log
Vivado Simulator v2025.1.0
Copyright 1986-2022 Xilinx, Inc. All Rights Reserved.
Copyright 2022-2025 Advanced Micro Devices, Inc. All Rights Reserved.
Running: /home/xmen/amd/2025.1/Vivado/bin/unwrapped/lnx64.o/xelab --incr --debug typical --relax --mt 8 -L xil_defaultlib -L blk_mem_gen_v8_4_11 -L uvm -L unisims_ver -L unimacro_ver -L secureip -L xpm --snapshot tb_behav xil_defaultlib.tb xil_defaultlib.glbl -log elaborate.log 
Using 8 slave threads.
Starting static elaboration
Pass Through NonSizing Optimizer
WARNING: [VRFC 10-3091] actual bit length 32 differs from formal bit length 1 for port 'valid_rx_in' [/home/xmen/Desktop/SystolicCore/tb/tb_fpga.sv:32]
WARNING: [VRFC 10-3091] actual bit length 1 differs from formal bit length 8 for port 'data_rx_out' [/home/xmen/Desktop/SystolicCore/tb/tb_fpga.sv:34]
WARNING: [VRFC 10-3091] actual bit length 7 differs from formal bit length 3 for port 'addra' [/home/xmen/Desktop/SystolicCore/rtl/serial2mem.sv:45]
WARNING: [VRFC 10-3091] actual bit length 8 differs from formal bit length 3 for port 'smatrix_out' [/home/xmen/Desktop/SystolicCore/rtl/SystolicCore.sv:233]
WARNING: [VRFC 10-3091] actual bit length 4 differs from formal bit length 8 for port 'probe9' [/home/xmen/Desktop/SystolicCore/rtl/SystolicCore.sv:273]
WARNING: [VRFC 10-3091] actual bit length 4 differs from formal bit length 8 for port 'probe10' [/home/xmen/Desktop/SystolicCore/rtl/SystolicCore.sv:274]
WARNING: [VRFC 10-3091] actual bit length 1 differs from formal bit length 8 for port 'probe11' [/home/xmen/Desktop/SystolicCore/rtl/SystolicCore.sv:275]
WARNING: [VRFC 10-3091] actual bit length 1 differs from formal bit length 8 for port 'probe12' [/home/xmen/Desktop/SystolicCore/rtl/SystolicCore.sv:276]
WARNING: [VRFC 10-3091] actual bit length 1 differs from formal bit length 8 for port 'probe13' [/home/xmen/Desktop/SystolicCore/rtl/SystolicCore.sv:277]
WARNING: [VRFC 10-3091] actual bit length 1 differs from formal bit length 8 for port 'probe15' [/home/xmen/Desktop/SystolicCore/rtl/SystolicCore.sv:279]
WARNING: [VRFC 10-10063] index 3 into 'b_vec' is out of bounds [/home/xmen/Desktop/SystolicCore/rtl/systolicMatrixMultiply.sv:51]
WARNING: [VRFC 10-10063] index 3 into 'a_vec' is out of bounds [/home/xmen/Desktop/SystolicCore/rtl/systolicMatrixMultiply.sv:50]
Completed static elaboration
Starting simulation data flow analysis
WARNING: [XSIM 43-4099] "/home/xmen/Desktop/SystolicCore/rtl/SystolicControlUnit.sv" Line 1. Module systolicControlUnitTop doesn't have a timescale but at least one module in design has a timescale.
WARNING: [XSIM 43-4099] "/home/xmen/Desktop/SystolicCore/rtl/SystolicControlUnit.sv" Line 1. Module systolicControlUnitTop doesn't have a timescale but at least one module in design has a timescale.
Completed simulation data flow analysis
Time Resolution for simulation is 1ps
Compiling module xil_defaultlib.counter(MOD=5)
Compiling module xil_defaultlib.ref_clock(CLOCK_REF=10000000,CLO...
Compiling module xil_defaultlib.counter(MOD=3)
Compiling module xil_defaultlib.counter
Compiling module xil_defaultlib.baudRateGenerator(BAUDRATE=11520...
Compiling module xil_defaultlib.uart_rx(COUNTER_CLOCK_INPUT=1000...
Compiling module xil_defaultlib.counter(MOD=44)
Compiling module xil_defaultlib.counter(MOD=1)
Compiling module xil_defaultlib.baudRateGenerator(BAUDRATE=11520...
Compiling module xil_defaultlib.uart_tx(COUNTER_CLOCK_INPUT=1000...
Compiling module xil_defaultlib.uart_top
Compiling module xil_defaultlib.accumulator_cells(WIDTH=8)
Compiling module xil_defaultlib.systolicMatrixMultiply(SIZE=3)
Compiling module blk_mem_gen_v8_4_11.blk_mem_gen_v8_4_11_output_stage...
Compiling module blk_mem_gen_v8_4_11.blk_mem_gen_v8_4_11_output_stage...
Compiling module blk_mem_gen_v8_4_11.blk_mem_gen_v8_4_11_softecc_outp...
Compiling module blk_mem_gen_v8_4_11.blk_mem_gen_v8_4_11_mem_module(C...
Compiling module blk_mem_gen_v8_4_11.blk_mem_gen_v8_4_11(C_FAMILY="ar...
Compiling module xil_defaultlib.ram_single_port
Compiling module xil_defaultlib.serial2mem(SIZE=3)
Compiling module xil_defaultlib.mem2seriala(SIZE=3)
Compiling module xil_defaultlib.systolicControlUnitTop
Compiling module xil_defaultlib.counter(MOD=5000)
Compiling module xil_defaultlib.ref_clock(CLOCK_REF=10000,CLOCK_...
Compiling module xil_defaultlib.ila_0
Compiling module xil_defaultlib.SystolicCoreTop(WIDTHx=4,SIZE=3)
Compiling module xil_defaultlib.Arty7_top_sim
Compiling module xil_defaultlib.tb
Compiling module xil_defaultlib.glbl
Built simulation snapshot tb_behav
INFO: [USF-XSim-69] 'elaborate' step finished in '2' seconds
INFO: [USF-XSim-4] XSim::Simulate design
WARNING: [USF-XSim-17] WCFG file does not exist:/home/xmen/Desktop/tb_behav.wcfg
WARNING: [USF-XSim-17] WCFG file does not exist:/home/xmen/Desktop/tb_behav.wcfg
INFO: [USF-XSim-61] Executing 'SIMULATE' step in '/home/xmen/Desktop/SystolicCore/vivado/SystolicCore/SystolicCore.sim/sim_1/behav/xsim'
INFO: [USF-XSim-98] *** Running xsim
   with args "tb_behav -key {Behavioral:sim_1:Functional:tb} -tclbatch {tb.tcl} -log {simulate.log}"
INFO: [USF-XSim-8] Loading simulator feature
Time resolution is 1 ps
source tb.tcl
# set curr_wave [current_wave_config]
# if { [string length $curr_wave] == 0 } {
#   if { [llength [get_objects]] > 0} {
#     add_wave /
#     set_property needs_save false [current_wave_config]
#   } else {
#      send_msg_id Add_Wave-1 WARNING "No top level signals found. Simulator will start without a wave window. If you want to open a wave window go to 'File->New Waveform Configuration' or type 'create_wave_config' in the TCL console."
#   }
# }
# run 1000ns
Block Memory Generator module tb.a.SystolicCore0.serial2mem_opA.mem.inst.native_mem_module.blk_mem_gen_v8_4_11_inst is using a behavioral model for simulation which will not precisely model memory collision behavior.
Block Memory Generator module tb.a.SystolicCore0.serial2mem_opB.mem.inst.native_mem_module.blk_mem_gen_v8_4_11_inst is using a behavioral model for simulation which will not precisely model memory collision behavior.
INFO: [USF-XSim-96] XSim completed. Design snapshot 'tb_behav' loaded.
INFO: [USF-XSim-97] XSim simulation ran for 1000ns
launch_simulation: Time (s): cpu = 00:00:07 ; elapsed = 00:00:07 . Memory (MB): peak = 10599.336 ; gain = 20.875 ; free physical = 14203 ; free virtual = 47321
close_sim
INFO: xsimkernel Simulation Memory Usage: 483724 KB (Peak: 540784 KB), Simulation CPU Usage: 570 ms
INFO: [Simtcl 6-16] Simulation closed
launch_simulation
Command: launch_simulation 
INFO: [Vivado 12-12493] Simulation top is 'tb'
INFO: [Vivado 12-5698] Checking validity of IPs in the design for the 'XSim' simulator...
INFO: [Vivado 12-5682] Launching behavioral simulation in '/home/xmen/Desktop/SystolicCore/vivado/SystolicCore/SystolicCore.sim/sim_1/behav/xsim'
INFO: [Vivado 12-4795] Using compiled simulation libraries for IPs
INFO: [SIM-utils-51] Simulation object is 'sim_1'
INFO: [SIM-utils-72] Using boost library from '/home/xmen/amd/2025.1/Vivado/tps/boost_1_72_0'
INFO: [USF-XSim-7] Finding pre-compiled libraries...
INFO: [USF-XSim-11] File '/home/xmen/amd/2025.1/data/xsim/xsim.ini' copied to run dir:'/home/xmen/Desktop/SystolicCore/vivado/SystolicCore/SystolicCore.sim/sim_1/behav/xsim'
INFO: [SIM-utils-54] Inspecting design source files for 'tb' in fileset 'sim_1'...
INFO: [SIM-utils-43] Exported '/home/xmen/Desktop/SystolicCore/vivado/SystolicCore/SystolicCore.sim/sim_1/behav/xsim/testeINPUT_B.mem'
INFO: [SIM-utils-43] Exported '/home/xmen/Desktop/SystolicCore/vivado/SystolicCore/SystolicCore.sim/sim_1/behav/xsim/testeINPUT_A.mem'
INFO: [SIM-utils-43] Exported '/home/xmen/Desktop/SystolicCore/vivado/SystolicCore/SystolicCore.sim/sim_1/behav/xsim/testeINPUT_B.mem'
INFO: [SIM-utils-43] Exported '/home/xmen/Desktop/SystolicCore/vivado/SystolicCore/SystolicCore.sim/sim_1/behav/xsim/testeINPUT_A.mem'
INFO: [USF-XSim-97] Finding global include files...
INFO: [USF-XSim-100] Fetching design files from 'sources_1'...(this may take a while)...
INFO: [USF-XSim-101] Fetching design files from 'sim_1'...
INFO: [USF-XSim-2] XSim::Compile design
INFO: [USF-XSim-61] Executing 'COMPILE and ANALYZE' step in '/home/xmen/Desktop/SystolicCore/vivado/SystolicCore/SystolicCore.sim/sim_1/behav/xsim'
xvlog --incr --relax -L uvm -prj tb_vlog.prj
INFO: [VRFC 10-2263] Analyzing SystemVerilog file "/home/xmen/Desktop/SystolicCore/rtl/SystolicControlUnit.sv" into library xil_defaultlib
INFO: [VRFC 10-311] analyzing module systolicControlUnitTop
INFO: [VRFC 10-2263] Analyzing SystemVerilog file "/home/xmen/Desktop/SystolicCore/rtl/SystolicCore.sv" into library xil_defaultlib
INFO: [VRFC 10-311] analyzing module SystolicCoreTop
INFO: [VRFC 10-2263] Analyzing SystemVerilog file "/home/xmen/Desktop/SystolicCore/rtl/accumulator.sv" into library xil_defaultlib
INFO: [VRFC 10-311] analyzing module accumulator_cells
INFO: [VRFC 10-2263] Analyzing SystemVerilog file "/home/xmen/Desktop/SystolicCore/rtl/uart/rtl/baud_rate.sv" into library xil_defaultlib
INFO: [VRFC 10-311] analyzing module baudRateGenerator
INFO: [VRFC 10-2263] Analyzing SystemVerilog file "/home/xmen/Desktop/SystolicCore/rtl/uart/rtl/counter.sv" into library xil_defaultlib
INFO: [VRFC 10-311] analyzing module counter
INFO: [VRFC 10-2263] Analyzing SystemVerilog file "/home/xmen/Desktop/SystolicCore/rtl/mem2serial.sv" into library xil_defaultlib
INFO: [VRFC 10-311] analyzing module mem2seriala
INFO: [VRFC 10-2263] Analyzing SystemVerilog file "/home/xmen/Desktop/SystolicCore/rtl/uart/rtl/ref_clock.sv" into library xil_defaultlib
INFO: [VRFC 10-311] analyzing module ref_clock
INFO: [VRFC 10-2263] Analyzing SystemVerilog file "/home/xmen/Desktop/SystolicCore/rtl/serial2mem.sv" into library xil_defaultlib
INFO: [VRFC 10-311] analyzing module serial2mem
INFO: [VRFC 10-2263] Analyzing SystemVerilog file "/home/xmen/Desktop/SystolicCore/rtl/systolicMatrixMultiply.sv" into library xil_defaultlib
INFO: [VRFC 10-311] analyzing module systolicMatrixMultiply
INFO: [VRFC 10-2263] Analyzing SystemVerilog file "/home/xmen/Desktop/SystolicCore/rtl/uart/rtl/uart_rx.sv" into library xil_defaultlib
INFO: [VRFC 10-311] analyzing module uart_rx
INFO: [VRFC 10-2263] Analyzing SystemVerilog file "/home/xmen/Desktop/SystolicCore/rtl/uart/rtl/uart_top.sv" into library xil_defaultlib
INFO: [VRFC 10-311] analyzing module uart_top
INFO: [VRFC 10-2263] Analyzing SystemVerilog file "/home/xmen/Desktop/SystolicCore/rtl/uart/rtl/uart_tx.sv" into library xil_defaultlib
INFO: [VRFC 10-311] analyzing module uart_tx
INFO: [VRFC 10-2263] Analyzing SystemVerilog file "/home/xmen/Desktop/SystolicCore/rtl/Arty7_top_sim.sv" into library xil_defaultlib
INFO: [VRFC 10-311] analyzing module Arty7_top_sim
INFO: [VRFC 10-2263] Analyzing SystemVerilog file "/home/xmen/Desktop/SystolicCore/tb/tb_fpga.sv" into library xil_defaultlib
INFO: [VRFC 10-311] analyzing module tb
Waiting for jobs to finish...
No pending jobs, compilation finished.
INFO: [USF-XSim-69] 'compile' step finished in '1' seconds
INFO: [USF-XSim-3] XSim::Elaborate design
INFO: [USF-XSim-61] Executing 'ELABORATE' step in '/home/xmen/Desktop/SystolicCore/vivado/SystolicCore/SystolicCore.sim/sim_1/behav/xsim'
xelab --incr --debug typical --relax --mt 8 -L xil_defaultlib -L blk_mem_gen_v8_4_11 -L uvm -L unisims_ver -L unimacro_ver -L secureip -L xpm --snapshot tb_behav xil_defaultlib.tb xil_defaultlib.glbl -log elaborate.log
Vivado Simulator v2025.1.0
Copyright 1986-2022 Xilinx, Inc. All Rights Reserved.
Copyright 2022-2025 Advanced Micro Devices, Inc. All Rights Reserved.
Running: /home/xmen/amd/2025.1/Vivado/bin/unwrapped/lnx64.o/xelab --incr --debug typical --relax --mt 8 -L xil_defaultlib -L blk_mem_gen_v8_4_11 -L uvm -L unisims_ver -L unimacro_ver -L secureip -L xpm --snapshot tb_behav xil_defaultlib.tb xil_defaultlib.glbl -log elaborate.log 
Using 8 slave threads.
Starting static elaboration
Pass Through NonSizing Optimizer
WARNING: [VRFC 10-3091] actual bit length 32 differs from formal bit length 1 for port 'valid_rx_in' [/home/xmen/Desktop/SystolicCore/tb/tb_fpga.sv:32]
WARNING: [VRFC 10-3091] actual bit length 1 differs from formal bit length 8 for port 'data_rx_out' [/home/xmen/Desktop/SystolicCore/tb/tb_fpga.sv:34]
WARNING: [VRFC 10-3091] actual bit length 7 differs from formal bit length 3 for port 'addra' [/home/xmen/Desktop/SystolicCore/rtl/serial2mem.sv:45]
WARNING: [VRFC 10-3091] actual bit length 8 differs from formal bit length 3 for port 'smatrix_out' [/home/xmen/Desktop/SystolicCore/rtl/SystolicCore.sv:233]
WARNING: [VRFC 10-3091] actual bit length 4 differs from formal bit length 8 for port 'probe9' [/home/xmen/Desktop/SystolicCore/rtl/SystolicCore.sv:273]
WARNING: [VRFC 10-3091] actual bit length 4 differs from formal bit length 8 for port 'probe10' [/home/xmen/Desktop/SystolicCore/rtl/SystolicCore.sv:274]
WARNING: [VRFC 10-3091] actual bit length 1 differs from formal bit length 8 for port 'probe11' [/home/xmen/Desktop/SystolicCore/rtl/SystolicCore.sv:275]
WARNING: [VRFC 10-3091] actual bit length 1 differs from formal bit length 8 for port 'probe12' [/home/xmen/Desktop/SystolicCore/rtl/SystolicCore.sv:276]
WARNING: [VRFC 10-3091] actual bit length 1 differs from formal bit length 8 for port 'probe13' [/home/xmen/Desktop/SystolicCore/rtl/SystolicCore.sv:277]
WARNING: [VRFC 10-3091] actual bit length 1 differs from formal bit length 8 for port 'probe15' [/home/xmen/Desktop/SystolicCore/rtl/SystolicCore.sv:279]
WARNING: [VRFC 10-10063] index 3 into 'b_vec' is out of bounds [/home/xmen/Desktop/SystolicCore/rtl/systolicMatrixMultiply.sv:51]
WARNING: [VRFC 10-10063] index 3 into 'a_vec' is out of bounds [/home/xmen/Desktop/SystolicCore/rtl/systolicMatrixMultiply.sv:50]
Completed static elaboration
Starting simulation data flow analysis
WARNING: [XSIM 43-4099] "/home/xmen/Desktop/SystolicCore/rtl/SystolicControlUnit.sv" Line 1. Module systolicControlUnitTop doesn't have a timescale but at least one module in design has a timescale.
WARNING: [XSIM 43-4099] "/home/xmen/Desktop/SystolicCore/rtl/SystolicControlUnit.sv" Line 1. Module systolicControlUnitTop doesn't have a timescale but at least one module in design has a timescale.
Completed simulation data flow analysis
Time Resolution for simulation is 1ps
Compiling module xil_defaultlib.counter(MOD=5)
Compiling module xil_defaultlib.ref_clock(CLOCK_REF=10000000,CLO...
Compiling module xil_defaultlib.counter(MOD=3)
Compiling module xil_defaultlib.counter
Compiling module xil_defaultlib.baudRateGenerator(BAUDRATE=11520...
Compiling module xil_defaultlib.uart_rx(COUNTER_CLOCK_INPUT=1000...
Compiling module xil_defaultlib.counter(MOD=44)
Compiling module xil_defaultlib.counter(MOD=1)
Compiling module xil_defaultlib.baudRateGenerator(BAUDRATE=11520...
Compiling module xil_defaultlib.uart_tx(COUNTER_CLOCK_INPUT=1000...
Compiling module xil_defaultlib.uart_top
Compiling module xil_defaultlib.accumulator_cells(WIDTH=8)
Compiling module xil_defaultlib.systolicMatrixMultiply(SIZE=3)
Compiling module blk_mem_gen_v8_4_11.blk_mem_gen_v8_4_11_output_stage...
Compiling module blk_mem_gen_v8_4_11.blk_mem_gen_v8_4_11_output_stage...
Compiling module blk_mem_gen_v8_4_11.blk_mem_gen_v8_4_11_softecc_outp...
Compiling module blk_mem_gen_v8_4_11.blk_mem_gen_v8_4_11_mem_module(C...
Compiling module blk_mem_gen_v8_4_11.blk_mem_gen_v8_4_11(C_FAMILY="ar...
Compiling module xil_defaultlib.ram_single_port
Compiling module xil_defaultlib.serial2mem(SIZE=3)
Compiling module xil_defaultlib.mem2seriala(SIZE=3)
Compiling module xil_defaultlib.systolicControlUnitTop
Compiling module xil_defaultlib.counter(MOD=5000)
Compiling module xil_defaultlib.ref_clock(CLOCK_REF=10000,CLOCK_...
Compiling module xil_defaultlib.ila_0
Compiling module xil_defaultlib.SystolicCoreTop(WIDTHx=4,SIZE=3)
Compiling module xil_defaultlib.Arty7_top_sim
Compiling module xil_defaultlib.tb
Compiling module xil_defaultlib.glbl
Built simulation snapshot tb_behav
INFO: [USF-XSim-69] 'elaborate' step finished in '2' seconds
INFO: [USF-XSim-4] XSim::Simulate design
WARNING: [USF-XSim-17] WCFG file does not exist:/home/xmen/Desktop/tb_behav.wcfg
WARNING: [USF-XSim-17] WCFG file does not exist:/home/xmen/Desktop/tb_behav.wcfg
INFO: [USF-XSim-61] Executing 'SIMULATE' step in '/home/xmen/Desktop/SystolicCore/vivado/SystolicCore/SystolicCore.sim/sim_1/behav/xsim'
INFO: [USF-XSim-98] *** Running xsim
   with args "tb_behav -key {Behavioral:sim_1:Functional:tb} -tclbatch {tb.tcl} -log {simulate.log}"
INFO: [USF-XSim-8] Loading simulator feature
Time resolution is 1 ps
source tb.tcl
# set curr_wave [current_wave_config]
# if { [string length $curr_wave] == 0 } {
#   if { [llength [get_objects]] > 0} {
#     add_wave /
#     set_property needs_save false [current_wave_config]
#   } else {
#      send_msg_id Add_Wave-1 WARNING "No top level signals found. Simulator will start without a wave window. If you want to open a wave window go to 'File->New Waveform Configuration' or type 'create_wave_config' in the TCL console."
#   }
# }
# run 1000ns
Block Memory Generator module tb.a.SystolicCore0.serial2mem_opA.mem.inst.native_mem_module.blk_mem_gen_v8_4_11_inst is using a behavioral model for simulation which will not precisely model memory collision behavior.
Block Memory Generator module tb.a.SystolicCore0.serial2mem_opB.mem.inst.native_mem_module.blk_mem_gen_v8_4_11_inst is using a behavioral model for simulation which will not precisely model memory collision behavior.
INFO: [USF-XSim-96] XSim completed. Design snapshot 'tb_behav' loaded.
INFO: [USF-XSim-97] XSim simulation ran for 1000ns
launch_simulation: Time (s): cpu = 00:00:05 ; elapsed = 00:00:05 . Memory (MB): peak = 10609.473 ; gain = 0.000 ; free physical = 14157 ; free virtual = 47258
restart
INFO: [Wavedata 42-604] Simulation restarted
run all
Block Memory Generator module tb.a.SystolicCore0.serial2mem_opA.mem.inst.native_mem_module.blk_mem_gen_v8_4_11_inst is using a behavioral model for simulation which will not precisely model memory collision behavior.
Block Memory Generator module tb.a.SystolicCore0.serial2mem_opB.mem.inst.native_mem_module.blk_mem_gen_v8_4_11_inst is using a behavioral model for simulation which will not precisely model memory collision behavior.
blk_mem_gen_v8_4_11 WARNING: Address 5 is outside range for A Read
blk_mem_gen_v8_4_11 WARNING: Address 5 is outside range for A Read
blk_mem_gen_v8_4_11 WARNING: Address 5 is outside range for A Read
blk_mem_gen_v8_4_11 WARNING: Address 5 is outside range for A Read
run: Time (s): cpu = 00:00:33 ; elapsed = 00:00:25 . Memory (MB): peak = 10717.027 ; gain = 107.555 ; free physical = 13120 ; free virtual = 47314
restart
INFO: [Wavedata 42-604] Simulation restarted
run all
Block Memory Generator module tb.a.SystolicCore0.serial2mem_opA.mem.inst.native_mem_module.blk_mem_gen_v8_4_11_inst is using a behavioral model for simulation which will not precisely model memory collision behavior.
Block Memory Generator module tb.a.SystolicCore0.serial2mem_opB.mem.inst.native_mem_module.blk_mem_gen_v8_4_11_inst is using a behavioral model for simulation which will not precisely model memory collision behavior.
blk_mem_gen_v8_4_11 WARNING: Address 5 is outside range for A Read
blk_mem_gen_v8_4_11 WARNING: Address 5 is outside range for A Read
blk_mem_gen_v8_4_11 WARNING: Address 5 is outside range for A Read
blk_mem_gen_v8_4_11 WARNING: Address 5 is outside range for A Read
run: Time (s): cpu = 00:01:11 ; elapsed = 00:01:05 . Memory (MB): peak = 10727.086 ; gain = 0.000 ; free physical = 11690 ; free virtual = 47233
WARNING: [filemgmt 56-199] Attempt to get parsing info during refresh. "On-the-fly" syntax checking information may be incorrect. [/home/xmen/Desktop/SystolicCore/rtl/serial2mem.sv:]
WARNING: [filemgmt 56-199] Attempt to get parsing info during refresh. "On-the-fly" syntax checking information may be incorrect. [/home/xmen/Desktop/SystolicCore/tb/tb_fpga.sv:]
WARNING: [filemgmt 56-199] Attempt to get parsing info during refresh. "On-the-fly" syntax checking information may be incorrect. [/home/xmen/Desktop/SystolicCore/rtl/serial2mem.sv:]
WARNING: [filemgmt 56-199] Attempt to get parsing info during refresh. "On-the-fly" syntax checking information may be incorrect. [/home/xmen/Desktop/SystolicCore/rtl/serial2mem.sv:]
close_sim
INFO: xsimkernel Simulation Memory Usage: 485060 KB (Peak: 540784 KB), Simulation CPU Usage: 66360 ms
INFO: [Simtcl 6-16] Simulation closed
launch_simulation
Command: launch_simulation 
INFO: [Vivado 12-12493] Simulation top is 'tb'
INFO: [Vivado 12-5698] Checking validity of IPs in the design for the 'XSim' simulator...
INFO: [Vivado 12-5682] Launching behavioral simulation in '/home/xmen/Desktop/SystolicCore/vivado/SystolicCore/SystolicCore.sim/sim_1/behav/xsim'
INFO: [Vivado 12-4795] Using compiled simulation libraries for IPs
INFO: [SIM-utils-51] Simulation object is 'sim_1'
INFO: [SIM-utils-72] Using boost library from '/home/xmen/amd/2025.1/Vivado/tps/boost_1_72_0'
INFO: [USF-XSim-7] Finding pre-compiled libraries...
INFO: [USF-XSim-11] File '/home/xmen/amd/2025.1/data/xsim/xsim.ini' copied to run dir:'/home/xmen/Desktop/SystolicCore/vivado/SystolicCore/SystolicCore.sim/sim_1/behav/xsim'
INFO: [SIM-utils-54] Inspecting design source files for 'tb' in fileset 'sim_1'...
INFO: [SIM-utils-43] Exported '/home/xmen/Desktop/SystolicCore/vivado/SystolicCore/SystolicCore.sim/sim_1/behav/xsim/testeINPUT_B.mem'
INFO: [SIM-utils-43] Exported '/home/xmen/Desktop/SystolicCore/vivado/SystolicCore/SystolicCore.sim/sim_1/behav/xsim/testeINPUT_A.mem'
INFO: [SIM-utils-43] Exported '/home/xmen/Desktop/SystolicCore/vivado/SystolicCore/SystolicCore.sim/sim_1/behav/xsim/testeINPUT_B.mem'
INFO: [SIM-utils-43] Exported '/home/xmen/Desktop/SystolicCore/vivado/SystolicCore/SystolicCore.sim/sim_1/behav/xsim/testeINPUT_A.mem'
INFO: [USF-XSim-97] Finding global include files...
INFO: [USF-XSim-100] Fetching design files from 'sources_1'...(this may take a while)...
INFO: [USF-XSim-101] Fetching design files from 'sim_1'...
INFO: [USF-XSim-2] XSim::Compile design
INFO: [USF-XSim-61] Executing 'COMPILE and ANALYZE' step in '/home/xmen/Desktop/SystolicCore/vivado/SystolicCore/SystolicCore.sim/sim_1/behav/xsim'
xvlog --incr --relax -L uvm -prj tb_vlog.prj
INFO: [VRFC 10-2263] Analyzing SystemVerilog file "/home/xmen/Desktop/SystolicCore/rtl/SystolicControlUnit.sv" into library xil_defaultlib
INFO: [VRFC 10-311] analyzing module systolicControlUnitTop
INFO: [VRFC 10-2263] Analyzing SystemVerilog file "/home/xmen/Desktop/SystolicCore/rtl/SystolicCore.sv" into library xil_defaultlib
INFO: [VRFC 10-311] analyzing module SystolicCoreTop
INFO: [VRFC 10-2263] Analyzing SystemVerilog file "/home/xmen/Desktop/SystolicCore/rtl/accumulator.sv" into library xil_defaultlib
INFO: [VRFC 10-311] analyzing module accumulator_cells
INFO: [VRFC 10-2263] Analyzing SystemVerilog file "/home/xmen/Desktop/SystolicCore/rtl/uart/rtl/baud_rate.sv" into library xil_defaultlib
INFO: [VRFC 10-311] analyzing module baudRateGenerator
INFO: [VRFC 10-2263] Analyzing SystemVerilog file "/home/xmen/Desktop/SystolicCore/rtl/uart/rtl/counter.sv" into library xil_defaultlib
INFO: [VRFC 10-311] analyzing module counter
INFO: [VRFC 10-2263] Analyzing SystemVerilog file "/home/xmen/Desktop/SystolicCore/rtl/mem2serial.sv" into library xil_defaultlib
INFO: [VRFC 10-311] analyzing module mem2seriala
INFO: [VRFC 10-2263] Analyzing SystemVerilog file "/home/xmen/Desktop/SystolicCore/rtl/uart/rtl/ref_clock.sv" into library xil_defaultlib
INFO: [VRFC 10-311] analyzing module ref_clock
INFO: [VRFC 10-2263] Analyzing SystemVerilog file "/home/xmen/Desktop/SystolicCore/rtl/serial2mem.sv" into library xil_defaultlib
INFO: [VRFC 10-311] analyzing module serial2mem
INFO: [VRFC 10-2263] Analyzing SystemVerilog file "/home/xmen/Desktop/SystolicCore/rtl/systolicMatrixMultiply.sv" into library xil_defaultlib
INFO: [VRFC 10-311] analyzing module systolicMatrixMultiply
INFO: [VRFC 10-2263] Analyzing SystemVerilog file "/home/xmen/Desktop/SystolicCore/rtl/uart/rtl/uart_rx.sv" into library xil_defaultlib
INFO: [VRFC 10-311] analyzing module uart_rx
INFO: [VRFC 10-2263] Analyzing SystemVerilog file "/home/xmen/Desktop/SystolicCore/rtl/uart/rtl/uart_top.sv" into library xil_defaultlib
INFO: [VRFC 10-311] analyzing module uart_top
INFO: [VRFC 10-2263] Analyzing SystemVerilog file "/home/xmen/Desktop/SystolicCore/rtl/uart/rtl/uart_tx.sv" into library xil_defaultlib
INFO: [VRFC 10-311] analyzing module uart_tx
INFO: [VRFC 10-2263] Analyzing SystemVerilog file "/home/xmen/Desktop/SystolicCore/rtl/Arty7_top_sim.sv" into library xil_defaultlib
INFO: [VRFC 10-311] analyzing module Arty7_top_sim
INFO: [VRFC 10-2263] Analyzing SystemVerilog file "/home/xmen/Desktop/SystolicCore/tb/tb_fpga.sv" into library xil_defaultlib
INFO: [VRFC 10-311] analyzing module tb
Waiting for jobs to finish...
No pending jobs, compilation finished.
INFO: [USF-XSim-69] 'compile' step finished in '1' seconds
INFO: [USF-XSim-3] XSim::Elaborate design
INFO: [USF-XSim-61] Executing 'ELABORATE' step in '/home/xmen/Desktop/SystolicCore/vivado/SystolicCore/SystolicCore.sim/sim_1/behav/xsim'
xelab --incr --debug typical --relax --mt 8 -L xil_defaultlib -L blk_mem_gen_v8_4_11 -L uvm -L unisims_ver -L unimacro_ver -L secureip -L xpm --snapshot tb_behav xil_defaultlib.tb xil_defaultlib.glbl -log elaborate.log
Vivado Simulator v2025.1.0
Copyright 1986-2022 Xilinx, Inc. All Rights Reserved.
Copyright 2022-2025 Advanced Micro Devices, Inc. All Rights Reserved.
Running: /home/xmen/amd/2025.1/Vivado/bin/unwrapped/lnx64.o/xelab --incr --debug typical --relax --mt 8 -L xil_defaultlib -L blk_mem_gen_v8_4_11 -L uvm -L unisims_ver -L unimacro_ver -L secureip -L xpm --snapshot tb_behav xil_defaultlib.tb xil_defaultlib.glbl -log elaborate.log 
Using 8 slave threads.
Starting static elaboration
Pass Through NonSizing Optimizer
WARNING: [VRFC 10-3091] actual bit length 32 differs from formal bit length 1 for port 'valid_rx_in' [/home/xmen/Desktop/SystolicCore/tb/tb_fpga.sv:32]
WARNING: [VRFC 10-3091] actual bit length 1 differs from formal bit length 8 for port 'data_rx_out' [/home/xmen/Desktop/SystolicCore/tb/tb_fpga.sv:34]
WARNING: [VRFC 10-3091] actual bit length 7 differs from formal bit length 3 for port 'addra' [/home/xmen/Desktop/SystolicCore/rtl/serial2mem.sv:45]
WARNING: [VRFC 10-3091] actual bit length 8 differs from formal bit length 3 for port 'smatrix_out' [/home/xmen/Desktop/SystolicCore/rtl/SystolicCore.sv:233]
WARNING: [VRFC 10-3091] actual bit length 4 differs from formal bit length 8 for port 'probe9' [/home/xmen/Desktop/SystolicCore/rtl/SystolicCore.sv:273]
WARNING: [VRFC 10-3091] actual bit length 4 differs from formal bit length 8 for port 'probe10' [/home/xmen/Desktop/SystolicCore/rtl/SystolicCore.sv:274]
WARNING: [VRFC 10-3091] actual bit length 1 differs from formal bit length 8 for port 'probe11' [/home/xmen/Desktop/SystolicCore/rtl/SystolicCore.sv:275]
WARNING: [VRFC 10-3091] actual bit length 1 differs from formal bit length 8 for port 'probe12' [/home/xmen/Desktop/SystolicCore/rtl/SystolicCore.sv:276]
WARNING: [VRFC 10-3091] actual bit length 1 differs from formal bit length 8 for port 'probe13' [/home/xmen/Desktop/SystolicCore/rtl/SystolicCore.sv:277]
WARNING: [VRFC 10-3091] actual bit length 1 differs from formal bit length 8 for port 'probe15' [/home/xmen/Desktop/SystolicCore/rtl/SystolicCore.sv:279]
WARNING: [VRFC 10-10063] index 3 into 'b_vec' is out of bounds [/home/xmen/Desktop/SystolicCore/rtl/systolicMatrixMultiply.sv:51]
WARNING: [VRFC 10-10063] index 3 into 'a_vec' is out of bounds [/home/xmen/Desktop/SystolicCore/rtl/systolicMatrixMultiply.sv:50]
Completed static elaboration
Starting simulation data flow analysis
WARNING: [XSIM 43-4099] "/home/xmen/Desktop/SystolicCore/rtl/SystolicControlUnit.sv" Line 1. Module systolicControlUnitTop doesn't have a timescale but at least one module in design has a timescale.
WARNING: [XSIM 43-4099] "/home/xmen/Desktop/SystolicCore/rtl/SystolicControlUnit.sv" Line 1. Module systolicControlUnitTop doesn't have a timescale but at least one module in design has a timescale.
Completed simulation data flow analysis
Time Resolution for simulation is 1ps
Compiling module xil_defaultlib.counter(MOD=5)
Compiling module xil_defaultlib.ref_clock(CLOCK_REF=10000000,CLO...
Compiling module xil_defaultlib.counter(MOD=3)
Compiling module xil_defaultlib.counter
Compiling module xil_defaultlib.baudRateGenerator(BAUDRATE=11520...
Compiling module xil_defaultlib.uart_rx(COUNTER_CLOCK_INPUT=1000...
Compiling module xil_defaultlib.counter(MOD=44)
Compiling module xil_defaultlib.counter(MOD=1)
Compiling module xil_defaultlib.baudRateGenerator(BAUDRATE=11520...
Compiling module xil_defaultlib.uart_tx(COUNTER_CLOCK_INPUT=1000...
Compiling module xil_defaultlib.uart_top
Compiling module xil_defaultlib.accumulator_cells(WIDTH=8)
Compiling module xil_defaultlib.systolicMatrixMultiply(SIZE=3)
Compiling module blk_mem_gen_v8_4_11.blk_mem_gen_v8_4_11_output_stage...
Compiling module blk_mem_gen_v8_4_11.blk_mem_gen_v8_4_11_output_stage...
Compiling module blk_mem_gen_v8_4_11.blk_mem_gen_v8_4_11_softecc_outp...
Compiling module blk_mem_gen_v8_4_11.blk_mem_gen_v8_4_11_mem_module(C...
Compiling module blk_mem_gen_v8_4_11.blk_mem_gen_v8_4_11(C_FAMILY="ar...
Compiling module xil_defaultlib.ram_single_port
Compiling module xil_defaultlib.serial2mem(SIZE=3)
Compiling module xil_defaultlib.mem2seriala(SIZE=3)
Compiling module xil_defaultlib.systolicControlUnitTop
Compiling module xil_defaultlib.counter(MOD=5000)
Compiling module xil_defaultlib.ref_clock(CLOCK_REF=10000,CLOCK_...
Compiling module xil_defaultlib.ila_0
Compiling module xil_defaultlib.SystolicCoreTop(WIDTHx=4,SIZE=3)
Compiling module xil_defaultlib.Arty7_top_sim
Compiling module xil_defaultlib.tb
Compiling module xil_defaultlib.glbl
Built simulation snapshot tb_behav
INFO: [USF-XSim-69] 'elaborate' step finished in '2' seconds
INFO: [USF-XSim-4] XSim::Simulate design
WARNING: [USF-XSim-17] WCFG file does not exist:/home/xmen/Desktop/tb_behav.wcfg
WARNING: [USF-XSim-17] WCFG file does not exist:/home/xmen/Desktop/tb_behav.wcfg
INFO: [USF-XSim-61] Executing 'SIMULATE' step in '/home/xmen/Desktop/SystolicCore/vivado/SystolicCore/SystolicCore.sim/sim_1/behav/xsim'
INFO: [USF-XSim-98] *** Running xsim
   with args "tb_behav -key {Behavioral:sim_1:Functional:tb} -tclbatch {tb.tcl} -log {simulate.log}"
INFO: [USF-XSim-8] Loading simulator feature
Time resolution is 1 ps
source tb.tcl
# set curr_wave [current_wave_config]
# if { [string length $curr_wave] == 0 } {
#   if { [llength [get_objects]] > 0} {
#     add_wave /
#     set_property needs_save false [current_wave_config]
#   } else {
#      send_msg_id Add_Wave-1 WARNING "No top level signals found. Simulator will start without a wave window. If you want to open a wave window go to 'File->New Waveform Configuration' or type 'create_wave_config' in the TCL console."
#   }
# }
# run 1000ns
Block Memory Generator module tb.a.SystolicCore0.serial2mem_opA.mem.inst.native_mem_module.blk_mem_gen_v8_4_11_inst is using a behavioral model for simulation which will not precisely model memory collision behavior.
Block Memory Generator module tb.a.SystolicCore0.serial2mem_opB.mem.inst.native_mem_module.blk_mem_gen_v8_4_11_inst is using a behavioral model for simulation which will not precisely model memory collision behavior.
INFO: [USF-XSim-96] XSim completed. Design snapshot 'tb_behav' loaded.
INFO: [USF-XSim-97] XSim simulation ran for 1000ns
launch_simulation: Time (s): cpu = 00:00:06 ; elapsed = 00:00:06 . Memory (MB): peak = 10731.020 ; gain = 3.934 ; free physical = 14149 ; free virtual = 47253
restart
INFO: [Wavedata 42-604] Simulation restarted
run all
Block Memory Generator module tb.a.SystolicCore0.serial2mem_opA.mem.inst.native_mem_module.blk_mem_gen_v8_4_11_inst is using a behavioral model for simulation which will not precisely model memory collision behavior.
Block Memory Generator module tb.a.SystolicCore0.serial2mem_opB.mem.inst.native_mem_module.blk_mem_gen_v8_4_11_inst is using a behavioral model for simulation which will not precisely model memory collision behavior.
blk_mem_gen_v8_4_11 WARNING: Address 5 is outside range for A Read
blk_mem_gen_v8_4_11 WARNING: Address 5 is outside range for A Read
blk_mem_gen_v8_4_11 WARNING: Address 5 is outside range for A Read
blk_mem_gen_v8_4_11 WARNING: Address 5 is outside range for A Read
run: Time (s): cpu = 00:00:07 ; elapsed = 00:00:07 . Memory (MB): peak = 10731.020 ; gain = 0.000 ; free physical = 13903 ; free virtual = 47265
WARNING: [filemgmt 56-199] Attempt to get parsing info during refresh. "On-the-fly" syntax checking information may be incorrect. [/home/xmen/Desktop/SystolicCore/rtl/serial2mem.sv:]
WARNING: [filemgmt 56-199] Attempt to get parsing info during refresh. "On-the-fly" syntax checking information may be incorrect. [/home/xmen/Desktop/SystolicCore/tb/tb_fpga.sv:]
WARNING: [filemgmt 56-199] Attempt to get parsing info during refresh. "On-the-fly" syntax checking information may be incorrect. [/home/xmen/Desktop/SystolicCore/rtl/serial2mem.sv:]
WARNING: [filemgmt 56-199] Attempt to get parsing info during refresh. "On-the-fly" syntax checking information may be incorrect. [/home/xmen/Desktop/SystolicCore/rtl/serial2mem.sv:]
WARNING: [filemgmt 56-199] Attempt to get parsing info during refresh. "On-the-fly" syntax checking information may be incorrect. [/home/xmen/Desktop/SystolicCore/rtl/serial2mem.sv:]
WARNING: [filemgmt 56-199] Attempt to get parsing info during refresh. "On-the-fly" syntax checking information may be incorrect. [/home/xmen/Desktop/SystolicCore/tb/tb_fpga.sv:]
WARNING: [filemgmt 56-199] Attempt to get parsing info during refresh. "On-the-fly" syntax checking information may be incorrect. [/home/xmen/Desktop/SystolicCore/rtl/serial2mem.sv:]
WARNING: [filemgmt 56-199] Attempt to get parsing info during refresh. "On-the-fly" syntax checking information may be incorrect. [/home/xmen/Desktop/SystolicCore/rtl/serial2mem.sv:]
WARNING: [filemgmt 56-199] Attempt to get parsing info during refresh. "On-the-fly" syntax checking information may be incorrect. [/home/xmen/Desktop/SystolicCore/rtl/serial2mem.sv:]
WARNING: [filemgmt 56-199] Attempt to get parsing info during refresh. "On-the-fly" syntax checking information may be incorrect. [/home/xmen/Desktop/SystolicCore/tb/tb_fpga.sv:]
WARNING: [filemgmt 56-199] Attempt to get parsing info during refresh. "On-the-fly" syntax checking information may be incorrect. [/home/xmen/Desktop/SystolicCore/rtl/serial2mem.sv:]
WARNING: [filemgmt 56-199] Attempt to get parsing info during refresh. "On-the-fly" syntax checking information may be incorrect. [/home/xmen/Desktop/SystolicCore/rtl/serial2mem.sv:]
WARNING: [filemgmt 56-199] Attempt to get parsing info during refresh. "On-the-fly" syntax checking information may be incorrect. [/home/xmen/Desktop/SystolicCore/rtl/serial2mem.sv:]
WARNING: [filemgmt 56-199] Attempt to get parsing info during refresh. "On-the-fly" syntax checking information may be incorrect. [/home/xmen/Desktop/SystolicCore/tb/tb_fpga.sv:]
WARNING: [filemgmt 56-199] Attempt to get parsing info during refresh. "On-the-fly" syntax checking information may be incorrect. [/home/xmen/Desktop/SystolicCore/rtl/serial2mem.sv:]
WARNING: [filemgmt 56-199] Attempt to get parsing info during refresh. "On-the-fly" syntax checking information may be incorrect. [/home/xmen/Desktop/SystolicCore/rtl/serial2mem.sv:]
WARNING: [filemgmt 56-199] Attempt to get parsing info during refresh. "On-the-fly" syntax checking information may be incorrect. [/home/xmen/Desktop/SystolicCore/rtl/serial2mem.sv:]
WARNING: [filemgmt 56-199] Attempt to get parsing info during refresh. "On-the-fly" syntax checking information may be incorrect. [/home/xmen/Desktop/SystolicCore/tb/tb_fpga.sv:]
WARNING: [filemgmt 56-199] Attempt to get parsing info during refresh. "On-the-fly" syntax checking information may be incorrect. [/home/xmen/Desktop/SystolicCore/tb/tb_fpga.sv:]
WARNING: [filemgmt 56-199] Attempt to get parsing info during refresh. "On-the-fly" syntax checking information may be incorrect. [/home/xmen/Desktop/SystolicCore/tb/tb_fpga.sv:]
close_sim
INFO: xsimkernel Simulation Memory Usage: 484032 KB (Peak: 540784 KB), Simulation CPU Usage: 4600 ms
INFO: [Simtcl 6-16] Simulation closed
launch_simulation
Command: launch_simulation 
INFO: [Vivado 12-12493] Simulation top is 'tb'
INFO: [Vivado 12-5698] Checking validity of IPs in the design for the 'XSim' simulator...
INFO: [Vivado 12-5682] Launching behavioral simulation in '/home/xmen/Desktop/SystolicCore/vivado/SystolicCore/SystolicCore.sim/sim_1/behav/xsim'
INFO: [Vivado 12-4795] Using compiled simulation libraries for IPs
INFO: [SIM-utils-51] Simulation object is 'sim_1'
INFO: [SIM-utils-72] Using boost library from '/home/xmen/amd/2025.1/Vivado/tps/boost_1_72_0'
INFO: [USF-XSim-7] Finding pre-compiled libraries...
INFO: [USF-XSim-11] File '/home/xmen/amd/2025.1/data/xsim/xsim.ini' copied to run dir:'/home/xmen/Desktop/SystolicCore/vivado/SystolicCore/SystolicCore.sim/sim_1/behav/xsim'
INFO: [SIM-utils-54] Inspecting design source files for 'tb' in fileset 'sim_1'...
INFO: [SIM-utils-43] Exported '/home/xmen/Desktop/SystolicCore/vivado/SystolicCore/SystolicCore.sim/sim_1/behav/xsim/testeINPUT_B.mem'
INFO: [SIM-utils-43] Exported '/home/xmen/Desktop/SystolicCore/vivado/SystolicCore/SystolicCore.sim/sim_1/behav/xsim/testeINPUT_A.mem'
INFO: [SIM-utils-43] Exported '/home/xmen/Desktop/SystolicCore/vivado/SystolicCore/SystolicCore.sim/sim_1/behav/xsim/testeINPUT_B.mem'
INFO: [SIM-utils-43] Exported '/home/xmen/Desktop/SystolicCore/vivado/SystolicCore/SystolicCore.sim/sim_1/behav/xsim/testeINPUT_A.mem'
INFO: [USF-XSim-97] Finding global include files...
INFO: [USF-XSim-100] Fetching design files from 'sources_1'...(this may take a while)...
INFO: [USF-XSim-101] Fetching design files from 'sim_1'...
INFO: [USF-XSim-2] XSim::Compile design
INFO: [USF-XSim-61] Executing 'COMPILE and ANALYZE' step in '/home/xmen/Desktop/SystolicCore/vivado/SystolicCore/SystolicCore.sim/sim_1/behav/xsim'
xvlog --incr --relax -L uvm -prj tb_vlog.prj
INFO: [VRFC 10-2263] Analyzing SystemVerilog file "/home/xmen/Desktop/SystolicCore/rtl/SystolicControlUnit.sv" into library xil_defaultlib
INFO: [VRFC 10-311] analyzing module systolicControlUnitTop
INFO: [VRFC 10-2263] Analyzing SystemVerilog file "/home/xmen/Desktop/SystolicCore/rtl/SystolicCore.sv" into library xil_defaultlib
INFO: [VRFC 10-311] analyzing module SystolicCoreTop
INFO: [VRFC 10-2263] Analyzing SystemVerilog file "/home/xmen/Desktop/SystolicCore/rtl/accumulator.sv" into library xil_defaultlib
INFO: [VRFC 10-311] analyzing module accumulator_cells
INFO: [VRFC 10-2263] Analyzing SystemVerilog file "/home/xmen/Desktop/SystolicCore/rtl/uart/rtl/baud_rate.sv" into library xil_defaultlib
INFO: [VRFC 10-311] analyzing module baudRateGenerator
INFO: [VRFC 10-2263] Analyzing SystemVerilog file "/home/xmen/Desktop/SystolicCore/rtl/uart/rtl/counter.sv" into library xil_defaultlib
INFO: [VRFC 10-311] analyzing module counter
INFO: [VRFC 10-2263] Analyzing SystemVerilog file "/home/xmen/Desktop/SystolicCore/rtl/mem2serial.sv" into library xil_defaultlib
INFO: [VRFC 10-311] analyzing module mem2seriala
INFO: [VRFC 10-2263] Analyzing SystemVerilog file "/home/xmen/Desktop/SystolicCore/rtl/uart/rtl/ref_clock.sv" into library xil_defaultlib
INFO: [VRFC 10-311] analyzing module ref_clock
INFO: [VRFC 10-2263] Analyzing SystemVerilog file "/home/xmen/Desktop/SystolicCore/rtl/serial2mem.sv" into library xil_defaultlib
INFO: [VRFC 10-311] analyzing module serial2mem
INFO: [VRFC 10-2263] Analyzing SystemVerilog file "/home/xmen/Desktop/SystolicCore/rtl/systolicMatrixMultiply.sv" into library xil_defaultlib
INFO: [VRFC 10-311] analyzing module systolicMatrixMultiply
INFO: [VRFC 10-2263] Analyzing SystemVerilog file "/home/xmen/Desktop/SystolicCore/rtl/uart/rtl/uart_rx.sv" into library xil_defaultlib
INFO: [VRFC 10-311] analyzing module uart_rx
INFO: [VRFC 10-2263] Analyzing SystemVerilog file "/home/xmen/Desktop/SystolicCore/rtl/uart/rtl/uart_top.sv" into library xil_defaultlib
INFO: [VRFC 10-311] analyzing module uart_top
INFO: [VRFC 10-2263] Analyzing SystemVerilog file "/home/xmen/Desktop/SystolicCore/rtl/uart/rtl/uart_tx.sv" into library xil_defaultlib
INFO: [VRFC 10-311] analyzing module uart_tx
INFO: [VRFC 10-2263] Analyzing SystemVerilog file "/home/xmen/Desktop/SystolicCore/rtl/Arty7_top_sim.sv" into library xil_defaultlib
INFO: [VRFC 10-311] analyzing module Arty7_top_sim
INFO: [VRFC 10-2263] Analyzing SystemVerilog file "/home/xmen/Desktop/SystolicCore/tb/tb_fpga.sv" into library xil_defaultlib
INFO: [VRFC 10-311] analyzing module tb
Waiting for jobs to finish...
No pending jobs, compilation finished.
INFO: [USF-XSim-69] 'compile' step finished in '1' seconds
INFO: [USF-XSim-3] XSim::Elaborate design
INFO: [USF-XSim-61] Executing 'ELABORATE' step in '/home/xmen/Desktop/SystolicCore/vivado/SystolicCore/SystolicCore.sim/sim_1/behav/xsim'
xelab --incr --debug typical --relax --mt 8 -L xil_defaultlib -L blk_mem_gen_v8_4_11 -L uvm -L unisims_ver -L unimacro_ver -L secureip -L xpm --snapshot tb_behav xil_defaultlib.tb xil_defaultlib.glbl -log elaborate.log
Vivado Simulator v2025.1.0
Copyright 1986-2022 Xilinx, Inc. All Rights Reserved.
Copyright 2022-2025 Advanced Micro Devices, Inc. All Rights Reserved.
Running: /home/xmen/amd/2025.1/Vivado/bin/unwrapped/lnx64.o/xelab --incr --debug typical --relax --mt 8 -L xil_defaultlib -L blk_mem_gen_v8_4_11 -L uvm -L unisims_ver -L unimacro_ver -L secureip -L xpm --snapshot tb_behav xil_defaultlib.tb xil_defaultlib.glbl -log elaborate.log 
Using 8 slave threads.
Starting static elaboration
Pass Through NonSizing Optimizer
WARNING: [VRFC 10-3091] actual bit length 32 differs from formal bit length 1 for port 'valid_rx_in' [/home/xmen/Desktop/SystolicCore/tb/tb_fpga.sv:32]
WARNING: [VRFC 10-3091] actual bit length 1 differs from formal bit length 8 for port 'data_rx_out' [/home/xmen/Desktop/SystolicCore/tb/tb_fpga.sv:34]
WARNING: [VRFC 10-3091] actual bit length 7 differs from formal bit length 3 for port 'addra' [/home/xmen/Desktop/SystolicCore/rtl/serial2mem.sv:45]
WARNING: [VRFC 10-3091] actual bit length 8 differs from formal bit length 3 for port 'smatrix_out' [/home/xmen/Desktop/SystolicCore/rtl/SystolicCore.sv:233]
WARNING: [VRFC 10-3091] actual bit length 4 differs from formal bit length 8 for port 'probe9' [/home/xmen/Desktop/SystolicCore/rtl/SystolicCore.sv:273]
WARNING: [VRFC 10-3091] actual bit length 4 differs from formal bit length 8 for port 'probe10' [/home/xmen/Desktop/SystolicCore/rtl/SystolicCore.sv:274]
WARNING: [VRFC 10-3091] actual bit length 1 differs from formal bit length 8 for port 'probe11' [/home/xmen/Desktop/SystolicCore/rtl/SystolicCore.sv:275]
WARNING: [VRFC 10-3091] actual bit length 1 differs from formal bit length 8 for port 'probe12' [/home/xmen/Desktop/SystolicCore/rtl/SystolicCore.sv:276]
WARNING: [VRFC 10-3091] actual bit length 1 differs from formal bit length 8 for port 'probe13' [/home/xmen/Desktop/SystolicCore/rtl/SystolicCore.sv:277]
WARNING: [VRFC 10-3091] actual bit length 1 differs from formal bit length 8 for port 'probe15' [/home/xmen/Desktop/SystolicCore/rtl/SystolicCore.sv:279]
WARNING: [VRFC 10-10063] index 3 into 'b_vec' is out of bounds [/home/xmen/Desktop/SystolicCore/rtl/systolicMatrixMultiply.sv:51]
WARNING: [VRFC 10-10063] index 3 into 'a_vec' is out of bounds [/home/xmen/Desktop/SystolicCore/rtl/systolicMatrixMultiply.sv:50]
Completed static elaboration
Starting simulation data flow analysis
WARNING: [XSIM 43-4099] "/home/xmen/Desktop/SystolicCore/rtl/SystolicControlUnit.sv" Line 1. Module systolicControlUnitTop doesn't have a timescale but at least one module in design has a timescale.
WARNING: [XSIM 43-4099] "/home/xmen/Desktop/SystolicCore/rtl/SystolicControlUnit.sv" Line 1. Module systolicControlUnitTop doesn't have a timescale but at least one module in design has a timescale.
Completed simulation data flow analysis
Time Resolution for simulation is 1ps
Compiling module xil_defaultlib.counter(MOD=5)
Compiling module xil_defaultlib.ref_clock(CLOCK_REF=10000000,CLO...
Compiling module xil_defaultlib.counter(MOD=3)
Compiling module xil_defaultlib.counter
Compiling module xil_defaultlib.baudRateGenerator(BAUDRATE=11520...
Compiling module xil_defaultlib.uart_rx(COUNTER_CLOCK_INPUT=1000...
Compiling module xil_defaultlib.counter(MOD=44)
Compiling module xil_defaultlib.counter(MOD=1)
Compiling module xil_defaultlib.baudRateGenerator(BAUDRATE=11520...
Compiling module xil_defaultlib.uart_tx(COUNTER_CLOCK_INPUT=1000...
Compiling module xil_defaultlib.uart_top
Compiling module xil_defaultlib.accumulator_cells(WIDTH=8)
Compiling module xil_defaultlib.systolicMatrixMultiply(SIZE=3)
Compiling module blk_mem_gen_v8_4_11.blk_mem_gen_v8_4_11_output_stage...
Compiling module blk_mem_gen_v8_4_11.blk_mem_gen_v8_4_11_output_stage...
Compiling module blk_mem_gen_v8_4_11.blk_mem_gen_v8_4_11_softecc_outp...
Compiling module blk_mem_gen_v8_4_11.blk_mem_gen_v8_4_11_mem_module(C...
Compiling module blk_mem_gen_v8_4_11.blk_mem_gen_v8_4_11(C_FAMILY="ar...
Compiling module xil_defaultlib.ram_single_port
Compiling module xil_defaultlib.serial2mem(SIZE=3)
Compiling module xil_defaultlib.mem2seriala(SIZE=3)
Compiling module xil_defaultlib.systolicControlUnitTop
Compiling module xil_defaultlib.counter(MOD=5000)
Compiling module xil_defaultlib.ref_clock(CLOCK_REF=10000,CLOCK_...
Compiling module xil_defaultlib.ila_0
Compiling module xil_defaultlib.SystolicCoreTop(WIDTHx=4,SIZE=3)
Compiling module xil_defaultlib.Arty7_top_sim
Compiling module xil_defaultlib.tb
Compiling module xil_defaultlib.glbl
Built simulation snapshot tb_behav
INFO: [USF-XSim-69] 'elaborate' step finished in '2' seconds
INFO: [USF-XSim-4] XSim::Simulate design
WARNING: [USF-XSim-17] WCFG file does not exist:/home/xmen/Desktop/tb_behav.wcfg
WARNING: [USF-XSim-17] WCFG file does not exist:/home/xmen/Desktop/tb_behav.wcfg
INFO: [USF-XSim-61] Executing 'SIMULATE' step in '/home/xmen/Desktop/SystolicCore/vivado/SystolicCore/SystolicCore.sim/sim_1/behav/xsim'
INFO: [USF-XSim-98] *** Running xsim
   with args "tb_behav -key {Behavioral:sim_1:Functional:tb} -tclbatch {tb.tcl} -log {simulate.log}"
INFO: [USF-XSim-8] Loading simulator feature
Time resolution is 1 ps
source tb.tcl
# set curr_wave [current_wave_config]
# if { [string length $curr_wave] == 0 } {
#   if { [llength [get_objects]] > 0} {
#     add_wave /
#     set_property needs_save false [current_wave_config]
#   } else {
#      send_msg_id Add_Wave-1 WARNING "No top level signals found. Simulator will start without a wave window. If you want to open a wave window go to 'File->New Waveform Configuration' or type 'create_wave_config' in the TCL console."
#   }
# }
# run 1000ns
Block Memory Generator module tb.a.SystolicCore0.serial2mem_opA.mem.inst.native_mem_module.blk_mem_gen_v8_4_11_inst is using a behavioral model for simulation which will not precisely model memory collision behavior.
Block Memory Generator module tb.a.SystolicCore0.serial2mem_opB.mem.inst.native_mem_module.blk_mem_gen_v8_4_11_inst is using a behavioral model for simulation which will not precisely model memory collision behavior.
INFO: [USF-XSim-96] XSim completed. Design snapshot 'tb_behav' loaded.
INFO: [USF-XSim-97] XSim simulation ran for 1000ns
launch_simulation: Time (s): cpu = 00:00:05 ; elapsed = 00:00:05 . Memory (MB): peak = 10731.020 ; gain = 0.000 ; free physical = 14127 ; free virtual = 47229
restart
INFO: [Wavedata 42-604] Simulation restarted
run all
Block Memory Generator module tb.a.SystolicCore0.serial2mem_opA.mem.inst.native_mem_module.blk_mem_gen_v8_4_11_inst is using a behavioral model for simulation which will not precisely model memory collision behavior.
Block Memory Generator module tb.a.SystolicCore0.serial2mem_opB.mem.inst.native_mem_module.blk_mem_gen_v8_4_11_inst is using a behavioral model for simulation which will not precisely model memory collision behavior.
blk_mem_gen_v8_4_11 WARNING: Address 5 is outside range for A Read
blk_mem_gen_v8_4_11 WARNING: Address 5 is outside range for A Read
blk_mem_gen_v8_4_11 WARNING: Address 5 is outside range for A Read
blk_mem_gen_v8_4_11 WARNING: Address 5 is outside range for A Read
run: Time (s): cpu = 00:00:28 ; elapsed = 00:00:26 . Memory (MB): peak = 10736.008 ; gain = 4.988 ; free physical = 13122 ; free virtual = 47223
WARNING: [filemgmt 56-199] Attempt to get parsing info during refresh. "On-the-fly" syntax checking information may be incorrect. [/home/xmen/Desktop/SystolicCore/rtl/serial2mem.sv:]
WARNING: [filemgmt 56-199] Attempt to get parsing info during refresh. "On-the-fly" syntax checking information may be incorrect. [/home/xmen/Desktop/SystolicCore/rtl/Arty7_top_sim.sv:]
WARNING: [filemgmt 56-199] Attempt to get parsing info during refresh. "On-the-fly" syntax checking information may be incorrect. [/home/xmen/Desktop/SystolicCore/tb/tb_fpga.sv:]
WARNING: [filemgmt 56-199] Attempt to get parsing info during refresh. "On-the-fly" syntax checking information may be incorrect. [/home/xmen/Desktop/SystolicCore/rtl/Arty7_top_sim.sv:]
WARNING: [filemgmt 56-199] Attempt to get parsing info during refresh. "On-the-fly" syntax checking information may be incorrect. [/home/xmen/Desktop/SystolicCore/rtl/Arty7_top_sim.sv:]
WARNING: [filemgmt 56-199] Attempt to get parsing info during refresh. "On-the-fly" syntax checking information may be incorrect. [/home/xmen/Desktop/SystolicCore/rtl/serial2mem.sv:]
WARNING: [filemgmt 56-199] Attempt to get parsing info during refresh. "On-the-fly" syntax checking information may be incorrect. [/home/xmen/Desktop/SystolicCore/rtl/Arty7_top_sim.sv:]
WARNING: [filemgmt 56-199] Attempt to get parsing info during refresh. "On-the-fly" syntax checking information may be incorrect. [/home/xmen/Desktop/SystolicCore/tb/tb_fpga.sv:]
WARNING: [filemgmt 56-199] Attempt to get parsing info during refresh. "On-the-fly" syntax checking information may be incorrect. [/home/xmen/Desktop/SystolicCore/tb/tb_fpga.sv:]
WARNING: [filemgmt 56-199] Attempt to get parsing info during refresh. "On-the-fly" syntax checking information may be incorrect. [/home/xmen/Desktop/SystolicCore/tb/tb_fpga.sv:]
save_wave_config {/home/xmen/Desktop/tb_behav.wcfg}
WARNING: [filemgmt 56-199] Attempt to get parsing info during refresh. "On-the-fly" syntax checking information may be incorrect. [/home/xmen/Desktop/SystolicCore/rtl/serial2mem.sv:]
WARNING: [filemgmt 56-199] Attempt to get parsing info during refresh. "On-the-fly" syntax checking information may be incorrect. [/home/xmen/Desktop/SystolicCore/rtl/Arty7_top_sim.sv:]
WARNING: [filemgmt 56-199] Attempt to get parsing info during refresh. "On-the-fly" syntax checking information may be incorrect. [/home/xmen/Desktop/SystolicCore/tb/tb_fpga.sv:]
WARNING: [filemgmt 56-199] Attempt to get parsing info during refresh. "On-the-fly" syntax checking information may be incorrect. [/home/xmen/Desktop/SystolicCore/rtl/serial2mem.sv:]
WARNING: [filemgmt 56-199] Attempt to get parsing info during refresh. "On-the-fly" syntax checking information may be incorrect. [/home/xmen/Desktop/SystolicCore/rtl/serial2mem.sv:]
WARNING: [filemgmt 56-199] Attempt to get parsing info during refresh. "On-the-fly" syntax checking information may be incorrect. [/home/xmen/Desktop/SystolicCore/rtl/serial2mem.sv:]
WARNING: [filemgmt 56-199] Attempt to get parsing info during refresh. "On-the-fly" syntax checking information may be incorrect. [/home/xmen/Desktop/SystolicCore/rtl/Arty7_top_sim.sv:]
WARNING: [filemgmt 56-199] Attempt to get parsing info during refresh. "On-the-fly" syntax checking information may be incorrect. [/home/xmen/Desktop/SystolicCore/tb/tb_fpga.sv:]
WARNING: [filemgmt 56-199] Attempt to get parsing info during refresh. "On-the-fly" syntax checking information may be incorrect. [/home/xmen/Desktop/SystolicCore/rtl/Arty7_top_sim.sv:]
WARNING: [filemgmt 56-199] Attempt to get parsing info during refresh. "On-the-fly" syntax checking information may be incorrect. [/home/xmen/Desktop/SystolicCore/rtl/Arty7_top_sim.sv:]
add_files -fileset sim_1 -norecurse /home/xmen/Desktop/tb_behav.wcfg
WARNING: [filemgmt 56-12] File '/home/xmen/Desktop/tb_behav.wcfg' cannot be added to the project because it already exists in the project, skipping this file
set_property xsim.view {/home/xmen/Desktop/tb_behav.wcfg /home/xmen/Desktop/tb_behav.wcfg} [get_filesets sim_1]
close_sim
INFO: xsimkernel Simulation Memory Usage: 484032 KB (Peak: 540784 KB), Simulation CPU Usage: 17090 ms
INFO: [Simtcl 6-16] Simulation closed
WARNING: [filemgmt 56-199] Attempt to get parsing info during refresh. "On-the-fly" syntax checking information may be incorrect. [/home/xmen/Desktop/SystolicCore/rtl/serial2mem.sv:]
WARNING: [filemgmt 56-199] Attempt to get parsing info during refresh. "On-the-fly" syntax checking information may be incorrect. [/home/xmen/Desktop/SystolicCore/rtl/Arty7_top_sim.sv:]
WARNING: [filemgmt 56-199] Attempt to get parsing info during refresh. "On-the-fly" syntax checking information may be incorrect. [/home/xmen/Desktop/SystolicCore/tb/tb_fpga.sv:]
WARNING: [filemgmt 56-199] Attempt to get parsing info during refresh. "On-the-fly" syntax checking information may be incorrect. [/home/xmen/Desktop/SystolicCore/rtl/serial2mem.sv:]
WARNING: [filemgmt 56-199] Attempt to get parsing info during refresh. "On-the-fly" syntax checking information may be incorrect. [/home/xmen/Desktop/SystolicCore/rtl/serial2mem.sv:]
launch_simulation
Command: launch_simulation 
WARNING: [filemgmt 56-199] Attempt to get parsing info during refresh. "On-the-fly" syntax checking information may be incorrect. [/home/xmen/Desktop/SystolicCore/rtl/serial2mem.sv:]
WARNING: [filemgmt 56-199] Attempt to get parsing info during refresh. "On-the-fly" syntax checking information may be incorrect. [/home/xmen/Desktop/SystolicCore/rtl/Arty7_top_sim.sv:]
WARNING: [filemgmt 56-199] Attempt to get parsing info during refresh. "On-the-fly" syntax checking information may be incorrect. [/home/xmen/Desktop/SystolicCore/tb/tb_fpga.sv:]
WARNING: [filemgmt 56-199] Attempt to get parsing info during refresh. "On-the-fly" syntax checking information may be incorrect. [/home/xmen/Desktop/SystolicCore/rtl/Arty7_top_sim.sv:]
WARNING: [filemgmt 56-199] Attempt to get parsing info during refresh. "On-the-fly" syntax checking information may be incorrect. [/home/xmen/Desktop/SystolicCore/rtl/Arty7_top_sim.sv:]
INFO: [Vivado 12-12493] Simulation top is 'tb'
INFO: [Vivado 12-5698] Checking validity of IPs in the design for the 'XSim' simulator...
INFO: [Vivado 12-5682] Launching behavioral simulation in '/home/xmen/Desktop/SystolicCore/vivado/SystolicCore/SystolicCore.sim/sim_1/behav/xsim'
INFO: [Vivado 12-4795] Using compiled simulation libraries for IPs
INFO: [SIM-utils-51] Simulation object is 'sim_1'
INFO: [SIM-utils-72] Using boost library from '/home/xmen/amd/2025.1/Vivado/tps/boost_1_72_0'
INFO: [USF-XSim-7] Finding pre-compiled libraries...
INFO: [USF-XSim-11] File '/home/xmen/amd/2025.1/data/xsim/xsim.ini' copied to run dir:'/home/xmen/Desktop/SystolicCore/vivado/SystolicCore/SystolicCore.sim/sim_1/behav/xsim'
INFO: [SIM-utils-54] Inspecting design source files for 'tb' in fileset 'sim_1'...
INFO: [SIM-utils-43] Exported '/home/xmen/Desktop/SystolicCore/vivado/SystolicCore/SystolicCore.sim/sim_1/behav/xsim/testeINPUT_B.mem'
INFO: [SIM-utils-43] Exported '/home/xmen/Desktop/SystolicCore/vivado/SystolicCore/SystolicCore.sim/sim_1/behav/xsim/testeINPUT_A.mem'
INFO: [SIM-utils-43] Exported '/home/xmen/Desktop/SystolicCore/vivado/SystolicCore/SystolicCore.sim/sim_1/behav/xsim/testeINPUT_B.mem'
INFO: [SIM-utils-43] Exported '/home/xmen/Desktop/SystolicCore/vivado/SystolicCore/SystolicCore.sim/sim_1/behav/xsim/testeINPUT_A.mem'
INFO: [USF-XSim-97] Finding global include files...
INFO: [USF-XSim-100] Fetching design files from 'sources_1'...(this may take a while)...
INFO: [USF-XSim-101] Fetching design files from 'sim_1'...
INFO: [USF-XSim-2] XSim::Compile design
INFO: [USF-XSim-61] Executing 'COMPILE and ANALYZE' step in '/home/xmen/Desktop/SystolicCore/vivado/SystolicCore/SystolicCore.sim/sim_1/behav/xsim'
xvlog --incr --relax -L uvm -prj tb_vlog.prj
INFO: [VRFC 10-2263] Analyzing SystemVerilog file "/home/xmen/Desktop/SystolicCore/rtl/SystolicControlUnit.sv" into library xil_defaultlib
INFO: [VRFC 10-311] analyzing module systolicControlUnitTop
INFO: [VRFC 10-2263] Analyzing SystemVerilog file "/home/xmen/Desktop/SystolicCore/rtl/SystolicCore.sv" into library xil_defaultlib
INFO: [VRFC 10-311] analyzing module SystolicCoreTop
INFO: [VRFC 10-2263] Analyzing SystemVerilog file "/home/xmen/Desktop/SystolicCore/rtl/accumulator.sv" into library xil_defaultlib
INFO: [VRFC 10-311] analyzing module accumulator_cells
INFO: [VRFC 10-2263] Analyzing SystemVerilog file "/home/xmen/Desktop/SystolicCore/rtl/uart/rtl/baud_rate.sv" into library xil_defaultlib
INFO: [VRFC 10-311] analyzing module baudRateGenerator
INFO: [VRFC 10-2263] Analyzing SystemVerilog file "/home/xmen/Desktop/SystolicCore/rtl/uart/rtl/counter.sv" into library xil_defaultlib
INFO: [VRFC 10-311] analyzing module counter
INFO: [VRFC 10-2263] Analyzing SystemVerilog file "/home/xmen/Desktop/SystolicCore/rtl/mem2serial.sv" into library xil_defaultlib
INFO: [VRFC 10-311] analyzing module mem2seriala
INFO: [VRFC 10-2263] Analyzing SystemVerilog file "/home/xmen/Desktop/SystolicCore/rtl/uart/rtl/ref_clock.sv" into library xil_defaultlib
INFO: [VRFC 10-311] analyzing module ref_clock
INFO: [VRFC 10-2263] Analyzing SystemVerilog file "/home/xmen/Desktop/SystolicCore/rtl/serial2mem.sv" into library xil_defaultlib
INFO: [VRFC 10-311] analyzing module serial2mem
INFO: [VRFC 10-2263] Analyzing SystemVerilog file "/home/xmen/Desktop/SystolicCore/rtl/systolicMatrixMultiply.sv" into library xil_defaultlib
INFO: [VRFC 10-311] analyzing module systolicMatrixMultiply
INFO: [VRFC 10-2263] Analyzing SystemVerilog file "/home/xmen/Desktop/SystolicCore/rtl/uart/rtl/uart_rx.sv" into library xil_defaultlib
INFO: [VRFC 10-311] analyzing module uart_rx
INFO: [VRFC 10-2263] Analyzing SystemVerilog file "/home/xmen/Desktop/SystolicCore/rtl/uart/rtl/uart_top.sv" into library xil_defaultlib
INFO: [VRFC 10-311] analyzing module uart_top
INFO: [VRFC 10-2263] Analyzing SystemVerilog file "/home/xmen/Desktop/SystolicCore/rtl/uart/rtl/uart_tx.sv" into library xil_defaultlib
INFO: [VRFC 10-311] analyzing module uart_tx
INFO: [VRFC 10-2263] Analyzing SystemVerilog file "/home/xmen/Desktop/SystolicCore/rtl/Arty7_top_sim.sv" into library xil_defaultlib
INFO: [VRFC 10-311] analyzing module Arty7_top_sim
INFO: [VRFC 10-2263] Analyzing SystemVerilog file "/home/xmen/Desktop/SystolicCore/tb/tb_fpga.sv" into library xil_defaultlib
INFO: [VRFC 10-311] analyzing module tb
Waiting for jobs to finish...
No pending jobs, compilation finished.
INFO: [USF-XSim-69] 'compile' step finished in '1' seconds
INFO: [USF-XSim-3] XSim::Elaborate design
INFO: [USF-XSim-61] Executing 'ELABORATE' step in '/home/xmen/Desktop/SystolicCore/vivado/SystolicCore/SystolicCore.sim/sim_1/behav/xsim'
xelab --incr --debug typical --relax --mt 8 -L xil_defaultlib -L blk_mem_gen_v8_4_11 -L uvm -L unisims_ver -L unimacro_ver -L secureip -L xpm --snapshot tb_behav xil_defaultlib.tb xil_defaultlib.glbl -log elaborate.log
Vivado Simulator v2025.1.0
Copyright 1986-2022 Xilinx, Inc. All Rights Reserved.
Copyright 2022-2025 Advanced Micro Devices, Inc. All Rights Reserved.
Running: /home/xmen/amd/2025.1/Vivado/bin/unwrapped/lnx64.o/xelab --incr --debug typical --relax --mt 8 -L xil_defaultlib -L blk_mem_gen_v8_4_11 -L uvm -L unisims_ver -L unimacro_ver -L secureip -L xpm --snapshot tb_behav xil_defaultlib.tb xil_defaultlib.glbl -log elaborate.log 
Using 8 slave threads.
Starting static elaboration
Pass Through NonSizing Optimizer
WARNING: [VRFC 10-3091] actual bit length 32 differs from formal bit length 1 for port 'valid_rx_in' [/home/xmen/Desktop/SystolicCore/tb/tb_fpga.sv:32]
WARNING: [VRFC 10-3091] actual bit length 1 differs from formal bit length 8 for port 'data_rx_out' [/home/xmen/Desktop/SystolicCore/tb/tb_fpga.sv:34]
WARNING: [VRFC 10-3091] actual bit length 7 differs from formal bit length 3 for port 'addra' [/home/xmen/Desktop/SystolicCore/rtl/serial2mem.sv:45]
WARNING: [VRFC 10-3091] actual bit length 8 differs from formal bit length 3 for port 'smatrix_out' [/home/xmen/Desktop/SystolicCore/rtl/SystolicCore.sv:233]
WARNING: [VRFC 10-3091] actual bit length 4 differs from formal bit length 8 for port 'probe9' [/home/xmen/Desktop/SystolicCore/rtl/SystolicCore.sv:273]
WARNING: [VRFC 10-3091] actual bit length 4 differs from formal bit length 8 for port 'probe10' [/home/xmen/Desktop/SystolicCore/rtl/SystolicCore.sv:274]
WARNING: [VRFC 10-3091] actual bit length 1 differs from formal bit length 8 for port 'probe11' [/home/xmen/Desktop/SystolicCore/rtl/SystolicCore.sv:275]
WARNING: [VRFC 10-3091] actual bit length 1 differs from formal bit length 8 for port 'probe12' [/home/xmen/Desktop/SystolicCore/rtl/SystolicCore.sv:276]
WARNING: [VRFC 10-3091] actual bit length 1 differs from formal bit length 8 for port 'probe13' [/home/xmen/Desktop/SystolicCore/rtl/SystolicCore.sv:277]
WARNING: [VRFC 10-3091] actual bit length 1 differs from formal bit length 8 for port 'probe15' [/home/xmen/Desktop/SystolicCore/rtl/SystolicCore.sv:279]
WARNING: [VRFC 10-10063] index 3 into 'b_vec' is out of bounds [/home/xmen/Desktop/SystolicCore/rtl/systolicMatrixMultiply.sv:51]
WARNING: [VRFC 10-10063] index 3 into 'a_vec' is out of bounds [/home/xmen/Desktop/SystolicCore/rtl/systolicMatrixMultiply.sv:50]
Completed static elaboration
Starting simulation data flow analysis
WARNING: [XSIM 43-4099] "/home/xmen/Desktop/SystolicCore/rtl/SystolicControlUnit.sv" Line 1. Module systolicControlUnitTop doesn't have a timescale but at least one module in design has a timescale.
WARNING: [XSIM 43-4099] "/home/xmen/Desktop/SystolicCore/rtl/SystolicControlUnit.sv" Line 1. Module systolicControlUnitTop doesn't have a timescale but at least one module in design has a timescale.
Completed simulation data flow analysis
Time Resolution for simulation is 1ps
Compiling module xil_defaultlib.counter(MOD=5)
Compiling module xil_defaultlib.ref_clock(CLOCK_REF=10000000,CLO...
Compiling module xil_defaultlib.counter(MOD=3)
Compiling module xil_defaultlib.counter
Compiling module xil_defaultlib.baudRateGenerator(BAUDRATE=11520...
Compiling module xil_defaultlib.uart_rx(COUNTER_CLOCK_INPUT=1000...
Compiling module xil_defaultlib.counter(MOD=44)
Compiling module xil_defaultlib.counter(MOD=1)
Compiling module xil_defaultlib.baudRateGenerator(BAUDRATE=11520...
Compiling module xil_defaultlib.uart_tx(COUNTER_CLOCK_INPUT=1000...
Compiling module xil_defaultlib.uart_top
Compiling module xil_defaultlib.accumulator_cells(WIDTH=8)
Compiling module xil_defaultlib.systolicMatrixMultiply(SIZE=3)
Compiling module blk_mem_gen_v8_4_11.blk_mem_gen_v8_4_11_output_stage...
Compiling module blk_mem_gen_v8_4_11.blk_mem_gen_v8_4_11_output_stage...
Compiling module blk_mem_gen_v8_4_11.blk_mem_gen_v8_4_11_softecc_outp...
Compiling module blk_mem_gen_v8_4_11.blk_mem_gen_v8_4_11_mem_module(C...
Compiling module blk_mem_gen_v8_4_11.blk_mem_gen_v8_4_11(C_FAMILY="ar...
Compiling module xil_defaultlib.ram_single_port
Compiling module xil_defaultlib.serial2mem(SIZE=3)
Compiling module xil_defaultlib.mem2seriala(SIZE=3)
Compiling module xil_defaultlib.systolicControlUnitTop
Compiling module xil_defaultlib.counter(MOD=5000)
Compiling module xil_defaultlib.ref_clock(CLOCK_REF=10000,CLOCK_...
Compiling module xil_defaultlib.ila_0
Compiling module xil_defaultlib.SystolicCoreTop(SIZE=3)
Compiling module xil_defaultlib.Arty7_top_sim
Compiling module xil_defaultlib.tb
Compiling module xil_defaultlib.glbl
Built simulation snapshot tb_behav
INFO: [USF-XSim-69] 'elaborate' step finished in '2' seconds
INFO: [USF-XSim-4] XSim::Simulate design
INFO: [USF-XSim-61] Executing 'SIMULATE' step in '/home/xmen/Desktop/SystolicCore/vivado/SystolicCore/SystolicCore.sim/sim_1/behav/xsim'
INFO: [USF-XSim-98] *** Running xsim
   with args "tb_behav -key {Behavioral:sim_1:Functional:tb} -tclbatch {tb.tcl} -view {/home/xmen/Desktop/tb_behav.wcfg} -log {simulate.log}"
INFO: [USF-XSim-8] Loading simulator feature
Time resolution is 1 ps
open_wave_config /home/xmen/Desktop/tb_behav.wcfg
source tb.tcl
# set curr_wave [current_wave_config]
# if { [string length $curr_wave] == 0 } {
#   if { [llength [get_objects]] > 0} {
#     add_wave /
#     set_property needs_save false [current_wave_config]
#   } else {
#      send_msg_id Add_Wave-1 WARNING "No top level signals found. Simulator will start without a wave window. If you want to open a wave window go to 'File->New Waveform Configuration' or type 'create_wave_config' in the TCL console."
#   }
# }
# run 1000ns
Block Memory Generator module tb.a.SystolicCore0.serial2mem_opA.mem.inst.native_mem_module.blk_mem_gen_v8_4_11_inst is using a behavioral model for simulation which will not precisely model memory collision behavior.
Block Memory Generator module tb.a.SystolicCore0.serial2mem_opB.mem.inst.native_mem_module.blk_mem_gen_v8_4_11_inst is using a behavioral model for simulation which will not precisely model memory collision behavior.
INFO: [USF-XSim-96] XSim completed. Design snapshot 'tb_behav' loaded.
INFO: [USF-XSim-97] XSim simulation ran for 1000ns
launch_simulation: Time (s): cpu = 00:00:06 ; elapsed = 00:00:06 . Memory (MB): peak = 10843.109 ; gain = 0.000 ; free physical = 14068 ; free virtual = 47170
restart
INFO: [Wavedata 42-604] Simulation restarted
run all
Block Memory Generator module tb.a.SystolicCore0.serial2mem_opA.mem.inst.native_mem_module.blk_mem_gen_v8_4_11_inst is using a behavioral model for simulation which will not precisely model memory collision behavior.
Block Memory Generator module tb.a.SystolicCore0.serial2mem_opB.mem.inst.native_mem_module.blk_mem_gen_v8_4_11_inst is using a behavioral model for simulation which will not precisely model memory collision behavior.
blk_mem_gen_v8_4_11 WARNING: Address 5 is outside range for A Read
blk_mem_gen_v8_4_11 WARNING: Address 5 is outside range for A Read
blk_mem_gen_v8_4_11 WARNING: Address 5 is outside range for A Read
blk_mem_gen_v8_4_11 WARNING: Address 5 is outside range for A Read
run: Time (s): cpu = 00:00:35 ; elapsed = 00:00:51 . Memory (MB): peak = 10843.109 ; gain = 0.000 ; free physical = 13092 ; free virtual = 47081
WARNING: [filemgmt 56-199] Attempt to get parsing info during refresh. "On-the-fly" syntax checking information may be incorrect. [/home/xmen/Desktop/SystolicCore/rtl/serial2mem.sv:]
WARNING: [filemgmt 56-199] Attempt to get parsing info during refresh. "On-the-fly" syntax checking information may be incorrect. [/home/xmen/Desktop/SystolicCore/rtl/Arty7_top_sim.sv:]
WARNING: [filemgmt 56-199] Attempt to get parsing info during refresh. "On-the-fly" syntax checking information may be incorrect. [/home/xmen/Desktop/SystolicCore/tb/tb_fpga.sv:]
WARNING: [filemgmt 56-199] Attempt to get parsing info during refresh. "On-the-fly" syntax checking information may be incorrect. [/home/xmen/Desktop/SystolicCore/rtl/Arty7_top_sim.sv:]
WARNING: [filemgmt 56-199] Attempt to get parsing info during refresh. "On-the-fly" syntax checking information may be incorrect. [/home/xmen/Desktop/SystolicCore/rtl/Arty7_top_sim.sv:]
WARNING: [filemgmt 56-199] Attempt to get parsing info during refresh. "On-the-fly" syntax checking information may be incorrect. [/home/xmen/Desktop/SystolicCore/rtl/serial2mem.sv:]
WARNING: [filemgmt 56-199] Attempt to get parsing info during refresh. "On-the-fly" syntax checking information may be incorrect. [/home/xmen/Desktop/SystolicCore/rtl/Arty7_top_sim.sv:]
WARNING: [filemgmt 56-199] Attempt to get parsing info during refresh. "On-the-fly" syntax checking information may be incorrect. [/home/xmen/Desktop/SystolicCore/tb/tb_fpga.sv:]
WARNING: [filemgmt 56-199] Attempt to get parsing info during refresh. "On-the-fly" syntax checking information may be incorrect. [/home/xmen/Desktop/SystolicCore/tb/tb_fpga.sv:]
WARNING: [filemgmt 56-199] Attempt to get parsing info during refresh. "On-the-fly" syntax checking information may be incorrect. [/home/xmen/Desktop/SystolicCore/tb/tb_fpga.sv:]
close_sim
INFO: xsimkernel Simulation Memory Usage: 484032 KB (Peak: 540784 KB), Simulation CPU Usage: 51230 ms
INFO: [Simtcl 6-16] Simulation closed
launch_simulation
Command: launch_simulation 
INFO: [Vivado 12-12493] Simulation top is 'tb'
INFO: [Vivado 12-5698] Checking validity of IPs in the design for the 'XSim' simulator...
INFO: [Vivado 12-5682] Launching behavioral simulation in '/home/xmen/Desktop/SystolicCore/vivado/SystolicCore/SystolicCore.sim/sim_1/behav/xsim'
INFO: [Vivado 12-4795] Using compiled simulation libraries for IPs
INFO: [SIM-utils-51] Simulation object is 'sim_1'
INFO: [SIM-utils-72] Using boost library from '/home/xmen/amd/2025.1/Vivado/tps/boost_1_72_0'
INFO: [USF-XSim-7] Finding pre-compiled libraries...
INFO: [USF-XSim-11] File '/home/xmen/amd/2025.1/data/xsim/xsim.ini' copied to run dir:'/home/xmen/Desktop/SystolicCore/vivado/SystolicCore/SystolicCore.sim/sim_1/behav/xsim'
INFO: [SIM-utils-54] Inspecting design source files for 'tb' in fileset 'sim_1'...
INFO: [SIM-utils-43] Exported '/home/xmen/Desktop/SystolicCore/vivado/SystolicCore/SystolicCore.sim/sim_1/behav/xsim/testeINPUT_B.mem'
INFO: [SIM-utils-43] Exported '/home/xmen/Desktop/SystolicCore/vivado/SystolicCore/SystolicCore.sim/sim_1/behav/xsim/testeINPUT_A.mem'
INFO: [SIM-utils-43] Exported '/home/xmen/Desktop/SystolicCore/vivado/SystolicCore/SystolicCore.sim/sim_1/behav/xsim/testeINPUT_B.mem'
INFO: [SIM-utils-43] Exported '/home/xmen/Desktop/SystolicCore/vivado/SystolicCore/SystolicCore.sim/sim_1/behav/xsim/testeINPUT_A.mem'
INFO: [USF-XSim-97] Finding global include files...
INFO: [USF-XSim-100] Fetching design files from 'sources_1'...(this may take a while)...
INFO: [USF-XSim-101] Fetching design files from 'sim_1'...
INFO: [USF-XSim-2] XSim::Compile design
INFO: [USF-XSim-61] Executing 'COMPILE and ANALYZE' step in '/home/xmen/Desktop/SystolicCore/vivado/SystolicCore/SystolicCore.sim/sim_1/behav/xsim'
xvlog --incr --relax -L uvm -prj tb_vlog.prj
INFO: [VRFC 10-2263] Analyzing SystemVerilog file "/home/xmen/Desktop/SystolicCore/rtl/SystolicControlUnit.sv" into library xil_defaultlib
INFO: [VRFC 10-311] analyzing module systolicControlUnitTop
INFO: [VRFC 10-2263] Analyzing SystemVerilog file "/home/xmen/Desktop/SystolicCore/rtl/SystolicCore.sv" into library xil_defaultlib
INFO: [VRFC 10-311] analyzing module SystolicCoreTop
INFO: [VRFC 10-2263] Analyzing SystemVerilog file "/home/xmen/Desktop/SystolicCore/rtl/accumulator.sv" into library xil_defaultlib
INFO: [VRFC 10-311] analyzing module accumulator_cells
INFO: [VRFC 10-2263] Analyzing SystemVerilog file "/home/xmen/Desktop/SystolicCore/rtl/uart/rtl/baud_rate.sv" into library xil_defaultlib
INFO: [VRFC 10-311] analyzing module baudRateGenerator
INFO: [VRFC 10-2263] Analyzing SystemVerilog file "/home/xmen/Desktop/SystolicCore/rtl/uart/rtl/counter.sv" into library xil_defaultlib
INFO: [VRFC 10-311] analyzing module counter
INFO: [VRFC 10-2263] Analyzing SystemVerilog file "/home/xmen/Desktop/SystolicCore/rtl/mem2serial.sv" into library xil_defaultlib
INFO: [VRFC 10-311] analyzing module mem2seriala
INFO: [VRFC 10-2263] Analyzing SystemVerilog file "/home/xmen/Desktop/SystolicCore/rtl/uart/rtl/ref_clock.sv" into library xil_defaultlib
INFO: [VRFC 10-311] analyzing module ref_clock
INFO: [VRFC 10-2263] Analyzing SystemVerilog file "/home/xmen/Desktop/SystolicCore/rtl/serial2mem.sv" into library xil_defaultlib
INFO: [VRFC 10-311] analyzing module serial2mem
INFO: [VRFC 10-2263] Analyzing SystemVerilog file "/home/xmen/Desktop/SystolicCore/rtl/systolicMatrixMultiply.sv" into library xil_defaultlib
INFO: [VRFC 10-311] analyzing module systolicMatrixMultiply
INFO: [VRFC 10-2263] Analyzing SystemVerilog file "/home/xmen/Desktop/SystolicCore/rtl/uart/rtl/uart_rx.sv" into library xil_defaultlib
INFO: [VRFC 10-311] analyzing module uart_rx
INFO: [VRFC 10-2263] Analyzing SystemVerilog file "/home/xmen/Desktop/SystolicCore/rtl/uart/rtl/uart_top.sv" into library xil_defaultlib
INFO: [VRFC 10-311] analyzing module uart_top
INFO: [VRFC 10-2263] Analyzing SystemVerilog file "/home/xmen/Desktop/SystolicCore/rtl/uart/rtl/uart_tx.sv" into library xil_defaultlib
INFO: [VRFC 10-311] analyzing module uart_tx
INFO: [VRFC 10-2263] Analyzing SystemVerilog file "/home/xmen/Desktop/SystolicCore/rtl/Arty7_top_sim.sv" into library xil_defaultlib
INFO: [VRFC 10-311] analyzing module Arty7_top_sim
INFO: [VRFC 10-2263] Analyzing SystemVerilog file "/home/xmen/Desktop/SystolicCore/tb/tb_fpga.sv" into library xil_defaultlib
INFO: [VRFC 10-311] analyzing module tb
Waiting for jobs to finish...
No pending jobs, compilation finished.
INFO: [USF-XSim-69] 'compile' step finished in '0' seconds
INFO: [USF-XSim-3] XSim::Elaborate design
INFO: [USF-XSim-61] Executing 'ELABORATE' step in '/home/xmen/Desktop/SystolicCore/vivado/SystolicCore/SystolicCore.sim/sim_1/behav/xsim'
xelab --incr --debug typical --relax --mt 8 -L xil_defaultlib -L blk_mem_gen_v8_4_11 -L uvm -L unisims_ver -L unimacro_ver -L secureip -L xpm --snapshot tb_behav xil_defaultlib.tb xil_defaultlib.glbl -log elaborate.log
Vivado Simulator v2025.1.0
Copyright 1986-2022 Xilinx, Inc. All Rights Reserved.
Copyright 2022-2025 Advanced Micro Devices, Inc. All Rights Reserved.
Running: /home/xmen/amd/2025.1/Vivado/bin/unwrapped/lnx64.o/xelab --incr --debug typical --relax --mt 8 -L xil_defaultlib -L blk_mem_gen_v8_4_11 -L uvm -L unisims_ver -L unimacro_ver -L secureip -L xpm --snapshot tb_behav xil_defaultlib.tb xil_defaultlib.glbl -log elaborate.log 
Using 8 slave threads.
Starting static elaboration
Pass Through NonSizing Optimizer
WARNING: [VRFC 10-3091] actual bit length 32 differs from formal bit length 1 for port 'valid_rx_in' [/home/xmen/Desktop/SystolicCore/tb/tb_fpga.sv:32]
WARNING: [VRFC 10-3091] actual bit length 1 differs from formal bit length 8 for port 'data_rx_out' [/home/xmen/Desktop/SystolicCore/tb/tb_fpga.sv:34]
WARNING: [VRFC 10-3091] actual bit length 7 differs from formal bit length 3 for port 'addra' [/home/xmen/Desktop/SystolicCore/rtl/serial2mem.sv:45]
WARNING: [VRFC 10-3091] actual bit length 8 differs from formal bit length 3 for port 'smatrix_out' [/home/xmen/Desktop/SystolicCore/rtl/SystolicCore.sv:233]
WARNING: [VRFC 10-3091] actual bit length 4 differs from formal bit length 8 for port 'probe9' [/home/xmen/Desktop/SystolicCore/rtl/SystolicCore.sv:273]
WARNING: [VRFC 10-3091] actual bit length 4 differs from formal bit length 8 for port 'probe10' [/home/xmen/Desktop/SystolicCore/rtl/SystolicCore.sv:274]
WARNING: [VRFC 10-3091] actual bit length 1 differs from formal bit length 8 for port 'probe11' [/home/xmen/Desktop/SystolicCore/rtl/SystolicCore.sv:275]
WARNING: [VRFC 10-3091] actual bit length 1 differs from formal bit length 8 for port 'probe12' [/home/xmen/Desktop/SystolicCore/rtl/SystolicCore.sv:276]
WARNING: [VRFC 10-3091] actual bit length 1 differs from formal bit length 8 for port 'probe13' [/home/xmen/Desktop/SystolicCore/rtl/SystolicCore.sv:277]
WARNING: [VRFC 10-3091] actual bit length 1 differs from formal bit length 8 for port 'probe15' [/home/xmen/Desktop/SystolicCore/rtl/SystolicCore.sv:279]
WARNING: [VRFC 10-10063] index 3 into 'b_vec' is out of bounds [/home/xmen/Desktop/SystolicCore/rtl/systolicMatrixMultiply.sv:51]
WARNING: [VRFC 10-10063] index 3 into 'a_vec' is out of bounds [/home/xmen/Desktop/SystolicCore/rtl/systolicMatrixMultiply.sv:50]
Completed static elaboration
Starting simulation data flow analysis
WARNING: [XSIM 43-4099] "/home/xmen/Desktop/SystolicCore/rtl/SystolicControlUnit.sv" Line 1. Module systolicControlUnitTop doesn't have a timescale but at least one module in design has a timescale.
WARNING: [XSIM 43-4099] "/home/xmen/Desktop/SystolicCore/rtl/SystolicControlUnit.sv" Line 1. Module systolicControlUnitTop doesn't have a timescale but at least one module in design has a timescale.
Completed simulation data flow analysis
Time Resolution for simulation is 1ps
Compiling module xil_defaultlib.counter(MOD=5)
Compiling module xil_defaultlib.ref_clock(CLOCK_REF=10000000,CLO...
Compiling module xil_defaultlib.counter(MOD=3)
Compiling module xil_defaultlib.counter
Compiling module xil_defaultlib.baudRateGenerator(BAUDRATE=11520...
Compiling module xil_defaultlib.uart_rx(COUNTER_CLOCK_INPUT=1000...
Compiling module xil_defaultlib.counter(MOD=44)
Compiling module xil_defaultlib.counter(MOD=1)
Compiling module xil_defaultlib.baudRateGenerator(BAUDRATE=11520...
Compiling module xil_defaultlib.uart_tx(COUNTER_CLOCK_INPUT=1000...
Compiling module xil_defaultlib.uart_top
Compiling module xil_defaultlib.accumulator_cells(WIDTH=8)
Compiling module xil_defaultlib.systolicMatrixMultiply(SIZE=3)
Compiling module blk_mem_gen_v8_4_11.blk_mem_gen_v8_4_11_output_stage...
Compiling module blk_mem_gen_v8_4_11.blk_mem_gen_v8_4_11_output_stage...
Compiling module blk_mem_gen_v8_4_11.blk_mem_gen_v8_4_11_softecc_outp...
Compiling module blk_mem_gen_v8_4_11.blk_mem_gen_v8_4_11_mem_module(C...
Compiling module blk_mem_gen_v8_4_11.blk_mem_gen_v8_4_11(C_FAMILY="ar...
Compiling module xil_defaultlib.ram_single_port
Compiling module xil_defaultlib.serial2mem(SIZE=3)
Compiling module xil_defaultlib.mem2seriala(SIZE=3)
Compiling module xil_defaultlib.systolicControlUnitTop
Compiling module xil_defaultlib.counter(MOD=5000)
Compiling module xil_defaultlib.ref_clock(CLOCK_REF=10000,CLOCK_...
Compiling module xil_defaultlib.ila_0
Compiling module xil_defaultlib.SystolicCoreTop(SIZE=3)
Compiling module xil_defaultlib.Arty7_top_sim
Compiling module xil_defaultlib.tb
Compiling module xil_defaultlib.glbl
Built simulation snapshot tb_behav
INFO: [USF-XSim-69] 'elaborate' step finished in '2' seconds
INFO: [USF-XSim-4] XSim::Simulate design
INFO: [USF-XSim-61] Executing 'SIMULATE' step in '/home/xmen/Desktop/SystolicCore/vivado/SystolicCore/SystolicCore.sim/sim_1/behav/xsim'
INFO: [USF-XSim-98] *** Running xsim
   with args "tb_behav -key {Behavioral:sim_1:Functional:tb} -tclbatch {tb.tcl} -view {/home/xmen/Desktop/tb_behav.wcfg} -log {simulate.log}"
INFO: [USF-XSim-8] Loading simulator feature
Time resolution is 1 ps
open_wave_config /home/xmen/Desktop/tb_behav.wcfg
source tb.tcl
# set curr_wave [current_wave_config]
# if { [string length $curr_wave] == 0 } {
#   if { [llength [get_objects]] > 0} {
#     add_wave /
#     set_property needs_save false [current_wave_config]
#   } else {
#      send_msg_id Add_Wave-1 WARNING "No top level signals found. Simulator will start without a wave window. If you want to open a wave window go to 'File->New Waveform Configuration' or type 'create_wave_config' in the TCL console."
#   }
# }
# run 1000ns
Block Memory Generator module tb.a.SystolicCore0.serial2mem_opA.mem.inst.native_mem_module.blk_mem_gen_v8_4_11_inst is using a behavioral model for simulation which will not precisely model memory collision behavior.
Block Memory Generator module tb.a.SystolicCore0.serial2mem_opB.mem.inst.native_mem_module.blk_mem_gen_v8_4_11_inst is using a behavioral model for simulation which will not precisely model memory collision behavior.
WARNING: Too many words specified in data file testeINPUT_A.mem
INFO: [USF-XSim-96] XSim completed. Design snapshot 'tb_behav' loaded.
INFO: [USF-XSim-97] XSim simulation ran for 1000ns
launch_simulation: Time (s): cpu = 00:00:05 ; elapsed = 00:00:05 . Memory (MB): peak = 10843.109 ; gain = 0.000 ; free physical = 13977 ; free virtual = 47080
restart
INFO: [Wavedata 42-604] Simulation restarted
restart
INFO: [Wavedata 42-604] Simulation restarted
run all
Block Memory Generator module tb.a.SystolicCore0.serial2mem_opA.mem.inst.native_mem_module.blk_mem_gen_v8_4_11_inst is using a behavioral model for simulation which will not precisely model memory collision behavior.
Block Memory Generator module tb.a.SystolicCore0.serial2mem_opB.mem.inst.native_mem_module.blk_mem_gen_v8_4_11_inst is using a behavioral model for simulation which will not precisely model memory collision behavior.
WARNING: Too many words specified in data file testeINPUT_A.mem
blk_mem_gen_v8_4_11 WARNING: Address 5 is outside range for A Read
blk_mem_gen_v8_4_11 WARNING: Address 5 is outside range for A Read
blk_mem_gen_v8_4_11 WARNING: Address 5 is outside range for A Read
blk_mem_gen_v8_4_11 WARNING: Address 5 is outside range for A Read
run: Time (s): cpu = 00:01:29 ; elapsed = 00:02:12 . Memory (MB): peak = 10843.109 ; gain = 0.000 ; free physical = 11650 ; free virtual = 47067
restart
INFO: [Wavedata 42-604] Simulation restarted
