#-----------------------------------------------------------
# Vivado v2025.2 (64-bit)
# SW Build 6299465 on Fri Nov 14 12:34:56 MST 2025
# IP Build 6300035 on Fri Nov 14 10:48:45 MST 2025
# SharedData Build 6298862 on Thu Nov 13 04:50:51 MST 2025
# Start of session at: Sat Dec 27 11:46:11 2025
# Process ID         : 3802292
# Current directory  : /home/xmen/Videos/RustDesk/SystolicCore/SystolicCore
# Command line       : vivado SystolicCore/SystolicCore.xpr
# Log file           : /home/xmen/Videos/RustDesk/SystolicCore/SystolicCore/vivado.log
# Journal file       : /home/xmen/Videos/RustDesk/SystolicCore/SystolicCore/vivado.jou
# Running On         : VT0144
# Platform           : Rocky
# Operating System   : Rocky Linux release 8.10 (Green Obsidian)
# Processor Detail   : Intel(R) Core(TM) i9-14900F
# CPU Frequency      : 2000.000 MHz
# CPU Physical cores : 24
# CPU Logical cores  : 32
# Host memory        : 67075 MB
# Swap memory        : 14727 MB
# Total Virtual      : 81802 MB
# Available Virtual  : 39689 MB
#-----------------------------------------------------------
start_gui
WARNING: [Board 49-26] cannot add Board Part xilinx.com:emb-plus-vpr-4616:part0:1.0 available at /home/xmen/Music/2025.2/data/xhub/boards/XilinxBoardStore/boards/Xilinx/emb-plus-vpr-4616/1.0/board.xml as part xcve2302-sfva784-2mp-e-s specified in board_part file is either invalid or not available
WARNING: [Board 49-26] cannot add Board Part xilinx.com:emb-plus-vpr-4616:part0:1.1 available at /home/xmen/Music/2025.2/data/xhub/boards/XilinxBoardStore/boards/Xilinx/emb-plus-vpr-4616/1.1/board.xml as part xcve2302-sfva784-2mp-e-s specified in board_part file is either invalid or not available
WARNING: [Board 49-26] cannot add Board Part xilinx.com:kcu105:part0:1.6 available at /home/xmen/Music/2025.2/data/xhub/boards/XilinxBoardStore/boards/Xilinx/kcu105/1.6/board.xml as part xcku040-ffva1156-2-e specified in board_part file is either invalid or not available
WARNING: [Board 49-26] cannot add Board Part xilinx.com:kcu105:part0:1.7 available at /home/xmen/Music/2025.2/data/xhub/boards/XilinxBoardStore/boards/Xilinx/kcu105/1.7/board.xml as part xcku040-ffva1156-2-e specified in board_part file is either invalid or not available
WARNING: [Board 49-26] cannot add Board Part xilinx.com:kcu1500:part0:1.2 available at /home/xmen/Music/2025.2/data/xhub/boards/XilinxBoardStore/boards/Xilinx/kcu1500/1.2/board.xml as part xcku115-flvb2104-2-e specified in board_part file is either invalid or not available
WARNING: [Board 49-26] cannot add Board Part xilinx.com:v80:part0:1.0 available at /home/xmen/Music/2025.2/data/xhub/boards/XilinxBoardStore/boards/Xilinx/v80/1.0/board.xml as part xcv80-lsva4737-2mhp-e-s specified in board_part file is either invalid or not available
WARNING: [Board 49-26] cannot add Board Part xilinx.com:vck190:part0:2.2 available at /home/xmen/Music/2025.2/data/xhub/boards/XilinxBoardStore/boards/Xilinx/vck190/production/2.2/board.xml as part xcvc1902-vsva2197-2mp-e-s specified in board_part file is either invalid or not available
WARNING: [Board 49-26] cannot add Board Part xilinx.com:vck190:part0:3.0 available at /home/xmen/Music/2025.2/data/xhub/boards/XilinxBoardStore/boards/Xilinx/vck190/production/3.0/board.xml as part xcvc1902-vsva2197-2mp-e-s specified in board_part file is either invalid or not available
WARNING: [Board 49-26] cannot add Board Part xilinx.com:vck190:part0:3.1 available at /home/xmen/Music/2025.2/data/xhub/boards/XilinxBoardStore/boards/Xilinx/vck190/production/3.1/board.xml as part xcvc1902-vsva2197-2mp-e-s specified in board_part file is either invalid or not available
WARNING: [Board 49-26] cannot add Board Part xilinx.com:vck190:part0:3.2 available at /home/xmen/Music/2025.2/data/xhub/boards/XilinxBoardStore/boards/Xilinx/vck190/production/3.2/board.xml as part xcvc1902-vsva2197-2mp-e-s specified in board_part file is either invalid or not available
WARNING: [Board 49-26] cannot add Board Part xilinx.com:vck190:part0:3.3 available at /home/xmen/Music/2025.2/data/xhub/boards/XilinxBoardStore/boards/Xilinx/vck190/production/3.3/board.xml as part xcvc1902-vsva2197-2mp-e-s specified in board_part file is either invalid or not available
WARNING: [Board 49-26] cannot add Board Part xilinx.com:vck190:part0:3.4 available at /home/xmen/Music/2025.2/data/xhub/boards/XilinxBoardStore/boards/Xilinx/vck190/production/3.4/board.xml as part xcvc1902-vsva2197-2mp-e-s specified in board_part file is either invalid or not available
WARNING: [Board 49-26] cannot add Board Part xilinx.com:vck190_newl:part0:1.0 available at /home/xmen/Music/2025.2/data/xhub/boards/XilinxBoardStore/boards/Xilinx/vck190_newl/production/1.0/board.xml as part xcvc1902-vsva2197-2mp-e-s specified in board_part file is either invalid or not available
WARNING: [Board 49-26] cannot add Board Part xilinx.com:vck190_newl:part0:1.1 available at /home/xmen/Music/2025.2/data/xhub/boards/XilinxBoardStore/boards/Xilinx/vck190_newl/production/1.1/board.xml as part xcvc1902-vsva2197-2mp-e-s specified in board_part file is either invalid or not available
WARNING: [Board 49-26] cannot add Board Part xilinx.com:vck190_newl:part0:1.2 available at /home/xmen/Music/2025.2/data/xhub/boards/XilinxBoardStore/boards/Xilinx/vck190_newl/production/1.2/board.xml as part xcvc1902-vsva2197-2mp-e-s specified in board_part file is either invalid or not available
WARNING: [Board 49-26] cannot add Board Part xilinx.com:vck190_newl:part0:1.3 available at /home/xmen/Music/2025.2/data/xhub/boards/XilinxBoardStore/boards/Xilinx/vck190_newl/production/1.3/board.xml as part xcvc1902-vsva2197-2mp-e-s specified in board_part file is either invalid or not available
WARNING: [Board 49-26] cannot add Board Part xilinx.com:vcu108:part0:1.6 available at /home/xmen/Music/2025.2/data/xhub/boards/XilinxBoardStore/boards/Xilinx/vcu108/1.6/board.xml as part xcvu095-ffva2104-2-e specified in board_part file is either invalid or not available
WARNING: [Board 49-26] cannot add Board Part xilinx.com:vcu108:part0:1.7 available at /home/xmen/Music/2025.2/data/xhub/boards/XilinxBoardStore/boards/Xilinx/vcu108/1.7/board.xml as part xcvu095-ffva2104-2-e specified in board_part file is either invalid or not available
WARNING: [Board 49-26] cannot add Board Part xilinx.com:vcu110:part0:1.4 available at /home/xmen/Music/2025.2/data/xhub/boards/XilinxBoardStore/boards/Xilinx/vcu110/1.4/board.xml as part xcvu190-flgc2104-2-e specified in board_part file is either invalid or not available
WARNING: [Board 49-26] cannot add Board Part xilinx.com:vek280:part0:1.0 available at /home/xmen/Music/2025.2/data/xhub/boards/XilinxBoardStore/boards/Xilinx/vek280/production/1.0/board.xml as part xcve2802-vsvh1760-2mp-e-s specified in board_part file is either invalid or not available
WARNING: [Board 49-26] cannot add Board Part xilinx.com:vek280:part0:1.1 available at /home/xmen/Music/2025.2/data/xhub/boards/XilinxBoardStore/boards/Xilinx/vek280/production/1.1/board.xml as part xcve2802-vsvh1760-2mp-e-s specified in board_part file is either invalid or not available
WARNING: [Board 49-26] cannot add Board Part xilinx.com:vek280:part0:1.2 available at /home/xmen/Music/2025.2/data/xhub/boards/XilinxBoardStore/boards/Xilinx/vek280/production/1.2/board.xml as part xcve2802-vsvh1760-2mp-e-s specified in board_part file is either invalid or not available
WARNING: [Board 49-26] cannot add Board Part xilinx.com:vek385:part0:1.0 available at /home/xmen/Music/2025.2/data/xhub/boards/XilinxBoardStore/boards/Xilinx/vek385/1.0/board.xml as part xc2ve3858-ssva2112-2mp-e-s specified in board_part file is either invalid or not available
WARNING: [Board 49-26] cannot add Board Part xilinx.com:vek385:part0:1.1 available at /home/xmen/Music/2025.2/data/xhub/boards/XilinxBoardStore/boards/Xilinx/vek385/1.1/board.xml as part xc2ve3858-ssva2112-2mp-e-s specified in board_part file is either invalid or not available
WARNING: [Board 49-26] cannot add Board Part xilinx.com:vek385_1:part0:1.0 available at /home/xmen/Music/2025.2/data/xhub/boards/XilinxBoardStore/boards/Xilinx/vek385_2/1.0/board.xml as part xc2ve3858-ssva2112-2mp-e-s specified in board_part file is either invalid or not available
WARNING: [Board 49-26] cannot add Board Part xilinx.com:vhk158:part0:1.0 available at /home/xmen/Music/2025.2/data/xhub/boards/XilinxBoardStore/boards/Xilinx/vhk158/production/1.0/board.xml as part xcvh1582-vsva3697-2mp-e-s specified in board_part file is either invalid or not available
WARNING: [Board 49-26] cannot add Board Part xilinx.com:vhk158:part0:1.1 available at /home/xmen/Music/2025.2/data/xhub/boards/XilinxBoardStore/boards/Xilinx/vhk158/production/1.1/board.xml as part xcvh1582-vsva3697-2mp-e-s specified in board_part file is either invalid or not available
WARNING: [Board 49-26] cannot add Board Part xilinx.com:vhk158:part0:1.2 available at /home/xmen/Music/2025.2/data/xhub/boards/XilinxBoardStore/boards/Xilinx/vhk158/production/1.2/board.xml as part xcvh1582-vsva3697-2mp-e-s specified in board_part file is either invalid or not available
WARNING: [Board 49-26] cannot add Board Part xilinx.com:vmk180:part0:2.2 available at /home/xmen/Music/2025.2/data/xhub/boards/XilinxBoardStore/boards/Xilinx/vmk180/production/2.2/board.xml as part xcvm1802-vsva2197-2mp-e-s specified in board_part file is either invalid or not available
WARNING: [Board 49-26] cannot add Board Part xilinx.com:vmk180:part0:3.0 available at /home/xmen/Music/2025.2/data/xhub/boards/XilinxBoardStore/boards/Xilinx/vmk180/production/3.0/board.xml as part xcvm1802-vsva2197-2mp-e-s specified in board_part file is either invalid or not available
WARNING: [Board 49-26] cannot add Board Part xilinx.com:vmk180:part0:3.1 available at /home/xmen/Music/2025.2/data/xhub/boards/XilinxBoardStore/boards/Xilinx/vmk180/production/3.1/board.xml as part xcvm1802-vsva2197-2mp-e-s specified in board_part file is either invalid or not available
WARNING: [Board 49-26] cannot add Board Part xilinx.com:vmk180:part0:3.2 available at /home/xmen/Music/2025.2/data/xhub/boards/XilinxBoardStore/boards/Xilinx/vmk180/production/3.2/board.xml as part xcvm1802-vsva2197-2mp-e-s specified in board_part file is either invalid or not available
WARNING: [Board 49-26] cannot add Board Part xilinx.com:vmk180:part0:3.3 available at /home/xmen/Music/2025.2/data/xhub/boards/XilinxBoardStore/boards/Xilinx/vmk180/production/3.3/board.xml as part xcvm1802-vsva2197-2mp-e-s specified in board_part file is either invalid or not available
WARNING: [Board 49-26] cannot add Board Part xilinx.com:vmk180_newl:part0:1.0 available at /home/xmen/Music/2025.2/data/xhub/boards/XilinxBoardStore/boards/Xilinx/vmk180_newl/production/1.0/board.xml as part xcvm1802-vsva2197-2mp-e-s specified in board_part file is either invalid or not available
WARNING: [Board 49-26] cannot add Board Part xilinx.com:vmk180_newl:part0:1.1 available at /home/xmen/Music/2025.2/data/xhub/boards/XilinxBoardStore/boards/Xilinx/vmk180_newl/production/1.1/board.xml as part xcvm1802-vsva2197-2mp-e-s specified in board_part file is either invalid or not available
WARNING: [Board 49-26] cannot add Board Part xilinx.com:vpk120:part0:1.0 available at /home/xmen/Music/2025.2/data/xhub/boards/XilinxBoardStore/boards/Xilinx/vpk120/production/1.0/board.xml as part xcvp1202-vsva2785-2mp-e-s specified in board_part file is either invalid or not available
WARNING: [Board 49-26] cannot add Board Part xilinx.com:vpk120:part0:1.1 available at /home/xmen/Music/2025.2/data/xhub/boards/XilinxBoardStore/boards/Xilinx/vpk120/production/1.1/board.xml as part xcvp1202-vsva2785-2mp-e-s specified in board_part file is either invalid or not available
WARNING: [Board 49-26] cannot add Board Part xilinx.com:vpk120:part0:1.2 available at /home/xmen/Music/2025.2/data/xhub/boards/XilinxBoardStore/boards/Xilinx/vpk120/production/1.2/board.xml as part xcvp1202-vsva2785-2mp-e-s specified in board_part file is either invalid or not available
WARNING: [Board 49-26] cannot add Board Part xilinx.com:vpk180:part0:1.0 available at /home/xmen/Music/2025.2/data/xhub/boards/XilinxBoardStore/boards/Xilinx/vpk180/production/1.0/board.xml as part xcvp1802-lsvc4072-2mp-e-s specified in board_part file is either invalid or not available
WARNING: [Board 49-26] cannot add Board Part xilinx.com:vpk180:part0:1.1 available at /home/xmen/Music/2025.2/data/xhub/boards/XilinxBoardStore/boards/Xilinx/vpk180/production/1.1/board.xml as part xcvp1802-lsvc4072-2mp-e-s specified in board_part file is either invalid or not available
WARNING: [Board 49-26] cannot add Board Part xilinx.com:vpk180:part0:1.2 available at /home/xmen/Music/2025.2/data/xhub/boards/XilinxBoardStore/boards/Xilinx/vpk180/production/1.2/board.xml as part xcvp1802-lsvc4072-2mp-e-s specified in board_part file is either invalid or not available
WARNING: [Board 49-26] cannot add Board Part xilinx.com:vrk160:part0:1.0 available at /home/xmen/Music/2025.2/data/xhub/boards/XilinxBoardStore/boards/Xilinx/vrk160/1.0/board.xml as part xcvr1602-vsva2488-2mp-e-s-es1 specified in board_part file is either invalid or not available
WARNING: [Board 49-26] cannot add Board Part xilinx.com:vrk160:part0:1.1 available at /home/xmen/Music/2025.2/data/xhub/boards/XilinxBoardStore/boards/Xilinx/vrk160/1.1/board.xml as part xcvr1602-vsva2488-2mp-e-s-es1 specified in board_part file is either invalid or not available
WARNING: [Board 49-26] cannot add Board Part xilinx.com:zcu208ld:part0:2.0 available at /home/xmen/Music/2025.2/data/xhub/boards/XilinxBoardStore/boards/Xilinx/zcu208ld/production/2.0/board.xml as part xczu58dr-fsvg1517-2-i specified in board_part file is either invalid or not available
WARNING: [Board 49-26] cannot add Board Part xilinx.com:zcu216ld:part0:2.0 available at /home/xmen/Music/2025.2/data/xhub/boards/XilinxBoardStore/boards/Xilinx/zcu216ld/production/2.0/board.xml as part xczu59dr-ffvf1760-2-i specified in board_part file is either invalid or not available
WARNING: [Board 49-26] cannot add Board Part xilinx.com:zcu670ld:part0:1.0 available at /home/xmen/Music/2025.2/data/xhub/boards/XilinxBoardStore/boards/Xilinx/zcu670ld/1.0/board.xml as part xczu57dr-fsve1156-2-i specified in board_part file is either invalid or not available
open_project SystolicCore/SystolicCore.xpr
INFO: [Project 1-313] Project file moved from '/home/xmen/Videos/SystolicCore/SystolicCore' since last save.
WARNING: [Project 1-312] File not found as '/home/xmen/Videos/RustDesk/Desktop/SystolicCore/SystolicCore/SystolicCore.srcs/utils_1/imports/synth_1/Arty7_top_sim.dcp'; using path '/home/xmen/Desktop/SystolicCore/SystolicCore/SystolicCore.srcs/utils_1/imports/synth_1/Arty7_top_sim.dcp' instead.
Scanning sources...
Finished scanning sources
WARNING: [Project 1-312] File not found as '/home/xmen/Videos/RustDesk/Desktop/SystolicCore/SystolicCore/SystolicCore.srcs/utils_1/imports/synth_1/Arty7_top_sim.dcp'; using path '/home/xmen/Desktop/SystolicCore/SystolicCore/SystolicCore.srcs/utils_1/imports/synth_1/Arty7_top_sim.dcp' instead.
WARNING: [Project 1-312] File not found as '/home/xmen/Videos/RustDesk/Desktop/SystolicCore/SystolicCore/SystolicCore.srcs/utils_1/imports/synth_1/Arty7_top_sim.dcp'; using path '/home/xmen/Desktop/SystolicCore/SystolicCore/SystolicCore.srcs/utils_1/imports/synth_1/Arty7_top_sim.dcp' instead.
WARNING: [Project 1-312] File not found as '/home/xmen/Videos/RustDesk/Desktop/SystolicCore/SystolicCore/SystolicCore.srcs/utils_1/imports/synth_1/Arty7_top_sim.dcp'; using path '/home/xmen/Desktop/SystolicCore/SystolicCore/SystolicCore.srcs/utils_1/imports/synth_1/Arty7_top_sim.dcp' instead.
WARNING: [Project 1-312] File not found as '/home/xmen/Videos/RustDesk/Desktop/SystolicCore/SystolicCore/SystolicCore.srcs/utils_1/imports/synth_1/Arty7_top_sim.dcp'; using path '/home/xmen/Desktop/SystolicCore/SystolicCore/SystolicCore.srcs/utils_1/imports/synth_1/Arty7_top_sim.dcp' instead.
WARNING: [Project 1-312] File not found as '/home/xmen/Videos/RustDesk/Desktop/SystolicCore/SystolicCore/SystolicCore.srcs/utils_1/imports/synth_1/Arty7_top_sim.dcp'; using path '/home/xmen/Desktop/SystolicCore/SystolicCore/SystolicCore.srcs/utils_1/imports/synth_1/Arty7_top_sim.dcp' instead.
WARNING: [Project 1-312] File not found as '/home/xmen/Videos/RustDesk/Desktop/SystolicCore/SystolicCore/SystolicCore.srcs/utils_1/imports/synth_1/Arty7_top_sim.dcp'; using path '/home/xmen/Desktop/SystolicCore/SystolicCore/SystolicCore.srcs/utils_1/imports/synth_1/Arty7_top_sim.dcp' instead.
WARNING: [Project 1-312] File not found as '/home/xmen/Videos/RustDesk/Desktop/SystolicCore/SystolicCore/SystolicCore.srcs/utils_1/imports/synth_1/Arty7_top_sim.dcp'; using path '/home/xmen/Desktop/SystolicCore/SystolicCore/SystolicCore.srcs/utils_1/imports/synth_1/Arty7_top_sim.dcp' instead.
WARNING: [Project 1-312] File not found as '/home/xmen/Videos/RustDesk/Desktop/SystolicCore/SystolicCore/SystolicCore.srcs/utils_1/imports/synth_1/Arty7_top_sim.dcp'; using path '/home/xmen/Desktop/SystolicCore/SystolicCore/SystolicCore.srcs/utils_1/imports/synth_1/Arty7_top_sim.dcp' instead.
WARNING: [Board 49-26] cannot add Board Part xilinx.com:emb-plus-vpr-4616:part0:1.0 available at /home/xmen/Music/2025.2/data/xhub/boards/XilinxBoardStore/boards/Xilinx/emb-plus-vpr-4616/1.0/board.xml as part xcve2302-sfva784-2mp-e-s specified in board_part file is either invalid or not available
WARNING: [Board 49-26] cannot add Board Part xilinx.com:emb-plus-vpr-4616:part0:1.1 available at /home/xmen/Music/2025.2/data/xhub/boards/XilinxBoardStore/boards/Xilinx/emb-plus-vpr-4616/1.1/board.xml as part xcve2302-sfva784-2mp-e-s specified in board_part file is either invalid or not available
WARNING: [Board 49-26] cannot add Board Part xilinx.com:kcu105:part0:1.6 available at /home/xmen/Music/2025.2/data/xhub/boards/XilinxBoardStore/boards/Xilinx/kcu105/1.6/board.xml as part xcku040-ffva1156-2-e specified in board_part file is either invalid or not available
WARNING: [Board 49-26] cannot add Board Part xilinx.com:kcu105:part0:1.7 available at /home/xmen/Music/2025.2/data/xhub/boards/XilinxBoardStore/boards/Xilinx/kcu105/1.7/board.xml as part xcku040-ffva1156-2-e specified in board_part file is either invalid or not available
WARNING: [Board 49-26] cannot add Board Part xilinx.com:kcu1500:part0:1.2 available at /home/xmen/Music/2025.2/data/xhub/boards/XilinxBoardStore/boards/Xilinx/kcu1500/1.2/board.xml as part xcku115-flvb2104-2-e specified in board_part file is either invalid or not available
WARNING: [Board 49-26] cannot add Board Part xilinx.com:v80:part0:1.0 available at /home/xmen/Music/2025.2/data/xhub/boards/XilinxBoardStore/boards/Xilinx/v80/1.0/board.xml as part xcv80-lsva4737-2mhp-e-s specified in board_part file is either invalid or not available
WARNING: [Board 49-26] cannot add Board Part xilinx.com:vck190:part0:2.2 available at /home/xmen/Music/2025.2/data/xhub/boards/XilinxBoardStore/boards/Xilinx/vck190/production/2.2/board.xml as part xcvc1902-vsva2197-2mp-e-s specified in board_part file is either invalid or not available
WARNING: [Board 49-26] cannot add Board Part xilinx.com:vck190:part0:3.0 available at /home/xmen/Music/2025.2/data/xhub/boards/XilinxBoardStore/boards/Xilinx/vck190/production/3.0/board.xml as part xcvc1902-vsva2197-2mp-e-s specified in board_part file is either invalid or not available
WARNING: [Board 49-26] cannot add Board Part xilinx.com:vck190:part0:3.1 available at /home/xmen/Music/2025.2/data/xhub/boards/XilinxBoardStore/boards/Xilinx/vck190/production/3.1/board.xml as part xcvc1902-vsva2197-2mp-e-s specified in board_part file is either invalid or not available
WARNING: [Board 49-26] cannot add Board Part xilinx.com:vck190:part0:3.2 available at /home/xmen/Music/2025.2/data/xhub/boards/XilinxBoardStore/boards/Xilinx/vck190/production/3.2/board.xml as part xcvc1902-vsva2197-2mp-e-s specified in board_part file is either invalid or not available
WARNING: [Board 49-26] cannot add Board Part xilinx.com:vck190:part0:3.3 available at /home/xmen/Music/2025.2/data/xhub/boards/XilinxBoardStore/boards/Xilinx/vck190/production/3.3/board.xml as part xcvc1902-vsva2197-2mp-e-s specified in board_part file is either invalid or not available
WARNING: [Board 49-26] cannot add Board Part xilinx.com:vck190:part0:3.4 available at /home/xmen/Music/2025.2/data/xhub/boards/XilinxBoardStore/boards/Xilinx/vck190/production/3.4/board.xml as part xcvc1902-vsva2197-2mp-e-s specified in board_part file is either invalid or not available
WARNING: [Board 49-26] cannot add Board Part xilinx.com:vck190_newl:part0:1.0 available at /home/xmen/Music/2025.2/data/xhub/boards/XilinxBoardStore/boards/Xilinx/vck190_newl/production/1.0/board.xml as part xcvc1902-vsva2197-2mp-e-s specified in board_part file is either invalid or not available
WARNING: [Board 49-26] cannot add Board Part xilinx.com:vck190_newl:part0:1.1 available at /home/xmen/Music/2025.2/data/xhub/boards/XilinxBoardStore/boards/Xilinx/vck190_newl/production/1.1/board.xml as part xcvc1902-vsva2197-2mp-e-s specified in board_part file is either invalid or not available
WARNING: [Board 49-26] cannot add Board Part xilinx.com:vck190_newl:part0:1.2 available at /home/xmen/Music/2025.2/data/xhub/boards/XilinxBoardStore/boards/Xilinx/vck190_newl/production/1.2/board.xml as part xcvc1902-vsva2197-2mp-e-s specified in board_part file is either invalid or not available
WARNING: [Board 49-26] cannot add Board Part xilinx.com:vck190_newl:part0:1.3 available at /home/xmen/Music/2025.2/data/xhub/boards/XilinxBoardStore/boards/Xilinx/vck190_newl/production/1.3/board.xml as part xcvc1902-vsva2197-2mp-e-s specified in board_part file is either invalid or not available
WARNING: [Board 49-26] cannot add Board Part xilinx.com:vcu108:part0:1.6 available at /home/xmen/Music/2025.2/data/xhub/boards/XilinxBoardStore/boards/Xilinx/vcu108/1.6/board.xml as part xcvu095-ffva2104-2-e specified in board_part file is either invalid or not available
WARNING: [Board 49-26] cannot add Board Part xilinx.com:vcu108:part0:1.7 available at /home/xmen/Music/2025.2/data/xhub/boards/XilinxBoardStore/boards/Xilinx/vcu108/1.7/board.xml as part xcvu095-ffva2104-2-e specified in board_part file is either invalid or not available
WARNING: [Board 49-26] cannot add Board Part xilinx.com:vcu110:part0:1.4 available at /home/xmen/Music/2025.2/data/xhub/boards/XilinxBoardStore/boards/Xilinx/vcu110/1.4/board.xml as part xcvu190-flgc2104-2-e specified in board_part file is either invalid or not available
WARNING: [Board 49-26] cannot add Board Part xilinx.com:vek280:part0:1.0 available at /home/xmen/Music/2025.2/data/xhub/boards/XilinxBoardStore/boards/Xilinx/vek280/production/1.0/board.xml as part xcve2802-vsvh1760-2mp-e-s specified in board_part file is either invalid or not available
WARNING: [Board 49-26] cannot add Board Part xilinx.com:vek280:part0:1.1 available at /home/xmen/Music/2025.2/data/xhub/boards/XilinxBoardStore/boards/Xilinx/vek280/production/1.1/board.xml as part xcve2802-vsvh1760-2mp-e-s specified in board_part file is either invalid or not available
WARNING: [Board 49-26] cannot add Board Part xilinx.com:vek280:part0:1.2 available at /home/xmen/Music/2025.2/data/xhub/boards/XilinxBoardStore/boards/Xilinx/vek280/production/1.2/board.xml as part xcve2802-vsvh1760-2mp-e-s specified in board_part file is either invalid or not available
WARNING: [Board 49-26] cannot add Board Part xilinx.com:vek385:part0:1.0 available at /home/xmen/Music/2025.2/data/xhub/boards/XilinxBoardStore/boards/Xilinx/vek385/1.0/board.xml as part xc2ve3858-ssva2112-2mp-e-s specified in board_part file is either invalid or not available
WARNING: [Board 49-26] cannot add Board Part xilinx.com:vek385:part0:1.1 available at /home/xmen/Music/2025.2/data/xhub/boards/XilinxBoardStore/boards/Xilinx/vek385/1.1/board.xml as part xc2ve3858-ssva2112-2mp-e-s specified in board_part file is either invalid or not available
WARNING: [Board 49-26] cannot add Board Part xilinx.com:vek385_1:part0:1.0 available at /home/xmen/Music/2025.2/data/xhub/boards/XilinxBoardStore/boards/Xilinx/vek385_2/1.0/board.xml as part xc2ve3858-ssva2112-2mp-e-s specified in board_part file is either invalid or not available
WARNING: [Board 49-26] cannot add Board Part xilinx.com:vhk158:part0:1.0 available at /home/xmen/Music/2025.2/data/xhub/boards/XilinxBoardStore/boards/Xilinx/vhk158/production/1.0/board.xml as part xcvh1582-vsva3697-2mp-e-s specified in board_part file is either invalid or not available
WARNING: [Board 49-26] cannot add Board Part xilinx.com:vhk158:part0:1.1 available at /home/xmen/Music/2025.2/data/xhub/boards/XilinxBoardStore/boards/Xilinx/vhk158/production/1.1/board.xml as part xcvh1582-vsva3697-2mp-e-s specified in board_part file is either invalid or not available
WARNING: [Board 49-26] cannot add Board Part xilinx.com:vhk158:part0:1.2 available at /home/xmen/Music/2025.2/data/xhub/boards/XilinxBoardStore/boards/Xilinx/vhk158/production/1.2/board.xml as part xcvh1582-vsva3697-2mp-e-s specified in board_part file is either invalid or not available
WARNING: [Board 49-26] cannot add Board Part xilinx.com:vmk180:part0:2.2 available at /home/xmen/Music/2025.2/data/xhub/boards/XilinxBoardStore/boards/Xilinx/vmk180/production/2.2/board.xml as part xcvm1802-vsva2197-2mp-e-s specified in board_part file is either invalid or not available
WARNING: [Board 49-26] cannot add Board Part xilinx.com:vmk180:part0:3.0 available at /home/xmen/Music/2025.2/data/xhub/boards/XilinxBoardStore/boards/Xilinx/vmk180/production/3.0/board.xml as part xcvm1802-vsva2197-2mp-e-s specified in board_part file is either invalid or not available
WARNING: [Board 49-26] cannot add Board Part xilinx.com:vmk180:part0:3.1 available at /home/xmen/Music/2025.2/data/xhub/boards/XilinxBoardStore/boards/Xilinx/vmk180/production/3.1/board.xml as part xcvm1802-vsva2197-2mp-e-s specified in board_part file is either invalid or not available
WARNING: [Board 49-26] cannot add Board Part xilinx.com:vmk180:part0:3.2 available at /home/xmen/Music/2025.2/data/xhub/boards/XilinxBoardStore/boards/Xilinx/vmk180/production/3.2/board.xml as part xcvm1802-vsva2197-2mp-e-s specified in board_part file is either invalid or not available
WARNING: [Board 49-26] cannot add Board Part xilinx.com:vmk180:part0:3.3 available at /home/xmen/Music/2025.2/data/xhub/boards/XilinxBoardStore/boards/Xilinx/vmk180/production/3.3/board.xml as part xcvm1802-vsva2197-2mp-e-s specified in board_part file is either invalid or not available
WARNING: [Board 49-26] cannot add Board Part xilinx.com:vmk180_newl:part0:1.0 available at /home/xmen/Music/2025.2/data/xhub/boards/XilinxBoardStore/boards/Xilinx/vmk180_newl/production/1.0/board.xml as part xcvm1802-vsva2197-2mp-e-s specified in board_part file is either invalid or not available
WARNING: [Board 49-26] cannot add Board Part xilinx.com:vmk180_newl:part0:1.1 available at /home/xmen/Music/2025.2/data/xhub/boards/XilinxBoardStore/boards/Xilinx/vmk180_newl/production/1.1/board.xml as part xcvm1802-vsva2197-2mp-e-s specified in board_part file is either invalid or not available
WARNING: [Board 49-26] cannot add Board Part xilinx.com:vpk120:part0:1.0 available at /home/xmen/Music/2025.2/data/xhub/boards/XilinxBoardStore/boards/Xilinx/vpk120/production/1.0/board.xml as part xcvp1202-vsva2785-2mp-e-s specified in board_part file is either invalid or not available
WARNING: [Board 49-26] cannot add Board Part xilinx.com:vpk120:part0:1.1 available at /home/xmen/Music/2025.2/data/xhub/boards/XilinxBoardStore/boards/Xilinx/vpk120/production/1.1/board.xml as part xcvp1202-vsva2785-2mp-e-s specified in board_part file is either invalid or not available
WARNING: [Board 49-26] cannot add Board Part xilinx.com:vpk120:part0:1.2 available at /home/xmen/Music/2025.2/data/xhub/boards/XilinxBoardStore/boards/Xilinx/vpk120/production/1.2/board.xml as part xcvp1202-vsva2785-2mp-e-s specified in board_part file is either invalid or not available
WARNING: [Board 49-26] cannot add Board Part xilinx.com:vpk180:part0:1.0 available at /home/xmen/Music/2025.2/data/xhub/boards/XilinxBoardStore/boards/Xilinx/vpk180/production/1.0/board.xml as part xcvp1802-lsvc4072-2mp-e-s specified in board_part file is either invalid or not available
WARNING: [Board 49-26] cannot add Board Part xilinx.com:vpk180:part0:1.1 available at /home/xmen/Music/2025.2/data/xhub/boards/XilinxBoardStore/boards/Xilinx/vpk180/production/1.1/board.xml as part xcvp1802-lsvc4072-2mp-e-s specified in board_part file is either invalid or not available
WARNING: [Board 49-26] cannot add Board Part xilinx.com:vpk180:part0:1.2 available at /home/xmen/Music/2025.2/data/xhub/boards/XilinxBoardStore/boards/Xilinx/vpk180/production/1.2/board.xml as part xcvp1802-lsvc4072-2mp-e-s specified in board_part file is either invalid or not available
WARNING: [Board 49-26] cannot add Board Part xilinx.com:vrk160:part0:1.0 available at /home/xmen/Music/2025.2/data/xhub/boards/XilinxBoardStore/boards/Xilinx/vrk160/1.0/board.xml as part xcvr1602-vsva2488-2mp-e-s-es1 specified in board_part file is either invalid or not available
WARNING: [Board 49-26] cannot add Board Part xilinx.com:vrk160:part0:1.1 available at /home/xmen/Music/2025.2/data/xhub/boards/XilinxBoardStore/boards/Xilinx/vrk160/1.1/board.xml as part xcvr1602-vsva2488-2mp-e-s-es1 specified in board_part file is either invalid or not available
WARNING: [Board 49-26] cannot add Board Part xilinx.com:zcu208ld:part0:2.0 available at /home/xmen/Music/2025.2/data/xhub/boards/XilinxBoardStore/boards/Xilinx/zcu208ld/production/2.0/board.xml as part xczu58dr-fsvg1517-2-i specified in board_part file is either invalid or not available
WARNING: [Board 49-26] cannot add Board Part xilinx.com:zcu216ld:part0:2.0 available at /home/xmen/Music/2025.2/data/xhub/boards/XilinxBoardStore/boards/Xilinx/zcu216ld/production/2.0/board.xml as part xczu59dr-ffvf1760-2-i specified in board_part file is either invalid or not available
WARNING: [Board 49-26] cannot add Board Part xilinx.com:zcu670ld:part0:1.0 available at /home/xmen/Music/2025.2/data/xhub/boards/XilinxBoardStore/boards/Xilinx/zcu670ld/1.0/board.xml as part xczu57dr-fsve1156-2-i specified in board_part file is either invalid or not available
WARNING: [Project 1-5713] Board part '' set for the project  is not found. BoardPart property will be unset. Please select board from latest repo build 
INFO: [IP_Flow 19-234] Refreshing IP repositories
INFO: [IP_Flow 19-1704] No user IP repositories specified
INFO: [IP_Flow 19-2313] Loaded Vivado IP repository '/home/xmen/Music/2025.2/data/ip'.
WARNING: [IP_Flow 19-3664] IP 'ila_0' generated file not found '/home/xmen/Videos/RustDesk/SystolicCore/SystolicCore/SystolicCore/SystolicCore.gen/sources_1/ip/ila_0/ila_0.dcp'. Please regenerate to continue.
WARNING: [IP_Flow 19-3664] IP 'ila_1' generated file not found '/home/xmen/Videos/RustDesk/SystolicCore/SystolicCore/SystolicCore/SystolicCore.gen/sources_1/ip/ila_1/ila_1.dcp'. Please regenerate to continue.
WARNING: [IP_Flow 19-3664] IP 'dual_porte_ram' generated file not found '/home/xmen/Videos/RustDesk/SystolicCore/SystolicCore/SystolicCore/SystolicCore.gen/sources_1/ip/dual_porte_ram/dual_porte_ram.dcp'. Please regenerate to continue.
WARNING: [IP_Flow 19-3664] IP 'ila_2' generated file not found '/home/xmen/Videos/RustDesk/SystolicCore/SystolicCore/SystolicCore/SystolicCore.gen/sources_1/ip/ila_2/ila_2.dcp'. Please regenerate to continue.
WARNING: [IP_Flow 19-3664] IP 'ila_3' generated file not found '/home/xmen/Videos/RustDesk/SystolicCore/SystolicCore/SystolicCore/SystolicCore.gen/sources_1/ip/ila_3/ila_3.dcp'. Please regenerate to continue.
update_compile_order -fileset sources_1
launch_simulation
Command: launch_simulation 
INFO: [Vivado 12-25911] Executing simulation for 'XSim' simulator
INFO: [Project 1-5737] Running on host VT0144 (64) - Rocky Linux release 8.10 (Green Obsidian)
INFO: [Vivado 12-28535] Process started - Sat Dec 27 11:47:45 2025

INFO: [Vivado 12-12493] Simulation top is 'tb'
INFO: [Vivado 12-5698] Checking validity of IPs in the design for the 'XSim' simulator...
INFO: [Vivado 12-5682] Launching behavioral simulation in '/home/xmen/Videos/RustDesk/SystolicCore/SystolicCore/SystolicCore/SystolicCore.sim/sim_1/behav/xsim'
INFO: [Vivado 12-4795] Using compiled simulation libraries for IPs
INFO: [SIM-utils-51] Simulation object is 'sim_1'
INFO: [SIM-utils-72] Using boost library from '/home/xmen/Music/2025.2/tps/boost_1_72_0'
INFO: [USF-XSim-7] Finding pre-compiled libraries...
INFO: [USF-XSim-11] File '/home/xmen/Music/2025.2/data/xsim/xsim.ini' copied to run dir:'/home/xmen/Videos/RustDesk/SystolicCore/SystolicCore/SystolicCore/SystolicCore.sim/sim_1/behav/xsim'
INFO: [SIM-utils-54] Inspecting design source files for 'tb' in fileset 'sim_1'...
INFO: [SIM-utils-43] Exported '/home/xmen/Videos/RustDesk/SystolicCore/SystolicCore/SystolicCore/SystolicCore.sim/sim_1/behav/xsim/testeINPUT_B1.mem'
INFO: [SIM-utils-43] Exported '/home/xmen/Videos/RustDesk/SystolicCore/SystolicCore/SystolicCore/SystolicCore.sim/sim_1/behav/xsim/testeINPUT_B.mem'
INFO: [SIM-utils-43] Exported '/home/xmen/Videos/RustDesk/SystolicCore/SystolicCore/SystolicCore/SystolicCore.sim/sim_1/behav/xsim/testeINPUT_A1.mem'
INFO: [SIM-utils-43] Exported '/home/xmen/Videos/RustDesk/SystolicCore/SystolicCore/SystolicCore/SystolicCore.sim/sim_1/behav/xsim/testeINPUT_A.mem'
INFO: [SIM-utils-43] Exported '/home/xmen/Videos/RustDesk/SystolicCore/SystolicCore/SystolicCore/SystolicCore.sim/sim_1/behav/xsim/testeINPUT_B1.mem'
INFO: [SIM-utils-43] Exported '/home/xmen/Videos/RustDesk/SystolicCore/SystolicCore/SystolicCore/SystolicCore.sim/sim_1/behav/xsim/testeINPUT_B.mem'
INFO: [SIM-utils-43] Exported '/home/xmen/Videos/RustDesk/SystolicCore/SystolicCore/SystolicCore/SystolicCore.sim/sim_1/behav/xsim/testeINPUT_A1.mem'
INFO: [SIM-utils-43] Exported '/home/xmen/Videos/RustDesk/SystolicCore/SystolicCore/SystolicCore/SystolicCore.sim/sim_1/behav/xsim/testeINPUT_A.mem'
INFO: [USF-XSim-97] Finding global include files...
INFO: [USF-XSim-98] Fetching design files from 'sim_1'...
INFO: [USF-XSim-2] XSim::Compile design
INFO: [USF-XSim-61] Executing 'COMPILE and ANALYZE' step in '/home/xmen/Videos/RustDesk/SystolicCore/SystolicCore/SystolicCore/SystolicCore.sim/sim_1/behav/xsim'
xvlog --incr --relax -L uvm -prj tb_vlog.prj
INFO: [VRFC 10-2263] Analyzing Verilog file "/home/xmen/Videos/RustDesk/SystolicCore/SystolicCore/SystolicCore/SystolicCore.gen/sources_1/ip/ila_3/sim/ila_3.v" into library xil_defaultlib
INFO: [VRFC 10-311] analyzing module ila_3
INFO: [VRFC 10-2263] Analyzing Verilog file "/home/xmen/Videos/RustDesk/SystolicCore/SystolicCore/SystolicCore/SystolicCore.gen/sources_1/ip/ram_dual_port/sim/ram_dual_port.v" into library xil_defaultlib
INFO: [VRFC 10-311] analyzing module ram_dual_port
INFO: [VRFC 10-2263] Analyzing Verilog file "/home/xmen/Videos/RustDesk/SystolicCore/SystolicCore/rtl/src/uart_rx.v" into library xil_defaultlib
INFO: [VRFC 10-311] analyzing module uart_rx
INFO: [VRFC 10-2263] Analyzing Verilog file "/home/xmen/Videos/RustDesk/SystolicCore/SystolicCore/rtl/src/uart_tx.v" into library xil_defaultlib
INFO: [VRFC 10-311] analyzing module uart_tx
INFO: [VRFC 10-2263] Analyzing SystemVerilog file "/home/xmen/Videos/RustDesk/SystolicCore/SystolicCore/rtl/Arty7_top_sim.sv" into library xil_defaultlib
INFO: [VRFC 10-311] analyzing module Arty7_top_sim
INFO: [VRFC 10-2263] Analyzing SystemVerilog file "/home/xmen/Videos/RustDesk/SystolicCore/SystolicCore/rtl/SystolicControlUnit.sv" into library xil_defaultlib
INFO: [VRFC 10-311] analyzing module systolicControlUnitTop
INFO: [VRFC 10-2263] Analyzing SystemVerilog file "/home/xmen/Videos/RustDesk/SystolicCore/SystolicCore/rtl/SystolicCore.sv" into library xil_defaultlib
INFO: [VRFC 10-311] analyzing module SystolicCoreTop
INFO: [VRFC 10-2263] Analyzing SystemVerilog file "/home/xmen/Videos/RustDesk/SystolicCore/SystolicCore/rtl/accumulator.sv" into library xil_defaultlib
INFO: [VRFC 10-311] analyzing module accumulator_cells
INFO: [VRFC 10-2263] Analyzing SystemVerilog file "/home/xmen/Videos/RustDesk/SystolicCore/SystolicCore/rtl/uart/rtl/counter.sv" into library xil_defaultlib
INFO: [VRFC 10-311] analyzing module counter
INFO: [VRFC 10-2263] Analyzing SystemVerilog file "/home/xmen/Videos/RustDesk/SystolicCore/SystolicCore/rtl/mem2serial.sv" into library xil_defaultlib
INFO: [VRFC 10-311] analyzing module mem2seriala
INFO: [VRFC 10-2263] Analyzing SystemVerilog file "/home/xmen/Videos/RustDesk/SystolicCore/SystolicCore/rtl/uart/rtl/ref_clock.sv" into library xil_defaultlib
INFO: [VRFC 10-311] analyzing module ref_clock
INFO: [VRFC 10-2263] Analyzing SystemVerilog file "/home/xmen/Videos/RustDesk/SystolicCore/SystolicCore/rtl/serial2mem.sv" into library xil_defaultlib
INFO: [VRFC 10-311] analyzing module serial2mem
INFO: [VRFC 10-2263] Analyzing SystemVerilog file "/home/xmen/Videos/RustDesk/SystolicCore/SystolicCore/rtl/systolicMatrixMultiply.sv" into library xil_defaultlib
INFO: [VRFC 10-311] analyzing module systolicMatrixMultiply
INFO: [VRFC 10-2263] Analyzing SystemVerilog file "/home/xmen/Videos/RustDesk/SystolicCore/SystolicCore/rtl/src/uart_top.sv" into library xil_defaultlib
INFO: [VRFC 10-311] analyzing module uart_top
INFO: [VRFC 10-2263] Analyzing SystemVerilog file "/home/xmen/Videos/RustDesk/SystolicCore/SystolicCore/tb/tb_fpga.sv" into library xil_defaultlib
INFO: [VRFC 10-311] analyzing module tb
WARNING: [VRFC 10-8658] /* is inside a comment [/home/xmen/Videos/RustDesk/SystolicCore/SystolicCore/tb/tb_fpga.sv:75]
INFO: [VRFC 10-2263] Analyzing Verilog file "/home/xmen/Videos/RustDesk/SystolicCore/SystolicCore/SystolicCore/SystolicCore.sim/sim_1/behav/xsim/glbl.v" into library xil_defaultlib
INFO: [VRFC 10-311] analyzing module glbl
Waiting for jobs to finish...
No pending jobs, compilation finished.
INFO: [USF-XSim-69] 'compile' step finished in '1' seconds
INFO: [USF-XSim-3] XSim::Elaborate design
INFO: [USF-XSim-61] Executing 'ELABORATE' step in '/home/xmen/Videos/RustDesk/SystolicCore/SystolicCore/SystolicCore/SystolicCore.sim/sim_1/behav/xsim'
xelab --incr --debug typical --relax --mt 8 -L xil_defaultlib -L blk_mem_gen_v8_4_12 -L uvm -L unisims_ver -L unimacro_ver -L secureip -L xpm --snapshot tb_behav xil_defaultlib.tb xil_defaultlib.glbl -log elaborate.log
Vivado Simulator v2025.2
Copyright 1986-2022 Xilinx, Inc. All Rights Reserved.
Copyright 2022-2025 Advanced Micro Devices, Inc. All Rights Reserved.
Running: /home/xmen/Music/2025.2/Vivado/bin/unwrapped/lnx64.o/xelab --incr --debug typical --relax --mt 8 -L xil_defaultlib -L blk_mem_gen_v8_4_12 -L uvm -L unisims_ver -L unimacro_ver -L secureip -L xpm --snapshot tb_behav xil_defaultlib.tb xil_defaultlib.glbl -log elaborate.log 
Using 8 slave threads.
Starting static elaboration
Pass Through NonSizing Optimizer
WARNING: [VRFC 10-3091] actual bit length 32 differs from formal bit length 1 for port 'valid_rx_in' [/home/xmen/Videos/RustDesk/SystolicCore/SystolicCore/tb/tb_fpga.sv:38]
WARNING: [VRFC 10-3091] actual bit length 12 differs from formal bit length 8 for port 'data_tx_in' [/home/xmen/Videos/RustDesk/SystolicCore/SystolicCore/tb/tb_fpga.sv:43]
WARNING: [VRFC 10-3818] variable 'tb_uart_data_tx_in' is driven by invalid combination of procedural drivers [/home/xmen/Videos/RustDesk/SystolicCore/SystolicCore/tb/tb_fpga.sv:29]
WARNING: [VRFC 10-2921] 'tb_uart_data_tx_in' driven by this always_comb block should not be driven by any other process [/home/xmen/Videos/RustDesk/SystolicCore/SystolicCore/tb/tb_fpga.sv:128]
WARNING: [VRFC 10-3823] variable 'uart_valid_rx_in' might have multiple concurrent drivers [/home/xmen/Videos/RustDesk/SystolicCore/SystolicCore/rtl/Arty7_top_sim.sv:82]
WARNING: [VRFC 10-3823] variable 'uart_data_tx_in' might have multiple concurrent drivers [/home/xmen/Videos/RustDesk/SystolicCore/SystolicCore/rtl/Arty7_top_sim.sv:95]
WARNING: [VRFC 10-10063] index 16 into 'b_vec' is out of bounds [/home/xmen/Videos/RustDesk/SystolicCore/SystolicCore/rtl/systolicMatrixMultiply.sv:52]
WARNING: [VRFC 10-10063] index 16 into 'a_vec' is out of bounds [/home/xmen/Videos/RustDesk/SystolicCore/SystolicCore/rtl/systolicMatrixMultiply.sv:51]
Completed static elaboration
Starting simulation data flow analysis
Completed simulation data flow analysis
Time Resolution for simulation is 1ps
Compiling module xil_defaultlib.uart_rx_default
Compiling module xil_defaultlib.uart_tx_default
Compiling module xil_defaultlib.uart_top
Compiling module xil_defaultlib.accumulator_cells(WIDTH=8)
Compiling module xil_defaultlib.systolicMatrixMultiply(SIZE=16)
Compiling module blk_mem_gen_v8_4_12.blk_mem_gen_v8_4_12_output_stage...
Compiling module blk_mem_gen_v8_4_12.blk_mem_gen_v8_4_12_output_stage...
Compiling module blk_mem_gen_v8_4_12.blk_mem_gen_v8_4_12_softecc_outp...
Compiling module blk_mem_gen_v8_4_12.blk_mem_gen_v8_4_12_mem_module(C...
Compiling module blk_mem_gen_v8_4_12.blk_mem_gen_v8_4_12(C_FAMILY="ar...
Compiling module xil_defaultlib.ram_dual_port
Compiling module xil_defaultlib.serial2mem(SIZE=16)
Compiling module xil_defaultlib.mem2seriala(SIZE=16)
Compiling module xil_defaultlib.ila_3
Compiling module xil_defaultlib.systolicControlUnitTop
Compiling module xil_defaultlib.counter(MOD=4347)
Compiling module xil_defaultlib.ref_clock(CLOCK_REF=11500,CLOCK_...
Compiling module xil_defaultlib.SystolicCoreTop(SIZE=16,CLOCK_TR...
Compiling module xil_defaultlib.Arty7_top_sim
Compiling module xil_defaultlib.tb
Compiling module xil_defaultlib.glbl
Built simulation snapshot tb_behav
INFO: [USF-XSim-69] 'elaborate' step finished in '4' seconds
INFO: [USF-XSim-4] XSim::Simulate design
INFO: [USF-XSim-61] Executing 'SIMULATE' step in '/home/xmen/Videos/RustDesk/SystolicCore/SystolicCore/SystolicCore/SystolicCore.sim/sim_1/behav/xsim'
INFO: [USF-XSim-98] *** Running xsim
   with args "tb_behav -key {Behavioral:sim_1:Functional:tb} -tclbatch {tb.tcl} -view {/home/xmen/Videos/RustDesk/SystolicCore/SystolicCore/SystolicCore/tb_behav.wcfg} -log {simulate.log}"
INFO: [USF-XSim-8] Loading simulator feature
Time resolution is 1 ps
open_wave_config /home/xmen/Videos/RustDesk/SystolicCore/SystolicCore/SystolicCore/tb_behav.wcfg
source tb.tcl
# set curr_wave [current_wave_config]
# if { [string length $curr_wave] == 0 } {
#   if { [llength [get_objects]] > 0} {
#     add_wave /
#     set_property needs_save false [current_wave_config]
#   } else {
#      send_msg_id Add_Wave-1 WARNING "No top level signals found. Simulator will start without a wave window. If you want to open a wave window go to 'File->New Waveform Configuration' or type 'create_wave_config' in the TCL console."
#   }
# }
# run 1000ns
Block Memory Generator module tb.a.SystolicCore0.serial2mem_opA.ram.inst.native_mem_module.blk_mem_gen_v8_4_12_inst is using a behavioral model for simulation which will not precisely model memory collision behavior.
Block Memory Generator module tb.a.SystolicCore0.serial2mem_opB.ram.inst.native_mem_module.blk_mem_gen_v8_4_12_inst is using a behavioral model for simulation which will not precisely model memory collision behavior.
Block Memory Generator module tb.a.SystolicCore1.serial2mem_opA.ram.inst.native_mem_module.blk_mem_gen_v8_4_12_inst is using a behavioral model for simulation which will not precisely model memory collision behavior.
Block Memory Generator module tb.a.SystolicCore1.serial2mem_opB.ram.inst.native_mem_module.blk_mem_gen_v8_4_12_inst is using a behavioral model for simulation which will not precisely model memory collision behavior.
INFO: [USF-XSim-96] XSim completed. Design snapshot 'tb_behav' loaded.
INFO: [USF-XSim-97] XSim simulation ran for 1000ns
launch_simulation: Time (s): cpu = 00:00:11 ; elapsed = 00:00:10 . Memory (MB): peak = 10785.848 ; gain = 22.082 ; free physical = 4736 ; free virtual = 35710
restart
INFO: [Wavedata 42-604] Simulation restarted
run all
Block Memory Generator module tb.a.SystolicCore0.serial2mem_opA.ram.inst.native_mem_module.blk_mem_gen_v8_4_12_inst is using a behavioral model for simulation which will not precisely model memory collision behavior.
Block Memory Generator module tb.a.SystolicCore0.serial2mem_opB.ram.inst.native_mem_module.blk_mem_gen_v8_4_12_inst is using a behavioral model for simulation which will not precisely model memory collision behavior.
Block Memory Generator module tb.a.SystolicCore1.serial2mem_opA.ram.inst.native_mem_module.blk_mem_gen_v8_4_12_inst is using a behavioral model for simulation which will not precisely model memory collision behavior.
Block Memory Generator module tb.a.SystolicCore1.serial2mem_opB.ram.inst.native_mem_module.blk_mem_gen_v8_4_12_inst is using a behavioral model for simulation which will not precisely model memory collision behavior.
blk_mem_gen_v8_4_12 WARNING: Address 1f is outside range for A Write
blk_mem_gen_v8_4_12 WARNING: Address 1f is outside range for A Write
blk_mem_gen_v8_4_12 WARNING: Address 1f is outside range for A Write
blk_mem_gen_v8_4_12 WARNING: Address 1f is outside range for A Write
blk_mem_gen_v8_4_12 WARNING: Address 1f is outside range for B Read
blk_mem_gen_v8_4_12 WARNING: Address 1f is outside range for B Read
blk_mem_gen_v8_4_12 WARNING: Address 1f is outside range for B Read
blk_mem_gen_v8_4_12 WARNING: Address 1f is outside range for B Read
blk_mem_gen_v8_4_12 WARNING: Address 1f is outside range for B Read
blk_mem_gen_v8_4_12 WARNING: Address 1f is outside range for B Read
blk_mem_gen_v8_4_12 WARNING: Address 1f is outside range for A Write
blk_mem_gen_v8_4_12 WARNING: Address 1f is outside range for A Write
run: Time (s): cpu = 00:02:04 ; elapsed = 00:05:02 . Memory (MB): peak = 11036.746 ; gain = 238.109 ; free physical = 496 ; free virtual = 34541
WARNING: [filemgmt 56-199] Attempt to get parsing info during refresh. "On-the-fly" syntax checking information may be incorrect. [/home/xmen/Videos/RustDesk/SystolicCore/SystolicCore/rtl/Arty7_top_sim.sv:]
WARNING: [filemgmt 56-199] Attempt to get parsing info during refresh. "On-the-fly" syntax checking information may be incorrect. [/home/xmen/Videos/RustDesk/SystolicCore/SystolicCore/tb/tb_fpga.sv:]
WARNING: [filemgmt 56-199] Attempt to get parsing info during refresh. "On-the-fly" syntax checking information may be incorrect. [/home/xmen/Videos/RustDesk/SystolicCore/SystolicCore/rtl/Arty7_top_sim.sv:]
WARNING: [filemgmt 56-199] Attempt to get parsing info during refresh. "On-the-fly" syntax checking information may be incorrect. [/home/xmen/Videos/RustDesk/SystolicCore/SystolicCore/rtl/Arty7_top_sim.sv:]
close_sim
INFO: xsimkernel Simulation Memory Usage: 511856 KB (Peak: 571172 KB), Simulation CPU Usage: 298500 ms
INFO: [Simtcl 6-16] Simulation closed
launch_simulation
Command: launch_simulation 
INFO: [Vivado 12-25911] Executing simulation for 'XSim' simulator
INFO: [Project 1-5737] Running on host VT0144 (64) - Rocky Linux release 8.10 (Green Obsidian)
INFO: [Vivado 12-28535] Process started - Sat Dec 27 11:53:16 2025

INFO: [Vivado 12-12493] Simulation top is 'tb'
INFO: [Vivado 12-5698] Checking validity of IPs in the design for the 'XSim' simulator...
INFO: [Vivado 12-5682] Launching behavioral simulation in '/home/xmen/Videos/RustDesk/SystolicCore/SystolicCore/SystolicCore/SystolicCore.sim/sim_1/behav/xsim'
INFO: [Vivado 12-4795] Using compiled simulation libraries for IPs
INFO: [SIM-utils-51] Simulation object is 'sim_1'
INFO: [SIM-utils-72] Using boost library from '/home/xmen/Music/2025.2/tps/boost_1_72_0'
INFO: [USF-XSim-7] Finding pre-compiled libraries...
INFO: [USF-XSim-11] File '/home/xmen/Music/2025.2/data/xsim/xsim.ini' copied to run dir:'/home/xmen/Videos/RustDesk/SystolicCore/SystolicCore/SystolicCore/SystolicCore.sim/sim_1/behav/xsim'
INFO: [SIM-utils-54] Inspecting design source files for 'tb' in fileset 'sim_1'...
INFO: [SIM-utils-43] Exported '/home/xmen/Videos/RustDesk/SystolicCore/SystolicCore/SystolicCore/SystolicCore.sim/sim_1/behav/xsim/testeINPUT_B1.mem'
INFO: [SIM-utils-43] Exported '/home/xmen/Videos/RustDesk/SystolicCore/SystolicCore/SystolicCore/SystolicCore.sim/sim_1/behav/xsim/testeINPUT_B.mem'
INFO: [SIM-utils-43] Exported '/home/xmen/Videos/RustDesk/SystolicCore/SystolicCore/SystolicCore/SystolicCore.sim/sim_1/behav/xsim/testeINPUT_A1.mem'
INFO: [SIM-utils-43] Exported '/home/xmen/Videos/RustDesk/SystolicCore/SystolicCore/SystolicCore/SystolicCore.sim/sim_1/behav/xsim/testeINPUT_A.mem'
INFO: [SIM-utils-43] Exported '/home/xmen/Videos/RustDesk/SystolicCore/SystolicCore/SystolicCore/SystolicCore.sim/sim_1/behav/xsim/testeINPUT_B1.mem'
INFO: [SIM-utils-43] Exported '/home/xmen/Videos/RustDesk/SystolicCore/SystolicCore/SystolicCore/SystolicCore.sim/sim_1/behav/xsim/testeINPUT_B.mem'
INFO: [SIM-utils-43] Exported '/home/xmen/Videos/RustDesk/SystolicCore/SystolicCore/SystolicCore/SystolicCore.sim/sim_1/behav/xsim/testeINPUT_A1.mem'
INFO: [SIM-utils-43] Exported '/home/xmen/Videos/RustDesk/SystolicCore/SystolicCore/SystolicCore/SystolicCore.sim/sim_1/behav/xsim/testeINPUT_A.mem'
INFO: [USF-XSim-97] Finding global include files...
INFO: [USF-XSim-98] Fetching design files from 'sim_1'...
INFO: [USF-XSim-2] XSim::Compile design
INFO: [USF-XSim-61] Executing 'COMPILE and ANALYZE' step in '/home/xmen/Videos/RustDesk/SystolicCore/SystolicCore/SystolicCore/SystolicCore.sim/sim_1/behav/xsim'
xvlog --incr --relax -L uvm -prj tb_vlog.prj
INFO: [VRFC 10-2263] Analyzing SystemVerilog file "/home/xmen/Videos/RustDesk/SystolicCore/SystolicCore/rtl/Arty7_top_sim.sv" into library xil_defaultlib
INFO: [VRFC 10-311] analyzing module Arty7_top_sim
INFO: [VRFC 10-2263] Analyzing SystemVerilog file "/home/xmen/Videos/RustDesk/SystolicCore/SystolicCore/rtl/SystolicControlUnit.sv" into library xil_defaultlib
INFO: [VRFC 10-311] analyzing module systolicControlUnitTop
INFO: [VRFC 10-2263] Analyzing SystemVerilog file "/home/xmen/Videos/RustDesk/SystolicCore/SystolicCore/rtl/SystolicCore.sv" into library xil_defaultlib
INFO: [VRFC 10-311] analyzing module SystolicCoreTop
INFO: [VRFC 10-2263] Analyzing SystemVerilog file "/home/xmen/Videos/RustDesk/SystolicCore/SystolicCore/rtl/accumulator.sv" into library xil_defaultlib
INFO: [VRFC 10-311] analyzing module accumulator_cells
INFO: [VRFC 10-2263] Analyzing SystemVerilog file "/home/xmen/Videos/RustDesk/SystolicCore/SystolicCore/rtl/uart/rtl/counter.sv" into library xil_defaultlib
INFO: [VRFC 10-311] analyzing module counter
INFO: [VRFC 10-2263] Analyzing SystemVerilog file "/home/xmen/Videos/RustDesk/SystolicCore/SystolicCore/rtl/mem2serial.sv" into library xil_defaultlib
INFO: [VRFC 10-311] analyzing module mem2seriala
INFO: [VRFC 10-2263] Analyzing SystemVerilog file "/home/xmen/Videos/RustDesk/SystolicCore/SystolicCore/rtl/uart/rtl/ref_clock.sv" into library xil_defaultlib
INFO: [VRFC 10-311] analyzing module ref_clock
INFO: [VRFC 10-2263] Analyzing SystemVerilog file "/home/xmen/Videos/RustDesk/SystolicCore/SystolicCore/rtl/serial2mem.sv" into library xil_defaultlib
INFO: [VRFC 10-311] analyzing module serial2mem
INFO: [VRFC 10-2263] Analyzing SystemVerilog file "/home/xmen/Videos/RustDesk/SystolicCore/SystolicCore/rtl/systolicMatrixMultiply.sv" into library xil_defaultlib
INFO: [VRFC 10-311] analyzing module systolicMatrixMultiply
INFO: [VRFC 10-2263] Analyzing SystemVerilog file "/home/xmen/Videos/RustDesk/SystolicCore/SystolicCore/rtl/src/uart_top.sv" into library xil_defaultlib
INFO: [VRFC 10-311] analyzing module uart_top
INFO: [VRFC 10-2263] Analyzing SystemVerilog file "/home/xmen/Videos/RustDesk/SystolicCore/SystolicCore/tb/tb_fpga.sv" into library xil_defaultlib
INFO: [VRFC 10-311] analyzing module tb
WARNING: [VRFC 10-8658] /* is inside a comment [/home/xmen/Videos/RustDesk/SystolicCore/SystolicCore/tb/tb_fpga.sv:75]
Waiting for jobs to finish...
No pending jobs, compilation finished.
INFO: [USF-XSim-69] 'compile' step finished in '1' seconds
INFO: [USF-XSim-3] XSim::Elaborate design
INFO: [USF-XSim-61] Executing 'ELABORATE' step in '/home/xmen/Videos/RustDesk/SystolicCore/SystolicCore/SystolicCore/SystolicCore.sim/sim_1/behav/xsim'
xelab --incr --debug typical --relax --mt 8 -L xil_defaultlib -L blk_mem_gen_v8_4_12 -L uvm -L unisims_ver -L unimacro_ver -L secureip -L xpm --snapshot tb_behav xil_defaultlib.tb xil_defaultlib.glbl -log elaborate.log
Vivado Simulator v2025.2
Copyright 1986-2022 Xilinx, Inc. All Rights Reserved.
Copyright 2022-2025 Advanced Micro Devices, Inc. All Rights Reserved.
Running: /home/xmen/Music/2025.2/Vivado/bin/unwrapped/lnx64.o/xelab --incr --debug typical --relax --mt 8 -L xil_defaultlib -L blk_mem_gen_v8_4_12 -L uvm -L unisims_ver -L unimacro_ver -L secureip -L xpm --snapshot tb_behav xil_defaultlib.tb xil_defaultlib.glbl -log elaborate.log 
Using 8 slave threads.
Starting static elaboration
Pass Through NonSizing Optimizer
WARNING: [VRFC 10-3091] actual bit length 32 differs from formal bit length 1 for port 'valid_rx_in' [/home/xmen/Videos/RustDesk/SystolicCore/SystolicCore/tb/tb_fpga.sv:38]
WARNING: [VRFC 10-3091] actual bit length 12 differs from formal bit length 8 for port 'data_tx_in' [/home/xmen/Videos/RustDesk/SystolicCore/SystolicCore/tb/tb_fpga.sv:43]
WARNING: [VRFC 10-3818] variable 'tb_uart_data_tx_in' is driven by invalid combination of procedural drivers [/home/xmen/Videos/RustDesk/SystolicCore/SystolicCore/tb/tb_fpga.sv:29]
WARNING: [VRFC 10-2921] 'tb_uart_data_tx_in' driven by this always_comb block should not be driven by any other process [/home/xmen/Videos/RustDesk/SystolicCore/SystolicCore/tb/tb_fpga.sv:128]
WARNING: [VRFC 10-3823] variable 'uart_valid_rx_in' might have multiple concurrent drivers [/home/xmen/Videos/RustDesk/SystolicCore/SystolicCore/rtl/Arty7_top_sim.sv:82]
WARNING: [VRFC 10-3823] variable 'uart_data_tx_in' might have multiple concurrent drivers [/home/xmen/Videos/RustDesk/SystolicCore/SystolicCore/rtl/Arty7_top_sim.sv:95]
WARNING: [VRFC 10-10063] index 16 into 'b_vec' is out of bounds [/home/xmen/Videos/RustDesk/SystolicCore/SystolicCore/rtl/systolicMatrixMultiply.sv:52]
WARNING: [VRFC 10-10063] index 16 into 'a_vec' is out of bounds [/home/xmen/Videos/RustDesk/SystolicCore/SystolicCore/rtl/systolicMatrixMultiply.sv:51]
Completed static elaboration
Starting simulation data flow analysis
Completed simulation data flow analysis
Time Resolution for simulation is 1ps
Compiling module xil_defaultlib.uart_rx_default
Compiling module xil_defaultlib.uart_tx_default
Compiling module xil_defaultlib.uart_top
Compiling module xil_defaultlib.accumulator_cells(WIDTH=8)
Compiling module xil_defaultlib.systolicMatrixMultiply(SIZE=16)
Compiling module blk_mem_gen_v8_4_12.blk_mem_gen_v8_4_12_output_stage...
Compiling module blk_mem_gen_v8_4_12.blk_mem_gen_v8_4_12_output_stage...
Compiling module blk_mem_gen_v8_4_12.blk_mem_gen_v8_4_12_softecc_outp...
Compiling module blk_mem_gen_v8_4_12.blk_mem_gen_v8_4_12_mem_module(C...
Compiling module blk_mem_gen_v8_4_12.blk_mem_gen_v8_4_12(C_FAMILY="ar...
Compiling module xil_defaultlib.ram_dual_port
Compiling module xil_defaultlib.serial2mem(SIZE=16)
Compiling module xil_defaultlib.mem2seriala(SIZE=16)
Compiling module xil_defaultlib.ila_3
Compiling module xil_defaultlib.systolicControlUnitTop
Compiling module xil_defaultlib.counter(MOD=4347)
Compiling module xil_defaultlib.ref_clock(CLOCK_REF=11500,CLOCK_...
Compiling module xil_defaultlib.SystolicCoreTop(SIZE=16,CLOCK_TR...
Compiling module xil_defaultlib.Arty7_top_sim
Compiling module xil_defaultlib.tb
Compiling module xil_defaultlib.glbl
Built simulation snapshot tb_behav
INFO: [USF-XSim-69] 'elaborate' step finished in '4' seconds
INFO: [USF-XSim-4] XSim::Simulate design
INFO: [USF-XSim-61] Executing 'SIMULATE' step in '/home/xmen/Videos/RustDesk/SystolicCore/SystolicCore/SystolicCore/SystolicCore.sim/sim_1/behav/xsim'
INFO: [USF-XSim-98] *** Running xsim
   with args "tb_behav -key {Behavioral:sim_1:Functional:tb} -tclbatch {tb.tcl} -view {/home/xmen/Videos/RustDesk/SystolicCore/SystolicCore/SystolicCore/tb_behav.wcfg} -log {simulate.log}"
INFO: [USF-XSim-8] Loading simulator feature
Time resolution is 1 ps
open_wave_config /home/xmen/Videos/RustDesk/SystolicCore/SystolicCore/SystolicCore/tb_behav.wcfg
source tb.tcl
# set curr_wave [current_wave_config]
# if { [string length $curr_wave] == 0 } {
#   if { [llength [get_objects]] > 0} {
#     add_wave /
#     set_property needs_save false [current_wave_config]
#   } else {
#      send_msg_id Add_Wave-1 WARNING "No top level signals found. Simulator will start without a wave window. If you want to open a wave window go to 'File->New Waveform Configuration' or type 'create_wave_config' in the TCL console."
#   }
# }
# run 1000ns
Block Memory Generator module tb.a.SystolicCore0.serial2mem_opA.ram.inst.native_mem_module.blk_mem_gen_v8_4_12_inst is using a behavioral model for simulation which will not precisely model memory collision behavior.
Block Memory Generator module tb.a.SystolicCore0.serial2mem_opB.ram.inst.native_mem_module.blk_mem_gen_v8_4_12_inst is using a behavioral model for simulation which will not precisely model memory collision behavior.
Block Memory Generator module tb.a.SystolicCore1.serial2mem_opA.ram.inst.native_mem_module.blk_mem_gen_v8_4_12_inst is using a behavioral model for simulation which will not precisely model memory collision behavior.
Block Memory Generator module tb.a.SystolicCore1.serial2mem_opB.ram.inst.native_mem_module.blk_mem_gen_v8_4_12_inst is using a behavioral model for simulation which will not precisely model memory collision behavior.
INFO: [USF-XSim-96] XSim completed. Design snapshot 'tb_behav' loaded.
INFO: [USF-XSim-97] XSim simulation ran for 1000ns
launch_simulation: Time (s): cpu = 00:00:10 ; elapsed = 00:00:10 . Memory (MB): peak = 11036.746 ; gain = 0.000 ; free physical = 2930 ; free virtual = 33490
restart
INFO: [Wavedata 42-604] Simulation restarted
run all
Block Memory Generator module tb.a.SystolicCore0.serial2mem_opA.ram.inst.native_mem_module.blk_mem_gen_v8_4_12_inst is using a behavioral model for simulation which will not precisely model memory collision behavior.
Block Memory Generator module tb.a.SystolicCore0.serial2mem_opB.ram.inst.native_mem_module.blk_mem_gen_v8_4_12_inst is using a behavioral model for simulation which will not precisely model memory collision behavior.
Block Memory Generator module tb.a.SystolicCore1.serial2mem_opA.ram.inst.native_mem_module.blk_mem_gen_v8_4_12_inst is using a behavioral model for simulation which will not precisely model memory collision behavior.
Block Memory Generator module tb.a.SystolicCore1.serial2mem_opB.ram.inst.native_mem_module.blk_mem_gen_v8_4_12_inst is using a behavioral model for simulation which will not precisely model memory collision behavior.
blk_mem_gen_v8_4_12 WARNING: Address 1f is outside range for A Write
blk_mem_gen_v8_4_12 WARNING: Address 1f is outside range for A Write
blk_mem_gen_v8_4_12 WARNING: Address 1f is outside range for A Write
blk_mem_gen_v8_4_12 WARNING: Address 1f is outside range for A Write
blk_mem_gen_v8_4_12 WARNING: Address 1f is outside range for B Read
blk_mem_gen_v8_4_12 WARNING: Address 1f is outside range for B Read
blk_mem_gen_v8_4_12 WARNING: Address 1f is outside range for B Read
blk_mem_gen_v8_4_12 WARNING: Address 1f is outside range for B Read
blk_mem_gen_v8_4_12 WARNING: Address 1f is outside range for A Write
blk_mem_gen_v8_4_12 WARNING: Address 1f is outside range for A Write
run: Time (s): cpu = 00:02:58 ; elapsed = 00:07:35 . Memory (MB): peak = 11179.820 ; gain = 143.074 ; free physical = 422 ; free virtual = 25392
current_wave_config {tb_behav.wcfg}
tb_behav.wcfg
add_wave {{/tb/a/SystolicCore0/serial2mem_opA}} 
WARNING: [filemgmt 56-199] Attempt to get parsing info during refresh. "On-the-fly" syntax checking information may be incorrect. [/home/xmen/Videos/RustDesk/SystolicCore/SystolicCore/rtl/Arty7_top_sim.sv:]
WARNING: [filemgmt 56-199] Attempt to get parsing info during refresh. "On-the-fly" syntax checking information may be incorrect. [/home/xmen/Videos/RustDesk/SystolicCore/SystolicCore/rtl/accumulator.sv:]
WARNING: [filemgmt 56-199] Attempt to get parsing info during refresh. "On-the-fly" syntax checking information may be incorrect. [/home/xmen/Videos/RustDesk/SystolicCore/SystolicCore/rtl/serial2mem.sv:]
WARNING: [filemgmt 56-199] Attempt to get parsing info during refresh. "On-the-fly" syntax checking information may be incorrect. [/home/xmen/Videos/RustDesk/SystolicCore/SystolicCore/tb/tb_fpga.sv:]
WARNING: [filemgmt 56-199] Attempt to get parsing info during refresh. "On-the-fly" syntax checking information may be incorrect. [/home/xmen/Videos/RustDesk/SystolicCore/SystolicCore/rtl/SystolicControlUnit.sv:]
WARNING: [filemgmt 56-199] Attempt to get parsing info during refresh. "On-the-fly" syntax checking information may be incorrect. [/home/xmen/Videos/RustDesk/SystolicCore/SystolicCore/rtl/Arty7_top_sim.sv:]
WARNING: [filemgmt 56-199] Attempt to get parsing info during refresh. "On-the-fly" syntax checking information may be incorrect. [/home/xmen/Videos/RustDesk/SystolicCore/SystolicCore/rtl/Arty7_top_sim.sv:]
WARNING: [filemgmt 56-199] Attempt to get parsing info during refresh. "On-the-fly" syntax checking information may be incorrect. [/home/xmen/Videos/RustDesk/SystolicCore/SystolicCore/rtl/Arty7_top_sim.sv:]
WARNING: [filemgmt 56-199] Attempt to get parsing info during refresh. "On-the-fly" syntax checking information may be incorrect. [/home/xmen/Videos/RustDesk/SystolicCore/SystolicCore/rtl/accumulator.sv:]
WARNING: [filemgmt 56-199] Attempt to get parsing info during refresh. "On-the-fly" syntax checking information may be incorrect. [/home/xmen/Videos/RustDesk/SystolicCore/SystolicCore/rtl/serial2mem.sv:]
WARNING: [filemgmt 56-199] Attempt to get parsing info during refresh. "On-the-fly" syntax checking information may be incorrect. [/home/xmen/Videos/RustDesk/SystolicCore/SystolicCore/tb/tb_fpga.sv:]
WARNING: [filemgmt 56-199] Attempt to get parsing info during refresh. "On-the-fly" syntax checking information may be incorrect. [/home/xmen/Videos/RustDesk/SystolicCore/SystolicCore/rtl/SystolicControlUnit.sv:]
WARNING: [filemgmt 56-199] Attempt to get parsing info during refresh. "On-the-fly" syntax checking information may be incorrect. [/home/xmen/Videos/RustDesk/SystolicCore/SystolicCore/rtl/serial2mem.sv:]
WARNING: [filemgmt 56-199] Attempt to get parsing info during refresh. "On-the-fly" syntax checking information may be incorrect. [/home/xmen/Videos/RustDesk/SystolicCore/SystolicCore/rtl/serial2mem.sv:]
WARNING: [filemgmt 56-199] Attempt to get parsing info during refresh. "On-the-fly" syntax checking information may be incorrect. [/home/xmen/Videos/RustDesk/SystolicCore/SystolicCore/rtl/Arty7_top_sim.sv:]
WARNING: [filemgmt 56-199] Attempt to get parsing info during refresh. "On-the-fly" syntax checking information may be incorrect. [/home/xmen/Videos/RustDesk/SystolicCore/SystolicCore/rtl/accumulator.sv:]
WARNING: [filemgmt 56-199] Attempt to get parsing info during refresh. "On-the-fly" syntax checking information may be incorrect. [/home/xmen/Videos/RustDesk/SystolicCore/SystolicCore/rtl/serial2mem.sv:]
WARNING: [filemgmt 56-199] Attempt to get parsing info during refresh. "On-the-fly" syntax checking information may be incorrect. [/home/xmen/Videos/RustDesk/SystolicCore/SystolicCore/tb/tb_fpga.sv:]
WARNING: [filemgmt 56-199] Attempt to get parsing info during refresh. "On-the-fly" syntax checking information may be incorrect. [/home/xmen/Videos/RustDesk/SystolicCore/SystolicCore/rtl/SystolicControlUnit.sv:]
WARNING: [filemgmt 56-199] Attempt to get parsing info during refresh. "On-the-fly" syntax checking information may be incorrect. [/home/xmen/Videos/RustDesk/SystolicCore/SystolicCore/rtl/SystolicControlUnit.sv:]
WARNING: [filemgmt 56-199] Attempt to get parsing info during refresh. "On-the-fly" syntax checking information may be incorrect. [/home/xmen/Videos/RustDesk/SystolicCore/SystolicCore/rtl/SystolicControlUnit.sv:]
WARNING: [filemgmt 56-199] Attempt to get parsing info during refresh. "On-the-fly" syntax checking information may be incorrect. [/home/xmen/Videos/RustDesk/SystolicCore/SystolicCore/rtl/Arty7_top_sim.sv:]
WARNING: [filemgmt 56-199] Attempt to get parsing info during refresh. "On-the-fly" syntax checking information may be incorrect. [/home/xmen/Videos/RustDesk/SystolicCore/SystolicCore/rtl/accumulator.sv:]
WARNING: [filemgmt 56-199] Attempt to get parsing info during refresh. "On-the-fly" syntax checking information may be incorrect. [/home/xmen/Videos/RustDesk/SystolicCore/SystolicCore/rtl/serial2mem.sv:]
WARNING: [filemgmt 56-199] Attempt to get parsing info during refresh. "On-the-fly" syntax checking information may be incorrect. [/home/xmen/Videos/RustDesk/SystolicCore/SystolicCore/tb/tb_fpga.sv:]
WARNING: [filemgmt 56-199] Attempt to get parsing info during refresh. "On-the-fly" syntax checking information may be incorrect. [/home/xmen/Videos/RustDesk/SystolicCore/SystolicCore/rtl/SystolicControlUnit.sv:]
WARNING: [filemgmt 56-199] Attempt to get parsing info during refresh. "On-the-fly" syntax checking information may be incorrect. [/home/xmen/Videos/RustDesk/SystolicCore/SystolicCore/rtl/accumulator.sv:]
WARNING: [filemgmt 56-199] Attempt to get parsing info during refresh. "On-the-fly" syntax checking information may be incorrect. [/home/xmen/Videos/RustDesk/SystolicCore/SystolicCore/rtl/accumulator.sv:]
restart
INFO: [Wavedata 42-604] Simulation restarted
run all
Block Memory Generator module tb.a.SystolicCore0.serial2mem_opA.ram.inst.native_mem_module.blk_mem_gen_v8_4_12_inst is using a behavioral model for simulation which will not precisely model memory collision behavior.
Block Memory Generator module tb.a.SystolicCore0.serial2mem_opB.ram.inst.native_mem_module.blk_mem_gen_v8_4_12_inst is using a behavioral model for simulation which will not precisely model memory collision behavior.
Block Memory Generator module tb.a.SystolicCore1.serial2mem_opA.ram.inst.native_mem_module.blk_mem_gen_v8_4_12_inst is using a behavioral model for simulation which will not precisely model memory collision behavior.
Block Memory Generator module tb.a.SystolicCore1.serial2mem_opB.ram.inst.native_mem_module.blk_mem_gen_v8_4_12_inst is using a behavioral model for simulation which will not precisely model memory collision behavior.
blk_mem_gen_v8_4_12 WARNING: Address 1f is outside range for A Write
blk_mem_gen_v8_4_12 WARNING: Address 1f is outside range for A Write
run: Time (s): cpu = 00:00:52 ; elapsed = 00:01:21 . Memory (MB): peak = 11179.820 ; gain = 0.000 ; free physical = 2575 ; free virtual = 25356
WARNING: [filemgmt 56-199] Attempt to get parsing info during refresh. "On-the-fly" syntax checking information may be incorrect. [/home/xmen/Videos/RustDesk/SystolicCore/SystolicCore/rtl/Arty7_top_sim.sv:]
WARNING: [filemgmt 56-199] Attempt to get parsing info during refresh. "On-the-fly" syntax checking information may be incorrect. [/home/xmen/Videos/RustDesk/SystolicCore/SystolicCore/rtl/accumulator.sv:]
WARNING: [filemgmt 56-199] Attempt to get parsing info during refresh. "On-the-fly" syntax checking information may be incorrect. [/home/xmen/Videos/RustDesk/SystolicCore/SystolicCore/rtl/serial2mem.sv:]
WARNING: [filemgmt 56-199] Attempt to get parsing info during refresh. "On-the-fly" syntax checking information may be incorrect. [/home/xmen/Videos/RustDesk/SystolicCore/SystolicCore/tb/tb_fpga.sv:]
WARNING: [filemgmt 56-199] Attempt to get parsing info during refresh. "On-the-fly" syntax checking information may be incorrect. [/home/xmen/Videos/RustDesk/SystolicCore/SystolicCore/rtl/SystolicControlUnit.sv:]
WARNING: [filemgmt 56-199] Attempt to get parsing info during refresh. "On-the-fly" syntax checking information may be incorrect. [/home/xmen/Videos/RustDesk/SystolicCore/SystolicCore/rtl/Arty7_top_sim.sv:]
WARNING: [filemgmt 56-199] Attempt to get parsing info during refresh. "On-the-fly" syntax checking information may be incorrect. [/home/xmen/Videos/RustDesk/SystolicCore/SystolicCore/rtl/Arty7_top_sim.sv:]
WARNING: [filemgmt 56-199] Attempt to get parsing info during refresh. "On-the-fly" syntax checking information may be incorrect. [/home/xmen/Videos/RustDesk/SystolicCore/SystolicCore/rtl/Arty7_top_sim.sv:]
WARNING: [filemgmt 56-199] Attempt to get parsing info during refresh. "On-the-fly" syntax checking information may be incorrect. [/home/xmen/Videos/RustDesk/SystolicCore/SystolicCore/rtl/accumulator.sv:]
WARNING: [filemgmt 56-199] Attempt to get parsing info during refresh. "On-the-fly" syntax checking information may be incorrect. [/home/xmen/Videos/RustDesk/SystolicCore/SystolicCore/rtl/serial2mem.sv:]
WARNING: [filemgmt 56-199] Attempt to get parsing info during refresh. "On-the-fly" syntax checking information may be incorrect. [/home/xmen/Videos/RustDesk/SystolicCore/SystolicCore/tb/tb_fpga.sv:]
WARNING: [filemgmt 56-199] Attempt to get parsing info during refresh. "On-the-fly" syntax checking information may be incorrect. [/home/xmen/Videos/RustDesk/SystolicCore/SystolicCore/rtl/SystolicControlUnit.sv:]
WARNING: [filemgmt 56-199] Attempt to get parsing info during refresh. "On-the-fly" syntax checking information may be incorrect. [/home/xmen/Videos/RustDesk/SystolicCore/SystolicCore/tb/tb_fpga.sv:]
WARNING: [filemgmt 56-199] Attempt to get parsing info during refresh. "On-the-fly" syntax checking information may be incorrect. [/home/xmen/Videos/RustDesk/SystolicCore/SystolicCore/tb/tb_fpga.sv:]
WARNING: [filemgmt 56-199] Attempt to get parsing info during refresh. "On-the-fly" syntax checking information may be incorrect. [/home/xmen/Videos/RustDesk/SystolicCore/SystolicCore/rtl/Arty7_top_sim.sv:]
WARNING: [filemgmt 56-199] Attempt to get parsing info during refresh. "On-the-fly" syntax checking information may be incorrect. [/home/xmen/Videos/RustDesk/SystolicCore/SystolicCore/rtl/accumulator.sv:]
WARNING: [filemgmt 56-199] Attempt to get parsing info during refresh. "On-the-fly" syntax checking information may be incorrect. [/home/xmen/Videos/RustDesk/SystolicCore/SystolicCore/rtl/serial2mem.sv:]
WARNING: [filemgmt 56-199] Attempt to get parsing info during refresh. "On-the-fly" syntax checking information may be incorrect. [/home/xmen/Videos/RustDesk/SystolicCore/SystolicCore/tb/tb_fpga.sv:]
WARNING: [filemgmt 56-199] Attempt to get parsing info during refresh. "On-the-fly" syntax checking information may be incorrect. [/home/xmen/Videos/RustDesk/SystolicCore/SystolicCore/rtl/SystolicControlUnit.sv:]
WARNING: [filemgmt 56-199] Attempt to get parsing info during refresh. "On-the-fly" syntax checking information may be incorrect. [/home/xmen/Videos/RustDesk/SystolicCore/SystolicCore/rtl/accumulator.sv:]
WARNING: [filemgmt 56-199] Attempt to get parsing info during refresh. "On-the-fly" syntax checking information may be incorrect. [/home/xmen/Videos/RustDesk/SystolicCore/SystolicCore/rtl/accumulator.sv:]
WARNING: [filemgmt 56-199] Attempt to get parsing info during refresh. "On-the-fly" syntax checking information may be incorrect. [/home/xmen/Videos/RustDesk/SystolicCore/SystolicCore/rtl/Arty7_top_sim.sv:]
WARNING: [filemgmt 56-199] Attempt to get parsing info during refresh. "On-the-fly" syntax checking information may be incorrect. [/home/xmen/Videos/RustDesk/SystolicCore/SystolicCore/rtl/accumulator.sv:]
WARNING: [filemgmt 56-199] Attempt to get parsing info during refresh. "On-the-fly" syntax checking information may be incorrect. [/home/xmen/Videos/RustDesk/SystolicCore/SystolicCore/rtl/serial2mem.sv:]
WARNING: [filemgmt 56-199] Attempt to get parsing info during refresh. "On-the-fly" syntax checking information may be incorrect. [/home/xmen/Videos/RustDesk/SystolicCore/SystolicCore/tb/tb_fpga.sv:]
WARNING: [filemgmt 56-199] Attempt to get parsing info during refresh. "On-the-fly" syntax checking information may be incorrect. [/home/xmen/Videos/RustDesk/SystolicCore/SystolicCore/rtl/SystolicControlUnit.sv:]
WARNING: [filemgmt 56-199] Attempt to get parsing info during refresh. "On-the-fly" syntax checking information may be incorrect. [/home/xmen/Videos/RustDesk/SystolicCore/SystolicCore/rtl/SystolicControlUnit.sv:]
WARNING: [filemgmt 56-199] Attempt to get parsing info during refresh. "On-the-fly" syntax checking information may be incorrect. [/home/xmen/Videos/RustDesk/SystolicCore/SystolicCore/rtl/SystolicControlUnit.sv:]
WARNING: [filemgmt 56-199] Attempt to get parsing info during refresh. "On-the-fly" syntax checking information may be incorrect. [/home/xmen/Videos/RustDesk/SystolicCore/SystolicCore/rtl/Arty7_top_sim.sv:]
WARNING: [filemgmt 56-199] Attempt to get parsing info during refresh. "On-the-fly" syntax checking information may be incorrect. [/home/xmen/Videos/RustDesk/SystolicCore/SystolicCore/rtl/accumulator.sv:]
WARNING: [filemgmt 56-199] Attempt to get parsing info during refresh. "On-the-fly" syntax checking information may be incorrect. [/home/xmen/Videos/RustDesk/SystolicCore/SystolicCore/rtl/serial2mem.sv:]
WARNING: [filemgmt 56-199] Attempt to get parsing info during refresh. "On-the-fly" syntax checking information may be incorrect. [/home/xmen/Videos/RustDesk/SystolicCore/SystolicCore/tb/tb_fpga.sv:]
WARNING: [filemgmt 56-199] Attempt to get parsing info during refresh. "On-the-fly" syntax checking information may be incorrect. [/home/xmen/Videos/RustDesk/SystolicCore/SystolicCore/rtl/SystolicControlUnit.sv:]
WARNING: [filemgmt 56-199] Attempt to get parsing info during refresh. "On-the-fly" syntax checking information may be incorrect. [/home/xmen/Videos/RustDesk/SystolicCore/SystolicCore/rtl/Arty7_top_sim.sv:]
WARNING: [filemgmt 56-199] Attempt to get parsing info during refresh. "On-the-fly" syntax checking information may be incorrect. [/home/xmen/Videos/RustDesk/SystolicCore/SystolicCore/rtl/Arty7_top_sim.sv:]
WARNING: [filemgmt 56-199] Attempt to get parsing info during refresh. "On-the-fly" syntax checking information may be incorrect. [/home/xmen/Videos/RustDesk/SystolicCore/SystolicCore/rtl/Arty7_top_sim.sv:]
WARNING: [filemgmt 56-199] Attempt to get parsing info during refresh. "On-the-fly" syntax checking information may be incorrect. [/home/xmen/Videos/RustDesk/SystolicCore/SystolicCore/rtl/accumulator.sv:]
WARNING: [filemgmt 56-199] Attempt to get parsing info during refresh. "On-the-fly" syntax checking information may be incorrect. [/home/xmen/Videos/RustDesk/SystolicCore/SystolicCore/rtl/serial2mem.sv:]
WARNING: [filemgmt 56-199] Attempt to get parsing info during refresh. "On-the-fly" syntax checking information may be incorrect. [/home/xmen/Videos/RustDesk/SystolicCore/SystolicCore/tb/tb_fpga.sv:]
WARNING: [filemgmt 56-199] Attempt to get parsing info during refresh. "On-the-fly" syntax checking information may be incorrect. [/home/xmen/Videos/RustDesk/SystolicCore/SystolicCore/rtl/SystolicControlUnit.sv:]
WARNING: [filemgmt 56-199] Attempt to get parsing info during refresh. "On-the-fly" syntax checking information may be incorrect. [/home/xmen/Videos/RustDesk/SystolicCore/SystolicCore/tb/tb_fpga.sv:]
WARNING: [filemgmt 56-199] Attempt to get parsing info during refresh. "On-the-fly" syntax checking information may be incorrect. [/home/xmen/Videos/RustDesk/SystolicCore/SystolicCore/tb/tb_fpga.sv:]
WARNING: [filemgmt 56-199] Attempt to get parsing info during refresh. "On-the-fly" syntax checking information may be incorrect. [/home/xmen/Videos/RustDesk/SystolicCore/SystolicCore/rtl/Arty7_top_sim.sv:]
WARNING: [filemgmt 56-199] Attempt to get parsing info during refresh. "On-the-fly" syntax checking information may be incorrect. [/home/xmen/Videos/RustDesk/SystolicCore/SystolicCore/rtl/accumulator.sv:]
WARNING: [filemgmt 56-199] Attempt to get parsing info during refresh. "On-the-fly" syntax checking information may be incorrect. [/home/xmen/Videos/RustDesk/SystolicCore/SystolicCore/rtl/serial2mem.sv:]
WARNING: [filemgmt 56-199] Attempt to get parsing info during refresh. "On-the-fly" syntax checking information may be incorrect. [/home/xmen/Videos/RustDesk/SystolicCore/SystolicCore/tb/tb_fpga.sv:]
WARNING: [filemgmt 56-199] Attempt to get parsing info during refresh. "On-the-fly" syntax checking information may be incorrect. [/home/xmen/Videos/RustDesk/SystolicCore/SystolicCore/rtl/SystolicControlUnit.sv:]
WARNING: [filemgmt 56-199] Attempt to get parsing info during refresh. "On-the-fly" syntax checking information may be incorrect. [/home/xmen/Videos/RustDesk/SystolicCore/SystolicCore/rtl/serial2mem.sv:]
WARNING: [filemgmt 56-199] Attempt to get parsing info during refresh. "On-the-fly" syntax checking information may be incorrect. [/home/xmen/Videos/RustDesk/SystolicCore/SystolicCore/rtl/serial2mem.sv:]
WARNING: [filemgmt 56-199] Attempt to get parsing info during refresh. "On-the-fly" syntax checking information may be incorrect. [/home/xmen/Videos/RustDesk/SystolicCore/SystolicCore/rtl/Arty7_top_sim.sv:]
WARNING: [filemgmt 56-199] Attempt to get parsing info during refresh. "On-the-fly" syntax checking information may be incorrect. [/home/xmen/Videos/RustDesk/SystolicCore/SystolicCore/rtl/accumulator.sv:]
WARNING: [filemgmt 56-199] Attempt to get parsing info during refresh. "On-the-fly" syntax checking information may be incorrect. [/home/xmen/Videos/RustDesk/SystolicCore/SystolicCore/rtl/serial2mem.sv:]
WARNING: [filemgmt 56-199] Attempt to get parsing info during refresh. "On-the-fly" syntax checking information may be incorrect. [/home/xmen/Videos/RustDesk/SystolicCore/SystolicCore/tb/tb_fpga.sv:]
WARNING: [filemgmt 56-199] Attempt to get parsing info during refresh. "On-the-fly" syntax checking information may be incorrect. [/home/xmen/Videos/RustDesk/SystolicCore/SystolicCore/rtl/SystolicControlUnit.sv:]
WARNING: [filemgmt 56-199] Attempt to get parsing info during refresh. "On-the-fly" syntax checking information may be incorrect. [/home/xmen/Videos/RustDesk/SystolicCore/SystolicCore/rtl/SystolicControlUnit.sv:]
WARNING: [filemgmt 56-199] Attempt to get parsing info during refresh. "On-the-fly" syntax checking information may be incorrect. [/home/xmen/Videos/RustDesk/SystolicCore/SystolicCore/rtl/SystolicControlUnit.sv:]
save_wave_config {/home/xmen/Videos/RustDesk/SystolicCore/SystolicCore/SystolicCore/tb_behav.wcfg}
close_sim
INFO: xsimkernel Simulation Memory Usage: 511856 KB (Peak: 571176 KB), Simulation CPU Usage: 523740 ms
INFO: [Simtcl 6-16] Simulation closed
WARNING: [filemgmt 56-199] Attempt to get parsing info during refresh. "On-the-fly" syntax checking information may be incorrect. [/home/xmen/Videos/RustDesk/SystolicCore/SystolicCore/rtl/Arty7_top_sim.sv:]
WARNING: [filemgmt 56-199] Attempt to get parsing info during refresh. "On-the-fly" syntax checking information may be incorrect. [/home/xmen/Videos/RustDesk/SystolicCore/SystolicCore/rtl/accumulator.sv:]
WARNING: [filemgmt 56-199] Attempt to get parsing info during refresh. "On-the-fly" syntax checking information may be incorrect. [/home/xmen/Videos/RustDesk/SystolicCore/SystolicCore/rtl/serial2mem.sv:]
WARNING: [filemgmt 56-199] Attempt to get parsing info during refresh. "On-the-fly" syntax checking information may be incorrect. [/home/xmen/Videos/RustDesk/SystolicCore/SystolicCore/tb/tb_fpga.sv:]
WARNING: [filemgmt 56-199] Attempt to get parsing info during refresh. "On-the-fly" syntax checking information may be incorrect. [/home/xmen/Videos/RustDesk/SystolicCore/SystolicCore/rtl/SystolicControlUnit.sv:]
WARNING: [filemgmt 56-199] Attempt to get parsing info during refresh. "On-the-fly" syntax checking information may be incorrect. [/home/xmen/Videos/RustDesk/SystolicCore/SystolicCore/rtl/SystolicControlUnit.sv:]
WARNING: [filemgmt 56-199] Attempt to get parsing info during refresh. "On-the-fly" syntax checking information may be incorrect. [/home/xmen/Videos/RustDesk/SystolicCore/SystolicCore/rtl/SystolicControlUnit.sv:]
WARNING: [filemgmt 56-199] Attempt to get parsing info during refresh. "On-the-fly" syntax checking information may be incorrect. [/home/xmen/Videos/RustDesk/SystolicCore/SystolicCore/rtl/Arty7_top_sim.sv:]
WARNING: [filemgmt 56-199] Attempt to get parsing info during refresh. "On-the-fly" syntax checking information may be incorrect. [/home/xmen/Videos/RustDesk/SystolicCore/SystolicCore/rtl/accumulator.sv:]
WARNING: [filemgmt 56-199] Attempt to get parsing info during refresh. "On-the-fly" syntax checking information may be incorrect. [/home/xmen/Videos/RustDesk/SystolicCore/SystolicCore/rtl/serial2mem.sv:]
WARNING: [filemgmt 56-199] Attempt to get parsing info during refresh. "On-the-fly" syntax checking information may be incorrect. [/home/xmen/Videos/RustDesk/SystolicCore/SystolicCore/tb/tb_fpga.sv:]
WARNING: [filemgmt 56-199] Attempt to get parsing info during refresh. "On-the-fly" syntax checking information may be incorrect. [/home/xmen/Videos/RustDesk/SystolicCore/SystolicCore/rtl/SystolicControlUnit.sv:]
WARNING: [filemgmt 56-199] Attempt to get parsing info during refresh. "On-the-fly" syntax checking information may be incorrect. [/home/xmen/Videos/RustDesk/SystolicCore/SystolicCore/tb/tb_fpga.sv:]
WARNING: [filemgmt 56-199] Attempt to get parsing info during refresh. "On-the-fly" syntax checking information may be incorrect. [/home/xmen/Videos/RustDesk/SystolicCore/SystolicCore/tb/tb_fpga.sv:]
WARNING: [filemgmt 56-199] Attempt to get parsing info during refresh. "On-the-fly" syntax checking information may be incorrect. [/home/xmen/Videos/RustDesk/SystolicCore/SystolicCore/rtl/Arty7_top_sim.sv:]
WARNING: [filemgmt 56-199] Attempt to get parsing info during refresh. "On-the-fly" syntax checking information may be incorrect. [/home/xmen/Videos/RustDesk/SystolicCore/SystolicCore/rtl/accumulator.sv:]
WARNING: [filemgmt 56-199] Attempt to get parsing info during refresh. "On-the-fly" syntax checking information may be incorrect. [/home/xmen/Videos/RustDesk/SystolicCore/SystolicCore/rtl/serial2mem.sv:]
WARNING: [filemgmt 56-199] Attempt to get parsing info during refresh. "On-the-fly" syntax checking information may be incorrect. [/home/xmen/Videos/RustDesk/SystolicCore/SystolicCore/tb/tb_fpga.sv:]
WARNING: [filemgmt 56-199] Attempt to get parsing info during refresh. "On-the-fly" syntax checking information may be incorrect. [/home/xmen/Videos/RustDesk/SystolicCore/SystolicCore/rtl/SystolicControlUnit.sv:]
WARNING: [filemgmt 56-199] Attempt to get parsing info during refresh. "On-the-fly" syntax checking information may be incorrect. [/home/xmen/Videos/RustDesk/SystolicCore/SystolicCore/rtl/accumulator.sv:]
WARNING: [filemgmt 56-199] Attempt to get parsing info during refresh. "On-the-fly" syntax checking information may be incorrect. [/home/xmen/Videos/RustDesk/SystolicCore/SystolicCore/rtl/accumulator.sv:]
WARNING: [filemgmt 56-199] Attempt to get parsing info during refresh. "On-the-fly" syntax checking information may be incorrect. [/home/xmen/Videos/RustDesk/SystolicCore/SystolicCore/rtl/Arty7_top_sim.sv:]
WARNING: [filemgmt 56-199] Attempt to get parsing info during refresh. "On-the-fly" syntax checking information may be incorrect. [/home/xmen/Videos/RustDesk/SystolicCore/SystolicCore/rtl/accumulator.sv:]
WARNING: [filemgmt 56-199] Attempt to get parsing info during refresh. "On-the-fly" syntax checking information may be incorrect. [/home/xmen/Videos/RustDesk/SystolicCore/SystolicCore/rtl/serial2mem.sv:]
WARNING: [filemgmt 56-199] Attempt to get parsing info during refresh. "On-the-fly" syntax checking information may be incorrect. [/home/xmen/Videos/RustDesk/SystolicCore/SystolicCore/tb/tb_fpga.sv:]
WARNING: [filemgmt 56-199] Attempt to get parsing info during refresh. "On-the-fly" syntax checking information may be incorrect. [/home/xmen/Videos/RustDesk/SystolicCore/SystolicCore/rtl/SystolicControlUnit.sv:]
WARNING: [filemgmt 56-199] Attempt to get parsing info during refresh. "On-the-fly" syntax checking information may be incorrect. [/home/xmen/Videos/RustDesk/SystolicCore/SystolicCore/rtl/Arty7_top_sim.sv:]
WARNING: [filemgmt 56-199] Attempt to get parsing info during refresh. "On-the-fly" syntax checking information may be incorrect. [/home/xmen/Videos/RustDesk/SystolicCore/SystolicCore/rtl/Arty7_top_sim.sv:]
launch_simulation
Command: launch_simulation 
INFO: [Vivado 12-25911] Executing simulation for 'XSim' simulator
INFO: [Project 1-5737] Running on host VT0144 (64) - Rocky Linux release 8.10 (Green Obsidian)
INFO: [Vivado 12-28535] Process started - Sat Dec 27 12:04:27 2025

INFO: [Vivado 12-12493] Simulation top is 'tb'
INFO: [Vivado 12-5698] Checking validity of IPs in the design for the 'XSim' simulator...
INFO: [Vivado 12-5682] Launching behavioral simulation in '/home/xmen/Videos/RustDesk/SystolicCore/SystolicCore/SystolicCore/SystolicCore.sim/sim_1/behav/xsim'
INFO: [Vivado 12-4795] Using compiled simulation libraries for IPs
INFO: [SIM-utils-51] Simulation object is 'sim_1'
INFO: [SIM-utils-72] Using boost library from '/home/xmen/Music/2025.2/tps/boost_1_72_0'
INFO: [USF-XSim-7] Finding pre-compiled libraries...
INFO: [USF-XSim-11] File '/home/xmen/Music/2025.2/data/xsim/xsim.ini' copied to run dir:'/home/xmen/Videos/RustDesk/SystolicCore/SystolicCore/SystolicCore/SystolicCore.sim/sim_1/behav/xsim'
INFO: [SIM-utils-54] Inspecting design source files for 'tb' in fileset 'sim_1'...
INFO: [SIM-utils-43] Exported '/home/xmen/Videos/RustDesk/SystolicCore/SystolicCore/SystolicCore/SystolicCore.sim/sim_1/behav/xsim/testeINPUT_B1.mem'
INFO: [SIM-utils-43] Exported '/home/xmen/Videos/RustDesk/SystolicCore/SystolicCore/SystolicCore/SystolicCore.sim/sim_1/behav/xsim/testeINPUT_B.mem'
INFO: [SIM-utils-43] Exported '/home/xmen/Videos/RustDesk/SystolicCore/SystolicCore/SystolicCore/SystolicCore.sim/sim_1/behav/xsim/testeINPUT_A1.mem'
INFO: [SIM-utils-43] Exported '/home/xmen/Videos/RustDesk/SystolicCore/SystolicCore/SystolicCore/SystolicCore.sim/sim_1/behav/xsim/testeINPUT_A.mem'
INFO: [SIM-utils-43] Exported '/home/xmen/Videos/RustDesk/SystolicCore/SystolicCore/SystolicCore/SystolicCore.sim/sim_1/behav/xsim/testeINPUT_B1.mem'
INFO: [SIM-utils-43] Exported '/home/xmen/Videos/RustDesk/SystolicCore/SystolicCore/SystolicCore/SystolicCore.sim/sim_1/behav/xsim/testeINPUT_B.mem'
INFO: [SIM-utils-43] Exported '/home/xmen/Videos/RustDesk/SystolicCore/SystolicCore/SystolicCore/SystolicCore.sim/sim_1/behav/xsim/testeINPUT_A1.mem'
INFO: [SIM-utils-43] Exported '/home/xmen/Videos/RustDesk/SystolicCore/SystolicCore/SystolicCore/SystolicCore.sim/sim_1/behav/xsim/testeINPUT_A.mem'
INFO: [USF-XSim-97] Finding global include files...
INFO: [USF-XSim-98] Fetching design files from 'sim_1'...
INFO: [USF-XSim-2] XSim::Compile design
INFO: [USF-XSim-61] Executing 'COMPILE and ANALYZE' step in '/home/xmen/Videos/RustDesk/SystolicCore/SystolicCore/SystolicCore/SystolicCore.sim/sim_1/behav/xsim'
xvlog --incr --relax -L uvm -prj tb_vlog.prj
INFO: [VRFC 10-2263] Analyzing SystemVerilog file "/home/xmen/Videos/RustDesk/SystolicCore/SystolicCore/rtl/Arty7_top_sim.sv" into library xil_defaultlib
INFO: [VRFC 10-311] analyzing module Arty7_top_sim
INFO: [VRFC 10-2263] Analyzing SystemVerilog file "/home/xmen/Videos/RustDesk/SystolicCore/SystolicCore/rtl/SystolicControlUnit.sv" into library xil_defaultlib
INFO: [VRFC 10-311] analyzing module systolicControlUnitTop
INFO: [VRFC 10-2263] Analyzing SystemVerilog file "/home/xmen/Videos/RustDesk/SystolicCore/SystolicCore/rtl/SystolicCore.sv" into library xil_defaultlib
INFO: [VRFC 10-311] analyzing module SystolicCoreTop
INFO: [VRFC 10-2263] Analyzing SystemVerilog file "/home/xmen/Videos/RustDesk/SystolicCore/SystolicCore/rtl/accumulator.sv" into library xil_defaultlib
INFO: [VRFC 10-311] analyzing module accumulator_cells
INFO: [VRFC 10-2263] Analyzing SystemVerilog file "/home/xmen/Videos/RustDesk/SystolicCore/SystolicCore/rtl/uart/rtl/counter.sv" into library xil_defaultlib
INFO: [VRFC 10-311] analyzing module counter
INFO: [VRFC 10-2263] Analyzing SystemVerilog file "/home/xmen/Videos/RustDesk/SystolicCore/SystolicCore/rtl/mem2serial.sv" into library xil_defaultlib
INFO: [VRFC 10-311] analyzing module mem2seriala
INFO: [VRFC 10-2263] Analyzing SystemVerilog file "/home/xmen/Videos/RustDesk/SystolicCore/SystolicCore/rtl/uart/rtl/ref_clock.sv" into library xil_defaultlib
INFO: [VRFC 10-311] analyzing module ref_clock
INFO: [VRFC 10-2263] Analyzing SystemVerilog file "/home/xmen/Videos/RustDesk/SystolicCore/SystolicCore/rtl/serial2mem.sv" into library xil_defaultlib
INFO: [VRFC 10-311] analyzing module serial2mem
ERROR: [VRFC 10-2989] 'uart_ready_rx' is not declared [/home/xmen/Videos/RustDesk/SystolicCore/SystolicCore/rtl/serial2mem.sv:182]
ERROR: [VRFC 10-8530] module 'serial2mem' is ignored due to previous errors [/home/xmen/Videos/RustDesk/SystolicCore/SystolicCore/rtl/serial2mem.sv:1]
INFO: [USF-XSim-69] 'compile' step finished in '1' seconds
INFO: [USF-XSim-99] Step results log file:'/home/xmen/Videos/RustDesk/SystolicCore/SystolicCore/SystolicCore/SystolicCore.sim/sim_1/behav/xsim/xvlog.log'
ERROR: [USF-XSim-62] 'compile' step failed with error(s). Please check the Tcl console output or '/home/xmen/Videos/RustDesk/SystolicCore/SystolicCore/SystolicCore/SystolicCore.sim/sim_1/behav/xsim/xvlog.log' file for more information.
ERROR: [Vivado 12-4473] Detected error while running simulation. Please correct the issue and retry this operation.
ERROR: [Common 17-39] 'launch_simulation' failed due to earlier errors.
WARNING: [filemgmt 56-199] Attempt to get parsing info during refresh. "On-the-fly" syntax checking information may be incorrect. [/home/xmen/Videos/RustDesk/SystolicCore/SystolicCore/rtl/Arty7_top_sim.sv:]
WARNING: [filemgmt 56-199] Attempt to get parsing info during refresh. "On-the-fly" syntax checking information may be incorrect. [/home/xmen/Videos/RustDesk/SystolicCore/SystolicCore/rtl/accumulator.sv:]
WARNING: [filemgmt 56-199] Attempt to get parsing info during refresh. "On-the-fly" syntax checking information may be incorrect. [/home/xmen/Videos/RustDesk/SystolicCore/SystolicCore/rtl/serial2mem.sv:]
WARNING: [filemgmt 56-199] Attempt to get parsing info during refresh. "On-the-fly" syntax checking information may be incorrect. [/home/xmen/Videos/RustDesk/SystolicCore/SystolicCore/tb/tb_fpga.sv:]
WARNING: [filemgmt 56-199] Attempt to get parsing info during refresh. "On-the-fly" syntax checking information may be incorrect. [/home/xmen/Videos/RustDesk/SystolicCore/SystolicCore/rtl/SystolicControlUnit.sv:]
WARNING: [filemgmt 56-199] Attempt to get parsing info during refresh. "On-the-fly" syntax checking information may be incorrect. [/home/xmen/Videos/RustDesk/SystolicCore/SystolicCore/tb/tb_fpga.sv:]
WARNING: [filemgmt 56-199] Attempt to get parsing info during refresh. "On-the-fly" syntax checking information may be incorrect. [/home/xmen/Videos/RustDesk/SystolicCore/SystolicCore/tb/tb_fpga.sv:]
WARNING: [filemgmt 56-199] Attempt to get parsing info during refresh. "On-the-fly" syntax checking information may be incorrect. [/home/xmen/Videos/RustDesk/SystolicCore/SystolicCore/rtl/Arty7_top_sim.sv:]
WARNING: [filemgmt 56-199] Attempt to get parsing info during refresh. "On-the-fly" syntax checking information may be incorrect. [/home/xmen/Videos/RustDesk/SystolicCore/SystolicCore/rtl/accumulator.sv:]
WARNING: [filemgmt 56-199] Attempt to get parsing info during refresh. "On-the-fly" syntax checking information may be incorrect. [/home/xmen/Videos/RustDesk/SystolicCore/SystolicCore/rtl/serial2mem.sv:]
WARNING: [filemgmt 56-199] Attempt to get parsing info during refresh. "On-the-fly" syntax checking information may be incorrect. [/home/xmen/Videos/RustDesk/SystolicCore/SystolicCore/tb/tb_fpga.sv:]
WARNING: [filemgmt 56-199] Attempt to get parsing info during refresh. "On-the-fly" syntax checking information may be incorrect. [/home/xmen/Videos/RustDesk/SystolicCore/SystolicCore/rtl/SystolicControlUnit.sv:]
WARNING: [filemgmt 56-199] Attempt to get parsing info during refresh. "On-the-fly" syntax checking information may be incorrect. [/home/xmen/Videos/RustDesk/SystolicCore/SystolicCore/rtl/SystolicControlUnit.sv:]
WARNING: [filemgmt 56-199] Attempt to get parsing info during refresh. "On-the-fly" syntax checking information may be incorrect. [/home/xmen/Videos/RustDesk/SystolicCore/SystolicCore/rtl/SystolicControlUnit.sv:]
WARNING: [filemgmt 56-199] Attempt to get parsing info during refresh. "On-the-fly" syntax checking information may be incorrect. [/home/xmen/Videos/RustDesk/SystolicCore/SystolicCore/rtl/Arty7_top_sim.sv:]
WARNING: [filemgmt 56-199] Attempt to get parsing info during refresh. "On-the-fly" syntax checking information may be incorrect. [/home/xmen/Videos/RustDesk/SystolicCore/SystolicCore/rtl/accumulator.sv:]
WARNING: [filemgmt 56-199] Attempt to get parsing info during refresh. "On-the-fly" syntax checking information may be incorrect. [/home/xmen/Videos/RustDesk/SystolicCore/SystolicCore/rtl/serial2mem.sv:]
WARNING: [filemgmt 56-199] Attempt to get parsing info during refresh. "On-the-fly" syntax checking information may be incorrect. [/home/xmen/Videos/RustDesk/SystolicCore/SystolicCore/tb/tb_fpga.sv:]
WARNING: [filemgmt 56-199] Attempt to get parsing info during refresh. "On-the-fly" syntax checking information may be incorrect. [/home/xmen/Videos/RustDesk/SystolicCore/SystolicCore/rtl/SystolicControlUnit.sv:]
WARNING: [filemgmt 56-199] Attempt to get parsing info during refresh. "On-the-fly" syntax checking information may be incorrect. [/home/xmen/Videos/RustDesk/SystolicCore/SystolicCore/rtl/accumulator.sv:]
WARNING: [filemgmt 56-199] Attempt to get parsing info during refresh. "On-the-fly" syntax checking information may be incorrect. [/home/xmen/Videos/RustDesk/SystolicCore/SystolicCore/rtl/accumulator.sv:]
WARNING: [filemgmt 56-199] Attempt to get parsing info during refresh. "On-the-fly" syntax checking information may be incorrect. [/home/xmen/Videos/RustDesk/SystolicCore/SystolicCore/rtl/Arty7_top_sim.sv:]
WARNING: [filemgmt 56-199] Attempt to get parsing info during refresh. "On-the-fly" syntax checking information may be incorrect. [/home/xmen/Videos/RustDesk/SystolicCore/SystolicCore/rtl/accumulator.sv:]
WARNING: [filemgmt 56-199] Attempt to get parsing info during refresh. "On-the-fly" syntax checking information may be incorrect. [/home/xmen/Videos/RustDesk/SystolicCore/SystolicCore/rtl/serial2mem.sv:]
WARNING: [filemgmt 56-199] Attempt to get parsing info during refresh. "On-the-fly" syntax checking information may be incorrect. [/home/xmen/Videos/RustDesk/SystolicCore/SystolicCore/tb/tb_fpga.sv:]
WARNING: [filemgmt 56-199] Attempt to get parsing info during refresh. "On-the-fly" syntax checking information may be incorrect. [/home/xmen/Videos/RustDesk/SystolicCore/SystolicCore/rtl/SystolicControlUnit.sv:]
WARNING: [filemgmt 56-199] Attempt to get parsing info during refresh. "On-the-fly" syntax checking information may be incorrect. [/home/xmen/Videos/RustDesk/SystolicCore/SystolicCore/rtl/Arty7_top_sim.sv:]
WARNING: [filemgmt 56-199] Attempt to get parsing info during refresh. "On-the-fly" syntax checking information may be incorrect. [/home/xmen/Videos/RustDesk/SystolicCore/SystolicCore/rtl/Arty7_top_sim.sv:]
WARNING: [filemgmt 56-199] Attempt to get parsing info during refresh. "On-the-fly" syntax checking information may be incorrect. [/home/xmen/Videos/RustDesk/SystolicCore/SystolicCore/rtl/Arty7_top_sim.sv:]
WARNING: [filemgmt 56-199] Attempt to get parsing info during refresh. "On-the-fly" syntax checking information may be incorrect. [/home/xmen/Videos/RustDesk/SystolicCore/SystolicCore/rtl/accumulator.sv:]
WARNING: [filemgmt 56-199] Attempt to get parsing info during refresh. "On-the-fly" syntax checking information may be incorrect. [/home/xmen/Videos/RustDesk/SystolicCore/SystolicCore/rtl/serial2mem.sv:]
WARNING: [filemgmt 56-199] Attempt to get parsing info during refresh. "On-the-fly" syntax checking information may be incorrect. [/home/xmen/Videos/RustDesk/SystolicCore/SystolicCore/tb/tb_fpga.sv:]
WARNING: [filemgmt 56-199] Attempt to get parsing info during refresh. "On-the-fly" syntax checking information may be incorrect. [/home/xmen/Videos/RustDesk/SystolicCore/SystolicCore/rtl/SystolicControlUnit.sv:]
WARNING: [filemgmt 56-199] Attempt to get parsing info during refresh. "On-the-fly" syntax checking information may be incorrect. [/home/xmen/Videos/RustDesk/SystolicCore/SystolicCore/rtl/Arty7_top_sim.sv:]
WARNING: [filemgmt 56-199] Attempt to get parsing info during refresh. "On-the-fly" syntax checking information may be incorrect. [/home/xmen/Videos/RustDesk/SystolicCore/SystolicCore/rtl/Arty7_top_sim.sv:]
WARNING: [filemgmt 56-199] Attempt to get parsing info during refresh. "On-the-fly" syntax checking information may be incorrect. [/home/xmen/Videos/RustDesk/SystolicCore/SystolicCore/rtl/Arty7_top_sim.sv:]
WARNING: [filemgmt 56-199] Attempt to get parsing info during refresh. "On-the-fly" syntax checking information may be incorrect. [/home/xmen/Videos/RustDesk/SystolicCore/SystolicCore/rtl/accumulator.sv:]
WARNING: [filemgmt 56-199] Attempt to get parsing info during refresh. "On-the-fly" syntax checking information may be incorrect. [/home/xmen/Videos/RustDesk/SystolicCore/SystolicCore/rtl/serial2mem.sv:]
WARNING: [filemgmt 56-199] Attempt to get parsing info during refresh. "On-the-fly" syntax checking information may be incorrect. [/home/xmen/Videos/RustDesk/SystolicCore/SystolicCore/tb/tb_fpga.sv:]
WARNING: [filemgmt 56-199] Attempt to get parsing info during refresh. "On-the-fly" syntax checking information may be incorrect. [/home/xmen/Videos/RustDesk/SystolicCore/SystolicCore/rtl/SystolicControlUnit.sv:]
WARNING: [filemgmt 56-199] Attempt to get parsing info during refresh. "On-the-fly" syntax checking information may be incorrect. [/home/xmen/Videos/RustDesk/SystolicCore/SystolicCore/rtl/SystolicControlUnit.sv:]
WARNING: [filemgmt 56-199] Attempt to get parsing info during refresh. "On-the-fly" syntax checking information may be incorrect. [/home/xmen/Videos/RustDesk/SystolicCore/SystolicCore/rtl/SystolicControlUnit.sv:]
WARNING: [filemgmt 56-199] Attempt to get parsing info during refresh. "On-the-fly" syntax checking information may be incorrect. [/home/xmen/Videos/RustDesk/SystolicCore/SystolicCore/rtl/Arty7_top_sim.sv:]
WARNING: [filemgmt 56-199] Attempt to get parsing info during refresh. "On-the-fly" syntax checking information may be incorrect. [/home/xmen/Videos/RustDesk/SystolicCore/SystolicCore/rtl/accumulator.sv:]
WARNING: [filemgmt 56-199] Attempt to get parsing info during refresh. "On-the-fly" syntax checking information may be incorrect. [/home/xmen/Videos/RustDesk/SystolicCore/SystolicCore/rtl/serial2mem.sv:]
WARNING: [filemgmt 56-199] Attempt to get parsing info during refresh. "On-the-fly" syntax checking information may be incorrect. [/home/xmen/Videos/RustDesk/SystolicCore/SystolicCore/tb/tb_fpga.sv:]
WARNING: [filemgmt 56-199] Attempt to get parsing info during refresh. "On-the-fly" syntax checking information may be incorrect. [/home/xmen/Videos/RustDesk/SystolicCore/SystolicCore/rtl/SystolicControlUnit.sv:]
WARNING: [filemgmt 56-199] Attempt to get parsing info during refresh. "On-the-fly" syntax checking information may be incorrect. [/home/xmen/Videos/RustDesk/SystolicCore/SystolicCore/rtl/serial2mem.sv:]
WARNING: [filemgmt 56-199] Attempt to get parsing info during refresh. "On-the-fly" syntax checking information may be incorrect. [/home/xmen/Videos/RustDesk/SystolicCore/SystolicCore/rtl/serial2mem.sv:]
WARNING: [filemgmt 56-199] Attempt to get parsing info during refresh. "On-the-fly" syntax checking information may be incorrect. [/home/xmen/Videos/RustDesk/SystolicCore/SystolicCore/rtl/Arty7_top_sim.sv:]
WARNING: [filemgmt 56-199] Attempt to get parsing info during refresh. "On-the-fly" syntax checking information may be incorrect. [/home/xmen/Videos/RustDesk/SystolicCore/SystolicCore/rtl/accumulator.sv:]
WARNING: [filemgmt 56-199] Attempt to get parsing info during refresh. "On-the-fly" syntax checking information may be incorrect. [/home/xmen/Videos/RustDesk/SystolicCore/SystolicCore/rtl/serial2mem.sv:]
WARNING: [filemgmt 56-199] Attempt to get parsing info during refresh. "On-the-fly" syntax checking information may be incorrect. [/home/xmen/Videos/RustDesk/SystolicCore/SystolicCore/tb/tb_fpga.sv:]
WARNING: [filemgmt 56-199] Attempt to get parsing info during refresh. "On-the-fly" syntax checking information may be incorrect. [/home/xmen/Videos/RustDesk/SystolicCore/SystolicCore/rtl/SystolicControlUnit.sv:]
WARNING: [filemgmt 56-199] Attempt to get parsing info during refresh. "On-the-fly" syntax checking information may be incorrect. [/home/xmen/Videos/RustDesk/SystolicCore/SystolicCore/tb/tb_fpga.sv:]
WARNING: [filemgmt 56-199] Attempt to get parsing info during refresh. "On-the-fly" syntax checking information may be incorrect. [/home/xmen/Videos/RustDesk/SystolicCore/SystolicCore/tb/tb_fpga.sv:]
WARNING: [filemgmt 56-199] Attempt to get parsing info during refresh. "On-the-fly" syntax checking information may be incorrect. [/home/xmen/Videos/RustDesk/SystolicCore/SystolicCore/rtl/Arty7_top_sim.sv:]
WARNING: [filemgmt 56-199] Attempt to get parsing info during refresh. "On-the-fly" syntax checking information may be incorrect. [/home/xmen/Videos/RustDesk/SystolicCore/SystolicCore/rtl/accumulator.sv:]
WARNING: [filemgmt 56-199] Attempt to get parsing info during refresh. "On-the-fly" syntax checking information may be incorrect. [/home/xmen/Videos/RustDesk/SystolicCore/SystolicCore/rtl/serial2mem.sv:]
WARNING: [filemgmt 56-199] Attempt to get parsing info during refresh. "On-the-fly" syntax checking information may be incorrect. [/home/xmen/Videos/RustDesk/SystolicCore/SystolicCore/tb/tb_fpga.sv:]
WARNING: [filemgmt 56-199] Attempt to get parsing info during refresh. "On-the-fly" syntax checking information may be incorrect. [/home/xmen/Videos/RustDesk/SystolicCore/SystolicCore/rtl/SystolicControlUnit.sv:]
WARNING: [filemgmt 56-199] Attempt to get parsing info during refresh. "On-the-fly" syntax checking information may be incorrect. [/home/xmen/Videos/RustDesk/SystolicCore/SystolicCore/tb/tb_fpga.sv:]
WARNING: [filemgmt 56-199] Attempt to get parsing info during refresh. "On-the-fly" syntax checking information may be incorrect. [/home/xmen/Videos/RustDesk/SystolicCore/SystolicCore/tb/tb_fpga.sv:]
WARNING: [filemgmt 56-199] Attempt to get parsing info during refresh. "On-the-fly" syntax checking information may be incorrect. [/home/xmen/Videos/RustDesk/SystolicCore/SystolicCore/rtl/Arty7_top_sim.sv:]
WARNING: [filemgmt 56-199] Attempt to get parsing info during refresh. "On-the-fly" syntax checking information may be incorrect. [/home/xmen/Videos/RustDesk/SystolicCore/SystolicCore/rtl/accumulator.sv:]
WARNING: [filemgmt 56-199] Attempt to get parsing info during refresh. "On-the-fly" syntax checking information may be incorrect. [/home/xmen/Videos/RustDesk/SystolicCore/SystolicCore/rtl/serial2mem.sv:]
WARNING: [filemgmt 56-199] Attempt to get parsing info during refresh. "On-the-fly" syntax checking information may be incorrect. [/home/xmen/Videos/RustDesk/SystolicCore/SystolicCore/tb/tb_fpga.sv:]
WARNING: [filemgmt 56-199] Attempt to get parsing info during refresh. "On-the-fly" syntax checking information may be incorrect. [/home/xmen/Videos/RustDesk/SystolicCore/SystolicCore/rtl/SystolicControlUnit.sv:]
WARNING: [filemgmt 56-199] Attempt to get parsing info during refresh. "On-the-fly" syntax checking information may be incorrect. [/home/xmen/Videos/RustDesk/SystolicCore/SystolicCore/rtl/serial2mem.sv:]
WARNING: [filemgmt 56-199] Attempt to get parsing info during refresh. "On-the-fly" syntax checking information may be incorrect. [/home/xmen/Videos/RustDesk/SystolicCore/SystolicCore/rtl/serial2mem.sv:]
WARNING: [filemgmt 56-199] Attempt to get parsing info during refresh. "On-the-fly" syntax checking information may be incorrect. [/home/xmen/Videos/RustDesk/SystolicCore/SystolicCore/rtl/Arty7_top_sim.sv:]
WARNING: [filemgmt 56-199] Attempt to get parsing info during refresh. "On-the-fly" syntax checking information may be incorrect. [/home/xmen/Videos/RustDesk/SystolicCore/SystolicCore/rtl/accumulator.sv:]
WARNING: [filemgmt 56-199] Attempt to get parsing info during refresh. "On-the-fly" syntax checking information may be incorrect. [/home/xmen/Videos/RustDesk/SystolicCore/SystolicCore/rtl/serial2mem.sv:]
WARNING: [filemgmt 56-199] Attempt to get parsing info during refresh. "On-the-fly" syntax checking information may be incorrect. [/home/xmen/Videos/RustDesk/SystolicCore/SystolicCore/tb/tb_fpga.sv:]
WARNING: [filemgmt 56-199] Attempt to get parsing info during refresh. "On-the-fly" syntax checking information may be incorrect. [/home/xmen/Videos/RustDesk/SystolicCore/SystolicCore/rtl/SystolicControlUnit.sv:]
WARNING: [filemgmt 56-199] Attempt to get parsing info during refresh. "On-the-fly" syntax checking information may be incorrect. [/home/xmen/Videos/RustDesk/SystolicCore/SystolicCore/rtl/Arty7_top_sim.sv:]
WARNING: [filemgmt 56-199] Attempt to get parsing info during refresh. "On-the-fly" syntax checking information may be incorrect. [/home/xmen/Videos/RustDesk/SystolicCore/SystolicCore/rtl/Arty7_top_sim.sv:]
WARNING: [filemgmt 56-199] Attempt to get parsing info during refresh. "On-the-fly" syntax checking information may be incorrect. [/home/xmen/Videos/RustDesk/SystolicCore/SystolicCore/rtl/Arty7_top_sim.sv:]
WARNING: [filemgmt 56-199] Attempt to get parsing info during refresh. "On-the-fly" syntax checking information may be incorrect. [/home/xmen/Videos/RustDesk/SystolicCore/SystolicCore/rtl/accumulator.sv:]
WARNING: [filemgmt 56-199] Attempt to get parsing info during refresh. "On-the-fly" syntax checking information may be incorrect. [/home/xmen/Videos/RustDesk/SystolicCore/SystolicCore/rtl/serial2mem.sv:]
WARNING: [filemgmt 56-199] Attempt to get parsing info during refresh. "On-the-fly" syntax checking information may be incorrect. [/home/xmen/Videos/RustDesk/SystolicCore/SystolicCore/tb/tb_fpga.sv:]
WARNING: [filemgmt 56-199] Attempt to get parsing info during refresh. "On-the-fly" syntax checking information may be incorrect. [/home/xmen/Videos/RustDesk/SystolicCore/SystolicCore/rtl/SystolicControlUnit.sv:]
WARNING: [filemgmt 56-199] Attempt to get parsing info during refresh. "On-the-fly" syntax checking information may be incorrect. [/home/xmen/Videos/RustDesk/SystolicCore/SystolicCore/rtl/SystolicControlUnit.sv:]
WARNING: [filemgmt 56-199] Attempt to get parsing info during refresh. "On-the-fly" syntax checking information may be incorrect. [/home/xmen/Videos/RustDesk/SystolicCore/SystolicCore/rtl/SystolicControlUnit.sv:]
WARNING: [filemgmt 56-199] Attempt to get parsing info during refresh. "On-the-fly" syntax checking information may be incorrect. [/home/xmen/Videos/RustDesk/SystolicCore/SystolicCore/rtl/Arty7_top_sim.sv:]
WARNING: [filemgmt 56-199] Attempt to get parsing info during refresh. "On-the-fly" syntax checking information may be incorrect. [/home/xmen/Videos/RustDesk/SystolicCore/SystolicCore/rtl/accumulator.sv:]
WARNING: [filemgmt 56-199] Attempt to get parsing info during refresh. "On-the-fly" syntax checking information may be incorrect. [/home/xmen/Videos/RustDesk/SystolicCore/SystolicCore/rtl/serial2mem.sv:]
WARNING: [filemgmt 56-199] Attempt to get parsing info during refresh. "On-the-fly" syntax checking information may be incorrect. [/home/xmen/Videos/RustDesk/SystolicCore/SystolicCore/tb/tb_fpga.sv:]
WARNING: [filemgmt 56-199] Attempt to get parsing info during refresh. "On-the-fly" syntax checking information may be incorrect. [/home/xmen/Videos/RustDesk/SystolicCore/SystolicCore/rtl/SystolicControlUnit.sv:]
WARNING: [filemgmt 56-199] Attempt to get parsing info during refresh. "On-the-fly" syntax checking information may be incorrect. [/home/xmen/Videos/RustDesk/SystolicCore/SystolicCore/rtl/Arty7_top_sim.sv:]
WARNING: [filemgmt 56-199] Attempt to get parsing info during refresh. "On-the-fly" syntax checking information may be incorrect. [/home/xmen/Videos/RustDesk/SystolicCore/SystolicCore/rtl/Arty7_top_sim.sv:]
WARNING: [filemgmt 56-199] Attempt to get parsing info during refresh. "On-the-fly" syntax checking information may be incorrect. [/home/xmen/Videos/RustDesk/SystolicCore/SystolicCore/rtl/Arty7_top_sim.sv:]
WARNING: [filemgmt 56-199] Attempt to get parsing info during refresh. "On-the-fly" syntax checking information may be incorrect. [/home/xmen/Videos/RustDesk/SystolicCore/SystolicCore/rtl/accumulator.sv:]
WARNING: [filemgmt 56-199] Attempt to get parsing info during refresh. "On-the-fly" syntax checking information may be incorrect. [/home/xmen/Videos/RustDesk/SystolicCore/SystolicCore/rtl/serial2mem.sv:]
WARNING: [filemgmt 56-199] Attempt to get parsing info during refresh. "On-the-fly" syntax checking information may be incorrect. [/home/xmen/Videos/RustDesk/SystolicCore/SystolicCore/tb/tb_fpga.sv:]
WARNING: [filemgmt 56-199] Attempt to get parsing info during refresh. "On-the-fly" syntax checking information may be incorrect. [/home/xmen/Videos/RustDesk/SystolicCore/SystolicCore/rtl/SystolicControlUnit.sv:]
WARNING: [filemgmt 56-199] Attempt to get parsing info during refresh. "On-the-fly" syntax checking information may be incorrect. [/home/xmen/Videos/RustDesk/SystolicCore/SystolicCore/tb/tb_fpga.sv:]
WARNING: [filemgmt 56-199] Attempt to get parsing info during refresh. "On-the-fly" syntax checking information may be incorrect. [/home/xmen/Videos/RustDesk/SystolicCore/SystolicCore/tb/tb_fpga.sv:]
launch_simulation
Command: launch_simulation 
INFO: [Vivado 12-25911] Executing simulation for 'XSim' simulator
WARNING: [filemgmt 56-199] Attempt to get parsing info during refresh. "On-the-fly" syntax checking information may be incorrect. [/home/xmen/Videos/RustDesk/SystolicCore/SystolicCore/rtl/Arty7_top_sim.sv:]
WARNING: [filemgmt 56-199] Attempt to get parsing info during refresh. "On-the-fly" syntax checking information may be incorrect. [/home/xmen/Videos/RustDesk/SystolicCore/SystolicCore/rtl/accumulator.sv:]
WARNING: [filemgmt 56-199] Attempt to get parsing info during refresh. "On-the-fly" syntax checking information may be incorrect. [/home/xmen/Videos/RustDesk/SystolicCore/SystolicCore/rtl/serial2mem.sv:]
WARNING: [filemgmt 56-199] Attempt to get parsing info during refresh. "On-the-fly" syntax checking information may be incorrect. [/home/xmen/Videos/RustDesk/SystolicCore/SystolicCore/tb/tb_fpga.sv:]
WARNING: [filemgmt 56-199] Attempt to get parsing info during refresh. "On-the-fly" syntax checking information may be incorrect. [/home/xmen/Videos/RustDesk/SystolicCore/SystolicCore/rtl/SystolicControlUnit.sv:]
WARNING: [filemgmt 56-199] Attempt to get parsing info during refresh. "On-the-fly" syntax checking information may be incorrect. [/home/xmen/Videos/RustDesk/SystolicCore/SystolicCore/rtl/serial2mem.sv:]
WARNING: [filemgmt 56-199] Attempt to get parsing info during refresh. "On-the-fly" syntax checking information may be incorrect. [/home/xmen/Videos/RustDesk/SystolicCore/SystolicCore/rtl/serial2mem.sv:]
WARNING: [filemgmt 56-199] Attempt to get parsing info during refresh. "On-the-fly" syntax checking information may be incorrect. [/home/xmen/Videos/RustDesk/SystolicCore/SystolicCore/rtl/Arty7_top_sim.sv:]
WARNING: [filemgmt 56-199] Attempt to get parsing info during refresh. "On-the-fly" syntax checking information may be incorrect. [/home/xmen/Videos/RustDesk/SystolicCore/SystolicCore/rtl/accumulator.sv:]
WARNING: [filemgmt 56-199] Attempt to get parsing info during refresh. "On-the-fly" syntax checking information may be incorrect. [/home/xmen/Videos/RustDesk/SystolicCore/SystolicCore/rtl/serial2mem.sv:]
WARNING: [filemgmt 56-199] Attempt to get parsing info during refresh. "On-the-fly" syntax checking information may be incorrect. [/home/xmen/Videos/RustDesk/SystolicCore/SystolicCore/tb/tb_fpga.sv:]
WARNING: [filemgmt 56-199] Attempt to get parsing info during refresh. "On-the-fly" syntax checking information may be incorrect. [/home/xmen/Videos/RustDesk/SystolicCore/SystolicCore/rtl/SystolicControlUnit.sv:]
WARNING: [filemgmt 56-199] Attempt to get parsing info during refresh. "On-the-fly" syntax checking information may be incorrect. [/home/xmen/Videos/RustDesk/SystolicCore/SystolicCore/rtl/accumulator.sv:]
WARNING: [filemgmt 56-199] Attempt to get parsing info during refresh. "On-the-fly" syntax checking information may be incorrect. [/home/xmen/Videos/RustDesk/SystolicCore/SystolicCore/rtl/accumulator.sv:]
INFO: [Project 1-5737] Running on host VT0144 (64) - Rocky Linux release 8.10 (Green Obsidian)
INFO: [Vivado 12-28535] Process started - Sat Dec 27 12:06:15 2025

INFO: [Vivado 12-12493] Simulation top is 'tb'
INFO: [Vivado 12-5698] Checking validity of IPs in the design for the 'XSim' simulator...
INFO: [Vivado 12-5682] Launching behavioral simulation in '/home/xmen/Videos/RustDesk/SystolicCore/SystolicCore/SystolicCore/SystolicCore.sim/sim_1/behav/xsim'
INFO: [Vivado 12-4795] Using compiled simulation libraries for IPs
INFO: [SIM-utils-51] Simulation object is 'sim_1'
INFO: [SIM-utils-72] Using boost library from '/home/xmen/Music/2025.2/tps/boost_1_72_0'
INFO: [USF-XSim-7] Finding pre-compiled libraries...
INFO: [USF-XSim-11] File '/home/xmen/Music/2025.2/data/xsim/xsim.ini' copied to run dir:'/home/xmen/Videos/RustDesk/SystolicCore/SystolicCore/SystolicCore/SystolicCore.sim/sim_1/behav/xsim'
INFO: [SIM-utils-54] Inspecting design source files for 'tb' in fileset 'sim_1'...
INFO: [SIM-utils-43] Exported '/home/xmen/Videos/RustDesk/SystolicCore/SystolicCore/SystolicCore/SystolicCore.sim/sim_1/behav/xsim/testeINPUT_B1.mem'
INFO: [SIM-utils-43] Exported '/home/xmen/Videos/RustDesk/SystolicCore/SystolicCore/SystolicCore/SystolicCore.sim/sim_1/behav/xsim/testeINPUT_B.mem'
INFO: [SIM-utils-43] Exported '/home/xmen/Videos/RustDesk/SystolicCore/SystolicCore/SystolicCore/SystolicCore.sim/sim_1/behav/xsim/testeINPUT_A1.mem'
INFO: [SIM-utils-43] Exported '/home/xmen/Videos/RustDesk/SystolicCore/SystolicCore/SystolicCore/SystolicCore.sim/sim_1/behav/xsim/testeINPUT_A.mem'
INFO: [SIM-utils-43] Exported '/home/xmen/Videos/RustDesk/SystolicCore/SystolicCore/SystolicCore/SystolicCore.sim/sim_1/behav/xsim/testeINPUT_B1.mem'
INFO: [SIM-utils-43] Exported '/home/xmen/Videos/RustDesk/SystolicCore/SystolicCore/SystolicCore/SystolicCore.sim/sim_1/behav/xsim/testeINPUT_B.mem'
INFO: [SIM-utils-43] Exported '/home/xmen/Videos/RustDesk/SystolicCore/SystolicCore/SystolicCore/SystolicCore.sim/sim_1/behav/xsim/testeINPUT_A1.mem'
INFO: [SIM-utils-43] Exported '/home/xmen/Videos/RustDesk/SystolicCore/SystolicCore/SystolicCore/SystolicCore.sim/sim_1/behav/xsim/testeINPUT_A.mem'
INFO: [USF-XSim-97] Finding global include files...
INFO: [USF-XSim-98] Fetching design files from 'sim_1'...
INFO: [USF-XSim-2] XSim::Compile design
INFO: [USF-XSim-61] Executing 'COMPILE and ANALYZE' step in '/home/xmen/Videos/RustDesk/SystolicCore/SystolicCore/SystolicCore/SystolicCore.sim/sim_1/behav/xsim'
xvlog --incr --relax -L uvm -prj tb_vlog.prj
INFO: [VRFC 10-2263] Analyzing SystemVerilog file "/home/xmen/Videos/RustDesk/SystolicCore/SystolicCore/rtl/Arty7_top_sim.sv" into library xil_defaultlib
INFO: [VRFC 10-311] analyzing module Arty7_top_sim
INFO: [VRFC 10-2263] Analyzing SystemVerilog file "/home/xmen/Videos/RustDesk/SystolicCore/SystolicCore/rtl/SystolicControlUnit.sv" into library xil_defaultlib
INFO: [VRFC 10-311] analyzing module systolicControlUnitTop
INFO: [VRFC 10-2263] Analyzing SystemVerilog file "/home/xmen/Videos/RustDesk/SystolicCore/SystolicCore/rtl/SystolicCore.sv" into library xil_defaultlib
INFO: [VRFC 10-311] analyzing module SystolicCoreTop
INFO: [VRFC 10-2263] Analyzing SystemVerilog file "/home/xmen/Videos/RustDesk/SystolicCore/SystolicCore/rtl/accumulator.sv" into library xil_defaultlib
INFO: [VRFC 10-311] analyzing module accumulator_cells
INFO: [VRFC 10-2263] Analyzing SystemVerilog file "/home/xmen/Videos/RustDesk/SystolicCore/SystolicCore/rtl/uart/rtl/counter.sv" into library xil_defaultlib
INFO: [VRFC 10-311] analyzing module counter
INFO: [VRFC 10-2263] Analyzing SystemVerilog file "/home/xmen/Videos/RustDesk/SystolicCore/SystolicCore/rtl/mem2serial.sv" into library xil_defaultlib
INFO: [VRFC 10-311] analyzing module mem2seriala
INFO: [VRFC 10-2263] Analyzing SystemVerilog file "/home/xmen/Videos/RustDesk/SystolicCore/SystolicCore/rtl/uart/rtl/ref_clock.sv" into library xil_defaultlib
INFO: [VRFC 10-311] analyzing module ref_clock
INFO: [VRFC 10-2263] Analyzing SystemVerilog file "/home/xmen/Videos/RustDesk/SystolicCore/SystolicCore/rtl/serial2mem.sv" into library xil_defaultlib
INFO: [VRFC 10-311] analyzing module serial2mem
INFO: [VRFC 10-2263] Analyzing SystemVerilog file "/home/xmen/Videos/RustDesk/SystolicCore/SystolicCore/rtl/systolicMatrixMultiply.sv" into library xil_defaultlib
INFO: [VRFC 10-311] analyzing module systolicMatrixMultiply
INFO: [VRFC 10-2263] Analyzing SystemVerilog file "/home/xmen/Videos/RustDesk/SystolicCore/SystolicCore/rtl/src/uart_top.sv" into library xil_defaultlib
INFO: [VRFC 10-311] analyzing module uart_top
INFO: [VRFC 10-2263] Analyzing SystemVerilog file "/home/xmen/Videos/RustDesk/SystolicCore/SystolicCore/tb/tb_fpga.sv" into library xil_defaultlib
INFO: [VRFC 10-311] analyzing module tb
WARNING: [VRFC 10-8658] /* is inside a comment [/home/xmen/Videos/RustDesk/SystolicCore/SystolicCore/tb/tb_fpga.sv:75]
Waiting for jobs to finish...
No pending jobs, compilation finished.
INFO: [USF-XSim-69] 'compile' step finished in '0' seconds
INFO: [USF-XSim-3] XSim::Elaborate design
INFO: [USF-XSim-61] Executing 'ELABORATE' step in '/home/xmen/Videos/RustDesk/SystolicCore/SystolicCore/SystolicCore/SystolicCore.sim/sim_1/behav/xsim'
xelab --incr --debug typical --relax --mt 8 -L xil_defaultlib -L blk_mem_gen_v8_4_12 -L uvm -L unisims_ver -L unimacro_ver -L secureip -L xpm --snapshot tb_behav xil_defaultlib.tb xil_defaultlib.glbl -log elaborate.log
Vivado Simulator v2025.2
Copyright 1986-2022 Xilinx, Inc. All Rights Reserved.
Copyright 2022-2025 Advanced Micro Devices, Inc. All Rights Reserved.
Running: /home/xmen/Music/2025.2/Vivado/bin/unwrapped/lnx64.o/xelab --incr --debug typical --relax --mt 8 -L xil_defaultlib -L blk_mem_gen_v8_4_12 -L uvm -L unisims_ver -L unimacro_ver -L secureip -L xpm --snapshot tb_behav xil_defaultlib.tb xil_defaultlib.glbl -log elaborate.log 
Using 8 slave threads.
Starting static elaboration
Pass Through NonSizing Optimizer
WARNING: [VRFC 10-3091] actual bit length 32 differs from formal bit length 1 for port 'valid_rx_in' [/home/xmen/Videos/RustDesk/SystolicCore/SystolicCore/tb/tb_fpga.sv:38]
WARNING: [VRFC 10-3091] actual bit length 12 differs from formal bit length 8 for port 'data_tx_in' [/home/xmen/Videos/RustDesk/SystolicCore/SystolicCore/tb/tb_fpga.sv:43]
WARNING: [VRFC 10-3818] variable 'tb_uart_data_tx_in' is driven by invalid combination of procedural drivers [/home/xmen/Videos/RustDesk/SystolicCore/SystolicCore/tb/tb_fpga.sv:29]
WARNING: [VRFC 10-2921] 'tb_uart_data_tx_in' driven by this always_comb block should not be driven by any other process [/home/xmen/Videos/RustDesk/SystolicCore/SystolicCore/tb/tb_fpga.sv:128]
WARNING: [VRFC 10-3823] variable 'uart_valid_rx_in' might have multiple concurrent drivers [/home/xmen/Videos/RustDesk/SystolicCore/SystolicCore/rtl/Arty7_top_sim.sv:83]
WARNING: [VRFC 10-3823] variable 'uart_data_tx_in' might have multiple concurrent drivers [/home/xmen/Videos/RustDesk/SystolicCore/SystolicCore/rtl/Arty7_top_sim.sv:96]
WARNING: [VRFC 10-10063] index 16 into 'b_vec' is out of bounds [/home/xmen/Videos/RustDesk/SystolicCore/SystolicCore/rtl/systolicMatrixMultiply.sv:52]
WARNING: [VRFC 10-10063] index 16 into 'a_vec' is out of bounds [/home/xmen/Videos/RustDesk/SystolicCore/SystolicCore/rtl/systolicMatrixMultiply.sv:51]
Completed static elaboration
Starting simulation data flow analysis
Completed simulation data flow analysis
Time Resolution for simulation is 1ps
Compiling module xil_defaultlib.uart_rx_default
Compiling module xil_defaultlib.uart_tx_default
Compiling module xil_defaultlib.uart_top
Compiling module xil_defaultlib.accumulator_cells(WIDTH=8)
Compiling module xil_defaultlib.systolicMatrixMultiply(SIZE=16)
Compiling module blk_mem_gen_v8_4_12.blk_mem_gen_v8_4_12_output_stage...
Compiling module blk_mem_gen_v8_4_12.blk_mem_gen_v8_4_12_output_stage...
Compiling module blk_mem_gen_v8_4_12.blk_mem_gen_v8_4_12_softecc_outp...
Compiling module blk_mem_gen_v8_4_12.blk_mem_gen_v8_4_12_mem_module(C...
Compiling module blk_mem_gen_v8_4_12.blk_mem_gen_v8_4_12(C_FAMILY="ar...
Compiling module xil_defaultlib.ram_dual_port
Compiling module xil_defaultlib.serial2mem(SIZE=16)
Compiling module xil_defaultlib.mem2seriala(SIZE=16)
Compiling module xil_defaultlib.ila_3
Compiling module xil_defaultlib.systolicControlUnitTop
Compiling module xil_defaultlib.counter(MOD=4347)
Compiling module xil_defaultlib.ref_clock(CLOCK_REF=11500,CLOCK_...
Compiling module xil_defaultlib.SystolicCoreTop(SIZE=16,CLOCK_TR...
Compiling module xil_defaultlib.Arty7_top_sim
Compiling module xil_defaultlib.tb
Compiling module xil_defaultlib.glbl
Built simulation snapshot tb_behav
INFO: [USF-XSim-69] 'elaborate' step finished in '4' seconds
INFO: [USF-XSim-4] XSim::Simulate design
INFO: [USF-XSim-61] Executing 'SIMULATE' step in '/home/xmen/Videos/RustDesk/SystolicCore/SystolicCore/SystolicCore/SystolicCore.sim/sim_1/behav/xsim'
INFO: [USF-XSim-98] *** Running xsim
   with args "tb_behav -key {Behavioral:sim_1:Functional:tb} -tclbatch {tb.tcl} -view {/home/xmen/Videos/RustDesk/SystolicCore/SystolicCore/SystolicCore/tb_behav.wcfg} -log {simulate.log}"
INFO: [USF-XSim-8] Loading simulator feature
Time resolution is 1 ps
open_wave_config /home/xmen/Videos/RustDesk/SystolicCore/SystolicCore/SystolicCore/tb_behav.wcfg
source tb.tcl
# set curr_wave [current_wave_config]
# if { [string length $curr_wave] == 0 } {
#   if { [llength [get_objects]] > 0} {
#     add_wave /
#     set_property needs_save false [current_wave_config]
#   } else {
#      send_msg_id Add_Wave-1 WARNING "No top level signals found. Simulator will start without a wave window. If you want to open a wave window go to 'File->New Waveform Configuration' or type 'create_wave_config' in the TCL console."
#   }
# }
# run 1000ns
Block Memory Generator module tb.a.SystolicCore0.serial2mem_opA.ram.inst.native_mem_module.blk_mem_gen_v8_4_12_inst is using a behavioral model for simulation which will not precisely model memory collision behavior.
Block Memory Generator module tb.a.SystolicCore0.serial2mem_opB.ram.inst.native_mem_module.blk_mem_gen_v8_4_12_inst is using a behavioral model for simulation which will not precisely model memory collision behavior.
Block Memory Generator module tb.a.SystolicCore1.serial2mem_opA.ram.inst.native_mem_module.blk_mem_gen_v8_4_12_inst is using a behavioral model for simulation which will not precisely model memory collision behavior.
Block Memory Generator module tb.a.SystolicCore1.serial2mem_opB.ram.inst.native_mem_module.blk_mem_gen_v8_4_12_inst is using a behavioral model for simulation which will not precisely model memory collision behavior.
blk_mem_gen_v8_4_12 collision detected at time: 45000, Instance: tb.a.SystolicCore0.serial2mem_opA.ram.inst.native_mem_module.blk_mem_gen_v8_4_12_inst, A write address: 0, B  read address: 0
blk_mem_gen_v8_4_12 collision detected at time: 45000, Instance: tb.a.SystolicCore0.serial2mem_opB.ram.inst.native_mem_module.blk_mem_gen_v8_4_12_inst, A write address: 0, B  read address: 0
blk_mem_gen_v8_4_12 collision detected at time: 45000, Instance: tb.a.SystolicCore1.serial2mem_opA.ram.inst.native_mem_module.blk_mem_gen_v8_4_12_inst, A write address: 0, B  read address: 0
blk_mem_gen_v8_4_12 collision detected at time: 45000, Instance: tb.a.SystolicCore1.serial2mem_opB.ram.inst.native_mem_module.blk_mem_gen_v8_4_12_inst, A write address: 0, B  read address: 0
blk_mem_gen_v8_4_12 collision detected at time: 55000, Instance: tb.a.SystolicCore0.serial2mem_opA.ram.inst.native_mem_module.blk_mem_gen_v8_4_12_inst, A write address: 0, B  read address: 0
blk_mem_gen_v8_4_12 collision detected at time: 55000, Instance: tb.a.SystolicCore0.serial2mem_opB.ram.inst.native_mem_module.blk_mem_gen_v8_4_12_inst, A write address: 0, B  read address: 0
blk_mem_gen_v8_4_12 collision detected at time: 55000, Instance: tb.a.SystolicCore1.serial2mem_opA.ram.inst.native_mem_module.blk_mem_gen_v8_4_12_inst, A write address: 0, B  read address: 0
blk_mem_gen_v8_4_12 collision detected at time: 55000, Instance: tb.a.SystolicCore1.serial2mem_opB.ram.inst.native_mem_module.blk_mem_gen_v8_4_12_inst, A write address: 0, B  read address: 0
blk_mem_gen_v8_4_12 collision detected at time: 65000, Instance: tb.a.SystolicCore0.serial2mem_opA.ram.inst.native_mem_module.blk_mem_gen_v8_4_12_inst, A write address: 0, B  read address: 0
blk_mem_gen_v8_4_12 collision detected at time: 65000, Instance: tb.a.SystolicCore0.serial2mem_opB.ram.inst.native_mem_module.blk_mem_gen_v8_4_12_inst, A write address: 0, B  read address: 0
blk_mem_gen_v8_4_12 collision detected at time: 65000, Instance: tb.a.SystolicCore1.serial2mem_opA.ram.inst.native_mem_module.blk_mem_gen_v8_4_12_inst, A write address: 0, B  read address: 0
blk_mem_gen_v8_4_12 collision detected at time: 65000, Instance: tb.a.SystolicCore1.serial2mem_opB.ram.inst.native_mem_module.blk_mem_gen_v8_4_12_inst, A write address: 0, B  read address: 0
blk_mem_gen_v8_4_12 collision detected at time: 75000, Instance: tb.a.SystolicCore0.serial2mem_opA.ram.inst.native_mem_module.blk_mem_gen_v8_4_12_inst, A write address: 0, B  read address: 0
blk_mem_gen_v8_4_12 collision detected at time: 75000, Instance: tb.a.SystolicCore0.serial2mem_opB.ram.inst.native_mem_module.blk_mem_gen_v8_4_12_inst, A write address: 0, B  read address: 0
blk_mem_gen_v8_4_12 collision detected at time: 75000, Instance: tb.a.SystolicCore1.serial2mem_opA.ram.inst.native_mem_module.blk_mem_gen_v8_4_12_inst, A write address: 0, B  read address: 0
blk_mem_gen_v8_4_12 collision detected at time: 75000, Instance: tb.a.SystolicCore1.serial2mem_opB.ram.inst.native_mem_module.blk_mem_gen_v8_4_12_inst, A write address: 0, B  read address: 0
INFO: [USF-XSim-96] XSim completed. Design snapshot 'tb_behav' loaded.
INFO: [USF-XSim-97] XSim simulation ran for 1000ns
launch_simulation: Time (s): cpu = 00:00:10 ; elapsed = 00:00:10 . Memory (MB): peak = 11259.781 ; gain = 0.000 ; free physical = 17517 ; free virtual = 39819
restart
INFO: [Wavedata 42-604] Simulation restarted
run all
Block Memory Generator module tb.a.SystolicCore0.serial2mem_opA.ram.inst.native_mem_module.blk_mem_gen_v8_4_12_inst is using a behavioral model for simulation which will not precisely model memory collision behavior.
Block Memory Generator module tb.a.SystolicCore0.serial2mem_opB.ram.inst.native_mem_module.blk_mem_gen_v8_4_12_inst is using a behavioral model for simulation which will not precisely model memory collision behavior.
Block Memory Generator module tb.a.SystolicCore1.serial2mem_opA.ram.inst.native_mem_module.blk_mem_gen_v8_4_12_inst is using a behavioral model for simulation which will not precisely model memory collision behavior.
Block Memory Generator module tb.a.SystolicCore1.serial2mem_opB.ram.inst.native_mem_module.blk_mem_gen_v8_4_12_inst is using a behavioral model for simulation which will not precisely model memory collision behavior.
blk_mem_gen_v8_4_12 collision detected at time: 45000, Instance: tb.a.SystolicCore0.serial2mem_opA.ram.inst.native_mem_module.blk_mem_gen_v8_4_12_inst, A write address: 0, B  read address: 0
blk_mem_gen_v8_4_12 collision detected at time: 45000, Instance: tb.a.SystolicCore0.serial2mem_opB.ram.inst.native_mem_module.blk_mem_gen_v8_4_12_inst, A write address: 0, B  read address: 0
blk_mem_gen_v8_4_12 collision detected at time: 45000, Instance: tb.a.SystolicCore1.serial2mem_opA.ram.inst.native_mem_module.blk_mem_gen_v8_4_12_inst, A write address: 0, B  read address: 0
blk_mem_gen_v8_4_12 collision detected at time: 45000, Instance: tb.a.SystolicCore1.serial2mem_opB.ram.inst.native_mem_module.blk_mem_gen_v8_4_12_inst, A write address: 0, B  read address: 0
blk_mem_gen_v8_4_12 collision detected at time: 55000, Instance: tb.a.SystolicCore0.serial2mem_opA.ram.inst.native_mem_module.blk_mem_gen_v8_4_12_inst, A write address: 0, B  read address: 0
blk_mem_gen_v8_4_12 collision detected at time: 55000, Instance: tb.a.SystolicCore0.serial2mem_opB.ram.inst.native_mem_module.blk_mem_gen_v8_4_12_inst, A write address: 0, B  read address: 0
blk_mem_gen_v8_4_12 collision detected at time: 55000, Instance: tb.a.SystolicCore1.serial2mem_opA.ram.inst.native_mem_module.blk_mem_gen_v8_4_12_inst, A write address: 0, B  read address: 0
blk_mem_gen_v8_4_12 collision detected at time: 55000, Instance: tb.a.SystolicCore1.serial2mem_opB.ram.inst.native_mem_module.blk_mem_gen_v8_4_12_inst, A write address: 0, B  read address: 0
blk_mem_gen_v8_4_12 collision detected at time: 65000, Instance: tb.a.SystolicCore0.serial2mem_opA.ram.inst.native_mem_module.blk_mem_gen_v8_4_12_inst, A write address: 0, B  read address: 0
blk_mem_gen_v8_4_12 collision detected at time: 65000, Instance: tb.a.SystolicCore0.serial2mem_opB.ram.inst.native_mem_module.blk_mem_gen_v8_4_12_inst, A write address: 0, B  read address: 0
blk_mem_gen_v8_4_12 collision detected at time: 65000, Instance: tb.a.SystolicCore1.serial2mem_opA.ram.inst.native_mem_module.blk_mem_gen_v8_4_12_inst, A write address: 0, B  read address: 0
blk_mem_gen_v8_4_12 collision detected at time: 65000, Instance: tb.a.SystolicCore1.serial2mem_opB.ram.inst.native_mem_module.blk_mem_gen_v8_4_12_inst, A write address: 0, B  read address: 0
blk_mem_gen_v8_4_12 collision detected at time: 75000, Instance: tb.a.SystolicCore0.serial2mem_opA.ram.inst.native_mem_module.blk_mem_gen_v8_4_12_inst, A write address: 0, B  read address: 0
blk_mem_gen_v8_4_12 collision detected at time: 75000, Instance: tb.a.SystolicCore0.serial2mem_opB.ram.inst.native_mem_module.blk_mem_gen_v8_4_12_inst, A write address: 0, B  read address: 0
blk_mem_gen_v8_4_12 collision detected at time: 75000, Instance: tb.a.SystolicCore1.serial2mem_opA.ram.inst.native_mem_module.blk_mem_gen_v8_4_12_inst, A write address: 0, B  read address: 0
blk_mem_gen_v8_4_12 collision detected at time: 75000, Instance: tb.a.SystolicCore1.serial2mem_opB.ram.inst.native_mem_module.blk_mem_gen_v8_4_12_inst, A write address: 0, B  read address: 0
run: Time (s): cpu = 00:00:22 ; elapsed = 00:01:43 . Memory (MB): peak = 11259.781 ; gain = 0.000 ; free physical = 15673 ; free virtual = 39910
WARNING: [filemgmt 56-199] Attempt to get parsing info during refresh. "On-the-fly" syntax checking information may be incorrect. [/home/xmen/Videos/RustDesk/SystolicCore/SystolicCore/rtl/Arty7_top_sim.sv:]
WARNING: [filemgmt 56-199] Attempt to get parsing info during refresh. "On-the-fly" syntax checking information may be incorrect. [/home/xmen/Videos/RustDesk/SystolicCore/SystolicCore/rtl/accumulator.sv:]
WARNING: [filemgmt 56-199] Attempt to get parsing info during refresh. "On-the-fly" syntax checking information may be incorrect. [/home/xmen/Videos/RustDesk/SystolicCore/SystolicCore/rtl/serial2mem.sv:]
WARNING: [filemgmt 56-199] Attempt to get parsing info during refresh. "On-the-fly" syntax checking information may be incorrect. [/home/xmen/Videos/RustDesk/SystolicCore/SystolicCore/tb/tb_fpga.sv:]
WARNING: [filemgmt 56-199] Attempt to get parsing info during refresh. "On-the-fly" syntax checking information may be incorrect. [/home/xmen/Videos/RustDesk/SystolicCore/SystolicCore/rtl/SystolicControlUnit.sv:]
WARNING: [filemgmt 56-199] Attempt to get parsing info during refresh. "On-the-fly" syntax checking information may be incorrect. [/home/xmen/Videos/RustDesk/SystolicCore/SystolicCore/rtl/Arty7_top_sim.sv:]
WARNING: [filemgmt 56-199] Attempt to get parsing info during refresh. "On-the-fly" syntax checking information may be incorrect. [/home/xmen/Videos/RustDesk/SystolicCore/SystolicCore/rtl/Arty7_top_sim.sv:]
WARNING: [filemgmt 56-199] Attempt to get parsing info during refresh. "On-the-fly" syntax checking information may be incorrect. [/home/xmen/Videos/RustDesk/SystolicCore/SystolicCore/rtl/Arty7_top_sim.sv:]
WARNING: [filemgmt 56-199] Attempt to get parsing info during refresh. "On-the-fly" syntax checking information may be incorrect. [/home/xmen/Videos/RustDesk/SystolicCore/SystolicCore/rtl/accumulator.sv:]
WARNING: [filemgmt 56-199] Attempt to get parsing info during refresh. "On-the-fly" syntax checking information may be incorrect. [/home/xmen/Videos/RustDesk/SystolicCore/SystolicCore/rtl/serial2mem.sv:]
WARNING: [filemgmt 56-199] Attempt to get parsing info during refresh. "On-the-fly" syntax checking information may be incorrect. [/home/xmen/Videos/RustDesk/SystolicCore/SystolicCore/tb/tb_fpga.sv:]
WARNING: [filemgmt 56-199] Attempt to get parsing info during refresh. "On-the-fly" syntax checking information may be incorrect. [/home/xmen/Videos/RustDesk/SystolicCore/SystolicCore/rtl/SystolicControlUnit.sv:]
WARNING: [filemgmt 56-199] Attempt to get parsing info during refresh. "On-the-fly" syntax checking information may be incorrect. [/home/xmen/Videos/RustDesk/SystolicCore/SystolicCore/rtl/serial2mem.sv:]
WARNING: [filemgmt 56-199] Attempt to get parsing info during refresh. "On-the-fly" syntax checking information may be incorrect. [/home/xmen/Videos/RustDesk/SystolicCore/SystolicCore/rtl/serial2mem.sv:]
WARNING: [filemgmt 56-199] Attempt to get parsing info during refresh. "On-the-fly" syntax checking information may be incorrect. [/home/xmen/Videos/RustDesk/SystolicCore/SystolicCore/rtl/Arty7_top_sim.sv:]
WARNING: [filemgmt 56-199] Attempt to get parsing info during refresh. "On-the-fly" syntax checking information may be incorrect. [/home/xmen/Videos/RustDesk/SystolicCore/SystolicCore/rtl/accumulator.sv:]
WARNING: [filemgmt 56-199] Attempt to get parsing info during refresh. "On-the-fly" syntax checking information may be incorrect. [/home/xmen/Videos/RustDesk/SystolicCore/SystolicCore/rtl/serial2mem.sv:]
WARNING: [filemgmt 56-199] Attempt to get parsing info during refresh. "On-the-fly" syntax checking information may be incorrect. [/home/xmen/Videos/RustDesk/SystolicCore/SystolicCore/tb/tb_fpga.sv:]
WARNING: [filemgmt 56-199] Attempt to get parsing info during refresh. "On-the-fly" syntax checking information may be incorrect. [/home/xmen/Videos/RustDesk/SystolicCore/SystolicCore/rtl/SystolicControlUnit.sv:]
WARNING: [filemgmt 56-199] Attempt to get parsing info during refresh. "On-the-fly" syntax checking information may be incorrect. [/home/xmen/Videos/RustDesk/SystolicCore/SystolicCore/rtl/SystolicControlUnit.sv:]
WARNING: [filemgmt 56-199] Attempt to get parsing info during refresh. "On-the-fly" syntax checking information may be incorrect. [/home/xmen/Videos/RustDesk/SystolicCore/SystolicCore/rtl/SystolicControlUnit.sv:]
WARNING: [filemgmt 56-199] Attempt to get parsing info during refresh. "On-the-fly" syntax checking information may be incorrect. [/home/xmen/Videos/RustDesk/SystolicCore/SystolicCore/rtl/Arty7_top_sim.sv:]
WARNING: [filemgmt 56-199] Attempt to get parsing info during refresh. "On-the-fly" syntax checking information may be incorrect. [/home/xmen/Videos/RustDesk/SystolicCore/SystolicCore/rtl/accumulator.sv:]
WARNING: [filemgmt 56-199] Attempt to get parsing info during refresh. "On-the-fly" syntax checking information may be incorrect. [/home/xmen/Videos/RustDesk/SystolicCore/SystolicCore/rtl/serial2mem.sv:]
WARNING: [filemgmt 56-199] Attempt to get parsing info during refresh. "On-the-fly" syntax checking information may be incorrect. [/home/xmen/Videos/RustDesk/SystolicCore/SystolicCore/tb/tb_fpga.sv:]
WARNING: [filemgmt 56-199] Attempt to get parsing info during refresh. "On-the-fly" syntax checking information may be incorrect. [/home/xmen/Videos/RustDesk/SystolicCore/SystolicCore/rtl/SystolicControlUnit.sv:]
WARNING: [filemgmt 56-199] Attempt to get parsing info during refresh. "On-the-fly" syntax checking information may be incorrect. [/home/xmen/Videos/RustDesk/SystolicCore/SystolicCore/tb/tb_fpga.sv:]
WARNING: [filemgmt 56-199] Attempt to get parsing info during refresh. "On-the-fly" syntax checking information may be incorrect. [/home/xmen/Videos/RustDesk/SystolicCore/SystolicCore/tb/tb_fpga.sv:]
close_sim
INFO: xsimkernel Simulation Memory Usage: 511856 KB (Peak: 571180 KB), Simulation CPU Usage: 102520 ms
INFO: [Simtcl 6-16] Simulation closed
launch_simulation
Command: launch_simulation 
INFO: [Vivado 12-25911] Executing simulation for 'XSim' simulator
INFO: [Project 1-5737] Running on host VT0144 (64) - Rocky Linux release 8.10 (Green Obsidian)
INFO: [Vivado 12-28535] Process started - Sat Dec 27 12:08:22 2025

INFO: [Vivado 12-12493] Simulation top is 'tb'
INFO: [Vivado 12-5698] Checking validity of IPs in the design for the 'XSim' simulator...
INFO: [Vivado 12-5682] Launching behavioral simulation in '/home/xmen/Videos/RustDesk/SystolicCore/SystolicCore/SystolicCore/SystolicCore.sim/sim_1/behav/xsim'
INFO: [Vivado 12-4795] Using compiled simulation libraries for IPs
INFO: [SIM-utils-51] Simulation object is 'sim_1'
INFO: [SIM-utils-72] Using boost library from '/home/xmen/Music/2025.2/tps/boost_1_72_0'
INFO: [USF-XSim-7] Finding pre-compiled libraries...
INFO: [USF-XSim-11] File '/home/xmen/Music/2025.2/data/xsim/xsim.ini' copied to run dir:'/home/xmen/Videos/RustDesk/SystolicCore/SystolicCore/SystolicCore/SystolicCore.sim/sim_1/behav/xsim'
INFO: [SIM-utils-54] Inspecting design source files for 'tb' in fileset 'sim_1'...
INFO: [SIM-utils-43] Exported '/home/xmen/Videos/RustDesk/SystolicCore/SystolicCore/SystolicCore/SystolicCore.sim/sim_1/behav/xsim/testeINPUT_B1.mem'
INFO: [SIM-utils-43] Exported '/home/xmen/Videos/RustDesk/SystolicCore/SystolicCore/SystolicCore/SystolicCore.sim/sim_1/behav/xsim/testeINPUT_B.mem'
INFO: [SIM-utils-43] Exported '/home/xmen/Videos/RustDesk/SystolicCore/SystolicCore/SystolicCore/SystolicCore.sim/sim_1/behav/xsim/testeINPUT_A1.mem'
INFO: [SIM-utils-43] Exported '/home/xmen/Videos/RustDesk/SystolicCore/SystolicCore/SystolicCore/SystolicCore.sim/sim_1/behav/xsim/testeINPUT_A.mem'
INFO: [SIM-utils-43] Exported '/home/xmen/Videos/RustDesk/SystolicCore/SystolicCore/SystolicCore/SystolicCore.sim/sim_1/behav/xsim/testeINPUT_B1.mem'
INFO: [SIM-utils-43] Exported '/home/xmen/Videos/RustDesk/SystolicCore/SystolicCore/SystolicCore/SystolicCore.sim/sim_1/behav/xsim/testeINPUT_B.mem'
INFO: [SIM-utils-43] Exported '/home/xmen/Videos/RustDesk/SystolicCore/SystolicCore/SystolicCore/SystolicCore.sim/sim_1/behav/xsim/testeINPUT_A1.mem'
INFO: [SIM-utils-43] Exported '/home/xmen/Videos/RustDesk/SystolicCore/SystolicCore/SystolicCore/SystolicCore.sim/sim_1/behav/xsim/testeINPUT_A.mem'
INFO: [USF-XSim-97] Finding global include files...
INFO: [USF-XSim-98] Fetching design files from 'sim_1'...
INFO: [USF-XSim-2] XSim::Compile design
INFO: [USF-XSim-61] Executing 'COMPILE and ANALYZE' step in '/home/xmen/Videos/RustDesk/SystolicCore/SystolicCore/SystolicCore/SystolicCore.sim/sim_1/behav/xsim'
xvlog --incr --relax -L uvm -prj tb_vlog.prj
INFO: [VRFC 10-2263] Analyzing SystemVerilog file "/home/xmen/Videos/RustDesk/SystolicCore/SystolicCore/rtl/Arty7_top_sim.sv" into library xil_defaultlib
INFO: [VRFC 10-311] analyzing module Arty7_top_sim
INFO: [VRFC 10-2263] Analyzing SystemVerilog file "/home/xmen/Videos/RustDesk/SystolicCore/SystolicCore/rtl/SystolicControlUnit.sv" into library xil_defaultlib
INFO: [VRFC 10-311] analyzing module systolicControlUnitTop
INFO: [VRFC 10-2263] Analyzing SystemVerilog file "/home/xmen/Videos/RustDesk/SystolicCore/SystolicCore/rtl/SystolicCore.sv" into library xil_defaultlib
INFO: [VRFC 10-311] analyzing module SystolicCoreTop
INFO: [VRFC 10-2263] Analyzing SystemVerilog file "/home/xmen/Videos/RustDesk/SystolicCore/SystolicCore/rtl/accumulator.sv" into library xil_defaultlib
INFO: [VRFC 10-311] analyzing module accumulator_cells
INFO: [VRFC 10-2263] Analyzing SystemVerilog file "/home/xmen/Videos/RustDesk/SystolicCore/SystolicCore/rtl/uart/rtl/counter.sv" into library xil_defaultlib
INFO: [VRFC 10-311] analyzing module counter
INFO: [VRFC 10-2263] Analyzing SystemVerilog file "/home/xmen/Videos/RustDesk/SystolicCore/SystolicCore/rtl/mem2serial.sv" into library xil_defaultlib
INFO: [VRFC 10-311] analyzing module mem2seriala
INFO: [VRFC 10-2263] Analyzing SystemVerilog file "/home/xmen/Videos/RustDesk/SystolicCore/SystolicCore/rtl/uart/rtl/ref_clock.sv" into library xil_defaultlib
INFO: [VRFC 10-311] analyzing module ref_clock
INFO: [VRFC 10-2263] Analyzing SystemVerilog file "/home/xmen/Videos/RustDesk/SystolicCore/SystolicCore/rtl/serial2mem.sv" into library xil_defaultlib
INFO: [VRFC 10-311] analyzing module serial2mem
INFO: [VRFC 10-2263] Analyzing SystemVerilog file "/home/xmen/Videos/RustDesk/SystolicCore/SystolicCore/rtl/systolicMatrixMultiply.sv" into library xil_defaultlib
INFO: [VRFC 10-311] analyzing module systolicMatrixMultiply
INFO: [VRFC 10-2263] Analyzing SystemVerilog file "/home/xmen/Videos/RustDesk/SystolicCore/SystolicCore/rtl/src/uart_top.sv" into library xil_defaultlib
INFO: [VRFC 10-311] analyzing module uart_top
INFO: [VRFC 10-2263] Analyzing SystemVerilog file "/home/xmen/Videos/RustDesk/SystolicCore/SystolicCore/tb/tb_fpga.sv" into library xil_defaultlib
INFO: [VRFC 10-311] analyzing module tb
WARNING: [VRFC 10-8658] /* is inside a comment [/home/xmen/Videos/RustDesk/SystolicCore/SystolicCore/tb/tb_fpga.sv:75]
Waiting for jobs to finish...
No pending jobs, compilation finished.
INFO: [USF-XSim-69] 'compile' step finished in '1' seconds
INFO: [USF-XSim-3] XSim::Elaborate design
INFO: [USF-XSim-61] Executing 'ELABORATE' step in '/home/xmen/Videos/RustDesk/SystolicCore/SystolicCore/SystolicCore/SystolicCore.sim/sim_1/behav/xsim'
xelab --incr --debug typical --relax --mt 8 -L xil_defaultlib -L blk_mem_gen_v8_4_12 -L uvm -L unisims_ver -L unimacro_ver -L secureip -L xpm --snapshot tb_behav xil_defaultlib.tb xil_defaultlib.glbl -log elaborate.log
Vivado Simulator v2025.2
Copyright 1986-2022 Xilinx, Inc. All Rights Reserved.
Copyright 2022-2025 Advanced Micro Devices, Inc. All Rights Reserved.
Running: /home/xmen/Music/2025.2/Vivado/bin/unwrapped/lnx64.o/xelab --incr --debug typical --relax --mt 8 -L xil_defaultlib -L blk_mem_gen_v8_4_12 -L uvm -L unisims_ver -L unimacro_ver -L secureip -L xpm --snapshot tb_behav xil_defaultlib.tb xil_defaultlib.glbl -log elaborate.log 
Using 8 slave threads.
Starting static elaboration
Pass Through NonSizing Optimizer
WARNING: [VRFC 10-3091] actual bit length 32 differs from formal bit length 1 for port 'valid_rx_in' [/home/xmen/Videos/RustDesk/SystolicCore/SystolicCore/tb/tb_fpga.sv:38]
WARNING: [VRFC 10-3091] actual bit length 12 differs from formal bit length 8 for port 'data_tx_in' [/home/xmen/Videos/RustDesk/SystolicCore/SystolicCore/tb/tb_fpga.sv:43]
WARNING: [VRFC 10-3818] variable 'tb_uart_data_tx_in' is driven by invalid combination of procedural drivers [/home/xmen/Videos/RustDesk/SystolicCore/SystolicCore/tb/tb_fpga.sv:29]
WARNING: [VRFC 10-2921] 'tb_uart_data_tx_in' driven by this always_comb block should not be driven by any other process [/home/xmen/Videos/RustDesk/SystolicCore/SystolicCore/tb/tb_fpga.sv:128]
WARNING: [VRFC 10-3823] variable 'uart_valid_rx_in' might have multiple concurrent drivers [/home/xmen/Videos/RustDesk/SystolicCore/SystolicCore/rtl/Arty7_top_sim.sv:83]
WARNING: [VRFC 10-3823] variable 'uart_data_tx_in' might have multiple concurrent drivers [/home/xmen/Videos/RustDesk/SystolicCore/SystolicCore/rtl/Arty7_top_sim.sv:96]
WARNING: [VRFC 10-10063] index 16 into 'b_vec' is out of bounds [/home/xmen/Videos/RustDesk/SystolicCore/SystolicCore/rtl/systolicMatrixMultiply.sv:52]
WARNING: [VRFC 10-10063] index 16 into 'a_vec' is out of bounds [/home/xmen/Videos/RustDesk/SystolicCore/SystolicCore/rtl/systolicMatrixMultiply.sv:51]
Completed static elaboration
Starting simulation data flow analysis
Completed simulation data flow analysis
Time Resolution for simulation is 1ps
Compiling module xil_defaultlib.uart_rx_default
Compiling module xil_defaultlib.uart_tx_default
Compiling module xil_defaultlib.uart_top
Compiling module xil_defaultlib.accumulator_cells(WIDTH=8)
Compiling module xil_defaultlib.systolicMatrixMultiply(SIZE=16)
Compiling module blk_mem_gen_v8_4_12.blk_mem_gen_v8_4_12_output_stage...
Compiling module blk_mem_gen_v8_4_12.blk_mem_gen_v8_4_12_output_stage...
Compiling module blk_mem_gen_v8_4_12.blk_mem_gen_v8_4_12_softecc_outp...
Compiling module blk_mem_gen_v8_4_12.blk_mem_gen_v8_4_12_mem_module(C...
Compiling module blk_mem_gen_v8_4_12.blk_mem_gen_v8_4_12(C_FAMILY="ar...
Compiling module xil_defaultlib.ram_dual_port
Compiling module xil_defaultlib.serial2mem(SIZE=16)
Compiling module xil_defaultlib.mem2seriala(SIZE=16)
Compiling module xil_defaultlib.ila_3
Compiling module xil_defaultlib.systolicControlUnitTop
Compiling module xil_defaultlib.counter(MOD=4347)
Compiling module xil_defaultlib.ref_clock(CLOCK_REF=11500,CLOCK_...
Compiling module xil_defaultlib.SystolicCoreTop(SIZE=16,CLOCK_TR...
Compiling module xil_defaultlib.Arty7_top_sim
Compiling module xil_defaultlib.tb
Compiling module xil_defaultlib.glbl
Built simulation snapshot tb_behav
INFO: [USF-XSim-69] 'elaborate' step finished in '4' seconds
INFO: [USF-XSim-4] XSim::Simulate design
INFO: [USF-XSim-61] Executing 'SIMULATE' step in '/home/xmen/Videos/RustDesk/SystolicCore/SystolicCore/SystolicCore/SystolicCore.sim/sim_1/behav/xsim'
INFO: [USF-XSim-98] *** Running xsim
   with args "tb_behav -key {Behavioral:sim_1:Functional:tb} -tclbatch {tb.tcl} -view {/home/xmen/Videos/RustDesk/SystolicCore/SystolicCore/SystolicCore/tb_behav.wcfg} -log {simulate.log}"
INFO: [USF-XSim-8] Loading simulator feature
Time resolution is 1 ps
open_wave_config /home/xmen/Videos/RustDesk/SystolicCore/SystolicCore/SystolicCore/tb_behav.wcfg
source tb.tcl
# set curr_wave [current_wave_config]
# if { [string length $curr_wave] == 0 } {
#   if { [llength [get_objects]] > 0} {
#     add_wave /
#     set_property needs_save false [current_wave_config]
#   } else {
#      send_msg_id Add_Wave-1 WARNING "No top level signals found. Simulator will start without a wave window. If you want to open a wave window go to 'File->New Waveform Configuration' or type 'create_wave_config' in the TCL console."
#   }
# }
# run 1000ns
Block Memory Generator module tb.a.SystolicCore0.serial2mem_opA.ram.inst.native_mem_module.blk_mem_gen_v8_4_12_inst is using a behavioral model for simulation which will not precisely model memory collision behavior.
Block Memory Generator module tb.a.SystolicCore0.serial2mem_opB.ram.inst.native_mem_module.blk_mem_gen_v8_4_12_inst is using a behavioral model for simulation which will not precisely model memory collision behavior.
Block Memory Generator module tb.a.SystolicCore1.serial2mem_opA.ram.inst.native_mem_module.blk_mem_gen_v8_4_12_inst is using a behavioral model for simulation which will not precisely model memory collision behavior.
Block Memory Generator module tb.a.SystolicCore1.serial2mem_opB.ram.inst.native_mem_module.blk_mem_gen_v8_4_12_inst is using a behavioral model for simulation which will not precisely model memory collision behavior.
blk_mem_gen_v8_4_12 collision detected at time: 45000, Instance: tb.a.SystolicCore0.serial2mem_opA.ram.inst.native_mem_module.blk_mem_gen_v8_4_12_inst, A write address: 0, B  read address: 0
blk_mem_gen_v8_4_12 collision detected at time: 45000, Instance: tb.a.SystolicCore0.serial2mem_opB.ram.inst.native_mem_module.blk_mem_gen_v8_4_12_inst, A write address: 0, B  read address: 0
blk_mem_gen_v8_4_12 collision detected at time: 45000, Instance: tb.a.SystolicCore1.serial2mem_opA.ram.inst.native_mem_module.blk_mem_gen_v8_4_12_inst, A write address: 0, B  read address: 0
blk_mem_gen_v8_4_12 collision detected at time: 45000, Instance: tb.a.SystolicCore1.serial2mem_opB.ram.inst.native_mem_module.blk_mem_gen_v8_4_12_inst, A write address: 0, B  read address: 0
blk_mem_gen_v8_4_12 collision detected at time: 55000, Instance: tb.a.SystolicCore0.serial2mem_opA.ram.inst.native_mem_module.blk_mem_gen_v8_4_12_inst, A write address: 0, B  read address: 0
blk_mem_gen_v8_4_12 collision detected at time: 55000, Instance: tb.a.SystolicCore0.serial2mem_opB.ram.inst.native_mem_module.blk_mem_gen_v8_4_12_inst, A write address: 0, B  read address: 0
blk_mem_gen_v8_4_12 collision detected at time: 55000, Instance: tb.a.SystolicCore1.serial2mem_opA.ram.inst.native_mem_module.blk_mem_gen_v8_4_12_inst, A write address: 0, B  read address: 0
blk_mem_gen_v8_4_12 collision detected at time: 55000, Instance: tb.a.SystolicCore1.serial2mem_opB.ram.inst.native_mem_module.blk_mem_gen_v8_4_12_inst, A write address: 0, B  read address: 0
blk_mem_gen_v8_4_12 collision detected at time: 65000, Instance: tb.a.SystolicCore0.serial2mem_opA.ram.inst.native_mem_module.blk_mem_gen_v8_4_12_inst, A write address: 0, B  read address: 0
blk_mem_gen_v8_4_12 collision detected at time: 65000, Instance: tb.a.SystolicCore0.serial2mem_opB.ram.inst.native_mem_module.blk_mem_gen_v8_4_12_inst, A write address: 0, B  read address: 0
blk_mem_gen_v8_4_12 collision detected at time: 65000, Instance: tb.a.SystolicCore1.serial2mem_opA.ram.inst.native_mem_module.blk_mem_gen_v8_4_12_inst, A write address: 0, B  read address: 0
blk_mem_gen_v8_4_12 collision detected at time: 65000, Instance: tb.a.SystolicCore1.serial2mem_opB.ram.inst.native_mem_module.blk_mem_gen_v8_4_12_inst, A write address: 0, B  read address: 0
blk_mem_gen_v8_4_12 collision detected at time: 75000, Instance: tb.a.SystolicCore0.serial2mem_opA.ram.inst.native_mem_module.blk_mem_gen_v8_4_12_inst, A write address: 0, B  read address: 0
blk_mem_gen_v8_4_12 collision detected at time: 75000, Instance: tb.a.SystolicCore0.serial2mem_opB.ram.inst.native_mem_module.blk_mem_gen_v8_4_12_inst, A write address: 0, B  read address: 0
blk_mem_gen_v8_4_12 collision detected at time: 75000, Instance: tb.a.SystolicCore1.serial2mem_opA.ram.inst.native_mem_module.blk_mem_gen_v8_4_12_inst, A write address: 0, B  read address: 0
blk_mem_gen_v8_4_12 collision detected at time: 75000, Instance: tb.a.SystolicCore1.serial2mem_opB.ram.inst.native_mem_module.blk_mem_gen_v8_4_12_inst, A write address: 0, B  read address: 0
INFO: [USF-XSim-96] XSim completed. Design snapshot 'tb_behav' loaded.
INFO: [USF-XSim-97] XSim simulation ran for 1000ns
launch_simulation: Time (s): cpu = 00:00:07 ; elapsed = 00:00:09 . Memory (MB): peak = 11326.645 ; gain = 0.000 ; free physical = 17397 ; free virtual = 40870
run all
run: Time (s): cpu = 00:00:13 ; elapsed = 00:01:00 . Memory (MB): peak = 11326.645 ; gain = 0.000 ; free physical = 16885 ; free virtual = 40781
WARNING: [filemgmt 56-199] Attempt to get parsing info during refresh. "On-the-fly" syntax checking information may be incorrect. [/home/xmen/Videos/RustDesk/SystolicCore/SystolicCore/rtl/Arty7_top_sim.sv:]
WARNING: [filemgmt 56-199] Attempt to get parsing info during refresh. "On-the-fly" syntax checking information may be incorrect. [/home/xmen/Videos/RustDesk/SystolicCore/SystolicCore/rtl/accumulator.sv:]
WARNING: [filemgmt 56-199] Attempt to get parsing info during refresh. "On-the-fly" syntax checking information may be incorrect. [/home/xmen/Videos/RustDesk/SystolicCore/SystolicCore/rtl/serial2mem.sv:]
WARNING: [filemgmt 56-199] Attempt to get parsing info during refresh. "On-the-fly" syntax checking information may be incorrect. [/home/xmen/Videos/RustDesk/SystolicCore/SystolicCore/tb/tb_fpga.sv:]
WARNING: [filemgmt 56-199] Attempt to get parsing info during refresh. "On-the-fly" syntax checking information may be incorrect. [/home/xmen/Videos/RustDesk/SystolicCore/SystolicCore/rtl/SystolicControlUnit.sv:]
WARNING: [filemgmt 56-199] Attempt to get parsing info during refresh. "On-the-fly" syntax checking information may be incorrect. [/home/xmen/Videos/RustDesk/SystolicCore/SystolicCore/rtl/Arty7_top_sim.sv:]
WARNING: [filemgmt 56-199] Attempt to get parsing info during refresh. "On-the-fly" syntax checking information may be incorrect. [/home/xmen/Videos/RustDesk/SystolicCore/SystolicCore/rtl/Arty7_top_sim.sv:]
WARNING: [filemgmt 56-199] Attempt to get parsing info during refresh. "On-the-fly" syntax checking information may be incorrect. [/home/xmen/Videos/RustDesk/SystolicCore/SystolicCore/rtl/Arty7_top_sim.sv:]
WARNING: [filemgmt 56-199] Attempt to get parsing info during refresh. "On-the-fly" syntax checking information may be incorrect. [/home/xmen/Videos/RustDesk/SystolicCore/SystolicCore/rtl/accumulator.sv:]
WARNING: [filemgmt 56-199] Attempt to get parsing info during refresh. "On-the-fly" syntax checking information may be incorrect. [/home/xmen/Videos/RustDesk/SystolicCore/SystolicCore/rtl/serial2mem.sv:]
WARNING: [filemgmt 56-199] Attempt to get parsing info during refresh. "On-the-fly" syntax checking information may be incorrect. [/home/xmen/Videos/RustDesk/SystolicCore/SystolicCore/tb/tb_fpga.sv:]
WARNING: [filemgmt 56-199] Attempt to get parsing info during refresh. "On-the-fly" syntax checking information may be incorrect. [/home/xmen/Videos/RustDesk/SystolicCore/SystolicCore/rtl/SystolicControlUnit.sv:]
WARNING: [filemgmt 56-199] Attempt to get parsing info during refresh. "On-the-fly" syntax checking information may be incorrect. [/home/xmen/Videos/RustDesk/SystolicCore/SystolicCore/tb/tb_fpga.sv:]
WARNING: [filemgmt 56-199] Attempt to get parsing info during refresh. "On-the-fly" syntax checking information may be incorrect. [/home/xmen/Videos/RustDesk/SystolicCore/SystolicCore/tb/tb_fpga.sv:]
WARNING: [filemgmt 56-199] Attempt to get parsing info during refresh. "On-the-fly" syntax checking information may be incorrect. [/home/xmen/Videos/RustDesk/SystolicCore/SystolicCore/rtl/Arty7_top_sim.sv:]
WARNING: [filemgmt 56-199] Attempt to get parsing info during refresh. "On-the-fly" syntax checking information may be incorrect. [/home/xmen/Videos/RustDesk/SystolicCore/SystolicCore/rtl/accumulator.sv:]
WARNING: [filemgmt 56-199] Attempt to get parsing info during refresh. "On-the-fly" syntax checking information may be incorrect. [/home/xmen/Videos/RustDesk/SystolicCore/SystolicCore/rtl/serial2mem.sv:]
WARNING: [filemgmt 56-199] Attempt to get parsing info during refresh. "On-the-fly" syntax checking information may be incorrect. [/home/xmen/Videos/RustDesk/SystolicCore/SystolicCore/tb/tb_fpga.sv:]
WARNING: [filemgmt 56-199] Attempt to get parsing info during refresh. "On-the-fly" syntax checking information may be incorrect. [/home/xmen/Videos/RustDesk/SystolicCore/SystolicCore/rtl/SystolicControlUnit.sv:]
WARNING: [filemgmt 56-199] Attempt to get parsing info during refresh. "On-the-fly" syntax checking information may be incorrect. [/home/xmen/Videos/RustDesk/SystolicCore/SystolicCore/rtl/accumulator.sv:]
WARNING: [filemgmt 56-199] Attempt to get parsing info during refresh. "On-the-fly" syntax checking information may be incorrect. [/home/xmen/Videos/RustDesk/SystolicCore/SystolicCore/rtl/accumulator.sv:]
WARNING: [filemgmt 56-199] Attempt to get parsing info during refresh. "On-the-fly" syntax checking information may be incorrect. [/home/xmen/Videos/RustDesk/SystolicCore/SystolicCore/rtl/Arty7_top_sim.sv:]
WARNING: [filemgmt 56-199] Attempt to get parsing info during refresh. "On-the-fly" syntax checking information may be incorrect. [/home/xmen/Videos/RustDesk/SystolicCore/SystolicCore/rtl/accumulator.sv:]
WARNING: [filemgmt 56-199] Attempt to get parsing info during refresh. "On-the-fly" syntax checking information may be incorrect. [/home/xmen/Videos/RustDesk/SystolicCore/SystolicCore/rtl/serial2mem.sv:]
WARNING: [filemgmt 56-199] Attempt to get parsing info during refresh. "On-the-fly" syntax checking information may be incorrect. [/home/xmen/Videos/RustDesk/SystolicCore/SystolicCore/tb/tb_fpga.sv:]
WARNING: [filemgmt 56-199] Attempt to get parsing info during refresh. "On-the-fly" syntax checking information may be incorrect. [/home/xmen/Videos/RustDesk/SystolicCore/SystolicCore/rtl/SystolicControlUnit.sv:]
WARNING: [filemgmt 56-199] Attempt to get parsing info during refresh. "On-the-fly" syntax checking information may be incorrect. [/home/xmen/Videos/RustDesk/SystolicCore/SystolicCore/rtl/SystolicControlUnit.sv:]
WARNING: [filemgmt 56-199] Attempt to get parsing info during refresh. "On-the-fly" syntax checking information may be incorrect. [/home/xmen/Videos/RustDesk/SystolicCore/SystolicCore/rtl/SystolicControlUnit.sv:]
close_sim
INFO: xsimkernel Simulation Memory Usage: 514664 KB (Peak: 571180 KB), Simulation CPU Usage: 59970 ms
INFO: [Simtcl 6-16] Simulation closed
launch_simulation
Command: launch_simulation 
INFO: [Vivado 12-25911] Executing simulation for 'XSim' simulator
INFO: [Project 1-5737] Running on host VT0144 (64) - Rocky Linux release 8.10 (Green Obsidian)
INFO: [Vivado 12-28535] Process started - Sat Dec 27 12:09:35 2025

INFO: [Vivado 12-12493] Simulation top is 'tb'
INFO: [Vivado 12-5698] Checking validity of IPs in the design for the 'XSim' simulator...
INFO: [Vivado 12-5682] Launching behavioral simulation in '/home/xmen/Videos/RustDesk/SystolicCore/SystolicCore/SystolicCore/SystolicCore.sim/sim_1/behav/xsim'
INFO: [Vivado 12-4795] Using compiled simulation libraries for IPs
INFO: [SIM-utils-51] Simulation object is 'sim_1'
INFO: [SIM-utils-72] Using boost library from '/home/xmen/Music/2025.2/tps/boost_1_72_0'
INFO: [USF-XSim-7] Finding pre-compiled libraries...
INFO: [USF-XSim-11] File '/home/xmen/Music/2025.2/data/xsim/xsim.ini' copied to run dir:'/home/xmen/Videos/RustDesk/SystolicCore/SystolicCore/SystolicCore/SystolicCore.sim/sim_1/behav/xsim'
INFO: [SIM-utils-54] Inspecting design source files for 'tb' in fileset 'sim_1'...
INFO: [SIM-utils-43] Exported '/home/xmen/Videos/RustDesk/SystolicCore/SystolicCore/SystolicCore/SystolicCore.sim/sim_1/behav/xsim/testeINPUT_B1.mem'
INFO: [SIM-utils-43] Exported '/home/xmen/Videos/RustDesk/SystolicCore/SystolicCore/SystolicCore/SystolicCore.sim/sim_1/behav/xsim/testeINPUT_B.mem'
INFO: [SIM-utils-43] Exported '/home/xmen/Videos/RustDesk/SystolicCore/SystolicCore/SystolicCore/SystolicCore.sim/sim_1/behav/xsim/testeINPUT_A1.mem'
INFO: [SIM-utils-43] Exported '/home/xmen/Videos/RustDesk/SystolicCore/SystolicCore/SystolicCore/SystolicCore.sim/sim_1/behav/xsim/testeINPUT_A.mem'
INFO: [SIM-utils-43] Exported '/home/xmen/Videos/RustDesk/SystolicCore/SystolicCore/SystolicCore/SystolicCore.sim/sim_1/behav/xsim/testeINPUT_B1.mem'
INFO: [SIM-utils-43] Exported '/home/xmen/Videos/RustDesk/SystolicCore/SystolicCore/SystolicCore/SystolicCore.sim/sim_1/behav/xsim/testeINPUT_B.mem'
INFO: [SIM-utils-43] Exported '/home/xmen/Videos/RustDesk/SystolicCore/SystolicCore/SystolicCore/SystolicCore.sim/sim_1/behav/xsim/testeINPUT_A1.mem'
INFO: [SIM-utils-43] Exported '/home/xmen/Videos/RustDesk/SystolicCore/SystolicCore/SystolicCore/SystolicCore.sim/sim_1/behav/xsim/testeINPUT_A.mem'
INFO: [USF-XSim-97] Finding global include files...
INFO: [USF-XSim-98] Fetching design files from 'sim_1'...
INFO: [USF-XSim-2] XSim::Compile design
INFO: [USF-XSim-61] Executing 'COMPILE and ANALYZE' step in '/home/xmen/Videos/RustDesk/SystolicCore/SystolicCore/SystolicCore/SystolicCore.sim/sim_1/behav/xsim'
xvlog --incr --relax -L uvm -prj tb_vlog.prj
INFO: [VRFC 10-2263] Analyzing SystemVerilog file "/home/xmen/Videos/RustDesk/SystolicCore/SystolicCore/rtl/Arty7_top_sim.sv" into library xil_defaultlib
INFO: [VRFC 10-311] analyzing module Arty7_top_sim
INFO: [VRFC 10-2263] Analyzing SystemVerilog file "/home/xmen/Videos/RustDesk/SystolicCore/SystolicCore/rtl/SystolicControlUnit.sv" into library xil_defaultlib
INFO: [VRFC 10-311] analyzing module systolicControlUnitTop
INFO: [VRFC 10-2263] Analyzing SystemVerilog file "/home/xmen/Videos/RustDesk/SystolicCore/SystolicCore/rtl/SystolicCore.sv" into library xil_defaultlib
INFO: [VRFC 10-311] analyzing module SystolicCoreTop
INFO: [VRFC 10-2263] Analyzing SystemVerilog file "/home/xmen/Videos/RustDesk/SystolicCore/SystolicCore/rtl/accumulator.sv" into library xil_defaultlib
INFO: [VRFC 10-311] analyzing module accumulator_cells
INFO: [VRFC 10-2263] Analyzing SystemVerilog file "/home/xmen/Videos/RustDesk/SystolicCore/SystolicCore/rtl/uart/rtl/counter.sv" into library xil_defaultlib
INFO: [VRFC 10-311] analyzing module counter
INFO: [VRFC 10-2263] Analyzing SystemVerilog file "/home/xmen/Videos/RustDesk/SystolicCore/SystolicCore/rtl/mem2serial.sv" into library xil_defaultlib
INFO: [VRFC 10-311] analyzing module mem2seriala
INFO: [VRFC 10-2263] Analyzing SystemVerilog file "/home/xmen/Videos/RustDesk/SystolicCore/SystolicCore/rtl/uart/rtl/ref_clock.sv" into library xil_defaultlib
INFO: [VRFC 10-311] analyzing module ref_clock
INFO: [VRFC 10-2263] Analyzing SystemVerilog file "/home/xmen/Videos/RustDesk/SystolicCore/SystolicCore/rtl/serial2mem.sv" into library xil_defaultlib
INFO: [VRFC 10-311] analyzing module serial2mem
INFO: [VRFC 10-2263] Analyzing SystemVerilog file "/home/xmen/Videos/RustDesk/SystolicCore/SystolicCore/rtl/systolicMatrixMultiply.sv" into library xil_defaultlib
INFO: [VRFC 10-311] analyzing module systolicMatrixMultiply
INFO: [VRFC 10-2263] Analyzing SystemVerilog file "/home/xmen/Videos/RustDesk/SystolicCore/SystolicCore/rtl/src/uart_top.sv" into library xil_defaultlib
INFO: [VRFC 10-311] analyzing module uart_top
INFO: [VRFC 10-2263] Analyzing SystemVerilog file "/home/xmen/Videos/RustDesk/SystolicCore/SystolicCore/tb/tb_fpga.sv" into library xil_defaultlib
INFO: [VRFC 10-311] analyzing module tb
WARNING: [VRFC 10-8658] /* is inside a comment [/home/xmen/Videos/RustDesk/SystolicCore/SystolicCore/tb/tb_fpga.sv:75]
Waiting for jobs to finish...
No pending jobs, compilation finished.
INFO: [USF-XSim-69] 'compile' step finished in '1' seconds
INFO: [USF-XSim-3] XSim::Elaborate design
INFO: [USF-XSim-61] Executing 'ELABORATE' step in '/home/xmen/Videos/RustDesk/SystolicCore/SystolicCore/SystolicCore/SystolicCore.sim/sim_1/behav/xsim'
xelab --incr --debug typical --relax --mt 8 -L xil_defaultlib -L blk_mem_gen_v8_4_12 -L uvm -L unisims_ver -L unimacro_ver -L secureip -L xpm --snapshot tb_behav xil_defaultlib.tb xil_defaultlib.glbl -log elaborate.log
Vivado Simulator v2025.2
Copyright 1986-2022 Xilinx, Inc. All Rights Reserved.
Copyright 2022-2025 Advanced Micro Devices, Inc. All Rights Reserved.
Running: /home/xmen/Music/2025.2/Vivado/bin/unwrapped/lnx64.o/xelab --incr --debug typical --relax --mt 8 -L xil_defaultlib -L blk_mem_gen_v8_4_12 -L uvm -L unisims_ver -L unimacro_ver -L secureip -L xpm --snapshot tb_behav xil_defaultlib.tb xil_defaultlib.glbl -log elaborate.log 
Using 8 slave threads.
Starting static elaboration
Pass Through NonSizing Optimizer
WARNING: [VRFC 10-3091] actual bit length 32 differs from formal bit length 1 for port 'valid_rx_in' [/home/xmen/Videos/RustDesk/SystolicCore/SystolicCore/tb/tb_fpga.sv:38]
WARNING: [VRFC 10-3091] actual bit length 12 differs from formal bit length 8 for port 'data_tx_in' [/home/xmen/Videos/RustDesk/SystolicCore/SystolicCore/tb/tb_fpga.sv:43]
WARNING: [VRFC 10-3818] variable 'tb_uart_data_tx_in' is driven by invalid combination of procedural drivers [/home/xmen/Videos/RustDesk/SystolicCore/SystolicCore/tb/tb_fpga.sv:29]
WARNING: [VRFC 10-2921] 'tb_uart_data_tx_in' driven by this always_comb block should not be driven by any other process [/home/xmen/Videos/RustDesk/SystolicCore/SystolicCore/tb/tb_fpga.sv:128]
WARNING: [VRFC 10-3823] variable 'uart_valid_rx_in' might have multiple concurrent drivers [/home/xmen/Videos/RustDesk/SystolicCore/SystolicCore/rtl/Arty7_top_sim.sv:83]
WARNING: [VRFC 10-3823] variable 'uart_data_tx_in' might have multiple concurrent drivers [/home/xmen/Videos/RustDesk/SystolicCore/SystolicCore/rtl/Arty7_top_sim.sv:96]
WARNING: [VRFC 10-10063] index 16 into 'b_vec' is out of bounds [/home/xmen/Videos/RustDesk/SystolicCore/SystolicCore/rtl/systolicMatrixMultiply.sv:52]
WARNING: [VRFC 10-10063] index 16 into 'a_vec' is out of bounds [/home/xmen/Videos/RustDesk/SystolicCore/SystolicCore/rtl/systolicMatrixMultiply.sv:51]
Completed static elaboration
Starting simulation data flow analysis
Completed simulation data flow analysis
Time Resolution for simulation is 1ps
Compiling module xil_defaultlib.uart_rx_default
Compiling module xil_defaultlib.uart_tx_default
Compiling module xil_defaultlib.uart_top
Compiling module xil_defaultlib.accumulator_cells(WIDTH=8)
Compiling module xil_defaultlib.systolicMatrixMultiply(SIZE=16)
Compiling module blk_mem_gen_v8_4_12.blk_mem_gen_v8_4_12_output_stage...
Compiling module blk_mem_gen_v8_4_12.blk_mem_gen_v8_4_12_output_stage...
Compiling module blk_mem_gen_v8_4_12.blk_mem_gen_v8_4_12_softecc_outp...
Compiling module blk_mem_gen_v8_4_12.blk_mem_gen_v8_4_12_mem_module(C...
Compiling module blk_mem_gen_v8_4_12.blk_mem_gen_v8_4_12(C_FAMILY="ar...
Compiling module xil_defaultlib.ram_dual_port
Compiling module xil_defaultlib.serial2mem(SIZE=16)
Compiling module xil_defaultlib.mem2seriala(SIZE=16)
Compiling module xil_defaultlib.ila_3
Compiling module xil_defaultlib.systolicControlUnitTop
Compiling module xil_defaultlib.counter(MOD=4347)
Compiling module xil_defaultlib.ref_clock(CLOCK_REF=11500,CLOCK_...
Compiling module xil_defaultlib.SystolicCoreTop(SIZE=16,CLOCK_TR...
Compiling module xil_defaultlib.Arty7_top_sim
Compiling module xil_defaultlib.tb
Compiling module xil_defaultlib.glbl
Built simulation snapshot tb_behav
INFO: [USF-XSim-69] 'elaborate' step finished in '4' seconds
INFO: [USF-XSim-4] XSim::Simulate design
INFO: [USF-XSim-61] Executing 'SIMULATE' step in '/home/xmen/Videos/RustDesk/SystolicCore/SystolicCore/SystolicCore/SystolicCore.sim/sim_1/behav/xsim'
INFO: [USF-XSim-98] *** Running xsim
   with args "tb_behav -key {Behavioral:sim_1:Functional:tb} -tclbatch {tb.tcl} -view {/home/xmen/Videos/RustDesk/SystolicCore/SystolicCore/SystolicCore/tb_behav.wcfg} -log {simulate.log}"
INFO: [USF-XSim-8] Loading simulator feature
Time resolution is 1 ps
open_wave_config /home/xmen/Videos/RustDesk/SystolicCore/SystolicCore/SystolicCore/tb_behav.wcfg
source tb.tcl
# set curr_wave [current_wave_config]
# if { [string length $curr_wave] == 0 } {
#   if { [llength [get_objects]] > 0} {
#     add_wave /
#     set_property needs_save false [current_wave_config]
#   } else {
#      send_msg_id Add_Wave-1 WARNING "No top level signals found. Simulator will start without a wave window. If you want to open a wave window go to 'File->New Waveform Configuration' or type 'create_wave_config' in the TCL console."
#   }
# }
# run 1000ns
Block Memory Generator module tb.a.SystolicCore0.serial2mem_opA.ram.inst.native_mem_module.blk_mem_gen_v8_4_12_inst is using a behavioral model for simulation which will not precisely model memory collision behavior.
Block Memory Generator module tb.a.SystolicCore0.serial2mem_opB.ram.inst.native_mem_module.blk_mem_gen_v8_4_12_inst is using a behavioral model for simulation which will not precisely model memory collision behavior.
Block Memory Generator module tb.a.SystolicCore1.serial2mem_opA.ram.inst.native_mem_module.blk_mem_gen_v8_4_12_inst is using a behavioral model for simulation which will not precisely model memory collision behavior.
Block Memory Generator module tb.a.SystolicCore1.serial2mem_opB.ram.inst.native_mem_module.blk_mem_gen_v8_4_12_inst is using a behavioral model for simulation which will not precisely model memory collision behavior.
blk_mem_gen_v8_4_12 collision detected at time: 45000, Instance: tb.a.SystolicCore0.serial2mem_opA.ram.inst.native_mem_module.blk_mem_gen_v8_4_12_inst, A write address: 0, B  read address: 0
blk_mem_gen_v8_4_12 collision detected at time: 45000, Instance: tb.a.SystolicCore0.serial2mem_opB.ram.inst.native_mem_module.blk_mem_gen_v8_4_12_inst, A write address: 0, B  read address: 0
blk_mem_gen_v8_4_12 collision detected at time: 45000, Instance: tb.a.SystolicCore1.serial2mem_opA.ram.inst.native_mem_module.blk_mem_gen_v8_4_12_inst, A write address: 0, B  read address: 0
blk_mem_gen_v8_4_12 collision detected at time: 45000, Instance: tb.a.SystolicCore1.serial2mem_opB.ram.inst.native_mem_module.blk_mem_gen_v8_4_12_inst, A write address: 0, B  read address: 0
blk_mem_gen_v8_4_12 collision detected at time: 55000, Instance: tb.a.SystolicCore0.serial2mem_opA.ram.inst.native_mem_module.blk_mem_gen_v8_4_12_inst, A write address: 0, B  read address: 0
blk_mem_gen_v8_4_12 collision detected at time: 55000, Instance: tb.a.SystolicCore0.serial2mem_opB.ram.inst.native_mem_module.blk_mem_gen_v8_4_12_inst, A write address: 0, B  read address: 0
blk_mem_gen_v8_4_12 collision detected at time: 55000, Instance: tb.a.SystolicCore1.serial2mem_opA.ram.inst.native_mem_module.blk_mem_gen_v8_4_12_inst, A write address: 0, B  read address: 0
blk_mem_gen_v8_4_12 collision detected at time: 55000, Instance: tb.a.SystolicCore1.serial2mem_opB.ram.inst.native_mem_module.blk_mem_gen_v8_4_12_inst, A write address: 0, B  read address: 0
blk_mem_gen_v8_4_12 collision detected at time: 65000, Instance: tb.a.SystolicCore0.serial2mem_opA.ram.inst.native_mem_module.blk_mem_gen_v8_4_12_inst, A write address: 0, B  read address: 0
blk_mem_gen_v8_4_12 collision detected at time: 65000, Instance: tb.a.SystolicCore0.serial2mem_opB.ram.inst.native_mem_module.blk_mem_gen_v8_4_12_inst, A write address: 0, B  read address: 0
blk_mem_gen_v8_4_12 collision detected at time: 65000, Instance: tb.a.SystolicCore1.serial2mem_opA.ram.inst.native_mem_module.blk_mem_gen_v8_4_12_inst, A write address: 0, B  read address: 0
blk_mem_gen_v8_4_12 collision detected at time: 65000, Instance: tb.a.SystolicCore1.serial2mem_opB.ram.inst.native_mem_module.blk_mem_gen_v8_4_12_inst, A write address: 0, B  read address: 0
blk_mem_gen_v8_4_12 collision detected at time: 75000, Instance: tb.a.SystolicCore0.serial2mem_opA.ram.inst.native_mem_module.blk_mem_gen_v8_4_12_inst, A write address: 0, B  read address: 0
blk_mem_gen_v8_4_12 collision detected at time: 75000, Instance: tb.a.SystolicCore0.serial2mem_opB.ram.inst.native_mem_module.blk_mem_gen_v8_4_12_inst, A write address: 0, B  read address: 0
blk_mem_gen_v8_4_12 collision detected at time: 75000, Instance: tb.a.SystolicCore1.serial2mem_opA.ram.inst.native_mem_module.blk_mem_gen_v8_4_12_inst, A write address: 0, B  read address: 0
blk_mem_gen_v8_4_12 collision detected at time: 75000, Instance: tb.a.SystolicCore1.serial2mem_opB.ram.inst.native_mem_module.blk_mem_gen_v8_4_12_inst, A write address: 0, B  read address: 0
INFO: [USF-XSim-96] XSim completed. Design snapshot 'tb_behav' loaded.
INFO: [USF-XSim-97] XSim simulation ran for 1000ns
launch_simulation: Time (s): cpu = 00:00:07 ; elapsed = 00:00:10 . Memory (MB): peak = 11326.645 ; gain = 0.000 ; free physical = 16647 ; free virtual = 40125
restart
INFO: [Wavedata 42-604] Simulation restarted
run all
Block Memory Generator module tb.a.SystolicCore0.serial2mem_opA.ram.inst.native_mem_module.blk_mem_gen_v8_4_12_inst is using a behavioral model for simulation which will not precisely model memory collision behavior.
Block Memory Generator module tb.a.SystolicCore0.serial2mem_opB.ram.inst.native_mem_module.blk_mem_gen_v8_4_12_inst is using a behavioral model for simulation which will not precisely model memory collision behavior.
Block Memory Generator module tb.a.SystolicCore1.serial2mem_opA.ram.inst.native_mem_module.blk_mem_gen_v8_4_12_inst is using a behavioral model for simulation which will not precisely model memory collision behavior.
Block Memory Generator module tb.a.SystolicCore1.serial2mem_opB.ram.inst.native_mem_module.blk_mem_gen_v8_4_12_inst is using a behavioral model for simulation which will not precisely model memory collision behavior.
blk_mem_gen_v8_4_12 collision detected at time: 45000, Instance: tb.a.SystolicCore0.serial2mem_opA.ram.inst.native_mem_module.blk_mem_gen_v8_4_12_inst, A write address: 0, B  read address: 0
blk_mem_gen_v8_4_12 collision detected at time: 45000, Instance: tb.a.SystolicCore0.serial2mem_opB.ram.inst.native_mem_module.blk_mem_gen_v8_4_12_inst, A write address: 0, B  read address: 0
blk_mem_gen_v8_4_12 collision detected at time: 45000, Instance: tb.a.SystolicCore1.serial2mem_opA.ram.inst.native_mem_module.blk_mem_gen_v8_4_12_inst, A write address: 0, B  read address: 0
blk_mem_gen_v8_4_12 collision detected at time: 45000, Instance: tb.a.SystolicCore1.serial2mem_opB.ram.inst.native_mem_module.blk_mem_gen_v8_4_12_inst, A write address: 0, B  read address: 0
blk_mem_gen_v8_4_12 collision detected at time: 55000, Instance: tb.a.SystolicCore0.serial2mem_opA.ram.inst.native_mem_module.blk_mem_gen_v8_4_12_inst, A write address: 0, B  read address: 0
blk_mem_gen_v8_4_12 collision detected at time: 55000, Instance: tb.a.SystolicCore0.serial2mem_opB.ram.inst.native_mem_module.blk_mem_gen_v8_4_12_inst, A write address: 0, B  read address: 0
blk_mem_gen_v8_4_12 collision detected at time: 55000, Instance: tb.a.SystolicCore1.serial2mem_opA.ram.inst.native_mem_module.blk_mem_gen_v8_4_12_inst, A write address: 0, B  read address: 0
blk_mem_gen_v8_4_12 collision detected at time: 55000, Instance: tb.a.SystolicCore1.serial2mem_opB.ram.inst.native_mem_module.blk_mem_gen_v8_4_12_inst, A write address: 0, B  read address: 0
blk_mem_gen_v8_4_12 collision detected at time: 65000, Instance: tb.a.SystolicCore0.serial2mem_opA.ram.inst.native_mem_module.blk_mem_gen_v8_4_12_inst, A write address: 0, B  read address: 0
blk_mem_gen_v8_4_12 collision detected at time: 65000, Instance: tb.a.SystolicCore0.serial2mem_opB.ram.inst.native_mem_module.blk_mem_gen_v8_4_12_inst, A write address: 0, B  read address: 0
blk_mem_gen_v8_4_12 collision detected at time: 65000, Instance: tb.a.SystolicCore1.serial2mem_opA.ram.inst.native_mem_module.blk_mem_gen_v8_4_12_inst, A write address: 0, B  read address: 0
blk_mem_gen_v8_4_12 collision detected at time: 65000, Instance: tb.a.SystolicCore1.serial2mem_opB.ram.inst.native_mem_module.blk_mem_gen_v8_4_12_inst, A write address: 0, B  read address: 0
blk_mem_gen_v8_4_12 collision detected at time: 75000, Instance: tb.a.SystolicCore0.serial2mem_opA.ram.inst.native_mem_module.blk_mem_gen_v8_4_12_inst, A write address: 0, B  read address: 0
blk_mem_gen_v8_4_12 collision detected at time: 75000, Instance: tb.a.SystolicCore0.serial2mem_opB.ram.inst.native_mem_module.blk_mem_gen_v8_4_12_inst, A write address: 0, B  read address: 0
blk_mem_gen_v8_4_12 collision detected at time: 75000, Instance: tb.a.SystolicCore1.serial2mem_opA.ram.inst.native_mem_module.blk_mem_gen_v8_4_12_inst, A write address: 0, B  read address: 0
blk_mem_gen_v8_4_12 collision detected at time: 75000, Instance: tb.a.SystolicCore1.serial2mem_opB.ram.inst.native_mem_module.blk_mem_gen_v8_4_12_inst, A write address: 0, B  read address: 0
run: Time (s): cpu = 00:01:01 ; elapsed = 00:02:08 . Memory (MB): peak = 11326.645 ; gain = 0.000 ; free physical = 15996 ; free virtual = 40605
WARNING: [filemgmt 56-199] Attempt to get parsing info during refresh. "On-the-fly" syntax checking information may be incorrect. [/home/xmen/Videos/RustDesk/SystolicCore/SystolicCore/rtl/Arty7_top_sim.sv:]
WARNING: [filemgmt 56-199] Attempt to get parsing info during refresh. "On-the-fly" syntax checking information may be incorrect. [/home/xmen/Videos/RustDesk/SystolicCore/SystolicCore/rtl/accumulator.sv:]
WARNING: [filemgmt 56-199] Attempt to get parsing info during refresh. "On-the-fly" syntax checking information may be incorrect. [/home/xmen/Videos/RustDesk/SystolicCore/SystolicCore/rtl/serial2mem.sv:]
WARNING: [filemgmt 56-199] Attempt to get parsing info during refresh. "On-the-fly" syntax checking information may be incorrect. [/home/xmen/Videos/RustDesk/SystolicCore/SystolicCore/tb/tb_fpga.sv:]
WARNING: [filemgmt 56-199] Attempt to get parsing info during refresh. "On-the-fly" syntax checking information may be incorrect. [/home/xmen/Videos/RustDesk/SystolicCore/SystolicCore/rtl/SystolicControlUnit.sv:]
WARNING: [filemgmt 56-199] Attempt to get parsing info during refresh. "On-the-fly" syntax checking information may be incorrect. [/home/xmen/Videos/RustDesk/SystolicCore/SystolicCore/rtl/Arty7_top_sim.sv:]
WARNING: [filemgmt 56-199] Attempt to get parsing info during refresh. "On-the-fly" syntax checking information may be incorrect. [/home/xmen/Videos/RustDesk/SystolicCore/SystolicCore/rtl/Arty7_top_sim.sv:]
WARNING: [filemgmt 56-199] Attempt to get parsing info during refresh. "On-the-fly" syntax checking information may be incorrect. [/home/xmen/Videos/RustDesk/SystolicCore/SystolicCore/rtl/Arty7_top_sim.sv:]
WARNING: [filemgmt 56-199] Attempt to get parsing info during refresh. "On-the-fly" syntax checking information may be incorrect. [/home/xmen/Videos/RustDesk/SystolicCore/SystolicCore/rtl/accumulator.sv:]
WARNING: [filemgmt 56-199] Attempt to get parsing info during refresh. "On-the-fly" syntax checking information may be incorrect. [/home/xmen/Videos/RustDesk/SystolicCore/SystolicCore/rtl/serial2mem.sv:]
WARNING: [filemgmt 56-199] Attempt to get parsing info during refresh. "On-the-fly" syntax checking information may be incorrect. [/home/xmen/Videos/RustDesk/SystolicCore/SystolicCore/tb/tb_fpga.sv:]
WARNING: [filemgmt 56-199] Attempt to get parsing info during refresh. "On-the-fly" syntax checking information may be incorrect. [/home/xmen/Videos/RustDesk/SystolicCore/SystolicCore/rtl/SystolicControlUnit.sv:]
WARNING: [filemgmt 56-199] Attempt to get parsing info during refresh. "On-the-fly" syntax checking information may be incorrect. [/home/xmen/Videos/RustDesk/SystolicCore/SystolicCore/rtl/SystolicControlUnit.sv:]
WARNING: [filemgmt 56-199] Attempt to get parsing info during refresh. "On-the-fly" syntax checking information may be incorrect. [/home/xmen/Videos/RustDesk/SystolicCore/SystolicCore/rtl/SystolicControlUnit.sv:]
WARNING: [filemgmt 56-199] Attempt to get parsing info during refresh. "On-the-fly" syntax checking information may be incorrect. [/home/xmen/Videos/RustDesk/SystolicCore/SystolicCore/rtl/Arty7_top_sim.sv:]
WARNING: [filemgmt 56-199] Attempt to get parsing info during refresh. "On-the-fly" syntax checking information may be incorrect. [/home/xmen/Videos/RustDesk/SystolicCore/SystolicCore/rtl/accumulator.sv:]
WARNING: [filemgmt 56-199] Attempt to get parsing info during refresh. "On-the-fly" syntax checking information may be incorrect. [/home/xmen/Videos/RustDesk/SystolicCore/SystolicCore/rtl/serial2mem.sv:]
WARNING: [filemgmt 56-199] Attempt to get parsing info during refresh. "On-the-fly" syntax checking information may be incorrect. [/home/xmen/Videos/RustDesk/SystolicCore/SystolicCore/tb/tb_fpga.sv:]
WARNING: [filemgmt 56-199] Attempt to get parsing info during refresh. "On-the-fly" syntax checking information may be incorrect. [/home/xmen/Videos/RustDesk/SystolicCore/SystolicCore/rtl/SystolicControlUnit.sv:]
WARNING: [filemgmt 56-199] Attempt to get parsing info during refresh. "On-the-fly" syntax checking information may be incorrect. [/home/xmen/Videos/RustDesk/SystolicCore/SystolicCore/rtl/serial2mem.sv:]
WARNING: [filemgmt 56-199] Attempt to get parsing info during refresh. "On-the-fly" syntax checking information may be incorrect. [/home/xmen/Videos/RustDesk/SystolicCore/SystolicCore/rtl/serial2mem.sv:]
WARNING: [filemgmt 56-199] Attempt to get parsing info during refresh. "On-the-fly" syntax checking information may be incorrect. [/home/xmen/Videos/RustDesk/SystolicCore/SystolicCore/rtl/Arty7_top_sim.sv:]
WARNING: [filemgmt 56-199] Attempt to get parsing info during refresh. "On-the-fly" syntax checking information may be incorrect. [/home/xmen/Videos/RustDesk/SystolicCore/SystolicCore/rtl/accumulator.sv:]
WARNING: [filemgmt 56-199] Attempt to get parsing info during refresh. "On-the-fly" syntax checking information may be incorrect. [/home/xmen/Videos/RustDesk/SystolicCore/SystolicCore/rtl/serial2mem.sv:]
WARNING: [filemgmt 56-199] Attempt to get parsing info during refresh. "On-the-fly" syntax checking information may be incorrect. [/home/xmen/Videos/RustDesk/SystolicCore/SystolicCore/tb/tb_fpga.sv:]
WARNING: [filemgmt 56-199] Attempt to get parsing info during refresh. "On-the-fly" syntax checking information may be incorrect. [/home/xmen/Videos/RustDesk/SystolicCore/SystolicCore/rtl/SystolicControlUnit.sv:]
WARNING: [filemgmt 56-199] Attempt to get parsing info during refresh. "On-the-fly" syntax checking information may be incorrect. [/home/xmen/Videos/RustDesk/SystolicCore/SystolicCore/tb/tb_fpga.sv:]
WARNING: [filemgmt 56-199] Attempt to get parsing info during refresh. "On-the-fly" syntax checking information may be incorrect. [/home/xmen/Videos/RustDesk/SystolicCore/SystolicCore/tb/tb_fpga.sv:]
close_sim
INFO: xsimkernel Simulation Memory Usage: 511856 KB (Peak: 571180 KB), Simulation CPU Usage: 127780 ms
INFO: [Simtcl 6-16] Simulation closed
launch_simulation
Command: launch_simulation 
INFO: [Vivado 12-25911] Executing simulation for 'XSim' simulator
INFO: [Project 1-5737] Running on host VT0144 (64) - Rocky Linux release 8.10 (Green Obsidian)
INFO: [Vivado 12-28535] Process started - Sat Dec 27 12:12:01 2025

INFO: [Vivado 12-12493] Simulation top is 'tb'
INFO: [Vivado 12-5698] Checking validity of IPs in the design for the 'XSim' simulator...
INFO: [Vivado 12-5682] Launching behavioral simulation in '/home/xmen/Videos/RustDesk/SystolicCore/SystolicCore/SystolicCore/SystolicCore.sim/sim_1/behav/xsim'
INFO: [Vivado 12-4795] Using compiled simulation libraries for IPs
INFO: [SIM-utils-51] Simulation object is 'sim_1'
INFO: [SIM-utils-72] Using boost library from '/home/xmen/Music/2025.2/tps/boost_1_72_0'
INFO: [USF-XSim-7] Finding pre-compiled libraries...
INFO: [USF-XSim-11] File '/home/xmen/Music/2025.2/data/xsim/xsim.ini' copied to run dir:'/home/xmen/Videos/RustDesk/SystolicCore/SystolicCore/SystolicCore/SystolicCore.sim/sim_1/behav/xsim'
INFO: [SIM-utils-54] Inspecting design source files for 'tb' in fileset 'sim_1'...
INFO: [SIM-utils-43] Exported '/home/xmen/Videos/RustDesk/SystolicCore/SystolicCore/SystolicCore/SystolicCore.sim/sim_1/behav/xsim/testeINPUT_B1.mem'
INFO: [SIM-utils-43] Exported '/home/xmen/Videos/RustDesk/SystolicCore/SystolicCore/SystolicCore/SystolicCore.sim/sim_1/behav/xsim/testeINPUT_B.mem'
INFO: [SIM-utils-43] Exported '/home/xmen/Videos/RustDesk/SystolicCore/SystolicCore/SystolicCore/SystolicCore.sim/sim_1/behav/xsim/testeINPUT_A1.mem'
INFO: [SIM-utils-43] Exported '/home/xmen/Videos/RustDesk/SystolicCore/SystolicCore/SystolicCore/SystolicCore.sim/sim_1/behav/xsim/testeINPUT_A.mem'
INFO: [SIM-utils-43] Exported '/home/xmen/Videos/RustDesk/SystolicCore/SystolicCore/SystolicCore/SystolicCore.sim/sim_1/behav/xsim/testeINPUT_B1.mem'
INFO: [SIM-utils-43] Exported '/home/xmen/Videos/RustDesk/SystolicCore/SystolicCore/SystolicCore/SystolicCore.sim/sim_1/behav/xsim/testeINPUT_B.mem'
INFO: [SIM-utils-43] Exported '/home/xmen/Videos/RustDesk/SystolicCore/SystolicCore/SystolicCore/SystolicCore.sim/sim_1/behav/xsim/testeINPUT_A1.mem'
INFO: [SIM-utils-43] Exported '/home/xmen/Videos/RustDesk/SystolicCore/SystolicCore/SystolicCore/SystolicCore.sim/sim_1/behav/xsim/testeINPUT_A.mem'
INFO: [USF-XSim-97] Finding global include files...
INFO: [USF-XSim-98] Fetching design files from 'sim_1'...
INFO: [USF-XSim-2] XSim::Compile design
INFO: [USF-XSim-61] Executing 'COMPILE and ANALYZE' step in '/home/xmen/Videos/RustDesk/SystolicCore/SystolicCore/SystolicCore/SystolicCore.sim/sim_1/behav/xsim'
xvlog --incr --relax -L uvm -prj tb_vlog.prj
INFO: [VRFC 10-2263] Analyzing SystemVerilog file "/home/xmen/Videos/RustDesk/SystolicCore/SystolicCore/rtl/Arty7_top_sim.sv" into library xil_defaultlib
INFO: [VRFC 10-311] analyzing module Arty7_top_sim
INFO: [VRFC 10-2263] Analyzing SystemVerilog file "/home/xmen/Videos/RustDesk/SystolicCore/SystolicCore/rtl/SystolicControlUnit.sv" into library xil_defaultlib
INFO: [VRFC 10-311] analyzing module systolicControlUnitTop
INFO: [VRFC 10-2263] Analyzing SystemVerilog file "/home/xmen/Videos/RustDesk/SystolicCore/SystolicCore/rtl/SystolicCore.sv" into library xil_defaultlib
INFO: [VRFC 10-311] analyzing module SystolicCoreTop
INFO: [VRFC 10-2263] Analyzing SystemVerilog file "/home/xmen/Videos/RustDesk/SystolicCore/SystolicCore/rtl/accumulator.sv" into library xil_defaultlib
INFO: [VRFC 10-311] analyzing module accumulator_cells
INFO: [VRFC 10-2263] Analyzing SystemVerilog file "/home/xmen/Videos/RustDesk/SystolicCore/SystolicCore/rtl/uart/rtl/counter.sv" into library xil_defaultlib
INFO: [VRFC 10-311] analyzing module counter
INFO: [VRFC 10-2263] Analyzing SystemVerilog file "/home/xmen/Videos/RustDesk/SystolicCore/SystolicCore/rtl/mem2serial.sv" into library xil_defaultlib
INFO: [VRFC 10-311] analyzing module mem2seriala
INFO: [VRFC 10-2263] Analyzing SystemVerilog file "/home/xmen/Videos/RustDesk/SystolicCore/SystolicCore/rtl/uart/rtl/ref_clock.sv" into library xil_defaultlib
INFO: [VRFC 10-311] analyzing module ref_clock
INFO: [VRFC 10-2263] Analyzing SystemVerilog file "/home/xmen/Videos/RustDesk/SystolicCore/SystolicCore/rtl/serial2mem.sv" into library xil_defaultlib
INFO: [VRFC 10-311] analyzing module serial2mem
INFO: [VRFC 10-2263] Analyzing SystemVerilog file "/home/xmen/Videos/RustDesk/SystolicCore/SystolicCore/rtl/systolicMatrixMultiply.sv" into library xil_defaultlib
INFO: [VRFC 10-311] analyzing module systolicMatrixMultiply
INFO: [VRFC 10-2263] Analyzing SystemVerilog file "/home/xmen/Videos/RustDesk/SystolicCore/SystolicCore/rtl/src/uart_top.sv" into library xil_defaultlib
INFO: [VRFC 10-311] analyzing module uart_top
INFO: [VRFC 10-2263] Analyzing SystemVerilog file "/home/xmen/Videos/RustDesk/SystolicCore/SystolicCore/tb/tb_fpga.sv" into library xil_defaultlib
INFO: [VRFC 10-311] analyzing module tb
WARNING: [VRFC 10-8658] /* is inside a comment [/home/xmen/Videos/RustDesk/SystolicCore/SystolicCore/tb/tb_fpga.sv:75]
Waiting for jobs to finish...
No pending jobs, compilation finished.
INFO: [USF-XSim-69] 'compile' step finished in '1' seconds
INFO: [USF-XSim-3] XSim::Elaborate design
INFO: [USF-XSim-61] Executing 'ELABORATE' step in '/home/xmen/Videos/RustDesk/SystolicCore/SystolicCore/SystolicCore/SystolicCore.sim/sim_1/behav/xsim'
xelab --incr --debug typical --relax --mt 8 -L xil_defaultlib -L blk_mem_gen_v8_4_12 -L uvm -L unisims_ver -L unimacro_ver -L secureip -L xpm --snapshot tb_behav xil_defaultlib.tb xil_defaultlib.glbl -log elaborate.log
Vivado Simulator v2025.2
Copyright 1986-2022 Xilinx, Inc. All Rights Reserved.
Copyright 2022-2025 Advanced Micro Devices, Inc. All Rights Reserved.
Running: /home/xmen/Music/2025.2/Vivado/bin/unwrapped/lnx64.o/xelab --incr --debug typical --relax --mt 8 -L xil_defaultlib -L blk_mem_gen_v8_4_12 -L uvm -L unisims_ver -L unimacro_ver -L secureip -L xpm --snapshot tb_behav xil_defaultlib.tb xil_defaultlib.glbl -log elaborate.log 
Using 8 slave threads.
Starting static elaboration
Pass Through NonSizing Optimizer
WARNING: [VRFC 10-3091] actual bit length 32 differs from formal bit length 1 for port 'valid_rx_in' [/home/xmen/Videos/RustDesk/SystolicCore/SystolicCore/tb/tb_fpga.sv:38]
WARNING: [VRFC 10-3091] actual bit length 12 differs from formal bit length 8 for port 'data_tx_in' [/home/xmen/Videos/RustDesk/SystolicCore/SystolicCore/tb/tb_fpga.sv:43]
WARNING: [VRFC 10-3818] variable 'tb_uart_data_tx_in' is driven by invalid combination of procedural drivers [/home/xmen/Videos/RustDesk/SystolicCore/SystolicCore/tb/tb_fpga.sv:29]
WARNING: [VRFC 10-2921] 'tb_uart_data_tx_in' driven by this always_comb block should not be driven by any other process [/home/xmen/Videos/RustDesk/SystolicCore/SystolicCore/tb/tb_fpga.sv:128]
WARNING: [VRFC 10-3823] variable 'uart_valid_rx_in' might have multiple concurrent drivers [/home/xmen/Videos/RustDesk/SystolicCore/SystolicCore/rtl/Arty7_top_sim.sv:83]
WARNING: [VRFC 10-3823] variable 'uart_data_tx_in' might have multiple concurrent drivers [/home/xmen/Videos/RustDesk/SystolicCore/SystolicCore/rtl/Arty7_top_sim.sv:96]
WARNING: [VRFC 10-10063] index 16 into 'b_vec' is out of bounds [/home/xmen/Videos/RustDesk/SystolicCore/SystolicCore/rtl/systolicMatrixMultiply.sv:52]
WARNING: [VRFC 10-10063] index 16 into 'a_vec' is out of bounds [/home/xmen/Videos/RustDesk/SystolicCore/SystolicCore/rtl/systolicMatrixMultiply.sv:51]
Completed static elaboration
Starting simulation data flow analysis
Completed simulation data flow analysis
Time Resolution for simulation is 1ps
Compiling module xil_defaultlib.uart_rx_default
Compiling module xil_defaultlib.uart_tx_default
Compiling module xil_defaultlib.uart_top
Compiling module xil_defaultlib.accumulator_cells(WIDTH=8)
Compiling module xil_defaultlib.systolicMatrixMultiply(SIZE=16)
Compiling module blk_mem_gen_v8_4_12.blk_mem_gen_v8_4_12_output_stage...
Compiling module blk_mem_gen_v8_4_12.blk_mem_gen_v8_4_12_output_stage...
Compiling module blk_mem_gen_v8_4_12.blk_mem_gen_v8_4_12_softecc_outp...
Compiling module blk_mem_gen_v8_4_12.blk_mem_gen_v8_4_12_mem_module(C...
Compiling module blk_mem_gen_v8_4_12.blk_mem_gen_v8_4_12(C_FAMILY="ar...
Compiling module xil_defaultlib.ram_dual_port
Compiling module xil_defaultlib.serial2mem(SIZE=16)
Compiling module xil_defaultlib.mem2seriala(SIZE=16)
Compiling module xil_defaultlib.ila_3
Compiling module xil_defaultlib.systolicControlUnitTop
Compiling module xil_defaultlib.counter(MOD=4347)
Compiling module xil_defaultlib.ref_clock(CLOCK_REF=11500,CLOCK_...
Compiling module xil_defaultlib.SystolicCoreTop(SIZE=16,CLOCK_TR...
Compiling module xil_defaultlib.Arty7_top_sim
Compiling module xil_defaultlib.tb
Compiling module xil_defaultlib.glbl
Built simulation snapshot tb_behav
INFO: [USF-XSim-69] 'elaborate' step finished in '4' seconds
INFO: [USF-XSim-4] XSim::Simulate design
INFO: [USF-XSim-61] Executing 'SIMULATE' step in '/home/xmen/Videos/RustDesk/SystolicCore/SystolicCore/SystolicCore/SystolicCore.sim/sim_1/behav/xsim'
INFO: [USF-XSim-98] *** Running xsim
   with args "tb_behav -key {Behavioral:sim_1:Functional:tb} -tclbatch {tb.tcl} -view {/home/xmen/Videos/RustDesk/SystolicCore/SystolicCore/SystolicCore/tb_behav.wcfg} -log {simulate.log}"
INFO: [USF-XSim-8] Loading simulator feature
Time resolution is 1 ps
open_wave_config /home/xmen/Videos/RustDesk/SystolicCore/SystolicCore/SystolicCore/tb_behav.wcfg
source tb.tcl
# set curr_wave [current_wave_config]
# if { [string length $curr_wave] == 0 } {
#   if { [llength [get_objects]] > 0} {
#     add_wave /
#     set_property needs_save false [current_wave_config]
#   } else {
#      send_msg_id Add_Wave-1 WARNING "No top level signals found. Simulator will start without a wave window. If you want to open a wave window go to 'File->New Waveform Configuration' or type 'create_wave_config' in the TCL console."
#   }
# }
# run 1000ns
Block Memory Generator module tb.a.SystolicCore0.serial2mem_opA.ram.inst.native_mem_module.blk_mem_gen_v8_4_12_inst is using a behavioral model for simulation which will not precisely model memory collision behavior.
Block Memory Generator module tb.a.SystolicCore0.serial2mem_opB.ram.inst.native_mem_module.blk_mem_gen_v8_4_12_inst is using a behavioral model for simulation which will not precisely model memory collision behavior.
Block Memory Generator module tb.a.SystolicCore1.serial2mem_opA.ram.inst.native_mem_module.blk_mem_gen_v8_4_12_inst is using a behavioral model for simulation which will not precisely model memory collision behavior.
Block Memory Generator module tb.a.SystolicCore1.serial2mem_opB.ram.inst.native_mem_module.blk_mem_gen_v8_4_12_inst is using a behavioral model for simulation which will not precisely model memory collision behavior.
blk_mem_gen_v8_4_12 collision detected at time: 45000, Instance: tb.a.SystolicCore0.serial2mem_opA.ram.inst.native_mem_module.blk_mem_gen_v8_4_12_inst, A write address: 0, B  read address: 0
blk_mem_gen_v8_4_12 collision detected at time: 45000, Instance: tb.a.SystolicCore0.serial2mem_opB.ram.inst.native_mem_module.blk_mem_gen_v8_4_12_inst, A write address: 0, B  read address: 0
blk_mem_gen_v8_4_12 collision detected at time: 45000, Instance: tb.a.SystolicCore1.serial2mem_opA.ram.inst.native_mem_module.blk_mem_gen_v8_4_12_inst, A write address: 0, B  read address: 0
blk_mem_gen_v8_4_12 collision detected at time: 45000, Instance: tb.a.SystolicCore1.serial2mem_opB.ram.inst.native_mem_module.blk_mem_gen_v8_4_12_inst, A write address: 0, B  read address: 0
blk_mem_gen_v8_4_12 collision detected at time: 55000, Instance: tb.a.SystolicCore0.serial2mem_opA.ram.inst.native_mem_module.blk_mem_gen_v8_4_12_inst, A write address: 0, B  read address: 0
blk_mem_gen_v8_4_12 collision detected at time: 55000, Instance: tb.a.SystolicCore0.serial2mem_opB.ram.inst.native_mem_module.blk_mem_gen_v8_4_12_inst, A write address: 0, B  read address: 0
blk_mem_gen_v8_4_12 collision detected at time: 55000, Instance: tb.a.SystolicCore1.serial2mem_opA.ram.inst.native_mem_module.blk_mem_gen_v8_4_12_inst, A write address: 0, B  read address: 0
blk_mem_gen_v8_4_12 collision detected at time: 55000, Instance: tb.a.SystolicCore1.serial2mem_opB.ram.inst.native_mem_module.blk_mem_gen_v8_4_12_inst, A write address: 0, B  read address: 0
blk_mem_gen_v8_4_12 collision detected at time: 65000, Instance: tb.a.SystolicCore0.serial2mem_opA.ram.inst.native_mem_module.blk_mem_gen_v8_4_12_inst, A write address: 0, B  read address: 0
blk_mem_gen_v8_4_12 collision detected at time: 65000, Instance: tb.a.SystolicCore0.serial2mem_opB.ram.inst.native_mem_module.blk_mem_gen_v8_4_12_inst, A write address: 0, B  read address: 0
blk_mem_gen_v8_4_12 collision detected at time: 65000, Instance: tb.a.SystolicCore1.serial2mem_opA.ram.inst.native_mem_module.blk_mem_gen_v8_4_12_inst, A write address: 0, B  read address: 0
blk_mem_gen_v8_4_12 collision detected at time: 65000, Instance: tb.a.SystolicCore1.serial2mem_opB.ram.inst.native_mem_module.blk_mem_gen_v8_4_12_inst, A write address: 0, B  read address: 0
blk_mem_gen_v8_4_12 collision detected at time: 75000, Instance: tb.a.SystolicCore0.serial2mem_opA.ram.inst.native_mem_module.blk_mem_gen_v8_4_12_inst, A write address: 0, B  read address: 0
blk_mem_gen_v8_4_12 collision detected at time: 75000, Instance: tb.a.SystolicCore0.serial2mem_opB.ram.inst.native_mem_module.blk_mem_gen_v8_4_12_inst, A write address: 0, B  read address: 0
blk_mem_gen_v8_4_12 collision detected at time: 75000, Instance: tb.a.SystolicCore1.serial2mem_opA.ram.inst.native_mem_module.blk_mem_gen_v8_4_12_inst, A write address: 0, B  read address: 0
blk_mem_gen_v8_4_12 collision detected at time: 75000, Instance: tb.a.SystolicCore1.serial2mem_opB.ram.inst.native_mem_module.blk_mem_gen_v8_4_12_inst, A write address: 0, B  read address: 0
INFO: [USF-XSim-96] XSim completed. Design snapshot 'tb_behav' loaded.
INFO: [USF-XSim-97] XSim simulation ran for 1000ns
launch_simulation: Time (s): cpu = 00:00:08 ; elapsed = 00:00:09 . Memory (MB): peak = 11359.660 ; gain = 0.000 ; free physical = 16556 ; free virtual = 40071
run all
run: Time (s): cpu = 00:00:21 ; elapsed = 00:01:30 . Memory (MB): peak = 11359.660 ; gain = 0.000 ; free physical = 16537 ; free virtual = 40706
WARNING: [filemgmt 56-199] Attempt to get parsing info during refresh. "On-the-fly" syntax checking information may be incorrect. [/home/xmen/Videos/RustDesk/SystolicCore/SystolicCore/rtl/Arty7_top_sim.sv:]
WARNING: [filemgmt 56-199] Attempt to get parsing info during refresh. "On-the-fly" syntax checking information may be incorrect. [/home/xmen/Videos/RustDesk/SystolicCore/SystolicCore/rtl/accumulator.sv:]
WARNING: [filemgmt 56-199] Attempt to get parsing info during refresh. "On-the-fly" syntax checking information may be incorrect. [/home/xmen/Videos/RustDesk/SystolicCore/SystolicCore/rtl/serial2mem.sv:]
WARNING: [filemgmt 56-199] Attempt to get parsing info during refresh. "On-the-fly" syntax checking information may be incorrect. [/home/xmen/Videos/RustDesk/SystolicCore/SystolicCore/tb/tb_fpga.sv:]
WARNING: [filemgmt 56-199] Attempt to get parsing info during refresh. "On-the-fly" syntax checking information may be incorrect. [/home/xmen/Videos/RustDesk/SystolicCore/SystolicCore/rtl/SystolicControlUnit.sv:]
WARNING: [filemgmt 56-199] Attempt to get parsing info during refresh. "On-the-fly" syntax checking information may be incorrect. [/home/xmen/Videos/RustDesk/SystolicCore/SystolicCore/rtl/Arty7_top_sim.sv:]
WARNING: [filemgmt 56-199] Attempt to get parsing info during refresh. "On-the-fly" syntax checking information may be incorrect. [/home/xmen/Videos/RustDesk/SystolicCore/SystolicCore/rtl/Arty7_top_sim.sv:]
WARNING: [filemgmt 56-199] Attempt to get parsing info during refresh. "On-the-fly" syntax checking information may be incorrect. [/home/xmen/Videos/RustDesk/SystolicCore/SystolicCore/rtl/Arty7_top_sim.sv:]
WARNING: [filemgmt 56-199] Attempt to get parsing info during refresh. "On-the-fly" syntax checking information may be incorrect. [/home/xmen/Videos/RustDesk/SystolicCore/SystolicCore/rtl/accumulator.sv:]
WARNING: [filemgmt 56-199] Attempt to get parsing info during refresh. "On-the-fly" syntax checking information may be incorrect. [/home/xmen/Videos/RustDesk/SystolicCore/SystolicCore/rtl/serial2mem.sv:]
WARNING: [filemgmt 56-199] Attempt to get parsing info during refresh. "On-the-fly" syntax checking information may be incorrect. [/home/xmen/Videos/RustDesk/SystolicCore/SystolicCore/tb/tb_fpga.sv:]
WARNING: [filemgmt 56-199] Attempt to get parsing info during refresh. "On-the-fly" syntax checking information may be incorrect. [/home/xmen/Videos/RustDesk/SystolicCore/SystolicCore/rtl/SystolicControlUnit.sv:]
WARNING: [filemgmt 56-199] Attempt to get parsing info during refresh. "On-the-fly" syntax checking information may be incorrect. [/home/xmen/Videos/RustDesk/SystolicCore/SystolicCore/rtl/SystolicControlUnit.sv:]
WARNING: [filemgmt 56-199] Attempt to get parsing info during refresh. "On-the-fly" syntax checking information may be incorrect. [/home/xmen/Videos/RustDesk/SystolicCore/SystolicCore/rtl/SystolicControlUnit.sv:]
WARNING: [filemgmt 56-199] Attempt to get parsing info during refresh. "On-the-fly" syntax checking information may be incorrect. [/home/xmen/Videos/RustDesk/SystolicCore/SystolicCore/rtl/Arty7_top_sim.sv:]
WARNING: [filemgmt 56-199] Attempt to get parsing info during refresh. "On-the-fly" syntax checking information may be incorrect. [/home/xmen/Videos/RustDesk/SystolicCore/SystolicCore/rtl/accumulator.sv:]
WARNING: [filemgmt 56-199] Attempt to get parsing info during refresh. "On-the-fly" syntax checking information may be incorrect. [/home/xmen/Videos/RustDesk/SystolicCore/SystolicCore/rtl/serial2mem.sv:]
WARNING: [filemgmt 56-199] Attempt to get parsing info during refresh. "On-the-fly" syntax checking information may be incorrect. [/home/xmen/Videos/RustDesk/SystolicCore/SystolicCore/tb/tb_fpga.sv:]
WARNING: [filemgmt 56-199] Attempt to get parsing info during refresh. "On-the-fly" syntax checking information may be incorrect. [/home/xmen/Videos/RustDesk/SystolicCore/SystolicCore/rtl/SystolicControlUnit.sv:]
WARNING: [filemgmt 56-199] Attempt to get parsing info during refresh. "On-the-fly" syntax checking information may be incorrect. [/home/xmen/Videos/RustDesk/SystolicCore/SystolicCore/tb/tb_fpga.sv:]
WARNING: [filemgmt 56-199] Attempt to get parsing info during refresh. "On-the-fly" syntax checking information may be incorrect. [/home/xmen/Videos/RustDesk/SystolicCore/SystolicCore/tb/tb_fpga.sv:]
close_sim
INFO: xsimkernel Simulation Memory Usage: 514664 KB (Peak: 571180 KB), Simulation CPU Usage: 89800 ms
INFO: [Simtcl 6-16] Simulation closed
launch_simulation
Command: launch_simulation 
INFO: [Vivado 12-25911] Executing simulation for 'XSim' simulator
INFO: [Project 1-5737] Running on host VT0144 (64) - Rocky Linux release 8.10 (Green Obsidian)
INFO: [Vivado 12-28535] Process started - Sat Dec 27 12:13:44 2025

WARNING: [filemgmt 56-199] Attempt to get parsing info during refresh. "On-the-fly" syntax checking information may be incorrect. [/home/xmen/Videos/RustDesk/SystolicCore/SystolicCore/rtl/Arty7_top_sim.sv:]
WARNING: [filemgmt 56-199] Attempt to get parsing info during refresh. "On-the-fly" syntax checking information may be incorrect. [/home/xmen/Videos/RustDesk/SystolicCore/SystolicCore/rtl/accumulator.sv:]
WARNING: [filemgmt 56-199] Attempt to get parsing info during refresh. "On-the-fly" syntax checking information may be incorrect. [/home/xmen/Videos/RustDesk/SystolicCore/SystolicCore/rtl/serial2mem.sv:]
WARNING: [filemgmt 56-199] Attempt to get parsing info during refresh. "On-the-fly" syntax checking information may be incorrect. [/home/xmen/Videos/RustDesk/SystolicCore/SystolicCore/tb/tb_fpga.sv:]
WARNING: [filemgmt 56-199] Attempt to get parsing info during refresh. "On-the-fly" syntax checking information may be incorrect. [/home/xmen/Videos/RustDesk/SystolicCore/SystolicCore/rtl/SystolicControlUnit.sv:]
WARNING: [filemgmt 56-199] Attempt to get parsing info during refresh. "On-the-fly" syntax checking information may be incorrect. [/home/xmen/Videos/RustDesk/SystolicCore/SystolicCore/rtl/serial2mem.sv:]
WARNING: [filemgmt 56-199] Attempt to get parsing info during refresh. "On-the-fly" syntax checking information may be incorrect. [/home/xmen/Videos/RustDesk/SystolicCore/SystolicCore/rtl/serial2mem.sv:]
INFO: [Vivado 12-12493] Simulation top is 'tb'
INFO: [Vivado 12-5698] Checking validity of IPs in the design for the 'XSim' simulator...
INFO: [Vivado 12-5682] Launching behavioral simulation in '/home/xmen/Videos/RustDesk/SystolicCore/SystolicCore/SystolicCore/SystolicCore.sim/sim_1/behav/xsim'
INFO: [Vivado 12-4795] Using compiled simulation libraries for IPs
INFO: [SIM-utils-51] Simulation object is 'sim_1'
INFO: [SIM-utils-72] Using boost library from '/home/xmen/Music/2025.2/tps/boost_1_72_0'
INFO: [USF-XSim-7] Finding pre-compiled libraries...
INFO: [USF-XSim-11] File '/home/xmen/Music/2025.2/data/xsim/xsim.ini' copied to run dir:'/home/xmen/Videos/RustDesk/SystolicCore/SystolicCore/SystolicCore/SystolicCore.sim/sim_1/behav/xsim'
INFO: [SIM-utils-54] Inspecting design source files for 'tb' in fileset 'sim_1'...
INFO: [SIM-utils-43] Exported '/home/xmen/Videos/RustDesk/SystolicCore/SystolicCore/SystolicCore/SystolicCore.sim/sim_1/behav/xsim/testeINPUT_B1.mem'
INFO: [SIM-utils-43] Exported '/home/xmen/Videos/RustDesk/SystolicCore/SystolicCore/SystolicCore/SystolicCore.sim/sim_1/behav/xsim/testeINPUT_B.mem'
INFO: [SIM-utils-43] Exported '/home/xmen/Videos/RustDesk/SystolicCore/SystolicCore/SystolicCore/SystolicCore.sim/sim_1/behav/xsim/testeINPUT_A1.mem'
INFO: [SIM-utils-43] Exported '/home/xmen/Videos/RustDesk/SystolicCore/SystolicCore/SystolicCore/SystolicCore.sim/sim_1/behav/xsim/testeINPUT_A.mem'
INFO: [SIM-utils-43] Exported '/home/xmen/Videos/RustDesk/SystolicCore/SystolicCore/SystolicCore/SystolicCore.sim/sim_1/behav/xsim/testeINPUT_B1.mem'
INFO: [SIM-utils-43] Exported '/home/xmen/Videos/RustDesk/SystolicCore/SystolicCore/SystolicCore/SystolicCore.sim/sim_1/behav/xsim/testeINPUT_B.mem'
INFO: [SIM-utils-43] Exported '/home/xmen/Videos/RustDesk/SystolicCore/SystolicCore/SystolicCore/SystolicCore.sim/sim_1/behav/xsim/testeINPUT_A1.mem'
INFO: [SIM-utils-43] Exported '/home/xmen/Videos/RustDesk/SystolicCore/SystolicCore/SystolicCore/SystolicCore.sim/sim_1/behav/xsim/testeINPUT_A.mem'
INFO: [USF-XSim-97] Finding global include files...
INFO: [USF-XSim-98] Fetching design files from 'sim_1'...
INFO: [USF-XSim-2] XSim::Compile design
INFO: [USF-XSim-61] Executing 'COMPILE and ANALYZE' step in '/home/xmen/Videos/RustDesk/SystolicCore/SystolicCore/SystolicCore/SystolicCore.sim/sim_1/behav/xsim'
xvlog --incr --relax -L uvm -prj tb_vlog.prj
INFO: [VRFC 10-2263] Analyzing SystemVerilog file "/home/xmen/Videos/RustDesk/SystolicCore/SystolicCore/rtl/Arty7_top_sim.sv" into library xil_defaultlib
INFO: [VRFC 10-311] analyzing module Arty7_top_sim
INFO: [VRFC 10-2263] Analyzing SystemVerilog file "/home/xmen/Videos/RustDesk/SystolicCore/SystolicCore/rtl/SystolicControlUnit.sv" into library xil_defaultlib
INFO: [VRFC 10-311] analyzing module systolicControlUnitTop
INFO: [VRFC 10-2263] Analyzing SystemVerilog file "/home/xmen/Videos/RustDesk/SystolicCore/SystolicCore/rtl/SystolicCore.sv" into library xil_defaultlib
INFO: [VRFC 10-311] analyzing module SystolicCoreTop
INFO: [VRFC 10-2263] Analyzing SystemVerilog file "/home/xmen/Videos/RustDesk/SystolicCore/SystolicCore/rtl/accumulator.sv" into library xil_defaultlib
INFO: [VRFC 10-311] analyzing module accumulator_cells
INFO: [VRFC 10-2263] Analyzing SystemVerilog file "/home/xmen/Videos/RustDesk/SystolicCore/SystolicCore/rtl/uart/rtl/counter.sv" into library xil_defaultlib
INFO: [VRFC 10-311] analyzing module counter
INFO: [VRFC 10-2263] Analyzing SystemVerilog file "/home/xmen/Videos/RustDesk/SystolicCore/SystolicCore/rtl/mem2serial.sv" into library xil_defaultlib
INFO: [VRFC 10-311] analyzing module mem2seriala
INFO: [VRFC 10-2263] Analyzing SystemVerilog file "/home/xmen/Videos/RustDesk/SystolicCore/SystolicCore/rtl/uart/rtl/ref_clock.sv" into library xil_defaultlib
INFO: [VRFC 10-311] analyzing module ref_clock
INFO: [VRFC 10-2263] Analyzing SystemVerilog file "/home/xmen/Videos/RustDesk/SystolicCore/SystolicCore/rtl/serial2mem.sv" into library xil_defaultlib
INFO: [VRFC 10-311] analyzing module serial2mem
INFO: [VRFC 10-2263] Analyzing SystemVerilog file "/home/xmen/Videos/RustDesk/SystolicCore/SystolicCore/rtl/systolicMatrixMultiply.sv" into library xil_defaultlib
INFO: [VRFC 10-311] analyzing module systolicMatrixMultiply
INFO: [VRFC 10-2263] Analyzing SystemVerilog file "/home/xmen/Videos/RustDesk/SystolicCore/SystolicCore/rtl/src/uart_top.sv" into library xil_defaultlib
INFO: [VRFC 10-311] analyzing module uart_top
INFO: [VRFC 10-2263] Analyzing SystemVerilog file "/home/xmen/Videos/RustDesk/SystolicCore/SystolicCore/tb/tb_fpga.sv" into library xil_defaultlib
INFO: [VRFC 10-311] analyzing module tb
WARNING: [VRFC 10-8658] /* is inside a comment [/home/xmen/Videos/RustDesk/SystolicCore/SystolicCore/tb/tb_fpga.sv:75]
Waiting for jobs to finish...
No pending jobs, compilation finished.
INFO: [USF-XSim-69] 'compile' step finished in '1' seconds
INFO: [USF-XSim-3] XSim::Elaborate design
INFO: [USF-XSim-61] Executing 'ELABORATE' step in '/home/xmen/Videos/RustDesk/SystolicCore/SystolicCore/SystolicCore/SystolicCore.sim/sim_1/behav/xsim'
xelab --incr --debug typical --relax --mt 8 -L xil_defaultlib -L blk_mem_gen_v8_4_12 -L uvm -L unisims_ver -L unimacro_ver -L secureip -L xpm --snapshot tb_behav xil_defaultlib.tb xil_defaultlib.glbl -log elaborate.log
Vivado Simulator v2025.2
Copyright 1986-2022 Xilinx, Inc. All Rights Reserved.
Copyright 2022-2025 Advanced Micro Devices, Inc. All Rights Reserved.
Running: /home/xmen/Music/2025.2/Vivado/bin/unwrapped/lnx64.o/xelab --incr --debug typical --relax --mt 8 -L xil_defaultlib -L blk_mem_gen_v8_4_12 -L uvm -L unisims_ver -L unimacro_ver -L secureip -L xpm --snapshot tb_behav xil_defaultlib.tb xil_defaultlib.glbl -log elaborate.log 
Using 8 slave threads.
Starting static elaboration
Pass Through NonSizing Optimizer
WARNING: [VRFC 10-3091] actual bit length 32 differs from formal bit length 1 for port 'valid_rx_in' [/home/xmen/Videos/RustDesk/SystolicCore/SystolicCore/tb/tb_fpga.sv:38]
WARNING: [VRFC 10-3091] actual bit length 12 differs from formal bit length 8 for port 'data_tx_in' [/home/xmen/Videos/RustDesk/SystolicCore/SystolicCore/tb/tb_fpga.sv:43]
WARNING: [VRFC 10-3818] variable 'tb_uart_data_tx_in' is driven by invalid combination of procedural drivers [/home/xmen/Videos/RustDesk/SystolicCore/SystolicCore/tb/tb_fpga.sv:29]
WARNING: [VRFC 10-2921] 'tb_uart_data_tx_in' driven by this always_comb block should not be driven by any other process [/home/xmen/Videos/RustDesk/SystolicCore/SystolicCore/tb/tb_fpga.sv:128]
WARNING: [VRFC 10-3823] variable 'uart_valid_rx_in' might have multiple concurrent drivers [/home/xmen/Videos/RustDesk/SystolicCore/SystolicCore/rtl/Arty7_top_sim.sv:83]
WARNING: [VRFC 10-3823] variable 'uart_data_tx_in' might have multiple concurrent drivers [/home/xmen/Videos/RustDesk/SystolicCore/SystolicCore/rtl/Arty7_top_sim.sv:96]
WARNING: [VRFC 10-10063] index 16 into 'b_vec' is out of bounds [/home/xmen/Videos/RustDesk/SystolicCore/SystolicCore/rtl/systolicMatrixMultiply.sv:52]
WARNING: [VRFC 10-10063] index 16 into 'a_vec' is out of bounds [/home/xmen/Videos/RustDesk/SystolicCore/SystolicCore/rtl/systolicMatrixMultiply.sv:51]
Completed static elaboration
Starting simulation data flow analysis
Completed simulation data flow analysis
Time Resolution for simulation is 1ps
Compiling module xil_defaultlib.uart_rx_default
Compiling module xil_defaultlib.uart_tx_default
Compiling module xil_defaultlib.uart_top
Compiling module xil_defaultlib.accumulator_cells(WIDTH=8)
Compiling module xil_defaultlib.systolicMatrixMultiply(SIZE=16)
Compiling module blk_mem_gen_v8_4_12.blk_mem_gen_v8_4_12_output_stage...
Compiling module blk_mem_gen_v8_4_12.blk_mem_gen_v8_4_12_output_stage...
Compiling module blk_mem_gen_v8_4_12.blk_mem_gen_v8_4_12_softecc_outp...
Compiling module blk_mem_gen_v8_4_12.blk_mem_gen_v8_4_12_mem_module(C...
Compiling module blk_mem_gen_v8_4_12.blk_mem_gen_v8_4_12(C_FAMILY="ar...
Compiling module xil_defaultlib.ram_dual_port
Compiling module xil_defaultlib.serial2mem(SIZE=16)
Compiling module xil_defaultlib.mem2seriala(SIZE=16)
Compiling module xil_defaultlib.ila_3
Compiling module xil_defaultlib.systolicControlUnitTop
Compiling module xil_defaultlib.counter(MOD=4347)
Compiling module xil_defaultlib.ref_clock(CLOCK_REF=11500,CLOCK_...
Compiling module xil_defaultlib.SystolicCoreTop(SIZE=16,CLOCK_TR...
Compiling module xil_defaultlib.Arty7_top_sim
Compiling module xil_defaultlib.tb
Compiling module xil_defaultlib.glbl
Built simulation snapshot tb_behav
INFO: [USF-XSim-69] 'elaborate' step finished in '3' seconds
INFO: [USF-XSim-4] XSim::Simulate design
INFO: [USF-XSim-61] Executing 'SIMULATE' step in '/home/xmen/Videos/RustDesk/SystolicCore/SystolicCore/SystolicCore/SystolicCore.sim/sim_1/behav/xsim'
INFO: [USF-XSim-98] *** Running xsim
   with args "tb_behav -key {Behavioral:sim_1:Functional:tb} -tclbatch {tb.tcl} -view {/home/xmen/Videos/RustDesk/SystolicCore/SystolicCore/SystolicCore/tb_behav.wcfg} -log {simulate.log}"
INFO: [USF-XSim-8] Loading simulator feature
Time resolution is 1 ps
open_wave_config /home/xmen/Videos/RustDesk/SystolicCore/SystolicCore/SystolicCore/tb_behav.wcfg
source tb.tcl
# set curr_wave [current_wave_config]
# if { [string length $curr_wave] == 0 } {
#   if { [llength [get_objects]] > 0} {
#     add_wave /
#     set_property needs_save false [current_wave_config]
#   } else {
#      send_msg_id Add_Wave-1 WARNING "No top level signals found. Simulator will start without a wave window. If you want to open a wave window go to 'File->New Waveform Configuration' or type 'create_wave_config' in the TCL console."
#   }
# }
# run 1000ns
Block Memory Generator module tb.a.SystolicCore0.serial2mem_opA.ram.inst.native_mem_module.blk_mem_gen_v8_4_12_inst is using a behavioral model for simulation which will not precisely model memory collision behavior.
Block Memory Generator module tb.a.SystolicCore0.serial2mem_opB.ram.inst.native_mem_module.blk_mem_gen_v8_4_12_inst is using a behavioral model for simulation which will not precisely model memory collision behavior.
Block Memory Generator module tb.a.SystolicCore1.serial2mem_opA.ram.inst.native_mem_module.blk_mem_gen_v8_4_12_inst is using a behavioral model for simulation which will not precisely model memory collision behavior.
Block Memory Generator module tb.a.SystolicCore1.serial2mem_opB.ram.inst.native_mem_module.blk_mem_gen_v8_4_12_inst is using a behavioral model for simulation which will not precisely model memory collision behavior.
blk_mem_gen_v8_4_12 collision detected at time: 45000, Instance: tb.a.SystolicCore0.serial2mem_opA.ram.inst.native_mem_module.blk_mem_gen_v8_4_12_inst, A write address: 0, B  read address: 0
blk_mem_gen_v8_4_12 collision detected at time: 45000, Instance: tb.a.SystolicCore0.serial2mem_opB.ram.inst.native_mem_module.blk_mem_gen_v8_4_12_inst, A write address: 0, B  read address: 0
blk_mem_gen_v8_4_12 collision detected at time: 45000, Instance: tb.a.SystolicCore1.serial2mem_opA.ram.inst.native_mem_module.blk_mem_gen_v8_4_12_inst, A write address: 0, B  read address: 0
blk_mem_gen_v8_4_12 collision detected at time: 45000, Instance: tb.a.SystolicCore1.serial2mem_opB.ram.inst.native_mem_module.blk_mem_gen_v8_4_12_inst, A write address: 0, B  read address: 0
blk_mem_gen_v8_4_12 collision detected at time: 55000, Instance: tb.a.SystolicCore0.serial2mem_opA.ram.inst.native_mem_module.blk_mem_gen_v8_4_12_inst, A write address: 0, B  read address: 0
blk_mem_gen_v8_4_12 collision detected at time: 55000, Instance: tb.a.SystolicCore0.serial2mem_opB.ram.inst.native_mem_module.blk_mem_gen_v8_4_12_inst, A write address: 0, B  read address: 0
blk_mem_gen_v8_4_12 collision detected at time: 55000, Instance: tb.a.SystolicCore1.serial2mem_opA.ram.inst.native_mem_module.blk_mem_gen_v8_4_12_inst, A write address: 0, B  read address: 0
blk_mem_gen_v8_4_12 collision detected at time: 55000, Instance: tb.a.SystolicCore1.serial2mem_opB.ram.inst.native_mem_module.blk_mem_gen_v8_4_12_inst, A write address: 0, B  read address: 0
blk_mem_gen_v8_4_12 collision detected at time: 65000, Instance: tb.a.SystolicCore0.serial2mem_opA.ram.inst.native_mem_module.blk_mem_gen_v8_4_12_inst, A write address: 0, B  read address: 0
blk_mem_gen_v8_4_12 collision detected at time: 65000, Instance: tb.a.SystolicCore0.serial2mem_opB.ram.inst.native_mem_module.blk_mem_gen_v8_4_12_inst, A write address: 0, B  read address: 0
blk_mem_gen_v8_4_12 collision detected at time: 65000, Instance: tb.a.SystolicCore1.serial2mem_opA.ram.inst.native_mem_module.blk_mem_gen_v8_4_12_inst, A write address: 0, B  read address: 0
blk_mem_gen_v8_4_12 collision detected at time: 65000, Instance: tb.a.SystolicCore1.serial2mem_opB.ram.inst.native_mem_module.blk_mem_gen_v8_4_12_inst, A write address: 0, B  read address: 0
blk_mem_gen_v8_4_12 collision detected at time: 75000, Instance: tb.a.SystolicCore0.serial2mem_opA.ram.inst.native_mem_module.blk_mem_gen_v8_4_12_inst, A write address: 0, B  read address: 0
blk_mem_gen_v8_4_12 collision detected at time: 75000, Instance: tb.a.SystolicCore0.serial2mem_opB.ram.inst.native_mem_module.blk_mem_gen_v8_4_12_inst, A write address: 0, B  read address: 0
blk_mem_gen_v8_4_12 collision detected at time: 75000, Instance: tb.a.SystolicCore1.serial2mem_opA.ram.inst.native_mem_module.blk_mem_gen_v8_4_12_inst, A write address: 0, B  read address: 0
blk_mem_gen_v8_4_12 collision detected at time: 75000, Instance: tb.a.SystolicCore1.serial2mem_opB.ram.inst.native_mem_module.blk_mem_gen_v8_4_12_inst, A write address: 0, B  read address: 0
INFO: [USF-XSim-96] XSim completed. Design snapshot 'tb_behav' loaded.
INFO: [USF-XSim-97] XSim simulation ran for 1000ns
launch_simulation: Time (s): cpu = 00:00:09 ; elapsed = 00:00:09 . Memory (MB): peak = 11359.660 ; gain = 0.000 ; free physical = 16342 ; free virtual = 39880
restart
INFO: [Wavedata 42-604] Simulation restarted
run all
Block Memory Generator module tb.a.SystolicCore0.serial2mem_opA.ram.inst.native_mem_module.blk_mem_gen_v8_4_12_inst is using a behavioral model for simulation which will not precisely model memory collision behavior.
Block Memory Generator module tb.a.SystolicCore0.serial2mem_opB.ram.inst.native_mem_module.blk_mem_gen_v8_4_12_inst is using a behavioral model for simulation which will not precisely model memory collision behavior.
Block Memory Generator module tb.a.SystolicCore1.serial2mem_opA.ram.inst.native_mem_module.blk_mem_gen_v8_4_12_inst is using a behavioral model for simulation which will not precisely model memory collision behavior.
Block Memory Generator module tb.a.SystolicCore1.serial2mem_opB.ram.inst.native_mem_module.blk_mem_gen_v8_4_12_inst is using a behavioral model for simulation which will not precisely model memory collision behavior.
blk_mem_gen_v8_4_12 collision detected at time: 45000, Instance: tb.a.SystolicCore0.serial2mem_opA.ram.inst.native_mem_module.blk_mem_gen_v8_4_12_inst, A write address: 0, B  read address: 0
blk_mem_gen_v8_4_12 collision detected at time: 45000, Instance: tb.a.SystolicCore0.serial2mem_opB.ram.inst.native_mem_module.blk_mem_gen_v8_4_12_inst, A write address: 0, B  read address: 0
blk_mem_gen_v8_4_12 collision detected at time: 45000, Instance: tb.a.SystolicCore1.serial2mem_opA.ram.inst.native_mem_module.blk_mem_gen_v8_4_12_inst, A write address: 0, B  read address: 0
blk_mem_gen_v8_4_12 collision detected at time: 45000, Instance: tb.a.SystolicCore1.serial2mem_opB.ram.inst.native_mem_module.blk_mem_gen_v8_4_12_inst, A write address: 0, B  read address: 0
blk_mem_gen_v8_4_12 collision detected at time: 55000, Instance: tb.a.SystolicCore0.serial2mem_opA.ram.inst.native_mem_module.blk_mem_gen_v8_4_12_inst, A write address: 0, B  read address: 0
blk_mem_gen_v8_4_12 collision detected at time: 55000, Instance: tb.a.SystolicCore0.serial2mem_opB.ram.inst.native_mem_module.blk_mem_gen_v8_4_12_inst, A write address: 0, B  read address: 0
blk_mem_gen_v8_4_12 collision detected at time: 55000, Instance: tb.a.SystolicCore1.serial2mem_opA.ram.inst.native_mem_module.blk_mem_gen_v8_4_12_inst, A write address: 0, B  read address: 0
blk_mem_gen_v8_4_12 collision detected at time: 55000, Instance: tb.a.SystolicCore1.serial2mem_opB.ram.inst.native_mem_module.blk_mem_gen_v8_4_12_inst, A write address: 0, B  read address: 0
blk_mem_gen_v8_4_12 collision detected at time: 65000, Instance: tb.a.SystolicCore0.serial2mem_opA.ram.inst.native_mem_module.blk_mem_gen_v8_4_12_inst, A write address: 0, B  read address: 0
blk_mem_gen_v8_4_12 collision detected at time: 65000, Instance: tb.a.SystolicCore0.serial2mem_opB.ram.inst.native_mem_module.blk_mem_gen_v8_4_12_inst, A write address: 0, B  read address: 0
blk_mem_gen_v8_4_12 collision detected at time: 65000, Instance: tb.a.SystolicCore1.serial2mem_opA.ram.inst.native_mem_module.blk_mem_gen_v8_4_12_inst, A write address: 0, B  read address: 0
blk_mem_gen_v8_4_12 collision detected at time: 65000, Instance: tb.a.SystolicCore1.serial2mem_opB.ram.inst.native_mem_module.blk_mem_gen_v8_4_12_inst, A write address: 0, B  read address: 0
blk_mem_gen_v8_4_12 collision detected at time: 75000, Instance: tb.a.SystolicCore0.serial2mem_opA.ram.inst.native_mem_module.blk_mem_gen_v8_4_12_inst, A write address: 0, B  read address: 0
blk_mem_gen_v8_4_12 collision detected at time: 75000, Instance: tb.a.SystolicCore0.serial2mem_opB.ram.inst.native_mem_module.blk_mem_gen_v8_4_12_inst, A write address: 0, B  read address: 0
blk_mem_gen_v8_4_12 collision detected at time: 75000, Instance: tb.a.SystolicCore1.serial2mem_opA.ram.inst.native_mem_module.blk_mem_gen_v8_4_12_inst, A write address: 0, B  read address: 0
blk_mem_gen_v8_4_12 collision detected at time: 75000, Instance: tb.a.SystolicCore1.serial2mem_opB.ram.inst.native_mem_module.blk_mem_gen_v8_4_12_inst, A write address: 0, B  read address: 0
blk_mem_gen_v8_4_12 WARNING: Address 1f is outside range for B Read
blk_mem_gen_v8_4_12 WARNING: Address 1f is outside range for B Read
blk_mem_gen_v8_4_12 WARNING: Address 1f is outside range for B Read
blk_mem_gen_v8_4_12 WARNING: Address 1f is outside range for B Read
run: Time (s): cpu = 00:02:03 ; elapsed = 00:07:21 . Memory (MB): peak = 11359.660 ; gain = 0.000 ; free physical = 13526 ; free virtual = 40089
close_sim
INFO: xsimkernel Simulation Memory Usage: 511856 KB (Peak: 571180 KB), Simulation CPU Usage: 438470 ms
INFO: [Simtcl 6-16] Simulation closed
launch_simulation
Command: launch_simulation 
INFO: [Vivado 12-25911] Executing simulation for 'XSim' simulator
INFO: [Project 1-5737] Running on host VT0144 (64) - Rocky Linux release 8.10 (Green Obsidian)
INFO: [Vivado 12-28535] Process started - Sat Dec 27 12:21:21 2025

INFO: [Vivado 12-12493] Simulation top is 'tb'
INFO: [Vivado 12-5698] Checking validity of IPs in the design for the 'XSim' simulator...
INFO: [Vivado 12-5682] Launching behavioral simulation in '/home/xmen/Videos/RustDesk/SystolicCore/SystolicCore/SystolicCore/SystolicCore.sim/sim_1/behav/xsim'
INFO: [Vivado 12-4795] Using compiled simulation libraries for IPs
INFO: [SIM-utils-51] Simulation object is 'sim_1'
INFO: [SIM-utils-72] Using boost library from '/home/xmen/Music/2025.2/tps/boost_1_72_0'
INFO: [USF-XSim-7] Finding pre-compiled libraries...
INFO: [USF-XSim-11] File '/home/xmen/Music/2025.2/data/xsim/xsim.ini' copied to run dir:'/home/xmen/Videos/RustDesk/SystolicCore/SystolicCore/SystolicCore/SystolicCore.sim/sim_1/behav/xsim'
INFO: [SIM-utils-54] Inspecting design source files for 'tb' in fileset 'sim_1'...
INFO: [SIM-utils-43] Exported '/home/xmen/Videos/RustDesk/SystolicCore/SystolicCore/SystolicCore/SystolicCore.sim/sim_1/behav/xsim/testeINPUT_B1.mem'
INFO: [SIM-utils-43] Exported '/home/xmen/Videos/RustDesk/SystolicCore/SystolicCore/SystolicCore/SystolicCore.sim/sim_1/behav/xsim/testeINPUT_B.mem'
INFO: [SIM-utils-43] Exported '/home/xmen/Videos/RustDesk/SystolicCore/SystolicCore/SystolicCore/SystolicCore.sim/sim_1/behav/xsim/testeINPUT_A1.mem'
INFO: [SIM-utils-43] Exported '/home/xmen/Videos/RustDesk/SystolicCore/SystolicCore/SystolicCore/SystolicCore.sim/sim_1/behav/xsim/testeINPUT_A.mem'
INFO: [SIM-utils-43] Exported '/home/xmen/Videos/RustDesk/SystolicCore/SystolicCore/SystolicCore/SystolicCore.sim/sim_1/behav/xsim/testeINPUT_B1.mem'
INFO: [SIM-utils-43] Exported '/home/xmen/Videos/RustDesk/SystolicCore/SystolicCore/SystolicCore/SystolicCore.sim/sim_1/behav/xsim/testeINPUT_B.mem'
INFO: [SIM-utils-43] Exported '/home/xmen/Videos/RustDesk/SystolicCore/SystolicCore/SystolicCore/SystolicCore.sim/sim_1/behav/xsim/testeINPUT_A1.mem'
INFO: [SIM-utils-43] Exported '/home/xmen/Videos/RustDesk/SystolicCore/SystolicCore/SystolicCore/SystolicCore.sim/sim_1/behav/xsim/testeINPUT_A.mem'
INFO: [USF-XSim-97] Finding global include files...
INFO: [USF-XSim-98] Fetching design files from 'sim_1'...
INFO: [USF-XSim-2] XSim::Compile design
INFO: [USF-XSim-61] Executing 'COMPILE and ANALYZE' step in '/home/xmen/Videos/RustDesk/SystolicCore/SystolicCore/SystolicCore/SystolicCore.sim/sim_1/behav/xsim'
xvlog --incr --relax -L uvm -prj tb_vlog.prj
INFO: [VRFC 10-2263] Analyzing SystemVerilog file "/home/xmen/Videos/RustDesk/SystolicCore/SystolicCore/rtl/Arty7_top_sim.sv" into library xil_defaultlib
INFO: [VRFC 10-311] analyzing module Arty7_top_sim
INFO: [VRFC 10-2263] Analyzing SystemVerilog file "/home/xmen/Videos/RustDesk/SystolicCore/SystolicCore/rtl/SystolicControlUnit.sv" into library xil_defaultlib
INFO: [VRFC 10-311] analyzing module systolicControlUnitTop
INFO: [VRFC 10-2263] Analyzing SystemVerilog file "/home/xmen/Videos/RustDesk/SystolicCore/SystolicCore/rtl/SystolicCore.sv" into library xil_defaultlib
INFO: [VRFC 10-311] analyzing module SystolicCoreTop
INFO: [VRFC 10-2263] Analyzing SystemVerilog file "/home/xmen/Videos/RustDesk/SystolicCore/SystolicCore/rtl/accumulator.sv" into library xil_defaultlib
INFO: [VRFC 10-311] analyzing module accumulator_cells
INFO: [VRFC 10-2263] Analyzing SystemVerilog file "/home/xmen/Videos/RustDesk/SystolicCore/SystolicCore/rtl/uart/rtl/counter.sv" into library xil_defaultlib
INFO: [VRFC 10-311] analyzing module counter
INFO: [VRFC 10-2263] Analyzing SystemVerilog file "/home/xmen/Videos/RustDesk/SystolicCore/SystolicCore/rtl/mem2serial.sv" into library xil_defaultlib
INFO: [VRFC 10-311] analyzing module mem2seriala
INFO: [VRFC 10-2263] Analyzing SystemVerilog file "/home/xmen/Videos/RustDesk/SystolicCore/SystolicCore/rtl/uart/rtl/ref_clock.sv" into library xil_defaultlib
INFO: [VRFC 10-311] analyzing module ref_clock
INFO: [VRFC 10-2263] Analyzing SystemVerilog file "/home/xmen/Videos/RustDesk/SystolicCore/SystolicCore/rtl/serial2mem.sv" into library xil_defaultlib
INFO: [VRFC 10-311] analyzing module serial2mem
INFO: [VRFC 10-2263] Analyzing SystemVerilog file "/home/xmen/Videos/RustDesk/SystolicCore/SystolicCore/rtl/systolicMatrixMultiply.sv" into library xil_defaultlib
INFO: [VRFC 10-311] analyzing module systolicMatrixMultiply
INFO: [VRFC 10-2263] Analyzing SystemVerilog file "/home/xmen/Videos/RustDesk/SystolicCore/SystolicCore/rtl/src/uart_top.sv" into library xil_defaultlib
INFO: [VRFC 10-311] analyzing module uart_top
INFO: [VRFC 10-2263] Analyzing SystemVerilog file "/home/xmen/Videos/RustDesk/SystolicCore/SystolicCore/tb/tb_fpga.sv" into library xil_defaultlib
INFO: [VRFC 10-311] analyzing module tb
WARNING: [VRFC 10-8658] /* is inside a comment [/home/xmen/Videos/RustDesk/SystolicCore/SystolicCore/tb/tb_fpga.sv:75]
Waiting for jobs to finish...
No pending jobs, compilation finished.
INFO: [USF-XSim-69] 'compile' step finished in '0' seconds
INFO: [USF-XSim-3] XSim::Elaborate design
INFO: [USF-XSim-61] Executing 'ELABORATE' step in '/home/xmen/Videos/RustDesk/SystolicCore/SystolicCore/SystolicCore/SystolicCore.sim/sim_1/behav/xsim'
xelab --incr --debug typical --relax --mt 8 -L xil_defaultlib -L blk_mem_gen_v8_4_12 -L uvm -L unisims_ver -L unimacro_ver -L secureip -L xpm --snapshot tb_behav xil_defaultlib.tb xil_defaultlib.glbl -log elaborate.log
Vivado Simulator v2025.2
Copyright 1986-2022 Xilinx, Inc. All Rights Reserved.
Copyright 2022-2025 Advanced Micro Devices, Inc. All Rights Reserved.
Running: /home/xmen/Music/2025.2/Vivado/bin/unwrapped/lnx64.o/xelab --incr --debug typical --relax --mt 8 -L xil_defaultlib -L blk_mem_gen_v8_4_12 -L uvm -L unisims_ver -L unimacro_ver -L secureip -L xpm --snapshot tb_behav xil_defaultlib.tb xil_defaultlib.glbl -log elaborate.log 
Using 8 slave threads.
Starting static elaboration
Pass Through NonSizing Optimizer
WARNING: [VRFC 10-3091] actual bit length 32 differs from formal bit length 1 for port 'valid_rx_in' [/home/xmen/Videos/RustDesk/SystolicCore/SystolicCore/tb/tb_fpga.sv:38]
WARNING: [VRFC 10-3091] actual bit length 12 differs from formal bit length 8 for port 'data_tx_in' [/home/xmen/Videos/RustDesk/SystolicCore/SystolicCore/tb/tb_fpga.sv:43]
WARNING: [VRFC 10-3818] variable 'tb_uart_data_tx_in' is driven by invalid combination of procedural drivers [/home/xmen/Videos/RustDesk/SystolicCore/SystolicCore/tb/tb_fpga.sv:29]
WARNING: [VRFC 10-2921] 'tb_uart_data_tx_in' driven by this always_comb block should not be driven by any other process [/home/xmen/Videos/RustDesk/SystolicCore/SystolicCore/tb/tb_fpga.sv:128]
WARNING: [VRFC 10-3823] variable 'uart_valid_rx_in' might have multiple concurrent drivers [/home/xmen/Videos/RustDesk/SystolicCore/SystolicCore/rtl/Arty7_top_sim.sv:83]
WARNING: [VRFC 10-3823] variable 'uart_data_tx_in' might have multiple concurrent drivers [/home/xmen/Videos/RustDesk/SystolicCore/SystolicCore/rtl/Arty7_top_sim.sv:96]
WARNING: [VRFC 10-10063] index 16 into 'b_vec' is out of bounds [/home/xmen/Videos/RustDesk/SystolicCore/SystolicCore/rtl/systolicMatrixMultiply.sv:52]
WARNING: [VRFC 10-10063] index 16 into 'a_vec' is out of bounds [/home/xmen/Videos/RustDesk/SystolicCore/SystolicCore/rtl/systolicMatrixMultiply.sv:51]
Completed static elaboration
Starting simulation data flow analysis
Completed simulation data flow analysis
Time Resolution for simulation is 1ps
Compiling module xil_defaultlib.uart_rx_default
Compiling module xil_defaultlib.uart_tx_default
Compiling module xil_defaultlib.uart_top
Compiling module xil_defaultlib.accumulator_cells(WIDTH=8)
Compiling module xil_defaultlib.systolicMatrixMultiply(SIZE=16)
Compiling module blk_mem_gen_v8_4_12.blk_mem_gen_v8_4_12_output_stage...
Compiling module blk_mem_gen_v8_4_12.blk_mem_gen_v8_4_12_output_stage...
Compiling module blk_mem_gen_v8_4_12.blk_mem_gen_v8_4_12_softecc_outp...
Compiling module blk_mem_gen_v8_4_12.blk_mem_gen_v8_4_12_mem_module(C...
Compiling module blk_mem_gen_v8_4_12.blk_mem_gen_v8_4_12(C_FAMILY="ar...
Compiling module xil_defaultlib.ram_dual_port
Compiling module xil_defaultlib.serial2mem(SIZE=16)
Compiling module xil_defaultlib.mem2seriala(SIZE=16)
Compiling module xil_defaultlib.ila_3
Compiling module xil_defaultlib.systolicControlUnitTop
Compiling module xil_defaultlib.counter(MOD=4347)
Compiling module xil_defaultlib.ref_clock(CLOCK_REF=11500,CLOCK_...
Compiling module xil_defaultlib.SystolicCoreTop(SIZE=16,CLOCK_TR...
Compiling module xil_defaultlib.Arty7_top_sim
Compiling module xil_defaultlib.tb
Compiling module xil_defaultlib.glbl
Built simulation snapshot tb_behav
INFO: [USF-XSim-69] 'elaborate' step finished in '3' seconds
INFO: [USF-XSim-4] XSim::Simulate design
INFO: [USF-XSim-61] Executing 'SIMULATE' step in '/home/xmen/Videos/RustDesk/SystolicCore/SystolicCore/SystolicCore/SystolicCore.sim/sim_1/behav/xsim'
INFO: [USF-XSim-98] *** Running xsim
   with args "tb_behav -key {Behavioral:sim_1:Functional:tb} -tclbatch {tb.tcl} -view {/home/xmen/Videos/RustDesk/SystolicCore/SystolicCore/SystolicCore/tb_behav.wcfg} -log {simulate.log}"
INFO: [USF-XSim-8] Loading simulator feature
Time resolution is 1 ps
open_wave_config /home/xmen/Videos/RustDesk/SystolicCore/SystolicCore/SystolicCore/tb_behav.wcfg
source tb.tcl
# set curr_wave [current_wave_config]
# if { [string length $curr_wave] == 0 } {
#   if { [llength [get_objects]] > 0} {
#     add_wave /
#     set_property needs_save false [current_wave_config]
#   } else {
#      send_msg_id Add_Wave-1 WARNING "No top level signals found. Simulator will start without a wave window. If you want to open a wave window go to 'File->New Waveform Configuration' or type 'create_wave_config' in the TCL console."
#   }
# }
# run 1000ns
Block Memory Generator module tb.a.SystolicCore0.serial2mem_opA.ram.inst.native_mem_module.blk_mem_gen_v8_4_12_inst is using a behavioral model for simulation which will not precisely model memory collision behavior.
Block Memory Generator module tb.a.SystolicCore0.serial2mem_opB.ram.inst.native_mem_module.blk_mem_gen_v8_4_12_inst is using a behavioral model for simulation which will not precisely model memory collision behavior.
Block Memory Generator module tb.a.SystolicCore1.serial2mem_opA.ram.inst.native_mem_module.blk_mem_gen_v8_4_12_inst is using a behavioral model for simulation which will not precisely model memory collision behavior.
Block Memory Generator module tb.a.SystolicCore1.serial2mem_opB.ram.inst.native_mem_module.blk_mem_gen_v8_4_12_inst is using a behavioral model for simulation which will not precisely model memory collision behavior.
blk_mem_gen_v8_4_12 collision detected at time: 45000, Instance: tb.a.SystolicCore0.serial2mem_opA.ram.inst.native_mem_module.blk_mem_gen_v8_4_12_inst, A write address: 0, B  read address: 0
blk_mem_gen_v8_4_12 collision detected at time: 45000, Instance: tb.a.SystolicCore0.serial2mem_opB.ram.inst.native_mem_module.blk_mem_gen_v8_4_12_inst, A write address: 0, B  read address: 0
blk_mem_gen_v8_4_12 collision detected at time: 45000, Instance: tb.a.SystolicCore1.serial2mem_opA.ram.inst.native_mem_module.blk_mem_gen_v8_4_12_inst, A write address: 0, B  read address: 0
blk_mem_gen_v8_4_12 collision detected at time: 45000, Instance: tb.a.SystolicCore1.serial2mem_opB.ram.inst.native_mem_module.blk_mem_gen_v8_4_12_inst, A write address: 0, B  read address: 0
blk_mem_gen_v8_4_12 collision detected at time: 55000, Instance: tb.a.SystolicCore0.serial2mem_opA.ram.inst.native_mem_module.blk_mem_gen_v8_4_12_inst, A write address: 0, B  read address: 0
blk_mem_gen_v8_4_12 collision detected at time: 55000, Instance: tb.a.SystolicCore0.serial2mem_opB.ram.inst.native_mem_module.blk_mem_gen_v8_4_12_inst, A write address: 0, B  read address: 0
blk_mem_gen_v8_4_12 collision detected at time: 55000, Instance: tb.a.SystolicCore1.serial2mem_opA.ram.inst.native_mem_module.blk_mem_gen_v8_4_12_inst, A write address: 0, B  read address: 0
blk_mem_gen_v8_4_12 collision detected at time: 55000, Instance: tb.a.SystolicCore1.serial2mem_opB.ram.inst.native_mem_module.blk_mem_gen_v8_4_12_inst, A write address: 0, B  read address: 0
blk_mem_gen_v8_4_12 collision detected at time: 65000, Instance: tb.a.SystolicCore0.serial2mem_opA.ram.inst.native_mem_module.blk_mem_gen_v8_4_12_inst, A write address: 0, B  read address: 0
blk_mem_gen_v8_4_12 collision detected at time: 65000, Instance: tb.a.SystolicCore0.serial2mem_opB.ram.inst.native_mem_module.blk_mem_gen_v8_4_12_inst, A write address: 0, B  read address: 0
blk_mem_gen_v8_4_12 collision detected at time: 65000, Instance: tb.a.SystolicCore1.serial2mem_opA.ram.inst.native_mem_module.blk_mem_gen_v8_4_12_inst, A write address: 0, B  read address: 0
blk_mem_gen_v8_4_12 collision detected at time: 65000, Instance: tb.a.SystolicCore1.serial2mem_opB.ram.inst.native_mem_module.blk_mem_gen_v8_4_12_inst, A write address: 0, B  read address: 0
blk_mem_gen_v8_4_12 collision detected at time: 75000, Instance: tb.a.SystolicCore0.serial2mem_opA.ram.inst.native_mem_module.blk_mem_gen_v8_4_12_inst, A write address: 0, B  read address: 0
blk_mem_gen_v8_4_12 collision detected at time: 75000, Instance: tb.a.SystolicCore0.serial2mem_opB.ram.inst.native_mem_module.blk_mem_gen_v8_4_12_inst, A write address: 0, B  read address: 0
blk_mem_gen_v8_4_12 collision detected at time: 75000, Instance: tb.a.SystolicCore1.serial2mem_opA.ram.inst.native_mem_module.blk_mem_gen_v8_4_12_inst, A write address: 0, B  read address: 0
blk_mem_gen_v8_4_12 collision detected at time: 75000, Instance: tb.a.SystolicCore1.serial2mem_opB.ram.inst.native_mem_module.blk_mem_gen_v8_4_12_inst, A write address: 0, B  read address: 0
INFO: [USF-XSim-96] XSim completed. Design snapshot 'tb_behav' loaded.
INFO: [USF-XSim-97] XSim simulation ran for 1000ns
launch_simulation: Time (s): cpu = 00:00:07 ; elapsed = 00:00:11 . Memory (MB): peak = 11359.660 ; gain = 0.000 ; free physical = 17201 ; free virtual = 40769
run all
run: Time (s): cpu = 00:00:24 ; elapsed = 00:01:24 . Memory (MB): peak = 11359.660 ; gain = 0.000 ; free physical = 16469 ; free virtual = 40618
WARNING: [filemgmt 56-199] Attempt to get parsing info during refresh. "On-the-fly" syntax checking information may be incorrect. [/home/xmen/Videos/RustDesk/SystolicCore/SystolicCore/rtl/Arty7_top_sim.sv:]
WARNING: [filemgmt 56-199] Attempt to get parsing info during refresh. "On-the-fly" syntax checking information may be incorrect. [/home/xmen/Videos/RustDesk/SystolicCore/SystolicCore/rtl/accumulator.sv:]
WARNING: [filemgmt 56-199] Attempt to get parsing info during refresh. "On-the-fly" syntax checking information may be incorrect. [/home/xmen/Videos/RustDesk/SystolicCore/SystolicCore/rtl/serial2mem.sv:]
WARNING: [filemgmt 56-199] Attempt to get parsing info during refresh. "On-the-fly" syntax checking information may be incorrect. [/home/xmen/Videos/RustDesk/SystolicCore/SystolicCore/tb/tb_fpga.sv:]
WARNING: [filemgmt 56-199] Attempt to get parsing info during refresh. "On-the-fly" syntax checking information may be incorrect. [/home/xmen/Videos/RustDesk/SystolicCore/SystolicCore/rtl/SystolicControlUnit.sv:]
WARNING: [filemgmt 56-199] Attempt to get parsing info during refresh. "On-the-fly" syntax checking information may be incorrect. [/home/xmen/Videos/RustDesk/SystolicCore/SystolicCore/rtl/Arty7_top_sim.sv:]
WARNING: [filemgmt 56-199] Attempt to get parsing info during refresh. "On-the-fly" syntax checking information may be incorrect. [/home/xmen/Videos/RustDesk/SystolicCore/SystolicCore/rtl/Arty7_top_sim.sv:]
WARNING: [filemgmt 56-199] Attempt to get parsing info during refresh. "On-the-fly" syntax checking information may be incorrect. [/home/xmen/Videos/RustDesk/SystolicCore/SystolicCore/rtl/Arty7_top_sim.sv:]
WARNING: [filemgmt 56-199] Attempt to get parsing info during refresh. "On-the-fly" syntax checking information may be incorrect. [/home/xmen/Videos/RustDesk/SystolicCore/SystolicCore/rtl/accumulator.sv:]
WARNING: [filemgmt 56-199] Attempt to get parsing info during refresh. "On-the-fly" syntax checking information may be incorrect. [/home/xmen/Videos/RustDesk/SystolicCore/SystolicCore/rtl/serial2mem.sv:]
WARNING: [filemgmt 56-199] Attempt to get parsing info during refresh. "On-the-fly" syntax checking information may be incorrect. [/home/xmen/Videos/RustDesk/SystolicCore/SystolicCore/tb/tb_fpga.sv:]
WARNING: [filemgmt 56-199] Attempt to get parsing info during refresh. "On-the-fly" syntax checking information may be incorrect. [/home/xmen/Videos/RustDesk/SystolicCore/SystolicCore/rtl/SystolicControlUnit.sv:]
WARNING: [filemgmt 56-199] Attempt to get parsing info during refresh. "On-the-fly" syntax checking information may be incorrect. [/home/xmen/Videos/RustDesk/SystolicCore/SystolicCore/rtl/SystolicControlUnit.sv:]
WARNING: [filemgmt 56-199] Attempt to get parsing info during refresh. "On-the-fly" syntax checking information may be incorrect. [/home/xmen/Videos/RustDesk/SystolicCore/SystolicCore/rtl/SystolicControlUnit.sv:]
WARNING: [filemgmt 56-199] Attempt to get parsing info during refresh. "On-the-fly" syntax checking information may be incorrect. [/home/xmen/Videos/RustDesk/SystolicCore/SystolicCore/rtl/Arty7_top_sim.sv:]
WARNING: [filemgmt 56-199] Attempt to get parsing info during refresh. "On-the-fly" syntax checking information may be incorrect. [/home/xmen/Videos/RustDesk/SystolicCore/SystolicCore/rtl/accumulator.sv:]
WARNING: [filemgmt 56-199] Attempt to get parsing info during refresh. "On-the-fly" syntax checking information may be incorrect. [/home/xmen/Videos/RustDesk/SystolicCore/SystolicCore/rtl/serial2mem.sv:]
WARNING: [filemgmt 56-199] Attempt to get parsing info during refresh. "On-the-fly" syntax checking information may be incorrect. [/home/xmen/Videos/RustDesk/SystolicCore/SystolicCore/tb/tb_fpga.sv:]
WARNING: [filemgmt 56-199] Attempt to get parsing info during refresh. "On-the-fly" syntax checking information may be incorrect. [/home/xmen/Videos/RustDesk/SystolicCore/SystolicCore/rtl/SystolicControlUnit.sv:]
WARNING: [filemgmt 56-199] Attempt to get parsing info during refresh. "On-the-fly" syntax checking information may be incorrect. [/home/xmen/Videos/RustDesk/SystolicCore/SystolicCore/rtl/accumulator.sv:]
WARNING: [filemgmt 56-199] Attempt to get parsing info during refresh. "On-the-fly" syntax checking information may be incorrect. [/home/xmen/Videos/RustDesk/SystolicCore/SystolicCore/rtl/accumulator.sv:]
WARNING: [filemgmt 56-199] Attempt to get parsing info during refresh. "On-the-fly" syntax checking information may be incorrect. [/home/xmen/Videos/RustDesk/SystolicCore/SystolicCore/rtl/Arty7_top_sim.sv:]
WARNING: [filemgmt 56-199] Attempt to get parsing info during refresh. "On-the-fly" syntax checking information may be incorrect. [/home/xmen/Videos/RustDesk/SystolicCore/SystolicCore/rtl/accumulator.sv:]
WARNING: [filemgmt 56-199] Attempt to get parsing info during refresh. "On-the-fly" syntax checking information may be incorrect. [/home/xmen/Videos/RustDesk/SystolicCore/SystolicCore/rtl/serial2mem.sv:]
WARNING: [filemgmt 56-199] Attempt to get parsing info during refresh. "On-the-fly" syntax checking information may be incorrect. [/home/xmen/Videos/RustDesk/SystolicCore/SystolicCore/tb/tb_fpga.sv:]
WARNING: [filemgmt 56-199] Attempt to get parsing info during refresh. "On-the-fly" syntax checking information may be incorrect. [/home/xmen/Videos/RustDesk/SystolicCore/SystolicCore/rtl/SystolicControlUnit.sv:]
WARNING: [filemgmt 56-199] Attempt to get parsing info during refresh. "On-the-fly" syntax checking information may be incorrect. [/home/xmen/Videos/RustDesk/SystolicCore/SystolicCore/tb/tb_fpga.sv:]
WARNING: [filemgmt 56-199] Attempt to get parsing info during refresh. "On-the-fly" syntax checking information may be incorrect. [/home/xmen/Videos/RustDesk/SystolicCore/SystolicCore/tb/tb_fpga.sv:]
close_sim
INFO: xsimkernel Simulation Memory Usage: 514664 KB (Peak: 571180 KB), Simulation CPU Usage: 83210 ms
INFO: [Simtcl 6-16] Simulation closed
launch_simulation
Command: launch_simulation 
INFO: [Vivado 12-25911] Executing simulation for 'XSim' simulator
INFO: [Project 1-5737] Running on host VT0144 (64) - Rocky Linux release 8.10 (Green Obsidian)
INFO: [Vivado 12-28535] Process started - Sat Dec 27 12:22:59 2025

INFO: [Vivado 12-12493] Simulation top is 'tb'
INFO: [Vivado 12-5698] Checking validity of IPs in the design for the 'XSim' simulator...
INFO: [Vivado 12-5682] Launching behavioral simulation in '/home/xmen/Videos/RustDesk/SystolicCore/SystolicCore/SystolicCore/SystolicCore.sim/sim_1/behav/xsim'
INFO: [Vivado 12-4795] Using compiled simulation libraries for IPs
INFO: [SIM-utils-51] Simulation object is 'sim_1'
INFO: [SIM-utils-72] Using boost library from '/home/xmen/Music/2025.2/tps/boost_1_72_0'
INFO: [USF-XSim-7] Finding pre-compiled libraries...
INFO: [USF-XSim-11] File '/home/xmen/Music/2025.2/data/xsim/xsim.ini' copied to run dir:'/home/xmen/Videos/RustDesk/SystolicCore/SystolicCore/SystolicCore/SystolicCore.sim/sim_1/behav/xsim'
INFO: [SIM-utils-54] Inspecting design source files for 'tb' in fileset 'sim_1'...
INFO: [SIM-utils-43] Exported '/home/xmen/Videos/RustDesk/SystolicCore/SystolicCore/SystolicCore/SystolicCore.sim/sim_1/behav/xsim/testeINPUT_B1.mem'
INFO: [SIM-utils-43] Exported '/home/xmen/Videos/RustDesk/SystolicCore/SystolicCore/SystolicCore/SystolicCore.sim/sim_1/behav/xsim/testeINPUT_B.mem'
INFO: [SIM-utils-43] Exported '/home/xmen/Videos/RustDesk/SystolicCore/SystolicCore/SystolicCore/SystolicCore.sim/sim_1/behav/xsim/testeINPUT_A1.mem'
INFO: [SIM-utils-43] Exported '/home/xmen/Videos/RustDesk/SystolicCore/SystolicCore/SystolicCore/SystolicCore.sim/sim_1/behav/xsim/testeINPUT_A.mem'
INFO: [SIM-utils-43] Exported '/home/xmen/Videos/RustDesk/SystolicCore/SystolicCore/SystolicCore/SystolicCore.sim/sim_1/behav/xsim/testeINPUT_B1.mem'
INFO: [SIM-utils-43] Exported '/home/xmen/Videos/RustDesk/SystolicCore/SystolicCore/SystolicCore/SystolicCore.sim/sim_1/behav/xsim/testeINPUT_B.mem'
INFO: [SIM-utils-43] Exported '/home/xmen/Videos/RustDesk/SystolicCore/SystolicCore/SystolicCore/SystolicCore.sim/sim_1/behav/xsim/testeINPUT_A1.mem'
INFO: [SIM-utils-43] Exported '/home/xmen/Videos/RustDesk/SystolicCore/SystolicCore/SystolicCore/SystolicCore.sim/sim_1/behav/xsim/testeINPUT_A.mem'
INFO: [USF-XSim-97] Finding global include files...
INFO: [USF-XSim-98] Fetching design files from 'sim_1'...
INFO: [USF-XSim-2] XSim::Compile design
INFO: [USF-XSim-61] Executing 'COMPILE and ANALYZE' step in '/home/xmen/Videos/RustDesk/SystolicCore/SystolicCore/SystolicCore/SystolicCore.sim/sim_1/behav/xsim'
xvlog --incr --relax -L uvm -prj tb_vlog.prj
INFO: [VRFC 10-2263] Analyzing SystemVerilog file "/home/xmen/Videos/RustDesk/SystolicCore/SystolicCore/rtl/Arty7_top_sim.sv" into library xil_defaultlib
INFO: [VRFC 10-311] analyzing module Arty7_top_sim
INFO: [VRFC 10-2263] Analyzing SystemVerilog file "/home/xmen/Videos/RustDesk/SystolicCore/SystolicCore/rtl/SystolicControlUnit.sv" into library xil_defaultlib
INFO: [VRFC 10-311] analyzing module systolicControlUnitTop
INFO: [VRFC 10-2263] Analyzing SystemVerilog file "/home/xmen/Videos/RustDesk/SystolicCore/SystolicCore/rtl/SystolicCore.sv" into library xil_defaultlib
INFO: [VRFC 10-311] analyzing module SystolicCoreTop
INFO: [VRFC 10-2263] Analyzing SystemVerilog file "/home/xmen/Videos/RustDesk/SystolicCore/SystolicCore/rtl/accumulator.sv" into library xil_defaultlib
INFO: [VRFC 10-311] analyzing module accumulator_cells
INFO: [VRFC 10-2263] Analyzing SystemVerilog file "/home/xmen/Videos/RustDesk/SystolicCore/SystolicCore/rtl/uart/rtl/counter.sv" into library xil_defaultlib
INFO: [VRFC 10-311] analyzing module counter
INFO: [VRFC 10-2263] Analyzing SystemVerilog file "/home/xmen/Videos/RustDesk/SystolicCore/SystolicCore/rtl/mem2serial.sv" into library xil_defaultlib
INFO: [VRFC 10-311] analyzing module mem2seriala
INFO: [VRFC 10-2263] Analyzing SystemVerilog file "/home/xmen/Videos/RustDesk/SystolicCore/SystolicCore/rtl/uart/rtl/ref_clock.sv" into library xil_defaultlib
INFO: [VRFC 10-311] analyzing module ref_clock
INFO: [VRFC 10-2263] Analyzing SystemVerilog file "/home/xmen/Videos/RustDesk/SystolicCore/SystolicCore/rtl/serial2mem.sv" into library xil_defaultlib
INFO: [VRFC 10-311] analyzing module serial2mem
INFO: [VRFC 10-2263] Analyzing SystemVerilog file "/home/xmen/Videos/RustDesk/SystolicCore/SystolicCore/rtl/systolicMatrixMultiply.sv" into library xil_defaultlib
INFO: [VRFC 10-311] analyzing module systolicMatrixMultiply
INFO: [VRFC 10-2263] Analyzing SystemVerilog file "/home/xmen/Videos/RustDesk/SystolicCore/SystolicCore/rtl/src/uart_top.sv" into library xil_defaultlib
INFO: [VRFC 10-311] analyzing module uart_top
INFO: [VRFC 10-2263] Analyzing SystemVerilog file "/home/xmen/Videos/RustDesk/SystolicCore/SystolicCore/tb/tb_fpga.sv" into library xil_defaultlib
INFO: [VRFC 10-311] analyzing module tb
WARNING: [VRFC 10-8658] /* is inside a comment [/home/xmen/Videos/RustDesk/SystolicCore/SystolicCore/tb/tb_fpga.sv:75]
Waiting for jobs to finish...
No pending jobs, compilation finished.
INFO: [USF-XSim-69] 'compile' step finished in '1' seconds
INFO: [USF-XSim-3] XSim::Elaborate design
INFO: [USF-XSim-61] Executing 'ELABORATE' step in '/home/xmen/Videos/RustDesk/SystolicCore/SystolicCore/SystolicCore/SystolicCore.sim/sim_1/behav/xsim'
xelab --incr --debug typical --relax --mt 8 -L xil_defaultlib -L blk_mem_gen_v8_4_12 -L uvm -L unisims_ver -L unimacro_ver -L secureip -L xpm --snapshot tb_behav xil_defaultlib.tb xil_defaultlib.glbl -log elaborate.log
Vivado Simulator v2025.2
Copyright 1986-2022 Xilinx, Inc. All Rights Reserved.
Copyright 2022-2025 Advanced Micro Devices, Inc. All Rights Reserved.
Running: /home/xmen/Music/2025.2/Vivado/bin/unwrapped/lnx64.o/xelab --incr --debug typical --relax --mt 8 -L xil_defaultlib -L blk_mem_gen_v8_4_12 -L uvm -L unisims_ver -L unimacro_ver -L secureip -L xpm --snapshot tb_behav xil_defaultlib.tb xil_defaultlib.glbl -log elaborate.log 
Using 8 slave threads.
Starting static elaboration
Pass Through NonSizing Optimizer
WARNING: [VRFC 10-3091] actual bit length 32 differs from formal bit length 1 for port 'valid_rx_in' [/home/xmen/Videos/RustDesk/SystolicCore/SystolicCore/tb/tb_fpga.sv:38]
WARNING: [VRFC 10-3091] actual bit length 12 differs from formal bit length 8 for port 'data_tx_in' [/home/xmen/Videos/RustDesk/SystolicCore/SystolicCore/tb/tb_fpga.sv:43]
WARNING: [VRFC 10-3818] variable 'tb_uart_data_tx_in' is driven by invalid combination of procedural drivers [/home/xmen/Videos/RustDesk/SystolicCore/SystolicCore/tb/tb_fpga.sv:29]
WARNING: [VRFC 10-2921] 'tb_uart_data_tx_in' driven by this always_comb block should not be driven by any other process [/home/xmen/Videos/RustDesk/SystolicCore/SystolicCore/tb/tb_fpga.sv:128]
WARNING: [VRFC 10-3823] variable 'uart_valid_rx_in' might have multiple concurrent drivers [/home/xmen/Videos/RustDesk/SystolicCore/SystolicCore/rtl/Arty7_top_sim.sv:83]
WARNING: [VRFC 10-3823] variable 'uart_data_tx_in' might have multiple concurrent drivers [/home/xmen/Videos/RustDesk/SystolicCore/SystolicCore/rtl/Arty7_top_sim.sv:96]
WARNING: [VRFC 10-10063] index 16 into 'b_vec' is out of bounds [/home/xmen/Videos/RustDesk/SystolicCore/SystolicCore/rtl/systolicMatrixMultiply.sv:52]
WARNING: [VRFC 10-10063] index 16 into 'a_vec' is out of bounds [/home/xmen/Videos/RustDesk/SystolicCore/SystolicCore/rtl/systolicMatrixMultiply.sv:51]
Completed static elaboration
Starting simulation data flow analysis
Completed simulation data flow analysis
Time Resolution for simulation is 1ps
Compiling module xil_defaultlib.uart_rx_default
Compiling module xil_defaultlib.uart_tx_default
Compiling module xil_defaultlib.uart_top
Compiling module xil_defaultlib.accumulator_cells(WIDTH=8)
Compiling module xil_defaultlib.systolicMatrixMultiply(SIZE=16)
Compiling module blk_mem_gen_v8_4_12.blk_mem_gen_v8_4_12_output_stage...
Compiling module blk_mem_gen_v8_4_12.blk_mem_gen_v8_4_12_output_stage...
Compiling module blk_mem_gen_v8_4_12.blk_mem_gen_v8_4_12_softecc_outp...
Compiling module blk_mem_gen_v8_4_12.blk_mem_gen_v8_4_12_mem_module(C...
Compiling module blk_mem_gen_v8_4_12.blk_mem_gen_v8_4_12(C_FAMILY="ar...
Compiling module xil_defaultlib.ram_dual_port
Compiling module xil_defaultlib.serial2mem(SIZE=16)
Compiling module xil_defaultlib.mem2seriala(SIZE=16)
Compiling module xil_defaultlib.ila_3
Compiling module xil_defaultlib.systolicControlUnitTop
Compiling module xil_defaultlib.counter(MOD=4347)
Compiling module xil_defaultlib.ref_clock(CLOCK_REF=11500,CLOCK_...
Compiling module xil_defaultlib.SystolicCoreTop(SIZE=16,CLOCK_TR...
Compiling module xil_defaultlib.Arty7_top_sim
Compiling module xil_defaultlib.tb
Compiling module xil_defaultlib.glbl
Built simulation snapshot tb_behav
INFO: [USF-XSim-69] 'elaborate' step finished in '4' seconds
INFO: [USF-XSim-4] XSim::Simulate design
INFO: [USF-XSim-61] Executing 'SIMULATE' step in '/home/xmen/Videos/RustDesk/SystolicCore/SystolicCore/SystolicCore/SystolicCore.sim/sim_1/behav/xsim'
INFO: [USF-XSim-98] *** Running xsim
   with args "tb_behav -key {Behavioral:sim_1:Functional:tb} -tclbatch {tb.tcl} -view {/home/xmen/Videos/RustDesk/SystolicCore/SystolicCore/SystolicCore/tb_behav.wcfg} -log {simulate.log}"
INFO: [USF-XSim-8] Loading simulator feature
Time resolution is 1 ps
open_wave_config /home/xmen/Videos/RustDesk/SystolicCore/SystolicCore/SystolicCore/tb_behav.wcfg
source tb.tcl
# set curr_wave [current_wave_config]
# if { [string length $curr_wave] == 0 } {
#   if { [llength [get_objects]] > 0} {
#     add_wave /
#     set_property needs_save false [current_wave_config]
#   } else {
#      send_msg_id Add_Wave-1 WARNING "No top level signals found. Simulator will start without a wave window. If you want to open a wave window go to 'File->New Waveform Configuration' or type 'create_wave_config' in the TCL console."
#   }
# }
# run 1000ns
Block Memory Generator module tb.a.SystolicCore0.serial2mem_opA.ram.inst.native_mem_module.blk_mem_gen_v8_4_12_inst is using a behavioral model for simulation which will not precisely model memory collision behavior.
Block Memory Generator module tb.a.SystolicCore0.serial2mem_opB.ram.inst.native_mem_module.blk_mem_gen_v8_4_12_inst is using a behavioral model for simulation which will not precisely model memory collision behavior.
Block Memory Generator module tb.a.SystolicCore1.serial2mem_opA.ram.inst.native_mem_module.blk_mem_gen_v8_4_12_inst is using a behavioral model for simulation which will not precisely model memory collision behavior.
Block Memory Generator module tb.a.SystolicCore1.serial2mem_opB.ram.inst.native_mem_module.blk_mem_gen_v8_4_12_inst is using a behavioral model for simulation which will not precisely model memory collision behavior.
blk_mem_gen_v8_4_12 collision detected at time: 45000, Instance: tb.a.SystolicCore0.serial2mem_opA.ram.inst.native_mem_module.blk_mem_gen_v8_4_12_inst, A write address: 0, B  read address: 0
blk_mem_gen_v8_4_12 collision detected at time: 45000, Instance: tb.a.SystolicCore0.serial2mem_opB.ram.inst.native_mem_module.blk_mem_gen_v8_4_12_inst, A write address: 0, B  read address: 0
blk_mem_gen_v8_4_12 collision detected at time: 45000, Instance: tb.a.SystolicCore1.serial2mem_opA.ram.inst.native_mem_module.blk_mem_gen_v8_4_12_inst, A write address: 0, B  read address: 0
blk_mem_gen_v8_4_12 collision detected at time: 45000, Instance: tb.a.SystolicCore1.serial2mem_opB.ram.inst.native_mem_module.blk_mem_gen_v8_4_12_inst, A write address: 0, B  read address: 0
blk_mem_gen_v8_4_12 collision detected at time: 55000, Instance: tb.a.SystolicCore0.serial2mem_opA.ram.inst.native_mem_module.blk_mem_gen_v8_4_12_inst, A write address: 0, B  read address: 0
blk_mem_gen_v8_4_12 collision detected at time: 55000, Instance: tb.a.SystolicCore0.serial2mem_opB.ram.inst.native_mem_module.blk_mem_gen_v8_4_12_inst, A write address: 0, B  read address: 0
blk_mem_gen_v8_4_12 collision detected at time: 55000, Instance: tb.a.SystolicCore1.serial2mem_opA.ram.inst.native_mem_module.blk_mem_gen_v8_4_12_inst, A write address: 0, B  read address: 0
blk_mem_gen_v8_4_12 collision detected at time: 55000, Instance: tb.a.SystolicCore1.serial2mem_opB.ram.inst.native_mem_module.blk_mem_gen_v8_4_12_inst, A write address: 0, B  read address: 0
blk_mem_gen_v8_4_12 collision detected at time: 65000, Instance: tb.a.SystolicCore0.serial2mem_opA.ram.inst.native_mem_module.blk_mem_gen_v8_4_12_inst, A write address: 0, B  read address: 0
blk_mem_gen_v8_4_12 collision detected at time: 65000, Instance: tb.a.SystolicCore0.serial2mem_opB.ram.inst.native_mem_module.blk_mem_gen_v8_4_12_inst, A write address: 0, B  read address: 0
blk_mem_gen_v8_4_12 collision detected at time: 65000, Instance: tb.a.SystolicCore1.serial2mem_opA.ram.inst.native_mem_module.blk_mem_gen_v8_4_12_inst, A write address: 0, B  read address: 0
blk_mem_gen_v8_4_12 collision detected at time: 65000, Instance: tb.a.SystolicCore1.serial2mem_opB.ram.inst.native_mem_module.blk_mem_gen_v8_4_12_inst, A write address: 0, B  read address: 0
blk_mem_gen_v8_4_12 collision detected at time: 75000, Instance: tb.a.SystolicCore0.serial2mem_opA.ram.inst.native_mem_module.blk_mem_gen_v8_4_12_inst, A write address: 0, B  read address: 0
blk_mem_gen_v8_4_12 collision detected at time: 75000, Instance: tb.a.SystolicCore0.serial2mem_opB.ram.inst.native_mem_module.blk_mem_gen_v8_4_12_inst, A write address: 0, B  read address: 0
blk_mem_gen_v8_4_12 collision detected at time: 75000, Instance: tb.a.SystolicCore1.serial2mem_opA.ram.inst.native_mem_module.blk_mem_gen_v8_4_12_inst, A write address: 0, B  read address: 0
blk_mem_gen_v8_4_12 collision detected at time: 75000, Instance: tb.a.SystolicCore1.serial2mem_opB.ram.inst.native_mem_module.blk_mem_gen_v8_4_12_inst, A write address: 0, B  read address: 0
INFO: [USF-XSim-96] XSim completed. Design snapshot 'tb_behav' loaded.
INFO: [USF-XSim-97] XSim simulation ran for 1000ns
launch_simulation: Time (s): cpu = 00:00:07 ; elapsed = 00:00:09 . Memory (MB): peak = 11359.672 ; gain = 0.000 ; free physical = 16228 ; free virtual = 39802
restart
INFO: [Wavedata 42-604] Simulation restarted
run all
Block Memory Generator module tb.a.SystolicCore0.serial2mem_opA.ram.inst.native_mem_module.blk_mem_gen_v8_4_12_inst is using a behavioral model for simulation which will not precisely model memory collision behavior.
Block Memory Generator module tb.a.SystolicCore0.serial2mem_opB.ram.inst.native_mem_module.blk_mem_gen_v8_4_12_inst is using a behavioral model for simulation which will not precisely model memory collision behavior.
Block Memory Generator module tb.a.SystolicCore1.serial2mem_opA.ram.inst.native_mem_module.blk_mem_gen_v8_4_12_inst is using a behavioral model for simulation which will not precisely model memory collision behavior.
Block Memory Generator module tb.a.SystolicCore1.serial2mem_opB.ram.inst.native_mem_module.blk_mem_gen_v8_4_12_inst is using a behavioral model for simulation which will not precisely model memory collision behavior.
blk_mem_gen_v8_4_12 collision detected at time: 45000, Instance: tb.a.SystolicCore0.serial2mem_opA.ram.inst.native_mem_module.blk_mem_gen_v8_4_12_inst, A write address: 0, B  read address: 0
blk_mem_gen_v8_4_12 collision detected at time: 45000, Instance: tb.a.SystolicCore0.serial2mem_opB.ram.inst.native_mem_module.blk_mem_gen_v8_4_12_inst, A write address: 0, B  read address: 0
blk_mem_gen_v8_4_12 collision detected at time: 45000, Instance: tb.a.SystolicCore1.serial2mem_opA.ram.inst.native_mem_module.blk_mem_gen_v8_4_12_inst, A write address: 0, B  read address: 0
blk_mem_gen_v8_4_12 collision detected at time: 45000, Instance: tb.a.SystolicCore1.serial2mem_opB.ram.inst.native_mem_module.blk_mem_gen_v8_4_12_inst, A write address: 0, B  read address: 0
blk_mem_gen_v8_4_12 collision detected at time: 55000, Instance: tb.a.SystolicCore0.serial2mem_opA.ram.inst.native_mem_module.blk_mem_gen_v8_4_12_inst, A write address: 0, B  read address: 0
blk_mem_gen_v8_4_12 collision detected at time: 55000, Instance: tb.a.SystolicCore0.serial2mem_opB.ram.inst.native_mem_module.blk_mem_gen_v8_4_12_inst, A write address: 0, B  read address: 0
blk_mem_gen_v8_4_12 collision detected at time: 55000, Instance: tb.a.SystolicCore1.serial2mem_opA.ram.inst.native_mem_module.blk_mem_gen_v8_4_12_inst, A write address: 0, B  read address: 0
blk_mem_gen_v8_4_12 collision detected at time: 55000, Instance: tb.a.SystolicCore1.serial2mem_opB.ram.inst.native_mem_module.blk_mem_gen_v8_4_12_inst, A write address: 0, B  read address: 0
blk_mem_gen_v8_4_12 collision detected at time: 65000, Instance: tb.a.SystolicCore0.serial2mem_opA.ram.inst.native_mem_module.blk_mem_gen_v8_4_12_inst, A write address: 0, B  read address: 0
blk_mem_gen_v8_4_12 collision detected at time: 65000, Instance: tb.a.SystolicCore0.serial2mem_opB.ram.inst.native_mem_module.blk_mem_gen_v8_4_12_inst, A write address: 0, B  read address: 0
blk_mem_gen_v8_4_12 collision detected at time: 65000, Instance: tb.a.SystolicCore1.serial2mem_opA.ram.inst.native_mem_module.blk_mem_gen_v8_4_12_inst, A write address: 0, B  read address: 0
blk_mem_gen_v8_4_12 collision detected at time: 65000, Instance: tb.a.SystolicCore1.serial2mem_opB.ram.inst.native_mem_module.blk_mem_gen_v8_4_12_inst, A write address: 0, B  read address: 0
blk_mem_gen_v8_4_12 collision detected at time: 75000, Instance: tb.a.SystolicCore0.serial2mem_opA.ram.inst.native_mem_module.blk_mem_gen_v8_4_12_inst, A write address: 0, B  read address: 0
blk_mem_gen_v8_4_12 collision detected at time: 75000, Instance: tb.a.SystolicCore0.serial2mem_opB.ram.inst.native_mem_module.blk_mem_gen_v8_4_12_inst, A write address: 0, B  read address: 0
blk_mem_gen_v8_4_12 collision detected at time: 75000, Instance: tb.a.SystolicCore1.serial2mem_opA.ram.inst.native_mem_module.blk_mem_gen_v8_4_12_inst, A write address: 0, B  read address: 0
blk_mem_gen_v8_4_12 collision detected at time: 75000, Instance: tb.a.SystolicCore1.serial2mem_opB.ram.inst.native_mem_module.blk_mem_gen_v8_4_12_inst, A write address: 0, B  read address: 0
run: Time (s): cpu = 00:00:36 ; elapsed = 00:01:44 . Memory (MB): peak = 11359.672 ; gain = 0.000 ; free physical = 16392 ; free virtual = 40681
current_wave_config {tb_behav.wcfg}
tb_behav.wcfg
add_wave {{/tb/a/SystolicCore0}} 
restart
INFO: [Wavedata 42-604] Simulation restarted
run all
Block Memory Generator module tb.a.SystolicCore0.serial2mem_opA.ram.inst.native_mem_module.blk_mem_gen_v8_4_12_inst is using a behavioral model for simulation which will not precisely model memory collision behavior.
Block Memory Generator module tb.a.SystolicCore0.serial2mem_opB.ram.inst.native_mem_module.blk_mem_gen_v8_4_12_inst is using a behavioral model for simulation which will not precisely model memory collision behavior.
Block Memory Generator module tb.a.SystolicCore1.serial2mem_opA.ram.inst.native_mem_module.blk_mem_gen_v8_4_12_inst is using a behavioral model for simulation which will not precisely model memory collision behavior.
Block Memory Generator module tb.a.SystolicCore1.serial2mem_opB.ram.inst.native_mem_module.blk_mem_gen_v8_4_12_inst is using a behavioral model for simulation which will not precisely model memory collision behavior.
blk_mem_gen_v8_4_12 collision detected at time: 45000, Instance: tb.a.SystolicCore0.serial2mem_opA.ram.inst.native_mem_module.blk_mem_gen_v8_4_12_inst, A write address: 0, B  read address: 0
blk_mem_gen_v8_4_12 collision detected at time: 45000, Instance: tb.a.SystolicCore0.serial2mem_opB.ram.inst.native_mem_module.blk_mem_gen_v8_4_12_inst, A write address: 0, B  read address: 0
blk_mem_gen_v8_4_12 collision detected at time: 45000, Instance: tb.a.SystolicCore1.serial2mem_opA.ram.inst.native_mem_module.blk_mem_gen_v8_4_12_inst, A write address: 0, B  read address: 0
blk_mem_gen_v8_4_12 collision detected at time: 45000, Instance: tb.a.SystolicCore1.serial2mem_opB.ram.inst.native_mem_module.blk_mem_gen_v8_4_12_inst, A write address: 0, B  read address: 0
blk_mem_gen_v8_4_12 collision detected at time: 55000, Instance: tb.a.SystolicCore0.serial2mem_opA.ram.inst.native_mem_module.blk_mem_gen_v8_4_12_inst, A write address: 0, B  read address: 0
blk_mem_gen_v8_4_12 collision detected at time: 55000, Instance: tb.a.SystolicCore0.serial2mem_opB.ram.inst.native_mem_module.blk_mem_gen_v8_4_12_inst, A write address: 0, B  read address: 0
blk_mem_gen_v8_4_12 collision detected at time: 55000, Instance: tb.a.SystolicCore1.serial2mem_opA.ram.inst.native_mem_module.blk_mem_gen_v8_4_12_inst, A write address: 0, B  read address: 0
blk_mem_gen_v8_4_12 collision detected at time: 55000, Instance: tb.a.SystolicCore1.serial2mem_opB.ram.inst.native_mem_module.blk_mem_gen_v8_4_12_inst, A write address: 0, B  read address: 0
blk_mem_gen_v8_4_12 collision detected at time: 65000, Instance: tb.a.SystolicCore0.serial2mem_opA.ram.inst.native_mem_module.blk_mem_gen_v8_4_12_inst, A write address: 0, B  read address: 0
blk_mem_gen_v8_4_12 collision detected at time: 65000, Instance: tb.a.SystolicCore0.serial2mem_opB.ram.inst.native_mem_module.blk_mem_gen_v8_4_12_inst, A write address: 0, B  read address: 0
blk_mem_gen_v8_4_12 collision detected at time: 65000, Instance: tb.a.SystolicCore1.serial2mem_opA.ram.inst.native_mem_module.blk_mem_gen_v8_4_12_inst, A write address: 0, B  read address: 0
blk_mem_gen_v8_4_12 collision detected at time: 65000, Instance: tb.a.SystolicCore1.serial2mem_opB.ram.inst.native_mem_module.blk_mem_gen_v8_4_12_inst, A write address: 0, B  read address: 0
blk_mem_gen_v8_4_12 collision detected at time: 75000, Instance: tb.a.SystolicCore0.serial2mem_opA.ram.inst.native_mem_module.blk_mem_gen_v8_4_12_inst, A write address: 0, B  read address: 0
blk_mem_gen_v8_4_12 collision detected at time: 75000, Instance: tb.a.SystolicCore0.serial2mem_opB.ram.inst.native_mem_module.blk_mem_gen_v8_4_12_inst, A write address: 0, B  read address: 0
blk_mem_gen_v8_4_12 collision detected at time: 75000, Instance: tb.a.SystolicCore1.serial2mem_opA.ram.inst.native_mem_module.blk_mem_gen_v8_4_12_inst, A write address: 0, B  read address: 0
blk_mem_gen_v8_4_12 collision detected at time: 75000, Instance: tb.a.SystolicCore1.serial2mem_opB.ram.inst.native_mem_module.blk_mem_gen_v8_4_12_inst, A write address: 0, B  read address: 0
blk_mem_gen_v8_4_12 WARNING: Address 1f is outside range for B Read
blk_mem_gen_v8_4_12 WARNING: Address 1f is outside range for B Read
blk_mem_gen_v8_4_12 WARNING: Address 1f is outside range for B Read
blk_mem_gen_v8_4_12 WARNING: Address 1f is outside range for B Read
run: Time (s): cpu = 00:03:29 ; elapsed = 00:06:30 . Memory (MB): peak = 11540.754 ; gain = 181.082 ; free physical = 8699 ; free virtual = 39581
WARNING: [filemgmt 56-199] Attempt to get parsing info during refresh. "On-the-fly" syntax checking information may be incorrect. [/home/xmen/Videos/RustDesk/SystolicCore/SystolicCore/rtl/Arty7_top_sim.sv:]
WARNING: [filemgmt 56-199] Attempt to get parsing info during refresh. "On-the-fly" syntax checking information may be incorrect. [/home/xmen/Videos/RustDesk/SystolicCore/SystolicCore/rtl/accumulator.sv:]
WARNING: [filemgmt 56-199] Attempt to get parsing info during refresh. "On-the-fly" syntax checking information may be incorrect. [/home/xmen/Videos/RustDesk/SystolicCore/SystolicCore/rtl/serial2mem.sv:]
WARNING: [filemgmt 56-199] Attempt to get parsing info during refresh. "On-the-fly" syntax checking information may be incorrect. [/home/xmen/Videos/RustDesk/SystolicCore/SystolicCore/tb/tb_fpga.sv:]
WARNING: [filemgmt 56-199] Attempt to get parsing info during refresh. "On-the-fly" syntax checking information may be incorrect. [/home/xmen/Videos/RustDesk/SystolicCore/SystolicCore/rtl/SystolicControlUnit.sv:]
WARNING: [filemgmt 56-199] Attempt to get parsing info during refresh. "On-the-fly" syntax checking information may be incorrect. [/home/xmen/Videos/RustDesk/SystolicCore/SystolicCore/tb/tb_fpga.sv:]
WARNING: [filemgmt 56-199] Attempt to get parsing info during refresh. "On-the-fly" syntax checking information may be incorrect. [/home/xmen/Videos/RustDesk/SystolicCore/SystolicCore/tb/tb_fpga.sv:]
WARNING: [filemgmt 56-199] Attempt to get parsing info during refresh. "On-the-fly" syntax checking information may be incorrect. [/home/xmen/Videos/RustDesk/SystolicCore/SystolicCore/rtl/Arty7_top_sim.sv:]
WARNING: [filemgmt 56-199] Attempt to get parsing info during refresh. "On-the-fly" syntax checking information may be incorrect. [/home/xmen/Videos/RustDesk/SystolicCore/SystolicCore/rtl/accumulator.sv:]
WARNING: [filemgmt 56-199] Attempt to get parsing info during refresh. "On-the-fly" syntax checking information may be incorrect. [/home/xmen/Videos/RustDesk/SystolicCore/SystolicCore/rtl/serial2mem.sv:]
WARNING: [filemgmt 56-199] Attempt to get parsing info during refresh. "On-the-fly" syntax checking information may be incorrect. [/home/xmen/Videos/RustDesk/SystolicCore/SystolicCore/tb/tb_fpga.sv:]
WARNING: [filemgmt 56-199] Attempt to get parsing info during refresh. "On-the-fly" syntax checking information may be incorrect. [/home/xmen/Videos/RustDesk/SystolicCore/SystolicCore/rtl/SystolicControlUnit.sv:]
WARNING: [filemgmt 56-199] Attempt to get parsing info during refresh. "On-the-fly" syntax checking information may be incorrect. [/home/xmen/Videos/RustDesk/SystolicCore/SystolicCore/rtl/accumulator.sv:]
WARNING: [filemgmt 56-199] Attempt to get parsing info during refresh. "On-the-fly" syntax checking information may be incorrect. [/home/xmen/Videos/RustDesk/SystolicCore/SystolicCore/rtl/accumulator.sv:]
WARNING: [filemgmt 56-199] Attempt to get parsing info during refresh. "On-the-fly" syntax checking information may be incorrect. [/home/xmen/Videos/RustDesk/SystolicCore/SystolicCore/rtl/Arty7_top_sim.sv:]
WARNING: [filemgmt 56-199] Attempt to get parsing info during refresh. "On-the-fly" syntax checking information may be incorrect. [/home/xmen/Videos/RustDesk/SystolicCore/SystolicCore/rtl/accumulator.sv:]
WARNING: [filemgmt 56-199] Attempt to get parsing info during refresh. "On-the-fly" syntax checking information may be incorrect. [/home/xmen/Videos/RustDesk/SystolicCore/SystolicCore/rtl/serial2mem.sv:]
WARNING: [filemgmt 56-199] Attempt to get parsing info during refresh. "On-the-fly" syntax checking information may be incorrect. [/home/xmen/Videos/RustDesk/SystolicCore/SystolicCore/tb/tb_fpga.sv:]
WARNING: [filemgmt 56-199] Attempt to get parsing info during refresh. "On-the-fly" syntax checking information may be incorrect. [/home/xmen/Videos/RustDesk/SystolicCore/SystolicCore/rtl/SystolicControlUnit.sv:]
WARNING: [filemgmt 56-199] Attempt to get parsing info during refresh. "On-the-fly" syntax checking information may be incorrect. [/home/xmen/Videos/RustDesk/SystolicCore/SystolicCore/rtl/SystolicControlUnit.sv:]
WARNING: [filemgmt 56-199] Attempt to get parsing info during refresh. "On-the-fly" syntax checking information may be incorrect. [/home/xmen/Videos/RustDesk/SystolicCore/SystolicCore/rtl/SystolicControlUnit.sv:]
WARNING: [filemgmt 56-199] Attempt to get parsing info during refresh. "On-the-fly" syntax checking information may be incorrect. [/home/xmen/Videos/RustDesk/SystolicCore/SystolicCore/rtl/Arty7_top_sim.sv:]
WARNING: [filemgmt 56-199] Attempt to get parsing info during refresh. "On-the-fly" syntax checking information may be incorrect. [/home/xmen/Videos/RustDesk/SystolicCore/SystolicCore/rtl/accumulator.sv:]
WARNING: [filemgmt 56-199] Attempt to get parsing info during refresh. "On-the-fly" syntax checking information may be incorrect. [/home/xmen/Videos/RustDesk/SystolicCore/SystolicCore/rtl/serial2mem.sv:]
WARNING: [filemgmt 56-199] Attempt to get parsing info during refresh. "On-the-fly" syntax checking information may be incorrect. [/home/xmen/Videos/RustDesk/SystolicCore/SystolicCore/tb/tb_fpga.sv:]
WARNING: [filemgmt 56-199] Attempt to get parsing info during refresh. "On-the-fly" syntax checking information may be incorrect. [/home/xmen/Videos/RustDesk/SystolicCore/SystolicCore/rtl/SystolicControlUnit.sv:]
WARNING: [filemgmt 56-199] Attempt to get parsing info during refresh. "On-the-fly" syntax checking information may be incorrect. [/home/xmen/Videos/RustDesk/SystolicCore/SystolicCore/rtl/Arty7_top_sim.sv:]
WARNING: [filemgmt 56-199] Attempt to get parsing info during refresh. "On-the-fly" syntax checking information may be incorrect. [/home/xmen/Videos/RustDesk/SystolicCore/SystolicCore/rtl/Arty7_top_sim.sv:]
save_wave_config {/home/xmen/Videos/RustDesk/SystolicCore/SystolicCore/SystolicCore/tb_behav.wcfg}
close_sim
INFO: xsimkernel Simulation Memory Usage: 511856 KB (Peak: 571180 KB), Simulation CPU Usage: 489120 ms
INFO: [Simtcl 6-16] Simulation closed
launch_simulation
Command: launch_simulation 
INFO: [Vivado 12-25911] Executing simulation for 'XSim' simulator
INFO: [Project 1-5737] Running on host VT0144 (64) - Rocky Linux release 8.10 (Green Obsidian)
INFO: [Vivado 12-28535] Process started - Sat Dec 27 12:31:38 2025

INFO: [Vivado 12-12493] Simulation top is 'tb'
INFO: [Vivado 12-5698] Checking validity of IPs in the design for the 'XSim' simulator...
INFO: [Vivado 12-5682] Launching behavioral simulation in '/home/xmen/Videos/RustDesk/SystolicCore/SystolicCore/SystolicCore/SystolicCore.sim/sim_1/behav/xsim'
INFO: [Vivado 12-4795] Using compiled simulation libraries for IPs
INFO: [SIM-utils-51] Simulation object is 'sim_1'
INFO: [SIM-utils-72] Using boost library from '/home/xmen/Music/2025.2/tps/boost_1_72_0'
INFO: [USF-XSim-7] Finding pre-compiled libraries...
INFO: [USF-XSim-11] File '/home/xmen/Music/2025.2/data/xsim/xsim.ini' copied to run dir:'/home/xmen/Videos/RustDesk/SystolicCore/SystolicCore/SystolicCore/SystolicCore.sim/sim_1/behav/xsim'
INFO: [SIM-utils-54] Inspecting design source files for 'tb' in fileset 'sim_1'...
INFO: [SIM-utils-43] Exported '/home/xmen/Videos/RustDesk/SystolicCore/SystolicCore/SystolicCore/SystolicCore.sim/sim_1/behav/xsim/testeINPUT_B1.mem'
INFO: [SIM-utils-43] Exported '/home/xmen/Videos/RustDesk/SystolicCore/SystolicCore/SystolicCore/SystolicCore.sim/sim_1/behav/xsim/testeINPUT_B.mem'
INFO: [SIM-utils-43] Exported '/home/xmen/Videos/RustDesk/SystolicCore/SystolicCore/SystolicCore/SystolicCore.sim/sim_1/behav/xsim/testeINPUT_A1.mem'
INFO: [SIM-utils-43] Exported '/home/xmen/Videos/RustDesk/SystolicCore/SystolicCore/SystolicCore/SystolicCore.sim/sim_1/behav/xsim/testeINPUT_A.mem'
INFO: [SIM-utils-43] Exported '/home/xmen/Videos/RustDesk/SystolicCore/SystolicCore/SystolicCore/SystolicCore.sim/sim_1/behav/xsim/testeINPUT_B1.mem'
INFO: [SIM-utils-43] Exported '/home/xmen/Videos/RustDesk/SystolicCore/SystolicCore/SystolicCore/SystolicCore.sim/sim_1/behav/xsim/testeINPUT_B.mem'
INFO: [SIM-utils-43] Exported '/home/xmen/Videos/RustDesk/SystolicCore/SystolicCore/SystolicCore/SystolicCore.sim/sim_1/behav/xsim/testeINPUT_A1.mem'
INFO: [SIM-utils-43] Exported '/home/xmen/Videos/RustDesk/SystolicCore/SystolicCore/SystolicCore/SystolicCore.sim/sim_1/behav/xsim/testeINPUT_A.mem'
INFO: [USF-XSim-97] Finding global include files...
INFO: [USF-XSim-98] Fetching design files from 'sim_1'...
INFO: [USF-XSim-2] XSim::Compile design
INFO: [USF-XSim-61] Executing 'COMPILE and ANALYZE' step in '/home/xmen/Videos/RustDesk/SystolicCore/SystolicCore/SystolicCore/SystolicCore.sim/sim_1/behav/xsim'
xvlog --incr --relax -L uvm -prj tb_vlog.prj
INFO: [VRFC 10-2263] Analyzing SystemVerilog file "/home/xmen/Videos/RustDesk/SystolicCore/SystolicCore/rtl/Arty7_top_sim.sv" into library xil_defaultlib
INFO: [VRFC 10-311] analyzing module Arty7_top_sim
INFO: [VRFC 10-2263] Analyzing SystemVerilog file "/home/xmen/Videos/RustDesk/SystolicCore/SystolicCore/rtl/SystolicControlUnit.sv" into library xil_defaultlib
INFO: [VRFC 10-311] analyzing module systolicControlUnitTop
INFO: [VRFC 10-2263] Analyzing SystemVerilog file "/home/xmen/Videos/RustDesk/SystolicCore/SystolicCore/rtl/SystolicCore.sv" into library xil_defaultlib
INFO: [VRFC 10-311] analyzing module SystolicCoreTop
INFO: [VRFC 10-2263] Analyzing SystemVerilog file "/home/xmen/Videos/RustDesk/SystolicCore/SystolicCore/rtl/accumulator.sv" into library xil_defaultlib
INFO: [VRFC 10-311] analyzing module accumulator_cells
INFO: [VRFC 10-2263] Analyzing SystemVerilog file "/home/xmen/Videos/RustDesk/SystolicCore/SystolicCore/rtl/uart/rtl/counter.sv" into library xil_defaultlib
INFO: [VRFC 10-311] analyzing module counter
INFO: [VRFC 10-2263] Analyzing SystemVerilog file "/home/xmen/Videos/RustDesk/SystolicCore/SystolicCore/rtl/mem2serial.sv" into library xil_defaultlib
INFO: [VRFC 10-311] analyzing module mem2seriala
INFO: [VRFC 10-2263] Analyzing SystemVerilog file "/home/xmen/Videos/RustDesk/SystolicCore/SystolicCore/rtl/uart/rtl/ref_clock.sv" into library xil_defaultlib
INFO: [VRFC 10-311] analyzing module ref_clock
INFO: [VRFC 10-2263] Analyzing SystemVerilog file "/home/xmen/Videos/RustDesk/SystolicCore/SystolicCore/rtl/serial2mem.sv" into library xil_defaultlib
INFO: [VRFC 10-311] analyzing module serial2mem
INFO: [VRFC 10-2263] Analyzing SystemVerilog file "/home/xmen/Videos/RustDesk/SystolicCore/SystolicCore/rtl/systolicMatrixMultiply.sv" into library xil_defaultlib
INFO: [VRFC 10-311] analyzing module systolicMatrixMultiply
INFO: [VRFC 10-2263] Analyzing SystemVerilog file "/home/xmen/Videos/RustDesk/SystolicCore/SystolicCore/rtl/src/uart_top.sv" into library xil_defaultlib
INFO: [VRFC 10-311] analyzing module uart_top
INFO: [VRFC 10-2263] Analyzing SystemVerilog file "/home/xmen/Videos/RustDesk/SystolicCore/SystolicCore/tb/tb_fpga.sv" into library xil_defaultlib
INFO: [VRFC 10-311] analyzing module tb
WARNING: [VRFC 10-8658] /* is inside a comment [/home/xmen/Videos/RustDesk/SystolicCore/SystolicCore/tb/tb_fpga.sv:75]
Waiting for jobs to finish...
No pending jobs, compilation finished.
INFO: [USF-XSim-69] 'compile' step finished in '1' seconds
INFO: [USF-XSim-3] XSim::Elaborate design
INFO: [USF-XSim-61] Executing 'ELABORATE' step in '/home/xmen/Videos/RustDesk/SystolicCore/SystolicCore/SystolicCore/SystolicCore.sim/sim_1/behav/xsim'
xelab --incr --debug typical --relax --mt 8 -L xil_defaultlib -L blk_mem_gen_v8_4_12 -L uvm -L unisims_ver -L unimacro_ver -L secureip -L xpm --snapshot tb_behav xil_defaultlib.tb xil_defaultlib.glbl -log elaborate.log
Vivado Simulator v2025.2
Copyright 1986-2022 Xilinx, Inc. All Rights Reserved.
Copyright 2022-2025 Advanced Micro Devices, Inc. All Rights Reserved.
Running: /home/xmen/Music/2025.2/Vivado/bin/unwrapped/lnx64.o/xelab --incr --debug typical --relax --mt 8 -L xil_defaultlib -L blk_mem_gen_v8_4_12 -L uvm -L unisims_ver -L unimacro_ver -L secureip -L xpm --snapshot tb_behav xil_defaultlib.tb xil_defaultlib.glbl -log elaborate.log 
Using 8 slave threads.
Starting static elaboration
Pass Through NonSizing Optimizer
WARNING: [VRFC 10-3091] actual bit length 32 differs from formal bit length 1 for port 'valid_rx_in' [/home/xmen/Videos/RustDesk/SystolicCore/SystolicCore/tb/tb_fpga.sv:38]
WARNING: [VRFC 10-3091] actual bit length 12 differs from formal bit length 8 for port 'data_tx_in' [/home/xmen/Videos/RustDesk/SystolicCore/SystolicCore/tb/tb_fpga.sv:43]
WARNING: [VRFC 10-3818] variable 'tb_uart_data_tx_in' is driven by invalid combination of procedural drivers [/home/xmen/Videos/RustDesk/SystolicCore/SystolicCore/tb/tb_fpga.sv:29]
WARNING: [VRFC 10-2921] 'tb_uart_data_tx_in' driven by this always_comb block should not be driven by any other process [/home/xmen/Videos/RustDesk/SystolicCore/SystolicCore/tb/tb_fpga.sv:128]
WARNING: [VRFC 10-3823] variable 'uart_valid_rx_in' might have multiple concurrent drivers [/home/xmen/Videos/RustDesk/SystolicCore/SystolicCore/rtl/Arty7_top_sim.sv:83]
WARNING: [VRFC 10-3823] variable 'uart_data_tx_in' might have multiple concurrent drivers [/home/xmen/Videos/RustDesk/SystolicCore/SystolicCore/rtl/Arty7_top_sim.sv:96]
WARNING: [VRFC 10-10063] index 16 into 'b_vec' is out of bounds [/home/xmen/Videos/RustDesk/SystolicCore/SystolicCore/rtl/systolicMatrixMultiply.sv:52]
WARNING: [VRFC 10-10063] index 16 into 'a_vec' is out of bounds [/home/xmen/Videos/RustDesk/SystolicCore/SystolicCore/rtl/systolicMatrixMultiply.sv:51]
Completed static elaboration
Starting simulation data flow analysis
Completed simulation data flow analysis
Time Resolution for simulation is 1ps
Compiling module xil_defaultlib.uart_rx_default
Compiling module xil_defaultlib.uart_tx_default
Compiling module xil_defaultlib.uart_top
Compiling module xil_defaultlib.accumulator_cells(WIDTH=8)
Compiling module xil_defaultlib.systolicMatrixMultiply(SIZE=16)
Compiling module blk_mem_gen_v8_4_12.blk_mem_gen_v8_4_12_output_stage...
Compiling module blk_mem_gen_v8_4_12.blk_mem_gen_v8_4_12_output_stage...
Compiling module blk_mem_gen_v8_4_12.blk_mem_gen_v8_4_12_softecc_outp...
Compiling module blk_mem_gen_v8_4_12.blk_mem_gen_v8_4_12_mem_module(C...
Compiling module blk_mem_gen_v8_4_12.blk_mem_gen_v8_4_12(C_FAMILY="ar...
Compiling module xil_defaultlib.ram_dual_port
Compiling module xil_defaultlib.serial2mem(SIZE=16)
Compiling module xil_defaultlib.mem2seriala(SIZE=16)
Compiling module xil_defaultlib.ila_3
Compiling module xil_defaultlib.systolicControlUnitTop
Compiling module xil_defaultlib.counter(MOD=4347)
Compiling module xil_defaultlib.ref_clock(CLOCK_REF=11500,CLOCK_...
Compiling module xil_defaultlib.SystolicCoreTop(SIZE=16,CLOCK_TR...
Compiling module xil_defaultlib.Arty7_top_sim
Compiling module xil_defaultlib.tb
Compiling module xil_defaultlib.glbl
Built simulation snapshot tb_behav
INFO: [USF-XSim-69] 'elaborate' step finished in '3' seconds
INFO: [USF-XSim-4] XSim::Simulate design
INFO: [USF-XSim-61] Executing 'SIMULATE' step in '/home/xmen/Videos/RustDesk/SystolicCore/SystolicCore/SystolicCore/SystolicCore.sim/sim_1/behav/xsim'
INFO: [USF-XSim-98] *** Running xsim
   with args "tb_behav -key {Behavioral:sim_1:Functional:tb} -tclbatch {tb.tcl} -view {/home/xmen/Videos/RustDesk/SystolicCore/SystolicCore/SystolicCore/tb_behav.wcfg} -log {simulate.log}"
INFO: [USF-XSim-8] Loading simulator feature
Time resolution is 1 ps
open_wave_config /home/xmen/Videos/RustDesk/SystolicCore/SystolicCore/SystolicCore/tb_behav.wcfg
source tb.tcl
# set curr_wave [current_wave_config]
# if { [string length $curr_wave] == 0 } {
#   if { [llength [get_objects]] > 0} {
#     add_wave /
#     set_property needs_save false [current_wave_config]
#   } else {
#      send_msg_id Add_Wave-1 WARNING "No top level signals found. Simulator will start without a wave window. If you want to open a wave window go to 'File->New Waveform Configuration' or type 'create_wave_config' in the TCL console."
#   }
# }
# run 1000ns
Block Memory Generator module tb.a.SystolicCore0.serial2mem_opA.ram.inst.native_mem_module.blk_mem_gen_v8_4_12_inst is using a behavioral model for simulation which will not precisely model memory collision behavior.
Block Memory Generator module tb.a.SystolicCore0.serial2mem_opB.ram.inst.native_mem_module.blk_mem_gen_v8_4_12_inst is using a behavioral model for simulation which will not precisely model memory collision behavior.
Block Memory Generator module tb.a.SystolicCore1.serial2mem_opA.ram.inst.native_mem_module.blk_mem_gen_v8_4_12_inst is using a behavioral model for simulation which will not precisely model memory collision behavior.
Block Memory Generator module tb.a.SystolicCore1.serial2mem_opB.ram.inst.native_mem_module.blk_mem_gen_v8_4_12_inst is using a behavioral model for simulation which will not precisely model memory collision behavior.
blk_mem_gen_v8_4_12 collision detected at time: 45000, Instance: tb.a.SystolicCore0.serial2mem_opA.ram.inst.native_mem_module.blk_mem_gen_v8_4_12_inst, A write address: 0, B  read address: 0
blk_mem_gen_v8_4_12 collision detected at time: 45000, Instance: tb.a.SystolicCore0.serial2mem_opB.ram.inst.native_mem_module.blk_mem_gen_v8_4_12_inst, A write address: 0, B  read address: 0
blk_mem_gen_v8_4_12 collision detected at time: 45000, Instance: tb.a.SystolicCore1.serial2mem_opA.ram.inst.native_mem_module.blk_mem_gen_v8_4_12_inst, A write address: 0, B  read address: 0
blk_mem_gen_v8_4_12 collision detected at time: 45000, Instance: tb.a.SystolicCore1.serial2mem_opB.ram.inst.native_mem_module.blk_mem_gen_v8_4_12_inst, A write address: 0, B  read address: 0
blk_mem_gen_v8_4_12 collision detected at time: 55000, Instance: tb.a.SystolicCore0.serial2mem_opA.ram.inst.native_mem_module.blk_mem_gen_v8_4_12_inst, A write address: 0, B  read address: 0
blk_mem_gen_v8_4_12 collision detected at time: 55000, Instance: tb.a.SystolicCore0.serial2mem_opB.ram.inst.native_mem_module.blk_mem_gen_v8_4_12_inst, A write address: 0, B  read address: 0
blk_mem_gen_v8_4_12 collision detected at time: 55000, Instance: tb.a.SystolicCore1.serial2mem_opA.ram.inst.native_mem_module.blk_mem_gen_v8_4_12_inst, A write address: 0, B  read address: 0
blk_mem_gen_v8_4_12 collision detected at time: 55000, Instance: tb.a.SystolicCore1.serial2mem_opB.ram.inst.native_mem_module.blk_mem_gen_v8_4_12_inst, A write address: 0, B  read address: 0
blk_mem_gen_v8_4_12 collision detected at time: 65000, Instance: tb.a.SystolicCore0.serial2mem_opA.ram.inst.native_mem_module.blk_mem_gen_v8_4_12_inst, A write address: 0, B  read address: 0
blk_mem_gen_v8_4_12 collision detected at time: 65000, Instance: tb.a.SystolicCore0.serial2mem_opB.ram.inst.native_mem_module.blk_mem_gen_v8_4_12_inst, A write address: 0, B  read address: 0
blk_mem_gen_v8_4_12 collision detected at time: 65000, Instance: tb.a.SystolicCore1.serial2mem_opA.ram.inst.native_mem_module.blk_mem_gen_v8_4_12_inst, A write address: 0, B  read address: 0
blk_mem_gen_v8_4_12 collision detected at time: 65000, Instance: tb.a.SystolicCore1.serial2mem_opB.ram.inst.native_mem_module.blk_mem_gen_v8_4_12_inst, A write address: 0, B  read address: 0
blk_mem_gen_v8_4_12 collision detected at time: 75000, Instance: tb.a.SystolicCore0.serial2mem_opA.ram.inst.native_mem_module.blk_mem_gen_v8_4_12_inst, A write address: 0, B  read address: 0
blk_mem_gen_v8_4_12 collision detected at time: 75000, Instance: tb.a.SystolicCore0.serial2mem_opB.ram.inst.native_mem_module.blk_mem_gen_v8_4_12_inst, A write address: 0, B  read address: 0
blk_mem_gen_v8_4_12 collision detected at time: 75000, Instance: tb.a.SystolicCore1.serial2mem_opA.ram.inst.native_mem_module.blk_mem_gen_v8_4_12_inst, A write address: 0, B  read address: 0
blk_mem_gen_v8_4_12 collision detected at time: 75000, Instance: tb.a.SystolicCore1.serial2mem_opB.ram.inst.native_mem_module.blk_mem_gen_v8_4_12_inst, A write address: 0, B  read address: 0
INFO: [USF-XSim-96] XSim completed. Design snapshot 'tb_behav' loaded.
INFO: [USF-XSim-97] XSim simulation ran for 1000ns
launch_simulation: Time (s): cpu = 00:00:08 ; elapsed = 00:00:09 . Memory (MB): peak = 11540.754 ; gain = 0.000 ; free physical = 16696 ; free virtual = 40323
WARNING: [filemgmt 56-199] Attempt to get parsing info during refresh. "On-the-fly" syntax checking information may be incorrect. [/home/xmen/Videos/RustDesk/SystolicCore/SystolicCore/rtl/Arty7_top_sim.sv:]
WARNING: [filemgmt 56-199] Attempt to get parsing info during refresh. "On-the-fly" syntax checking information may be incorrect. [/home/xmen/Videos/RustDesk/SystolicCore/SystolicCore/rtl/accumulator.sv:]
WARNING: [filemgmt 56-199] Attempt to get parsing info during refresh. "On-the-fly" syntax checking information may be incorrect. [/home/xmen/Videos/RustDesk/SystolicCore/SystolicCore/rtl/serial2mem.sv:]
WARNING: [filemgmt 56-199] Attempt to get parsing info during refresh. "On-the-fly" syntax checking information may be incorrect. [/home/xmen/Videos/RustDesk/SystolicCore/SystolicCore/tb/tb_fpga.sv:]
WARNING: [filemgmt 56-199] Attempt to get parsing info during refresh. "On-the-fly" syntax checking information may be incorrect. [/home/xmen/Videos/RustDesk/SystolicCore/SystolicCore/rtl/SystolicControlUnit.sv:]
WARNING: [filemgmt 56-199] Attempt to get parsing info during refresh. "On-the-fly" syntax checking information may be incorrect. [/home/xmen/Videos/RustDesk/SystolicCore/SystolicCore/rtl/Arty7_top_sim.sv:]
WARNING: [filemgmt 56-199] Attempt to get parsing info during refresh. "On-the-fly" syntax checking information may be incorrect. [/home/xmen/Videos/RustDesk/SystolicCore/SystolicCore/rtl/Arty7_top_sim.sv:]
restart
INFO: [Wavedata 42-604] Simulation restarted
WARNING: [filemgmt 56-199] Attempt to get parsing info during refresh. "On-the-fly" syntax checking information may be incorrect. [/home/xmen/Videos/RustDesk/SystolicCore/SystolicCore/rtl/Arty7_top_sim.sv:]
WARNING: [filemgmt 56-199] Attempt to get parsing info during refresh. "On-the-fly" syntax checking information may be incorrect. [/home/xmen/Videos/RustDesk/SystolicCore/SystolicCore/rtl/accumulator.sv:]
WARNING: [filemgmt 56-199] Attempt to get parsing info during refresh. "On-the-fly" syntax checking information may be incorrect. [/home/xmen/Videos/RustDesk/SystolicCore/SystolicCore/rtl/serial2mem.sv:]
WARNING: [filemgmt 56-199] Attempt to get parsing info during refresh. "On-the-fly" syntax checking information may be incorrect. [/home/xmen/Videos/RustDesk/SystolicCore/SystolicCore/tb/tb_fpga.sv:]
WARNING: [filemgmt 56-199] Attempt to get parsing info during refresh. "On-the-fly" syntax checking information may be incorrect. [/home/xmen/Videos/RustDesk/SystolicCore/SystolicCore/rtl/SystolicControlUnit.sv:]
WARNING: [filemgmt 56-199] Attempt to get parsing info during refresh. "On-the-fly" syntax checking information may be incorrect. [/home/xmen/Videos/RustDesk/SystolicCore/SystolicCore/rtl/serial2mem.sv:]
WARNING: [filemgmt 56-199] Attempt to get parsing info during refresh. "On-the-fly" syntax checking information may be incorrect. [/home/xmen/Videos/RustDesk/SystolicCore/SystolicCore/rtl/serial2mem.sv:]
WARNING: [filemgmt 56-199] Attempt to get parsing info during refresh. "On-the-fly" syntax checking information may be incorrect. [/home/xmen/Videos/RustDesk/SystolicCore/SystolicCore/rtl/Arty7_top_sim.sv:]
WARNING: [filemgmt 56-199] Attempt to get parsing info during refresh. "On-the-fly" syntax checking information may be incorrect. [/home/xmen/Videos/RustDesk/SystolicCore/SystolicCore/rtl/accumulator.sv:]
WARNING: [filemgmt 56-199] Attempt to get parsing info during refresh. "On-the-fly" syntax checking information may be incorrect. [/home/xmen/Videos/RustDesk/SystolicCore/SystolicCore/rtl/serial2mem.sv:]
WARNING: [filemgmt 56-199] Attempt to get parsing info during refresh. "On-the-fly" syntax checking information may be incorrect. [/home/xmen/Videos/RustDesk/SystolicCore/SystolicCore/tb/tb_fpga.sv:]
WARNING: [filemgmt 56-199] Attempt to get parsing info during refresh. "On-the-fly" syntax checking information may be incorrect. [/home/xmen/Videos/RustDesk/SystolicCore/SystolicCore/rtl/SystolicControlUnit.sv:]
WARNING: [filemgmt 56-199] Attempt to get parsing info during refresh. "On-the-fly" syntax checking information may be incorrect. [/home/xmen/Videos/RustDesk/SystolicCore/SystolicCore/tb/tb_fpga.sv:]
WARNING: [filemgmt 56-199] Attempt to get parsing info during refresh. "On-the-fly" syntax checking information may be incorrect. [/home/xmen/Videos/RustDesk/SystolicCore/SystolicCore/tb/tb_fpga.sv:]
WARNING: [filemgmt 56-199] Attempt to get parsing info during refresh. "On-the-fly" syntax checking information may be incorrect. [/home/xmen/Videos/RustDesk/SystolicCore/SystolicCore/rtl/Arty7_top_sim.sv:]
WARNING: [filemgmt 56-199] Attempt to get parsing info during refresh. "On-the-fly" syntax checking information may be incorrect. [/home/xmen/Videos/RustDesk/SystolicCore/SystolicCore/rtl/accumulator.sv:]
WARNING: [filemgmt 56-199] Attempt to get parsing info during refresh. "On-the-fly" syntax checking information may be incorrect. [/home/xmen/Videos/RustDesk/SystolicCore/SystolicCore/rtl/serial2mem.sv:]
WARNING: [filemgmt 56-199] Attempt to get parsing info during refresh. "On-the-fly" syntax checking information may be incorrect. [/home/xmen/Videos/RustDesk/SystolicCore/SystolicCore/tb/tb_fpga.sv:]
WARNING: [filemgmt 56-199] Attempt to get parsing info during refresh. "On-the-fly" syntax checking information may be incorrect. [/home/xmen/Videos/RustDesk/SystolicCore/SystolicCore/rtl/SystolicControlUnit.sv:]
WARNING: [filemgmt 56-199] Attempt to get parsing info during refresh. "On-the-fly" syntax checking information may be incorrect. [/home/xmen/Videos/RustDesk/SystolicCore/SystolicCore/rtl/SystolicControlUnit.sv:]
WARNING: [filemgmt 56-199] Attempt to get parsing info during refresh. "On-the-fly" syntax checking information may be incorrect. [/home/xmen/Videos/RustDesk/SystolicCore/SystolicCore/rtl/SystolicControlUnit.sv:]
run all
Block Memory Generator module tb.a.SystolicCore0.serial2mem_opA.ram.inst.native_mem_module.blk_mem_gen_v8_4_12_inst is using a behavioral model for simulation which will not precisely model memory collision behavior.
Block Memory Generator module tb.a.SystolicCore0.serial2mem_opB.ram.inst.native_mem_module.blk_mem_gen_v8_4_12_inst is using a behavioral model for simulation which will not precisely model memory collision behavior.
Block Memory Generator module tb.a.SystolicCore1.serial2mem_opA.ram.inst.native_mem_module.blk_mem_gen_v8_4_12_inst is using a behavioral model for simulation which will not precisely model memory collision behavior.
Block Memory Generator module tb.a.SystolicCore1.serial2mem_opB.ram.inst.native_mem_module.blk_mem_gen_v8_4_12_inst is using a behavioral model for simulation which will not precisely model memory collision behavior.
blk_mem_gen_v8_4_12 collision detected at time: 45000, Instance: tb.a.SystolicCore0.serial2mem_opA.ram.inst.native_mem_module.blk_mem_gen_v8_4_12_inst, A write address: 0, B  read address: 0
blk_mem_gen_v8_4_12 collision detected at time: 45000, Instance: tb.a.SystolicCore0.serial2mem_opB.ram.inst.native_mem_module.blk_mem_gen_v8_4_12_inst, A write address: 0, B  read address: 0
blk_mem_gen_v8_4_12 collision detected at time: 45000, Instance: tb.a.SystolicCore1.serial2mem_opA.ram.inst.native_mem_module.blk_mem_gen_v8_4_12_inst, A write address: 0, B  read address: 0
blk_mem_gen_v8_4_12 collision detected at time: 45000, Instance: tb.a.SystolicCore1.serial2mem_opB.ram.inst.native_mem_module.blk_mem_gen_v8_4_12_inst, A write address: 0, B  read address: 0
blk_mem_gen_v8_4_12 collision detected at time: 55000, Instance: tb.a.SystolicCore0.serial2mem_opA.ram.inst.native_mem_module.blk_mem_gen_v8_4_12_inst, A write address: 0, B  read address: 0
blk_mem_gen_v8_4_12 collision detected at time: 55000, Instance: tb.a.SystolicCore0.serial2mem_opB.ram.inst.native_mem_module.blk_mem_gen_v8_4_12_inst, A write address: 0, B  read address: 0
blk_mem_gen_v8_4_12 collision detected at time: 55000, Instance: tb.a.SystolicCore1.serial2mem_opA.ram.inst.native_mem_module.blk_mem_gen_v8_4_12_inst, A write address: 0, B  read address: 0
blk_mem_gen_v8_4_12 collision detected at time: 55000, Instance: tb.a.SystolicCore1.serial2mem_opB.ram.inst.native_mem_module.blk_mem_gen_v8_4_12_inst, A write address: 0, B  read address: 0
blk_mem_gen_v8_4_12 collision detected at time: 65000, Instance: tb.a.SystolicCore0.serial2mem_opA.ram.inst.native_mem_module.blk_mem_gen_v8_4_12_inst, A write address: 0, B  read address: 0
blk_mem_gen_v8_4_12 collision detected at time: 65000, Instance: tb.a.SystolicCore0.serial2mem_opB.ram.inst.native_mem_module.blk_mem_gen_v8_4_12_inst, A write address: 0, B  read address: 0
blk_mem_gen_v8_4_12 collision detected at time: 65000, Instance: tb.a.SystolicCore1.serial2mem_opA.ram.inst.native_mem_module.blk_mem_gen_v8_4_12_inst, A write address: 0, B  read address: 0
blk_mem_gen_v8_4_12 collision detected at time: 65000, Instance: tb.a.SystolicCore1.serial2mem_opB.ram.inst.native_mem_module.blk_mem_gen_v8_4_12_inst, A write address: 0, B  read address: 0
blk_mem_gen_v8_4_12 collision detected at time: 75000, Instance: tb.a.SystolicCore0.serial2mem_opA.ram.inst.native_mem_module.blk_mem_gen_v8_4_12_inst, A write address: 0, B  read address: 0
blk_mem_gen_v8_4_12 collision detected at time: 75000, Instance: tb.a.SystolicCore0.serial2mem_opB.ram.inst.native_mem_module.blk_mem_gen_v8_4_12_inst, A write address: 0, B  read address: 0
blk_mem_gen_v8_4_12 collision detected at time: 75000, Instance: tb.a.SystolicCore1.serial2mem_opA.ram.inst.native_mem_module.blk_mem_gen_v8_4_12_inst, A write address: 0, B  read address: 0
blk_mem_gen_v8_4_12 collision detected at time: 75000, Instance: tb.a.SystolicCore1.serial2mem_opB.ram.inst.native_mem_module.blk_mem_gen_v8_4_12_inst, A write address: 0, B  read address: 0
blk_mem_gen_v8_4_12 WARNING: Address 1f is outside range for B Read
blk_mem_gen_v8_4_12 WARNING: Address 1f is outside range for B Read
blk_mem_gen_v8_4_12 WARNING: Address 1f is outside range for B Read
blk_mem_gen_v8_4_12 WARNING: Address 1f is outside range for B Read
run: Time (s): cpu = 00:02:15 ; elapsed = 00:05:04 . Memory (MB): peak = 11635.656 ; gain = 94.902 ; free physical = 12770 ; free virtual = 40136
run all
run: Time (s): cpu = 00:00:45 ; elapsed = 00:01:37 . Memory (MB): peak = 11635.656 ; gain = 0.000 ; free physical = 11464 ; free virtual = 39931
close_sim
INFO: xsimkernel Simulation Memory Usage: 511860 KB (Peak: 571176 KB), Simulation CPU Usage: 396620 ms
INFO: [Simtcl 6-16] Simulation closed
launch_simulation
Command: launch_simulation 
INFO: [Vivado 12-25911] Executing simulation for 'XSim' simulator
INFO: [Project 1-5737] Running on host VT0144 (64) - Rocky Linux release 8.10 (Green Obsidian)
INFO: [Vivado 12-28535] Process started - Sat Dec 27 12:45:21 2025

INFO: [Vivado 12-12493] Simulation top is 'tb'
INFO: [Vivado 12-5698] Checking validity of IPs in the design for the 'XSim' simulator...
INFO: [Vivado 12-5682] Launching behavioral simulation in '/home/xmen/Videos/RustDesk/SystolicCore/SystolicCore/SystolicCore/SystolicCore.sim/sim_1/behav/xsim'
INFO: [Vivado 12-4795] Using compiled simulation libraries for IPs
INFO: [SIM-utils-51] Simulation object is 'sim_1'
INFO: [SIM-utils-72] Using boost library from '/home/xmen/Music/2025.2/tps/boost_1_72_0'
INFO: [USF-XSim-7] Finding pre-compiled libraries...
INFO: [USF-XSim-11] File '/home/xmen/Music/2025.2/data/xsim/xsim.ini' copied to run dir:'/home/xmen/Videos/RustDesk/SystolicCore/SystolicCore/SystolicCore/SystolicCore.sim/sim_1/behav/xsim'
INFO: [SIM-utils-54] Inspecting design source files for 'tb' in fileset 'sim_1'...
INFO: [SIM-utils-43] Exported '/home/xmen/Videos/RustDesk/SystolicCore/SystolicCore/SystolicCore/SystolicCore.sim/sim_1/behav/xsim/testeINPUT_B1.mem'
INFO: [SIM-utils-43] Exported '/home/xmen/Videos/RustDesk/SystolicCore/SystolicCore/SystolicCore/SystolicCore.sim/sim_1/behav/xsim/testeINPUT_B.mem'
INFO: [SIM-utils-43] Exported '/home/xmen/Videos/RustDesk/SystolicCore/SystolicCore/SystolicCore/SystolicCore.sim/sim_1/behav/xsim/testeINPUT_A1.mem'
INFO: [SIM-utils-43] Exported '/home/xmen/Videos/RustDesk/SystolicCore/SystolicCore/SystolicCore/SystolicCore.sim/sim_1/behav/xsim/testeINPUT_A.mem'
INFO: [SIM-utils-43] Exported '/home/xmen/Videos/RustDesk/SystolicCore/SystolicCore/SystolicCore/SystolicCore.sim/sim_1/behav/xsim/testeINPUT_B1.mem'
INFO: [SIM-utils-43] Exported '/home/xmen/Videos/RustDesk/SystolicCore/SystolicCore/SystolicCore/SystolicCore.sim/sim_1/behav/xsim/testeINPUT_B.mem'
INFO: [SIM-utils-43] Exported '/home/xmen/Videos/RustDesk/SystolicCore/SystolicCore/SystolicCore/SystolicCore.sim/sim_1/behav/xsim/testeINPUT_A1.mem'
INFO: [SIM-utils-43] Exported '/home/xmen/Videos/RustDesk/SystolicCore/SystolicCore/SystolicCore/SystolicCore.sim/sim_1/behav/xsim/testeINPUT_A.mem'
INFO: [USF-XSim-97] Finding global include files...
INFO: [USF-XSim-98] Fetching design files from 'sim_1'...
INFO: [USF-XSim-2] XSim::Compile design
INFO: [USF-XSim-61] Executing 'COMPILE and ANALYZE' step in '/home/xmen/Videos/RustDesk/SystolicCore/SystolicCore/SystolicCore/SystolicCore.sim/sim_1/behav/xsim'
xvlog --incr --relax -L uvm -prj tb_vlog.prj
Waiting for jobs to finish...
No pending jobs, compilation finished.
INFO: [USF-XSim-69] 'compile' step finished in '1' seconds
INFO: [USF-XSim-3] XSim::Elaborate design
INFO: [USF-XSim-61] Executing 'ELABORATE' step in '/home/xmen/Videos/RustDesk/SystolicCore/SystolicCore/SystolicCore/SystolicCore.sim/sim_1/behav/xsim'
xelab --incr --debug typical --relax --mt 8 -L xil_defaultlib -L blk_mem_gen_v8_4_12 -L uvm -L unisims_ver -L unimacro_ver -L secureip -L xpm --snapshot tb_behav xil_defaultlib.tb xil_defaultlib.glbl -log elaborate.log
Vivado Simulator v2025.2
Copyright 1986-2022 Xilinx, Inc. All Rights Reserved.
Copyright 2022-2025 Advanced Micro Devices, Inc. All Rights Reserved.
Running: /home/xmen/Music/2025.2/Vivado/bin/unwrapped/lnx64.o/xelab --incr --debug typical --relax --mt 8 -L xil_defaultlib -L blk_mem_gen_v8_4_12 -L uvm -L unisims_ver -L unimacro_ver -L secureip -L xpm --snapshot tb_behav xil_defaultlib.tb xil_defaultlib.glbl -log elaborate.log 
Using 8 slave threads.
Starting static elaboration
Pass Through NonSizing Optimizer
WARNING: [VRFC 10-3091] actual bit length 32 differs from formal bit length 1 for port 'valid_rx_in' [/home/xmen/Videos/RustDesk/SystolicCore/SystolicCore/tb/tb_fpga.sv:38]
WARNING: [VRFC 10-3091] actual bit length 12 differs from formal bit length 8 for port 'data_tx_in' [/home/xmen/Videos/RustDesk/SystolicCore/SystolicCore/tb/tb_fpga.sv:43]
WARNING: [VRFC 10-3818] variable 'tb_uart_data_tx_in' is driven by invalid combination of procedural drivers [/home/xmen/Videos/RustDesk/SystolicCore/SystolicCore/tb/tb_fpga.sv:29]
WARNING: [VRFC 10-2921] 'tb_uart_data_tx_in' driven by this always_comb block should not be driven by any other process [/home/xmen/Videos/RustDesk/SystolicCore/SystolicCore/tb/tb_fpga.sv:128]
WARNING: [VRFC 10-3823] variable 'uart_valid_rx_in' might have multiple concurrent drivers [/home/xmen/Videos/RustDesk/SystolicCore/SystolicCore/rtl/Arty7_top_sim.sv:83]
WARNING: [VRFC 10-3823] variable 'uart_data_tx_in' might have multiple concurrent drivers [/home/xmen/Videos/RustDesk/SystolicCore/SystolicCore/rtl/Arty7_top_sim.sv:96]
WARNING: [VRFC 10-10063] index 16 into 'b_vec' is out of bounds [/home/xmen/Videos/RustDesk/SystolicCore/SystolicCore/rtl/systolicMatrixMultiply.sv:52]
WARNING: [VRFC 10-10063] index 16 into 'a_vec' is out of bounds [/home/xmen/Videos/RustDesk/SystolicCore/SystolicCore/rtl/systolicMatrixMultiply.sv:51]
Completed static elaboration
INFO: [XSIM 43-4323] No Change in HDL. Linking previously generated obj files to create kernel
INFO: [USF-XSim-69] 'elaborate' step finished in '1' seconds
INFO: [USF-XSim-4] XSim::Simulate design
INFO: [USF-XSim-61] Executing 'SIMULATE' step in '/home/xmen/Videos/RustDesk/SystolicCore/SystolicCore/SystolicCore/SystolicCore.sim/sim_1/behav/xsim'
INFO: [USF-XSim-98] *** Running xsim
   with args "tb_behav -key {Behavioral:sim_1:Functional:tb} -tclbatch {tb.tcl} -view {/home/xmen/Videos/RustDesk/SystolicCore/SystolicCore/SystolicCore/tb_behav.wcfg} -log {simulate.log}"
INFO: [USF-XSim-8] Loading simulator feature
Time resolution is 1 ps
open_wave_config /home/xmen/Videos/RustDesk/SystolicCore/SystolicCore/SystolicCore/tb_behav.wcfg
source tb.tcl
# set curr_wave [current_wave_config]
# if { [string length $curr_wave] == 0 } {
#   if { [llength [get_objects]] > 0} {
#     add_wave /
#     set_property needs_save false [current_wave_config]
#   } else {
#      send_msg_id Add_Wave-1 WARNING "No top level signals found. Simulator will start without a wave window. If you want to open a wave window go to 'File->New Waveform Configuration' or type 'create_wave_config' in the TCL console."
#   }
# }
# run 1000ns
Block Memory Generator module tb.a.SystolicCore0.serial2mem_opA.ram.inst.native_mem_module.blk_mem_gen_v8_4_12_inst is using a behavioral model for simulation which will not precisely model memory collision behavior.
Block Memory Generator module tb.a.SystolicCore0.serial2mem_opB.ram.inst.native_mem_module.blk_mem_gen_v8_4_12_inst is using a behavioral model for simulation which will not precisely model memory collision behavior.
Block Memory Generator module tb.a.SystolicCore1.serial2mem_opA.ram.inst.native_mem_module.blk_mem_gen_v8_4_12_inst is using a behavioral model for simulation which will not precisely model memory collision behavior.
Block Memory Generator module tb.a.SystolicCore1.serial2mem_opB.ram.inst.native_mem_module.blk_mem_gen_v8_4_12_inst is using a behavioral model for simulation which will not precisely model memory collision behavior.
blk_mem_gen_v8_4_12 collision detected at time: 45000, Instance: tb.a.SystolicCore0.serial2mem_opA.ram.inst.native_mem_module.blk_mem_gen_v8_4_12_inst, A write address: 0, B  read address: 0
blk_mem_gen_v8_4_12 collision detected at time: 45000, Instance: tb.a.SystolicCore0.serial2mem_opB.ram.inst.native_mem_module.blk_mem_gen_v8_4_12_inst, A write address: 0, B  read address: 0
blk_mem_gen_v8_4_12 collision detected at time: 45000, Instance: tb.a.SystolicCore1.serial2mem_opA.ram.inst.native_mem_module.blk_mem_gen_v8_4_12_inst, A write address: 0, B  read address: 0
blk_mem_gen_v8_4_12 collision detected at time: 45000, Instance: tb.a.SystolicCore1.serial2mem_opB.ram.inst.native_mem_module.blk_mem_gen_v8_4_12_inst, A write address: 0, B  read address: 0
blk_mem_gen_v8_4_12 collision detected at time: 55000, Instance: tb.a.SystolicCore0.serial2mem_opA.ram.inst.native_mem_module.blk_mem_gen_v8_4_12_inst, A write address: 0, B  read address: 0
blk_mem_gen_v8_4_12 collision detected at time: 55000, Instance: tb.a.SystolicCore0.serial2mem_opB.ram.inst.native_mem_module.blk_mem_gen_v8_4_12_inst, A write address: 0, B  read address: 0
blk_mem_gen_v8_4_12 collision detected at time: 55000, Instance: tb.a.SystolicCore1.serial2mem_opA.ram.inst.native_mem_module.blk_mem_gen_v8_4_12_inst, A write address: 0, B  read address: 0
blk_mem_gen_v8_4_12 collision detected at time: 55000, Instance: tb.a.SystolicCore1.serial2mem_opB.ram.inst.native_mem_module.blk_mem_gen_v8_4_12_inst, A write address: 0, B  read address: 0
blk_mem_gen_v8_4_12 collision detected at time: 65000, Instance: tb.a.SystolicCore0.serial2mem_opA.ram.inst.native_mem_module.blk_mem_gen_v8_4_12_inst, A write address: 0, B  read address: 0
blk_mem_gen_v8_4_12 collision detected at time: 65000, Instance: tb.a.SystolicCore0.serial2mem_opB.ram.inst.native_mem_module.blk_mem_gen_v8_4_12_inst, A write address: 0, B  read address: 0
blk_mem_gen_v8_4_12 collision detected at time: 65000, Instance: tb.a.SystolicCore1.serial2mem_opA.ram.inst.native_mem_module.blk_mem_gen_v8_4_12_inst, A write address: 0, B  read address: 0
blk_mem_gen_v8_4_12 collision detected at time: 65000, Instance: tb.a.SystolicCore1.serial2mem_opB.ram.inst.native_mem_module.blk_mem_gen_v8_4_12_inst, A write address: 0, B  read address: 0
blk_mem_gen_v8_4_12 collision detected at time: 75000, Instance: tb.a.SystolicCore0.serial2mem_opA.ram.inst.native_mem_module.blk_mem_gen_v8_4_12_inst, A write address: 0, B  read address: 0
blk_mem_gen_v8_4_12 collision detected at time: 75000, Instance: tb.a.SystolicCore0.serial2mem_opB.ram.inst.native_mem_module.blk_mem_gen_v8_4_12_inst, A write address: 0, B  read address: 0
blk_mem_gen_v8_4_12 collision detected at time: 75000, Instance: tb.a.SystolicCore1.serial2mem_opA.ram.inst.native_mem_module.blk_mem_gen_v8_4_12_inst, A write address: 0, B  read address: 0
blk_mem_gen_v8_4_12 collision detected at time: 75000, Instance: tb.a.SystolicCore1.serial2mem_opB.ram.inst.native_mem_module.blk_mem_gen_v8_4_12_inst, A write address: 0, B  read address: 0
INFO: [USF-XSim-96] XSim completed. Design snapshot 'tb_behav' loaded.
INFO: [USF-XSim-97] XSim simulation ran for 1000ns
launch_simulation: Time (s): cpu = 00:00:07 ; elapsed = 00:00:07 . Memory (MB): peak = 11635.656 ; gain = 0.000 ; free physical = 16203 ; free virtual = 39740
run all
blk_mem_gen_v8_4_12 WARNING: Address 1f is outside range for B Read
blk_mem_gen_v8_4_12 WARNING: Address 1f is outside range for B Read
blk_mem_gen_v8_4_12 WARNING: Address 1f is outside range for B Read
blk_mem_gen_v8_4_12 WARNING: Address 1f is outside range for B Read
