
*** Running vivado
    with args -log zynq_wrapper_systolic.vdi -applog -m64 -product Vivado -messageDb vivado.pb -mode batch -source zynq_wrapper_systolic.tcl -notrace


****** Vivado v2025.2 (64-bit)
  **** SW Build 6299465 on Fri Nov 14 12:34:56 MST 2025
  **** IP Build 6300035 on Fri Nov 14 10:48:45 MST 2025
  **** SharedData Build 6298862 on Thu Nov 13 04:50:51 MST 2025
  **** Start of session at: Tue Dec 30 23:52:10 2025
    ** Copyright 1986-2022 Xilinx, Inc. All Rights Reserved.
    ** Copyright 2022-2025 Advanced Micro Devices, Inc. All Rights Reserved.

source zynq_wrapper_systolic.tcl -notrace
INFO: [IP_Flow 19-234] Refreshing IP repositories
INFO: [IP_Flow 19-1704] No user IP repositories specified
INFO: [IP_Flow 19-2313] Loaded Vivado IP repository '/home/xmen/Music/2025.2/data/ip'.
Command: link_design -top zynq_wrapper_systolic -part xczu7ev-ffvc1156-2-e
Design is defaulting to srcset: sources_1
Design is defaulting to constrset: constrs_1
INFO: [Device 21-403] Loading part xczu7ev-ffvc1156-2-e
INFO: [Project 1-5699] Read binary netlist with skipMacroContent - 1
INFO: [Project 1-454] Reading design checkpoint '/home/xmen/TESTE_FINAL/Ethernet_ps/Ethernet_ps.gen/sources_1/ip/ila_0/ila_0.dcp' for cell 'your_instance_name'
INFO: [Project 1-454] Reading design checkpoint '/home/xmen/TESTE_FINAL/Ethernet_ps/Ethernet_ps.gen/sources_1/ip/ila_1/ila_1.dcp' for cell 'SystolicCore0/your_instance_name'
INFO: [Project 1-454] Reading design checkpoint '/home/xmen/TESTE_FINAL/Ethernet_ps/Ethernet_ps.gen/sources_1/ip/ram_dual_port/ram_dual_port.dcp' for cell 'SystolicCore0/serial2mem_opA/ram'
INFO: [Project 1-454] Reading design checkpoint '/home/xmen/TESTE_FINAL/Ethernet_ps/Ethernet_ps.gen/sources_1/ip/ila_2/ila_2.dcp' for cell 'SystolicCore0/serial2mem_opA/your_instance_name'
INFO: [Project 1-454] Reading design checkpoint '/home/xmen/TESTE_FINAL/Ethernet_ps/Ethernet_ps.gen/sources_1/bd/design_1/ip/design_1_axi_gpio_0_1/design_1_axi_gpio_0_1.dcp' for cell 'design_1_i/axi_gpio_0'
INFO: [Project 1-454] Reading design checkpoint '/home/xmen/TESTE_FINAL/Ethernet_ps/Ethernet_ps.gen/sources_1/bd/design_1/ip/design_1_axi_smc_0/design_1_axi_smc_0.dcp' for cell 'design_1_i/axi_smc'
INFO: [Project 1-454] Reading design checkpoint '/home/xmen/TESTE_FINAL/Ethernet_ps/Ethernet_ps.gen/sources_1/bd/design_1/ip/design_1_rst_ps8_0_99M_6/design_1_rst_ps8_0_99M_6.dcp' for cell 'design_1_i/rst_ps8_0_99M'
INFO: [Project 1-454] Reading design checkpoint '/home/xmen/TESTE_FINAL/Ethernet_ps/Ethernet_ps.gen/sources_1/bd/design_1/ip/design_1_zynq_ultra_ps_e_0_0/design_1_zynq_ultra_ps_e_0_0.dcp' for cell 'design_1_i/zynq_ultra_ps_e_0'
Netlist sorting complete. Time (s): cpu = 00:00:00.2 ; elapsed = 00:00:00.2 . Memory (MB): peak = 3116.656 ; gain = 0.000 ; free physical = 3599 ; free virtual = 44296
INFO: [Netlist 29-17] Analyzing 3607 Unisim elements for replacement
CRITICAL WARNING: [Netlist 29-358] Reg 'SystolicCore0/mem2serial_transfer_pc/pmatrix_reg[0][0][0]' of type 'FDCP' cannot be timed accurately. Hardware behavior may be unpredictable. Use check_timing command for more information. [/home/xmen/Videos/RustDesk/SystolicCore/SystolicCore/rtl/mem2serial.sv:29]
Resolution: Recode your design, so that you do not depend on both asynchronous set and reset for your desired functionality.
Convert at least one of them to synchronous signal, or get rid of at least one of those.
Often, the use of "initial" value will help you get rid of one of the asynchronous set/reset signals.
CRITICAL WARNING: [Netlist 29-358] Reg 'SystolicCore0/mem2serial_transfer_pc/pmatrix_reg[0][0][1]' of type 'FDCP' cannot be timed accurately. Hardware behavior may be unpredictable. Use check_timing command for more information. [/home/xmen/Videos/RustDesk/SystolicCore/SystolicCore/rtl/mem2serial.sv:29]
Resolution: Recode your design, so that you do not depend on both asynchronous set and reset for your desired functionality.
Convert at least one of them to synchronous signal, or get rid of at least one of those.
Often, the use of "initial" value will help you get rid of one of the asynchronous set/reset signals.
CRITICAL WARNING: [Netlist 29-358] Reg 'SystolicCore0/mem2serial_transfer_pc/pmatrix_reg[0][0][2]' of type 'FDCP' cannot be timed accurately. Hardware behavior may be unpredictable. Use check_timing command for more information. [/home/xmen/Videos/RustDesk/SystolicCore/SystolicCore/rtl/mem2serial.sv:29]
Resolution: Recode your design, so that you do not depend on both asynchronous set and reset for your desired functionality.
Convert at least one of them to synchronous signal, or get rid of at least one of those.
Often, the use of "initial" value will help you get rid of one of the asynchronous set/reset signals.
CRITICAL WARNING: [Netlist 29-358] Reg 'SystolicCore0/mem2serial_transfer_pc/pmatrix_reg[0][0][3]' of type 'FDCP' cannot be timed accurately. Hardware behavior may be unpredictable. Use check_timing command for more information. [/home/xmen/Videos/RustDesk/SystolicCore/SystolicCore/rtl/mem2serial.sv:29]
Resolution: Recode your design, so that you do not depend on both asynchronous set and reset for your desired functionality.
Convert at least one of them to synchronous signal, or get rid of at least one of those.
Often, the use of "initial" value will help you get rid of one of the asynchronous set/reset signals.
CRITICAL WARNING: [Netlist 29-358] Reg 'SystolicCore0/mem2serial_transfer_pc/pmatrix_reg[0][0][4]' of type 'FDCP' cannot be timed accurately. Hardware behavior may be unpredictable. Use check_timing command for more information. [/home/xmen/Videos/RustDesk/SystolicCore/SystolicCore/rtl/mem2serial.sv:29]
Resolution: Recode your design, so that you do not depend on both asynchronous set and reset for your desired functionality.
Convert at least one of them to synchronous signal, or get rid of at least one of those.
Often, the use of "initial" value will help you get rid of one of the asynchronous set/reset signals.
CRITICAL WARNING: [Netlist 29-358] Reg 'SystolicCore0/mem2serial_transfer_pc/pmatrix_reg[0][0][5]' of type 'FDCP' cannot be timed accurately. Hardware behavior may be unpredictable. Use check_timing command for more information. [/home/xmen/Videos/RustDesk/SystolicCore/SystolicCore/rtl/mem2serial.sv:29]
Resolution: Recode your design, so that you do not depend on both asynchronous set and reset for your desired functionality.
Convert at least one of them to synchronous signal, or get rid of at least one of those.
Often, the use of "initial" value will help you get rid of one of the asynchronous set/reset signals.
CRITICAL WARNING: [Netlist 29-358] Reg 'SystolicCore0/mem2serial_transfer_pc/pmatrix_reg[0][0][6]' of type 'FDCP' cannot be timed accurately. Hardware behavior may be unpredictable. Use check_timing command for more information. [/home/xmen/Videos/RustDesk/SystolicCore/SystolicCore/rtl/mem2serial.sv:29]
Resolution: Recode your design, so that you do not depend on both asynchronous set and reset for your desired functionality.
Convert at least one of them to synchronous signal, or get rid of at least one of those.
Often, the use of "initial" value will help you get rid of one of the asynchronous set/reset signals.
CRITICAL WARNING: [Netlist 29-358] Reg 'SystolicCore0/mem2serial_transfer_pc/pmatrix_reg[0][0][7]' of type 'FDCP' cannot be timed accurately. Hardware behavior may be unpredictable. Use check_timing command for more information. [/home/xmen/Videos/RustDesk/SystolicCore/SystolicCore/rtl/mem2serial.sv:29]
Resolution: Recode your design, so that you do not depend on both asynchronous set and reset for your desired functionality.
Convert at least one of them to synchronous signal, or get rid of at least one of those.
Often, the use of "initial" value will help you get rid of one of the asynchronous set/reset signals.
CRITICAL WARNING: [Netlist 29-358] Reg 'SystolicCore0/mem2serial_transfer_pc/pmatrix_reg[0][10][0]' of type 'FDCP' cannot be timed accurately. Hardware behavior may be unpredictable. Use check_timing command for more information. [/home/xmen/Videos/RustDesk/SystolicCore/SystolicCore/rtl/mem2serial.sv:29]
Resolution: Recode your design, so that you do not depend on both asynchronous set and reset for your desired functionality.
Convert at least one of them to synchronous signal, or get rid of at least one of those.
Often, the use of "initial" value will help you get rid of one of the asynchronous set/reset signals.
CRITICAL WARNING: [Netlist 29-358] Reg 'SystolicCore0/mem2serial_transfer_pc/pmatrix_reg[0][10][1]' of type 'FDCP' cannot be timed accurately. Hardware behavior may be unpredictable. Use check_timing command for more information. [/home/xmen/Videos/RustDesk/SystolicCore/SystolicCore/rtl/mem2serial.sv:29]
Resolution: Recode your design, so that you do not depend on both asynchronous set and reset for your desired functionality.
Convert at least one of them to synchronous signal, or get rid of at least one of those.
Often, the use of "initial" value will help you get rid of one of the asynchronous set/reset signals.
CRITICAL WARNING: [Netlist 29-358] Reg 'SystolicCore0/mem2serial_transfer_pc/pmatrix_reg[0][10][2]' of type 'FDCP' cannot be timed accurately. Hardware behavior may be unpredictable. Use check_timing command for more information. [/home/xmen/Videos/RustDesk/SystolicCore/SystolicCore/rtl/mem2serial.sv:29]
Resolution: Recode your design, so that you do not depend on both asynchronous set and reset for your desired functionality.
Convert at least one of them to synchronous signal, or get rid of at least one of those.
Often, the use of "initial" value will help you get rid of one of the asynchronous set/reset signals.
CRITICAL WARNING: [Netlist 29-358] Reg 'SystolicCore0/mem2serial_transfer_pc/pmatrix_reg[0][10][3]' of type 'FDCP' cannot be timed accurately. Hardware behavior may be unpredictable. Use check_timing command for more information. [/home/xmen/Videos/RustDesk/SystolicCore/SystolicCore/rtl/mem2serial.sv:29]
Resolution: Recode your design, so that you do not depend on both asynchronous set and reset for your desired functionality.
Convert at least one of them to synchronous signal, or get rid of at least one of those.
Often, the use of "initial" value will help you get rid of one of the asynchronous set/reset signals.
CRITICAL WARNING: [Netlist 29-358] Reg 'SystolicCore0/mem2serial_transfer_pc/pmatrix_reg[0][10][4]' of type 'FDCP' cannot be timed accurately. Hardware behavior may be unpredictable. Use check_timing command for more information. [/home/xmen/Videos/RustDesk/SystolicCore/SystolicCore/rtl/mem2serial.sv:29]
Resolution: Recode your design, so that you do not depend on both asynchronous set and reset for your desired functionality.
Convert at least one of them to synchronous signal, or get rid of at least one of those.
Often, the use of "initial" value will help you get rid of one of the asynchronous set/reset signals.
CRITICAL WARNING: [Netlist 29-358] Reg 'SystolicCore0/mem2serial_transfer_pc/pmatrix_reg[0][10][5]' of type 'FDCP' cannot be timed accurately. Hardware behavior may be unpredictable. Use check_timing command for more information. [/home/xmen/Videos/RustDesk/SystolicCore/SystolicCore/rtl/mem2serial.sv:29]
Resolution: Recode your design, so that you do not depend on both asynchronous set and reset for your desired functionality.
Convert at least one of them to synchronous signal, or get rid of at least one of those.
Often, the use of "initial" value will help you get rid of one of the asynchronous set/reset signals.
CRITICAL WARNING: [Netlist 29-358] Reg 'SystolicCore0/mem2serial_transfer_pc/pmatrix_reg[0][10][6]' of type 'FDCP' cannot be timed accurately. Hardware behavior may be unpredictable. Use check_timing command for more information. [/home/xmen/Videos/RustDesk/SystolicCore/SystolicCore/rtl/mem2serial.sv:29]
Resolution: Recode your design, so that you do not depend on both asynchronous set and reset for your desired functionality.
Convert at least one of them to synchronous signal, or get rid of at least one of those.
Often, the use of "initial" value will help you get rid of one of the asynchronous set/reset signals.
CRITICAL WARNING: [Netlist 29-358] Reg 'SystolicCore0/mem2serial_transfer_pc/pmatrix_reg[0][10][7]' of type 'FDCP' cannot be timed accurately. Hardware behavior may be unpredictable. Use check_timing command for more information. [/home/xmen/Videos/RustDesk/SystolicCore/SystolicCore/rtl/mem2serial.sv:29]
Resolution: Recode your design, so that you do not depend on both asynchronous set and reset for your desired functionality.
Convert at least one of them to synchronous signal, or get rid of at least one of those.
Often, the use of "initial" value will help you get rid of one of the asynchronous set/reset signals.
CRITICAL WARNING: [Netlist 29-358] Reg 'SystolicCore0/mem2serial_transfer_pc/pmatrix_reg[0][11][0]' of type 'FDCP' cannot be timed accurately. Hardware behavior may be unpredictable. Use check_timing command for more information. [/home/xmen/Videos/RustDesk/SystolicCore/SystolicCore/rtl/mem2serial.sv:29]
Resolution: Recode your design, so that you do not depend on both asynchronous set and reset for your desired functionality.
Convert at least one of them to synchronous signal, or get rid of at least one of those.
Often, the use of "initial" value will help you get rid of one of the asynchronous set/reset signals.
CRITICAL WARNING: [Netlist 29-358] Reg 'SystolicCore0/mem2serial_transfer_pc/pmatrix_reg[0][11][1]' of type 'FDCP' cannot be timed accurately. Hardware behavior may be unpredictable. Use check_timing command for more information. [/home/xmen/Videos/RustDesk/SystolicCore/SystolicCore/rtl/mem2serial.sv:29]
Resolution: Recode your design, so that you do not depend on both asynchronous set and reset for your desired functionality.
Convert at least one of them to synchronous signal, or get rid of at least one of those.
Often, the use of "initial" value will help you get rid of one of the asynchronous set/reset signals.
CRITICAL WARNING: [Netlist 29-358] Reg 'SystolicCore0/mem2serial_transfer_pc/pmatrix_reg[0][11][2]' of type 'FDCP' cannot be timed accurately. Hardware behavior may be unpredictable. Use check_timing command for more information. [/home/xmen/Videos/RustDesk/SystolicCore/SystolicCore/rtl/mem2serial.sv:29]
Resolution: Recode your design, so that you do not depend on both asynchronous set and reset for your desired functionality.
Convert at least one of them to synchronous signal, or get rid of at least one of those.
Often, the use of "initial" value will help you get rid of one of the asynchronous set/reset signals.
CRITICAL WARNING: [Netlist 29-358] Reg 'SystolicCore0/mem2serial_transfer_pc/pmatrix_reg[0][11][3]' of type 'FDCP' cannot be timed accurately. Hardware behavior may be unpredictable. Use check_timing command for more information. [/home/xmen/Videos/RustDesk/SystolicCore/SystolicCore/rtl/mem2serial.sv:29]
Resolution: Recode your design, so that you do not depend on both asynchronous set and reset for your desired functionality.
Convert at least one of them to synchronous signal, or get rid of at least one of those.
Often, the use of "initial" value will help you get rid of one of the asynchronous set/reset signals.
CRITICAL WARNING: [Netlist 29-358] Reg 'SystolicCore0/mem2serial_transfer_pc/pmatrix_reg[0][11][4]' of type 'FDCP' cannot be timed accurately. Hardware behavior may be unpredictable. Use check_timing command for more information. [/home/xmen/Videos/RustDesk/SystolicCore/SystolicCore/rtl/mem2serial.sv:29]
Resolution: Recode your design, so that you do not depend on both asynchronous set and reset for your desired functionality.
Convert at least one of them to synchronous signal, or get rid of at least one of those.
Often, the use of "initial" value will help you get rid of one of the asynchronous set/reset signals.
CRITICAL WARNING: [Netlist 29-358] Reg 'SystolicCore0/mem2serial_transfer_pc/pmatrix_reg[0][11][5]' of type 'FDCP' cannot be timed accurately. Hardware behavior may be unpredictable. Use check_timing command for more information. [/home/xmen/Videos/RustDesk/SystolicCore/SystolicCore/rtl/mem2serial.sv:29]
Resolution: Recode your design, so that you do not depend on both asynchronous set and reset for your desired functionality.
Convert at least one of them to synchronous signal, or get rid of at least one of those.
Often, the use of "initial" value will help you get rid of one of the asynchronous set/reset signals.
CRITICAL WARNING: [Netlist 29-358] Reg 'SystolicCore0/mem2serial_transfer_pc/pmatrix_reg[0][11][6]' of type 'FDCP' cannot be timed accurately. Hardware behavior may be unpredictable. Use check_timing command for more information. [/home/xmen/Videos/RustDesk/SystolicCore/SystolicCore/rtl/mem2serial.sv:29]
Resolution: Recode your design, so that you do not depend on both asynchronous set and reset for your desired functionality.
Convert at least one of them to synchronous signal, or get rid of at least one of those.
Often, the use of "initial" value will help you get rid of one of the asynchronous set/reset signals.
CRITICAL WARNING: [Netlist 29-358] Reg 'SystolicCore0/mem2serial_transfer_pc/pmatrix_reg[0][11][7]' of type 'FDCP' cannot be timed accurately. Hardware behavior may be unpredictable. Use check_timing command for more information. [/home/xmen/Videos/RustDesk/SystolicCore/SystolicCore/rtl/mem2serial.sv:29]
Resolution: Recode your design, so that you do not depend on both asynchronous set and reset for your desired functionality.
Convert at least one of them to synchronous signal, or get rid of at least one of those.
Often, the use of "initial" value will help you get rid of one of the asynchronous set/reset signals.
CRITICAL WARNING: [Netlist 29-358] Reg 'SystolicCore0/mem2serial_transfer_pc/pmatrix_reg[0][12][0]' of type 'FDCP' cannot be timed accurately. Hardware behavior may be unpredictable. Use check_timing command for more information. [/home/xmen/Videos/RustDesk/SystolicCore/SystolicCore/rtl/mem2serial.sv:29]
Resolution: Recode your design, so that you do not depend on both asynchronous set and reset for your desired functionality.
Convert at least one of them to synchronous signal, or get rid of at least one of those.
Often, the use of "initial" value will help you get rid of one of the asynchronous set/reset signals.
CRITICAL WARNING: [Netlist 29-358] Reg 'SystolicCore0/mem2serial_transfer_pc/pmatrix_reg[0][12][1]' of type 'FDCP' cannot be timed accurately. Hardware behavior may be unpredictable. Use check_timing command for more information. [/home/xmen/Videos/RustDesk/SystolicCore/SystolicCore/rtl/mem2serial.sv:29]
Resolution: Recode your design, so that you do not depend on both asynchronous set and reset for your desired functionality.
Convert at least one of them to synchronous signal, or get rid of at least one of those.
Often, the use of "initial" value will help you get rid of one of the asynchronous set/reset signals.
CRITICAL WARNING: [Netlist 29-358] Reg 'SystolicCore0/mem2serial_transfer_pc/pmatrix_reg[0][12][2]' of type 'FDCP' cannot be timed accurately. Hardware behavior may be unpredictable. Use check_timing command for more information. [/home/xmen/Videos/RustDesk/SystolicCore/SystolicCore/rtl/mem2serial.sv:29]
Resolution: Recode your design, so that you do not depend on both asynchronous set and reset for your desired functionality.
Convert at least one of them to synchronous signal, or get rid of at least one of those.
Often, the use of "initial" value will help you get rid of one of the asynchronous set/reset signals.
CRITICAL WARNING: [Netlist 29-358] Reg 'SystolicCore0/mem2serial_transfer_pc/pmatrix_reg[0][12][3]' of type 'FDCP' cannot be timed accurately. Hardware behavior may be unpredictable. Use check_timing command for more information. [/home/xmen/Videos/RustDesk/SystolicCore/SystolicCore/rtl/mem2serial.sv:29]
Resolution: Recode your design, so that you do not depend on both asynchronous set and reset for your desired functionality.
Convert at least one of them to synchronous signal, or get rid of at least one of those.
Often, the use of "initial" value will help you get rid of one of the asynchronous set/reset signals.
CRITICAL WARNING: [Netlist 29-358] Reg 'SystolicCore0/mem2serial_transfer_pc/pmatrix_reg[0][12][4]' of type 'FDCP' cannot be timed accurately. Hardware behavior may be unpredictable. Use check_timing command for more information. [/home/xmen/Videos/RustDesk/SystolicCore/SystolicCore/rtl/mem2serial.sv:29]
Resolution: Recode your design, so that you do not depend on both asynchronous set and reset for your desired functionality.
Convert at least one of them to synchronous signal, or get rid of at least one of those.
Often, the use of "initial" value will help you get rid of one of the asynchronous set/reset signals.
CRITICAL WARNING: [Netlist 29-358] Reg 'SystolicCore0/mem2serial_transfer_pc/pmatrix_reg[0][12][5]' of type 'FDCP' cannot be timed accurately. Hardware behavior may be unpredictable. Use check_timing command for more information. [/home/xmen/Videos/RustDesk/SystolicCore/SystolicCore/rtl/mem2serial.sv:29]
Resolution: Recode your design, so that you do not depend on both asynchronous set and reset for your desired functionality.
Convert at least one of them to synchronous signal, or get rid of at least one of those.
Often, the use of "initial" value will help you get rid of one of the asynchronous set/reset signals.
CRITICAL WARNING: [Netlist 29-358] Reg 'SystolicCore0/mem2serial_transfer_pc/pmatrix_reg[0][12][6]' of type 'FDCP' cannot be timed accurately. Hardware behavior may be unpredictable. Use check_timing command for more information. [/home/xmen/Videos/RustDesk/SystolicCore/SystolicCore/rtl/mem2serial.sv:29]
Resolution: Recode your design, so that you do not depend on both asynchronous set and reset for your desired functionality.
Convert at least one of them to synchronous signal, or get rid of at least one of those.
Often, the use of "initial" value will help you get rid of one of the asynchronous set/reset signals.
CRITICAL WARNING: [Netlist 29-358] Reg 'SystolicCore0/mem2serial_transfer_pc/pmatrix_reg[0][12][7]' of type 'FDCP' cannot be timed accurately. Hardware behavior may be unpredictable. Use check_timing command for more information. [/home/xmen/Videos/RustDesk/SystolicCore/SystolicCore/rtl/mem2serial.sv:29]
Resolution: Recode your design, so that you do not depend on both asynchronous set and reset for your desired functionality.
Convert at least one of them to synchronous signal, or get rid of at least one of those.
Often, the use of "initial" value will help you get rid of one of the asynchronous set/reset signals.
CRITICAL WARNING: [Netlist 29-358] Reg 'SystolicCore0/mem2serial_transfer_pc/pmatrix_reg[0][13][0]' of type 'FDCP' cannot be timed accurately. Hardware behavior may be unpredictable. Use check_timing command for more information. [/home/xmen/Videos/RustDesk/SystolicCore/SystolicCore/rtl/mem2serial.sv:29]
Resolution: Recode your design, so that you do not depend on both asynchronous set and reset for your desired functionality.
Convert at least one of them to synchronous signal, or get rid of at least one of those.
Often, the use of "initial" value will help you get rid of one of the asynchronous set/reset signals.
CRITICAL WARNING: [Netlist 29-358] Reg 'SystolicCore0/mem2serial_transfer_pc/pmatrix_reg[0][13][1]' of type 'FDCP' cannot be timed accurately. Hardware behavior may be unpredictable. Use check_timing command for more information. [/home/xmen/Videos/RustDesk/SystolicCore/SystolicCore/rtl/mem2serial.sv:29]
Resolution: Recode your design, so that you do not depend on both asynchronous set and reset for your desired functionality.
Convert at least one of them to synchronous signal, or get rid of at least one of those.
Often, the use of "initial" value will help you get rid of one of the asynchronous set/reset signals.
CRITICAL WARNING: [Netlist 29-358] Reg 'SystolicCore0/mem2serial_transfer_pc/pmatrix_reg[0][13][2]' of type 'FDCP' cannot be timed accurately. Hardware behavior may be unpredictable. Use check_timing command for more information. [/home/xmen/Videos/RustDesk/SystolicCore/SystolicCore/rtl/mem2serial.sv:29]
Resolution: Recode your design, so that you do not depend on both asynchronous set and reset for your desired functionality.
Convert at least one of them to synchronous signal, or get rid of at least one of those.
Often, the use of "initial" value will help you get rid of one of the asynchronous set/reset signals.
CRITICAL WARNING: [Netlist 29-358] Reg 'SystolicCore0/mem2serial_transfer_pc/pmatrix_reg[0][13][3]' of type 'FDCP' cannot be timed accurately. Hardware behavior may be unpredictable. Use check_timing command for more information. [/home/xmen/Videos/RustDesk/SystolicCore/SystolicCore/rtl/mem2serial.sv:29]
Resolution: Recode your design, so that you do not depend on both asynchronous set and reset for your desired functionality.
Convert at least one of them to synchronous signal, or get rid of at least one of those.
Often, the use of "initial" value will help you get rid of one of the asynchronous set/reset signals.
CRITICAL WARNING: [Netlist 29-358] Reg 'SystolicCore0/mem2serial_transfer_pc/pmatrix_reg[0][13][4]' of type 'FDCP' cannot be timed accurately. Hardware behavior may be unpredictable. Use check_timing command for more information. [/home/xmen/Videos/RustDesk/SystolicCore/SystolicCore/rtl/mem2serial.sv:29]
Resolution: Recode your design, so that you do not depend on both asynchronous set and reset for your desired functionality.
Convert at least one of them to synchronous signal, or get rid of at least one of those.
Often, the use of "initial" value will help you get rid of one of the asynchronous set/reset signals.
CRITICAL WARNING: [Netlist 29-358] Reg 'SystolicCore0/mem2serial_transfer_pc/pmatrix_reg[0][13][5]' of type 'FDCP' cannot be timed accurately. Hardware behavior may be unpredictable. Use check_timing command for more information. [/home/xmen/Videos/RustDesk/SystolicCore/SystolicCore/rtl/mem2serial.sv:29]
Resolution: Recode your design, so that you do not depend on both asynchronous set and reset for your desired functionality.
Convert at least one of them to synchronous signal, or get rid of at least one of those.
Often, the use of "initial" value will help you get rid of one of the asynchronous set/reset signals.
CRITICAL WARNING: [Netlist 29-358] Reg 'SystolicCore0/mem2serial_transfer_pc/pmatrix_reg[0][13][6]' of type 'FDCP' cannot be timed accurately. Hardware behavior may be unpredictable. Use check_timing command for more information. [/home/xmen/Videos/RustDesk/SystolicCore/SystolicCore/rtl/mem2serial.sv:29]
Resolution: Recode your design, so that you do not depend on both asynchronous set and reset for your desired functionality.
Convert at least one of them to synchronous signal, or get rid of at least one of those.
Often, the use of "initial" value will help you get rid of one of the asynchronous set/reset signals.
CRITICAL WARNING: [Netlist 29-358] Reg 'SystolicCore0/mem2serial_transfer_pc/pmatrix_reg[0][13][7]' of type 'FDCP' cannot be timed accurately. Hardware behavior may be unpredictable. Use check_timing command for more information. [/home/xmen/Videos/RustDesk/SystolicCore/SystolicCore/rtl/mem2serial.sv:29]
Resolution: Recode your design, so that you do not depend on both asynchronous set and reset for your desired functionality.
Convert at least one of them to synchronous signal, or get rid of at least one of those.
Often, the use of "initial" value will help you get rid of one of the asynchronous set/reset signals.
CRITICAL WARNING: [Netlist 29-358] Reg 'SystolicCore0/mem2serial_transfer_pc/pmatrix_reg[0][14][0]' of type 'FDCP' cannot be timed accurately. Hardware behavior may be unpredictable. Use check_timing command for more information. [/home/xmen/Videos/RustDesk/SystolicCore/SystolicCore/rtl/mem2serial.sv:29]
Resolution: Recode your design, so that you do not depend on both asynchronous set and reset for your desired functionality.
Convert at least one of them to synchronous signal, or get rid of at least one of those.
Often, the use of "initial" value will help you get rid of one of the asynchronous set/reset signals.
CRITICAL WARNING: [Netlist 29-358] Reg 'SystolicCore0/mem2serial_transfer_pc/pmatrix_reg[0][14][1]' of type 'FDCP' cannot be timed accurately. Hardware behavior may be unpredictable. Use check_timing command for more information. [/home/xmen/Videos/RustDesk/SystolicCore/SystolicCore/rtl/mem2serial.sv:29]
Resolution: Recode your design, so that you do not depend on both asynchronous set and reset for your desired functionality.
Convert at least one of them to synchronous signal, or get rid of at least one of those.
Often, the use of "initial" value will help you get rid of one of the asynchronous set/reset signals.
CRITICAL WARNING: [Netlist 29-358] Reg 'SystolicCore0/mem2serial_transfer_pc/pmatrix_reg[0][14][2]' of type 'FDCP' cannot be timed accurately. Hardware behavior may be unpredictable. Use check_timing command for more information. [/home/xmen/Videos/RustDesk/SystolicCore/SystolicCore/rtl/mem2serial.sv:29]
Resolution: Recode your design, so that you do not depend on both asynchronous set and reset for your desired functionality.
Convert at least one of them to synchronous signal, or get rid of at least one of those.
Often, the use of "initial" value will help you get rid of one of the asynchronous set/reset signals.
CRITICAL WARNING: [Netlist 29-358] Reg 'SystolicCore0/mem2serial_transfer_pc/pmatrix_reg[0][14][3]' of type 'FDCP' cannot be timed accurately. Hardware behavior may be unpredictable. Use check_timing command for more information. [/home/xmen/Videos/RustDesk/SystolicCore/SystolicCore/rtl/mem2serial.sv:29]
Resolution: Recode your design, so that you do not depend on both asynchronous set and reset for your desired functionality.
Convert at least one of them to synchronous signal, or get rid of at least one of those.
Often, the use of "initial" value will help you get rid of one of the asynchronous set/reset signals.
CRITICAL WARNING: [Netlist 29-358] Reg 'SystolicCore0/mem2serial_transfer_pc/pmatrix_reg[0][14][4]' of type 'FDCP' cannot be timed accurately. Hardware behavior may be unpredictable. Use check_timing command for more information. [/home/xmen/Videos/RustDesk/SystolicCore/SystolicCore/rtl/mem2serial.sv:29]
Resolution: Recode your design, so that you do not depend on both asynchronous set and reset for your desired functionality.
Convert at least one of them to synchronous signal, or get rid of at least one of those.
Often, the use of "initial" value will help you get rid of one of the asynchronous set/reset signals.
CRITICAL WARNING: [Netlist 29-358] Reg 'SystolicCore0/mem2serial_transfer_pc/pmatrix_reg[0][14][5]' of type 'FDCP' cannot be timed accurately. Hardware behavior may be unpredictable. Use check_timing command for more information. [/home/xmen/Videos/RustDesk/SystolicCore/SystolicCore/rtl/mem2serial.sv:29]
Resolution: Recode your design, so that you do not depend on both asynchronous set and reset for your desired functionality.
Convert at least one of them to synchronous signal, or get rid of at least one of those.
Often, the use of "initial" value will help you get rid of one of the asynchronous set/reset signals.
CRITICAL WARNING: [Netlist 29-358] Reg 'SystolicCore0/mem2serial_transfer_pc/pmatrix_reg[0][14][6]' of type 'FDCP' cannot be timed accurately. Hardware behavior may be unpredictable. Use check_timing command for more information. [/home/xmen/Videos/RustDesk/SystolicCore/SystolicCore/rtl/mem2serial.sv:29]
Resolution: Recode your design, so that you do not depend on both asynchronous set and reset for your desired functionality.
Convert at least one of them to synchronous signal, or get rid of at least one of those.
Often, the use of "initial" value will help you get rid of one of the asynchronous set/reset signals.
CRITICAL WARNING: [Netlist 29-358] Reg 'SystolicCore0/mem2serial_transfer_pc/pmatrix_reg[0][14][7]' of type 'FDCP' cannot be timed accurately. Hardware behavior may be unpredictable. Use check_timing command for more information. [/home/xmen/Videos/RustDesk/SystolicCore/SystolicCore/rtl/mem2serial.sv:29]
Resolution: Recode your design, so that you do not depend on both asynchronous set and reset for your desired functionality.
Convert at least one of them to synchronous signal, or get rid of at least one of those.
Often, the use of "initial" value will help you get rid of one of the asynchronous set/reset signals.
CRITICAL WARNING: [Netlist 29-358] Reg 'SystolicCore0/mem2serial_transfer_pc/pmatrix_reg[0][15][0]' of type 'FDCP' cannot be timed accurately. Hardware behavior may be unpredictable. Use check_timing command for more information. [/home/xmen/Videos/RustDesk/SystolicCore/SystolicCore/rtl/mem2serial.sv:29]
Resolution: Recode your design, so that you do not depend on both asynchronous set and reset for your desired functionality.
Convert at least one of them to synchronous signal, or get rid of at least one of those.
Often, the use of "initial" value will help you get rid of one of the asynchronous set/reset signals.
CRITICAL WARNING: [Netlist 29-358] Reg 'SystolicCore0/mem2serial_transfer_pc/pmatrix_reg[0][15][1]' of type 'FDCP' cannot be timed accurately. Hardware behavior may be unpredictable. Use check_timing command for more information. [/home/xmen/Videos/RustDesk/SystolicCore/SystolicCore/rtl/mem2serial.sv:29]
Resolution: Recode your design, so that you do not depend on both asynchronous set and reset for your desired functionality.
Convert at least one of them to synchronous signal, or get rid of at least one of those.
Often, the use of "initial" value will help you get rid of one of the asynchronous set/reset signals.
CRITICAL WARNING: [Netlist 29-358] Reg 'SystolicCore0/mem2serial_transfer_pc/pmatrix_reg[0][15][2]' of type 'FDCP' cannot be timed accurately. Hardware behavior may be unpredictable. Use check_timing command for more information. [/home/xmen/Videos/RustDesk/SystolicCore/SystolicCore/rtl/mem2serial.sv:29]
Resolution: Recode your design, so that you do not depend on both asynchronous set and reset for your desired functionality.
Convert at least one of them to synchronous signal, or get rid of at least one of those.
Often, the use of "initial" value will help you get rid of one of the asynchronous set/reset signals.
CRITICAL WARNING: [Netlist 29-358] Reg 'SystolicCore0/mem2serial_transfer_pc/pmatrix_reg[0][15][3]' of type 'FDCP' cannot be timed accurately. Hardware behavior may be unpredictable. Use check_timing command for more information. [/home/xmen/Videos/RustDesk/SystolicCore/SystolicCore/rtl/mem2serial.sv:29]
Resolution: Recode your design, so that you do not depend on both asynchronous set and reset for your desired functionality.
Convert at least one of them to synchronous signal, or get rid of at least one of those.
Often, the use of "initial" value will help you get rid of one of the asynchronous set/reset signals.
CRITICAL WARNING: [Netlist 29-358] Reg 'SystolicCore0/mem2serial_transfer_pc/pmatrix_reg[0][15][4]' of type 'FDCP' cannot be timed accurately. Hardware behavior may be unpredictable. Use check_timing command for more information. [/home/xmen/Videos/RustDesk/SystolicCore/SystolicCore/rtl/mem2serial.sv:29]
Resolution: Recode your design, so that you do not depend on both asynchronous set and reset for your desired functionality.
Convert at least one of them to synchronous signal, or get rid of at least one of those.
Often, the use of "initial" value will help you get rid of one of the asynchronous set/reset signals.
CRITICAL WARNING: [Netlist 29-358] Reg 'SystolicCore0/mem2serial_transfer_pc/pmatrix_reg[0][15][5]' of type 'FDCP' cannot be timed accurately. Hardware behavior may be unpredictable. Use check_timing command for more information. [/home/xmen/Videos/RustDesk/SystolicCore/SystolicCore/rtl/mem2serial.sv:29]
Resolution: Recode your design, so that you do not depend on both asynchronous set and reset for your desired functionality.
Convert at least one of them to synchronous signal, or get rid of at least one of those.
Often, the use of "initial" value will help you get rid of one of the asynchronous set/reset signals.
CRITICAL WARNING: [Netlist 29-358] Reg 'SystolicCore0/mem2serial_transfer_pc/pmatrix_reg[0][15][6]' of type 'FDCP' cannot be timed accurately. Hardware behavior may be unpredictable. Use check_timing command for more information. [/home/xmen/Videos/RustDesk/SystolicCore/SystolicCore/rtl/mem2serial.sv:29]
Resolution: Recode your design, so that you do not depend on both asynchronous set and reset for your desired functionality.
Convert at least one of them to synchronous signal, or get rid of at least one of those.
Often, the use of "initial" value will help you get rid of one of the asynchronous set/reset signals.
CRITICAL WARNING: [Netlist 29-358] Reg 'SystolicCore0/mem2serial_transfer_pc/pmatrix_reg[0][15][7]' of type 'FDCP' cannot be timed accurately. Hardware behavior may be unpredictable. Use check_timing command for more information. [/home/xmen/Videos/RustDesk/SystolicCore/SystolicCore/rtl/mem2serial.sv:29]
Resolution: Recode your design, so that you do not depend on both asynchronous set and reset for your desired functionality.
Convert at least one of them to synchronous signal, or get rid of at least one of those.
Often, the use of "initial" value will help you get rid of one of the asynchronous set/reset signals.
CRITICAL WARNING: [Netlist 29-358] Reg 'SystolicCore0/mem2serial_transfer_pc/pmatrix_reg[0][1][0]' of type 'FDCP' cannot be timed accurately. Hardware behavior may be unpredictable. Use check_timing command for more information. [/home/xmen/Videos/RustDesk/SystolicCore/SystolicCore/rtl/mem2serial.sv:29]
Resolution: Recode your design, so that you do not depend on both asynchronous set and reset for your desired functionality.
Convert at least one of them to synchronous signal, or get rid of at least one of those.
Often, the use of "initial" value will help you get rid of one of the asynchronous set/reset signals.
CRITICAL WARNING: [Netlist 29-358] Reg 'SystolicCore0/mem2serial_transfer_pc/pmatrix_reg[0][1][1]' of type 'FDCP' cannot be timed accurately. Hardware behavior may be unpredictable. Use check_timing command for more information. [/home/xmen/Videos/RustDesk/SystolicCore/SystolicCore/rtl/mem2serial.sv:29]
Resolution: Recode your design, so that you do not depend on both asynchronous set and reset for your desired functionality.
Convert at least one of them to synchronous signal, or get rid of at least one of those.
Often, the use of "initial" value will help you get rid of one of the asynchronous set/reset signals.
CRITICAL WARNING: [Netlist 29-358] Reg 'SystolicCore0/mem2serial_transfer_pc/pmatrix_reg[0][1][2]' of type 'FDCP' cannot be timed accurately. Hardware behavior may be unpredictable. Use check_timing command for more information. [/home/xmen/Videos/RustDesk/SystolicCore/SystolicCore/rtl/mem2serial.sv:29]
Resolution: Recode your design, so that you do not depend on both asynchronous set and reset for your desired functionality.
Convert at least one of them to synchronous signal, or get rid of at least one of those.
Often, the use of "initial" value will help you get rid of one of the asynchronous set/reset signals.
CRITICAL WARNING: [Netlist 29-358] Reg 'SystolicCore0/mem2serial_transfer_pc/pmatrix_reg[0][1][3]' of type 'FDCP' cannot be timed accurately. Hardware behavior may be unpredictable. Use check_timing command for more information. [/home/xmen/Videos/RustDesk/SystolicCore/SystolicCore/rtl/mem2serial.sv:29]
Resolution: Recode your design, so that you do not depend on both asynchronous set and reset for your desired functionality.
Convert at least one of them to synchronous signal, or get rid of at least one of those.
Often, the use of "initial" value will help you get rid of one of the asynchronous set/reset signals.
CRITICAL WARNING: [Netlist 29-358] Reg 'SystolicCore0/mem2serial_transfer_pc/pmatrix_reg[0][1][4]' of type 'FDCP' cannot be timed accurately. Hardware behavior may be unpredictable. Use check_timing command for more information. [/home/xmen/Videos/RustDesk/SystolicCore/SystolicCore/rtl/mem2serial.sv:29]
Resolution: Recode your design, so that you do not depend on both asynchronous set and reset for your desired functionality.
Convert at least one of them to synchronous signal, or get rid of at least one of those.
Often, the use of "initial" value will help you get rid of one of the asynchronous set/reset signals.
CRITICAL WARNING: [Netlist 29-358] Reg 'SystolicCore0/mem2serial_transfer_pc/pmatrix_reg[0][1][5]' of type 'FDCP' cannot be timed accurately. Hardware behavior may be unpredictable. Use check_timing command for more information. [/home/xmen/Videos/RustDesk/SystolicCore/SystolicCore/rtl/mem2serial.sv:29]
Resolution: Recode your design, so that you do not depend on both asynchronous set and reset for your desired functionality.
Convert at least one of them to synchronous signal, or get rid of at least one of those.
Often, the use of "initial" value will help you get rid of one of the asynchronous set/reset signals.
CRITICAL WARNING: [Netlist 29-358] Reg 'SystolicCore0/mem2serial_transfer_pc/pmatrix_reg[0][1][6]' of type 'FDCP' cannot be timed accurately. Hardware behavior may be unpredictable. Use check_timing command for more information. [/home/xmen/Videos/RustDesk/SystolicCore/SystolicCore/rtl/mem2serial.sv:29]
Resolution: Recode your design, so that you do not depend on both asynchronous set and reset for your desired functionality.
Convert at least one of them to synchronous signal, or get rid of at least one of those.
Often, the use of "initial" value will help you get rid of one of the asynchronous set/reset signals.
CRITICAL WARNING: [Netlist 29-358] Reg 'SystolicCore0/mem2serial_transfer_pc/pmatrix_reg[0][1][7]' of type 'FDCP' cannot be timed accurately. Hardware behavior may be unpredictable. Use check_timing command for more information. [/home/xmen/Videos/RustDesk/SystolicCore/SystolicCore/rtl/mem2serial.sv:29]
Resolution: Recode your design, so that you do not depend on both asynchronous set and reset for your desired functionality.
Convert at least one of them to synchronous signal, or get rid of at least one of those.
Often, the use of "initial" value will help you get rid of one of the asynchronous set/reset signals.
CRITICAL WARNING: [Netlist 29-358] Reg 'SystolicCore0/mem2serial_transfer_pc/pmatrix_reg[0][2][0]' of type 'FDCP' cannot be timed accurately. Hardware behavior may be unpredictable. Use check_timing command for more information. [/home/xmen/Videos/RustDesk/SystolicCore/SystolicCore/rtl/mem2serial.sv:29]
Resolution: Recode your design, so that you do not depend on both asynchronous set and reset for your desired functionality.
Convert at least one of them to synchronous signal, or get rid of at least one of those.
Often, the use of "initial" value will help you get rid of one of the asynchronous set/reset signals.
CRITICAL WARNING: [Netlist 29-358] Reg 'SystolicCore0/mem2serial_transfer_pc/pmatrix_reg[0][2][1]' of type 'FDCP' cannot be timed accurately. Hardware behavior may be unpredictable. Use check_timing command for more information. [/home/xmen/Videos/RustDesk/SystolicCore/SystolicCore/rtl/mem2serial.sv:29]
Resolution: Recode your design, so that you do not depend on both asynchronous set and reset for your desired functionality.
Convert at least one of them to synchronous signal, or get rid of at least one of those.
Often, the use of "initial" value will help you get rid of one of the asynchronous set/reset signals.
CRITICAL WARNING: [Netlist 29-358] Reg 'SystolicCore0/mem2serial_transfer_pc/pmatrix_reg[0][2][2]' of type 'FDCP' cannot be timed accurately. Hardware behavior may be unpredictable. Use check_timing command for more information. [/home/xmen/Videos/RustDesk/SystolicCore/SystolicCore/rtl/mem2serial.sv:29]
Resolution: Recode your design, so that you do not depend on both asynchronous set and reset for your desired functionality.
Convert at least one of them to synchronous signal, or get rid of at least one of those.
Often, the use of "initial" value will help you get rid of one of the asynchronous set/reset signals.
CRITICAL WARNING: [Netlist 29-358] Reg 'SystolicCore0/mem2serial_transfer_pc/pmatrix_reg[0][2][3]' of type 'FDCP' cannot be timed accurately. Hardware behavior may be unpredictable. Use check_timing command for more information. [/home/xmen/Videos/RustDesk/SystolicCore/SystolicCore/rtl/mem2serial.sv:29]
Resolution: Recode your design, so that you do not depend on both asynchronous set and reset for your desired functionality.
Convert at least one of them to synchronous signal, or get rid of at least one of those.
Often, the use of "initial" value will help you get rid of one of the asynchronous set/reset signals.
CRITICAL WARNING: [Netlist 29-358] Reg 'SystolicCore0/mem2serial_transfer_pc/pmatrix_reg[0][2][4]' of type 'FDCP' cannot be timed accurately. Hardware behavior may be unpredictable. Use check_timing command for more information. [/home/xmen/Videos/RustDesk/SystolicCore/SystolicCore/rtl/mem2serial.sv:29]
Resolution: Recode your design, so that you do not depend on both asynchronous set and reset for your desired functionality.
Convert at least one of them to synchronous signal, or get rid of at least one of those.
Often, the use of "initial" value will help you get rid of one of the asynchronous set/reset signals.
CRITICAL WARNING: [Netlist 29-358] Reg 'SystolicCore0/mem2serial_transfer_pc/pmatrix_reg[0][2][5]' of type 'FDCP' cannot be timed accurately. Hardware behavior may be unpredictable. Use check_timing command for more information. [/home/xmen/Videos/RustDesk/SystolicCore/SystolicCore/rtl/mem2serial.sv:29]
Resolution: Recode your design, so that you do not depend on both asynchronous set and reset for your desired functionality.
Convert at least one of them to synchronous signal, or get rid of at least one of those.
Often, the use of "initial" value will help you get rid of one of the asynchronous set/reset signals.
CRITICAL WARNING: [Netlist 29-358] Reg 'SystolicCore0/mem2serial_transfer_pc/pmatrix_reg[0][2][6]' of type 'FDCP' cannot be timed accurately. Hardware behavior may be unpredictable. Use check_timing command for more information. [/home/xmen/Videos/RustDesk/SystolicCore/SystolicCore/rtl/mem2serial.sv:29]
Resolution: Recode your design, so that you do not depend on both asynchronous set and reset for your desired functionality.
Convert at least one of them to synchronous signal, or get rid of at least one of those.
Often, the use of "initial" value will help you get rid of one of the asynchronous set/reset signals.
CRITICAL WARNING: [Netlist 29-358] Reg 'SystolicCore0/mem2serial_transfer_pc/pmatrix_reg[0][2][7]' of type 'FDCP' cannot be timed accurately. Hardware behavior may be unpredictable. Use check_timing command for more information. [/home/xmen/Videos/RustDesk/SystolicCore/SystolicCore/rtl/mem2serial.sv:29]
Resolution: Recode your design, so that you do not depend on both asynchronous set and reset for your desired functionality.
Convert at least one of them to synchronous signal, or get rid of at least one of those.
Often, the use of "initial" value will help you get rid of one of the asynchronous set/reset signals.
CRITICAL WARNING: [Netlist 29-358] Reg 'SystolicCore0/mem2serial_transfer_pc/pmatrix_reg[0][3][0]' of type 'FDCP' cannot be timed accurately. Hardware behavior may be unpredictable. Use check_timing command for more information. [/home/xmen/Videos/RustDesk/SystolicCore/SystolicCore/rtl/mem2serial.sv:29]
Resolution: Recode your design, so that you do not depend on both asynchronous set and reset for your desired functionality.
Convert at least one of them to synchronous signal, or get rid of at least one of those.
Often, the use of "initial" value will help you get rid of one of the asynchronous set/reset signals.
CRITICAL WARNING: [Netlist 29-358] Reg 'SystolicCore0/mem2serial_transfer_pc/pmatrix_reg[0][3][1]' of type 'FDCP' cannot be timed accurately. Hardware behavior may be unpredictable. Use check_timing command for more information. [/home/xmen/Videos/RustDesk/SystolicCore/SystolicCore/rtl/mem2serial.sv:29]
Resolution: Recode your design, so that you do not depend on both asynchronous set and reset for your desired functionality.
Convert at least one of them to synchronous signal, or get rid of at least one of those.
Often, the use of "initial" value will help you get rid of one of the asynchronous set/reset signals.
CRITICAL WARNING: [Netlist 29-358] Reg 'SystolicCore0/mem2serial_transfer_pc/pmatrix_reg[0][3][2]' of type 'FDCP' cannot be timed accurately. Hardware behavior may be unpredictable. Use check_timing command for more information. [/home/xmen/Videos/RustDesk/SystolicCore/SystolicCore/rtl/mem2serial.sv:29]
Resolution: Recode your design, so that you do not depend on both asynchronous set and reset for your desired functionality.
Convert at least one of them to synchronous signal, or get rid of at least one of those.
Often, the use of "initial" value will help you get rid of one of the asynchronous set/reset signals.
CRITICAL WARNING: [Netlist 29-358] Reg 'SystolicCore0/mem2serial_transfer_pc/pmatrix_reg[0][3][3]' of type 'FDCP' cannot be timed accurately. Hardware behavior may be unpredictable. Use check_timing command for more information. [/home/xmen/Videos/RustDesk/SystolicCore/SystolicCore/rtl/mem2serial.sv:29]
Resolution: Recode your design, so that you do not depend on both asynchronous set and reset for your desired functionality.
Convert at least one of them to synchronous signal, or get rid of at least one of those.
Often, the use of "initial" value will help you get rid of one of the asynchronous set/reset signals.
CRITICAL WARNING: [Netlist 29-358] Reg 'SystolicCore0/mem2serial_transfer_pc/pmatrix_reg[0][3][4]' of type 'FDCP' cannot be timed accurately. Hardware behavior may be unpredictable. Use check_timing command for more information. [/home/xmen/Videos/RustDesk/SystolicCore/SystolicCore/rtl/mem2serial.sv:29]
Resolution: Recode your design, so that you do not depend on both asynchronous set and reset for your desired functionality.
Convert at least one of them to synchronous signal, or get rid of at least one of those.
Often, the use of "initial" value will help you get rid of one of the asynchronous set/reset signals.
CRITICAL WARNING: [Netlist 29-358] Reg 'SystolicCore0/mem2serial_transfer_pc/pmatrix_reg[0][3][5]' of type 'FDCP' cannot be timed accurately. Hardware behavior may be unpredictable. Use check_timing command for more information. [/home/xmen/Videos/RustDesk/SystolicCore/SystolicCore/rtl/mem2serial.sv:29]
Resolution: Recode your design, so that you do not depend on both asynchronous set and reset for your desired functionality.
Convert at least one of them to synchronous signal, or get rid of at least one of those.
Often, the use of "initial" value will help you get rid of one of the asynchronous set/reset signals.
CRITICAL WARNING: [Netlist 29-358] Reg 'SystolicCore0/mem2serial_transfer_pc/pmatrix_reg[0][3][6]' of type 'FDCP' cannot be timed accurately. Hardware behavior may be unpredictable. Use check_timing command for more information. [/home/xmen/Videos/RustDesk/SystolicCore/SystolicCore/rtl/mem2serial.sv:29]
Resolution: Recode your design, so that you do not depend on both asynchronous set and reset for your desired functionality.
Convert at least one of them to synchronous signal, or get rid of at least one of those.
Often, the use of "initial" value will help you get rid of one of the asynchronous set/reset signals.
CRITICAL WARNING: [Netlist 29-358] Reg 'SystolicCore0/mem2serial_transfer_pc/pmatrix_reg[0][3][7]' of type 'FDCP' cannot be timed accurately. Hardware behavior may be unpredictable. Use check_timing command for more information. [/home/xmen/Videos/RustDesk/SystolicCore/SystolicCore/rtl/mem2serial.sv:29]
Resolution: Recode your design, so that you do not depend on both asynchronous set and reset for your desired functionality.
Convert at least one of them to synchronous signal, or get rid of at least one of those.
Often, the use of "initial" value will help you get rid of one of the asynchronous set/reset signals.
CRITICAL WARNING: [Netlist 29-358] Reg 'SystolicCore0/mem2serial_transfer_pc/pmatrix_reg[0][4][0]' of type 'FDCP' cannot be timed accurately. Hardware behavior may be unpredictable. Use check_timing command for more information. [/home/xmen/Videos/RustDesk/SystolicCore/SystolicCore/rtl/mem2serial.sv:29]
Resolution: Recode your design, so that you do not depend on both asynchronous set and reset for your desired functionality.
Convert at least one of them to synchronous signal, or get rid of at least one of those.
Often, the use of "initial" value will help you get rid of one of the asynchronous set/reset signals.
CRITICAL WARNING: [Netlist 29-358] Reg 'SystolicCore0/mem2serial_transfer_pc/pmatrix_reg[0][4][1]' of type 'FDCP' cannot be timed accurately. Hardware behavior may be unpredictable. Use check_timing command for more information. [/home/xmen/Videos/RustDesk/SystolicCore/SystolicCore/rtl/mem2serial.sv:29]
Resolution: Recode your design, so that you do not depend on both asynchronous set and reset for your desired functionality.
Convert at least one of them to synchronous signal, or get rid of at least one of those.
Often, the use of "initial" value will help you get rid of one of the asynchronous set/reset signals.
CRITICAL WARNING: [Netlist 29-358] Reg 'SystolicCore0/mem2serial_transfer_pc/pmatrix_reg[0][4][2]' of type 'FDCP' cannot be timed accurately. Hardware behavior may be unpredictable. Use check_timing command for more information. [/home/xmen/Videos/RustDesk/SystolicCore/SystolicCore/rtl/mem2serial.sv:29]
Resolution: Recode your design, so that you do not depend on both asynchronous set and reset for your desired functionality.
Convert at least one of them to synchronous signal, or get rid of at least one of those.
Often, the use of "initial" value will help you get rid of one of the asynchronous set/reset signals.
CRITICAL WARNING: [Netlist 29-358] Reg 'SystolicCore0/mem2serial_transfer_pc/pmatrix_reg[0][4][3]' of type 'FDCP' cannot be timed accurately. Hardware behavior may be unpredictable. Use check_timing command for more information. [/home/xmen/Videos/RustDesk/SystolicCore/SystolicCore/rtl/mem2serial.sv:29]
Resolution: Recode your design, so that you do not depend on both asynchronous set and reset for your desired functionality.
Convert at least one of them to synchronous signal, or get rid of at least one of those.
Often, the use of "initial" value will help you get rid of one of the asynchronous set/reset signals.
CRITICAL WARNING: [Netlist 29-358] Reg 'SystolicCore0/mem2serial_transfer_pc/pmatrix_reg[0][4][4]' of type 'FDCP' cannot be timed accurately. Hardware behavior may be unpredictable. Use check_timing command for more information. [/home/xmen/Videos/RustDesk/SystolicCore/SystolicCore/rtl/mem2serial.sv:29]
Resolution: Recode your design, so that you do not depend on both asynchronous set and reset for your desired functionality.
Convert at least one of them to synchronous signal, or get rid of at least one of those.
Often, the use of "initial" value will help you get rid of one of the asynchronous set/reset signals.
CRITICAL WARNING: [Netlist 29-358] Reg 'SystolicCore0/mem2serial_transfer_pc/pmatrix_reg[0][4][5]' of type 'FDCP' cannot be timed accurately. Hardware behavior may be unpredictable. Use check_timing command for more information. [/home/xmen/Videos/RustDesk/SystolicCore/SystolicCore/rtl/mem2serial.sv:29]
Resolution: Recode your design, so that you do not depend on both asynchronous set and reset for your desired functionality.
Convert at least one of them to synchronous signal, or get rid of at least one of those.
Often, the use of "initial" value will help you get rid of one of the asynchronous set/reset signals.
CRITICAL WARNING: [Netlist 29-358] Reg 'SystolicCore0/mem2serial_transfer_pc/pmatrix_reg[0][4][6]' of type 'FDCP' cannot be timed accurately. Hardware behavior may be unpredictable. Use check_timing command for more information. [/home/xmen/Videos/RustDesk/SystolicCore/SystolicCore/rtl/mem2serial.sv:29]
Resolution: Recode your design, so that you do not depend on both asynchronous set and reset for your desired functionality.
Convert at least one of them to synchronous signal, or get rid of at least one of those.
Often, the use of "initial" value will help you get rid of one of the asynchronous set/reset signals.
CRITICAL WARNING: [Netlist 29-358] Reg 'SystolicCore0/mem2serial_transfer_pc/pmatrix_reg[0][4][7]' of type 'FDCP' cannot be timed accurately. Hardware behavior may be unpredictable. Use check_timing command for more information. [/home/xmen/Videos/RustDesk/SystolicCore/SystolicCore/rtl/mem2serial.sv:29]
Resolution: Recode your design, so that you do not depend on both asynchronous set and reset for your desired functionality.
Convert at least one of them to synchronous signal, or get rid of at least one of those.
Often, the use of "initial" value will help you get rid of one of the asynchronous set/reset signals.
CRITICAL WARNING: [Netlist 29-358] Reg 'SystolicCore0/mem2serial_transfer_pc/pmatrix_reg[0][5][0]' of type 'FDCP' cannot be timed accurately. Hardware behavior may be unpredictable. Use check_timing command for more information. [/home/xmen/Videos/RustDesk/SystolicCore/SystolicCore/rtl/mem2serial.sv:29]
Resolution: Recode your design, so that you do not depend on both asynchronous set and reset for your desired functionality.
Convert at least one of them to synchronous signal, or get rid of at least one of those.
Often, the use of "initial" value will help you get rid of one of the asynchronous set/reset signals.
CRITICAL WARNING: [Netlist 29-358] Reg 'SystolicCore0/mem2serial_transfer_pc/pmatrix_reg[0][5][1]' of type 'FDCP' cannot be timed accurately. Hardware behavior may be unpredictable. Use check_timing command for more information. [/home/xmen/Videos/RustDesk/SystolicCore/SystolicCore/rtl/mem2serial.sv:29]
Resolution: Recode your design, so that you do not depend on both asynchronous set and reset for your desired functionality.
Convert at least one of them to synchronous signal, or get rid of at least one of those.
Often, the use of "initial" value will help you get rid of one of the asynchronous set/reset signals.
CRITICAL WARNING: [Netlist 29-358] Reg 'SystolicCore0/mem2serial_transfer_pc/pmatrix_reg[0][5][2]' of type 'FDCP' cannot be timed accurately. Hardware behavior may be unpredictable. Use check_timing command for more information. [/home/xmen/Videos/RustDesk/SystolicCore/SystolicCore/rtl/mem2serial.sv:29]
Resolution: Recode your design, so that you do not depend on both asynchronous set and reset for your desired functionality.
Convert at least one of them to synchronous signal, or get rid of at least one of those.
Often, the use of "initial" value will help you get rid of one of the asynchronous set/reset signals.
CRITICAL WARNING: [Netlist 29-358] Reg 'SystolicCore0/mem2serial_transfer_pc/pmatrix_reg[0][5][3]' of type 'FDCP' cannot be timed accurately. Hardware behavior may be unpredictable. Use check_timing command for more information. [/home/xmen/Videos/RustDesk/SystolicCore/SystolicCore/rtl/mem2serial.sv:29]
Resolution: Recode your design, so that you do not depend on both asynchronous set and reset for your desired functionality.
Convert at least one of them to synchronous signal, or get rid of at least one of those.
Often, the use of "initial" value will help you get rid of one of the asynchronous set/reset signals.
CRITICAL WARNING: [Netlist 29-358] Reg 'SystolicCore0/mem2serial_transfer_pc/pmatrix_reg[0][5][4]' of type 'FDCP' cannot be timed accurately. Hardware behavior may be unpredictable. Use check_timing command for more information. [/home/xmen/Videos/RustDesk/SystolicCore/SystolicCore/rtl/mem2serial.sv:29]
Resolution: Recode your design, so that you do not depend on both asynchronous set and reset for your desired functionality.
Convert at least one of them to synchronous signal, or get rid of at least one of those.
Often, the use of "initial" value will help you get rid of one of the asynchronous set/reset signals.
CRITICAL WARNING: [Netlist 29-358] Reg 'SystolicCore0/mem2serial_transfer_pc/pmatrix_reg[0][5][5]' of type 'FDCP' cannot be timed accurately. Hardware behavior may be unpredictable. Use check_timing command for more information. [/home/xmen/Videos/RustDesk/SystolicCore/SystolicCore/rtl/mem2serial.sv:29]
Resolution: Recode your design, so that you do not depend on both asynchronous set and reset for your desired functionality.
Convert at least one of them to synchronous signal, or get rid of at least one of those.
Often, the use of "initial" value will help you get rid of one of the asynchronous set/reset signals.
CRITICAL WARNING: [Netlist 29-358] Reg 'SystolicCore0/mem2serial_transfer_pc/pmatrix_reg[0][5][6]' of type 'FDCP' cannot be timed accurately. Hardware behavior may be unpredictable. Use check_timing command for more information. [/home/xmen/Videos/RustDesk/SystolicCore/SystolicCore/rtl/mem2serial.sv:29]
Resolution: Recode your design, so that you do not depend on both asynchronous set and reset for your desired functionality.
Convert at least one of them to synchronous signal, or get rid of at least one of those.
Often, the use of "initial" value will help you get rid of one of the asynchronous set/reset signals.
CRITICAL WARNING: [Netlist 29-358] Reg 'SystolicCore0/mem2serial_transfer_pc/pmatrix_reg[0][5][7]' of type 'FDCP' cannot be timed accurately. Hardware behavior may be unpredictable. Use check_timing command for more information. [/home/xmen/Videos/RustDesk/SystolicCore/SystolicCore/rtl/mem2serial.sv:29]
Resolution: Recode your design, so that you do not depend on both asynchronous set and reset for your desired functionality.
Convert at least one of them to synchronous signal, or get rid of at least one of those.
Often, the use of "initial" value will help you get rid of one of the asynchronous set/reset signals.
CRITICAL WARNING: [Netlist 29-358] Reg 'SystolicCore0/mem2serial_transfer_pc/pmatrix_reg[0][6][0]' of type 'FDCP' cannot be timed accurately. Hardware behavior may be unpredictable. Use check_timing command for more information. [/home/xmen/Videos/RustDesk/SystolicCore/SystolicCore/rtl/mem2serial.sv:29]
Resolution: Recode your design, so that you do not depend on both asynchronous set and reset for your desired functionality.
Convert at least one of them to synchronous signal, or get rid of at least one of those.
Often, the use of "initial" value will help you get rid of one of the asynchronous set/reset signals.
CRITICAL WARNING: [Netlist 29-358] Reg 'SystolicCore0/mem2serial_transfer_pc/pmatrix_reg[0][6][1]' of type 'FDCP' cannot be timed accurately. Hardware behavior may be unpredictable. Use check_timing command for more information. [/home/xmen/Videos/RustDesk/SystolicCore/SystolicCore/rtl/mem2serial.sv:29]
Resolution: Recode your design, so that you do not depend on both asynchronous set and reset for your desired functionality.
Convert at least one of them to synchronous signal, or get rid of at least one of those.
Often, the use of "initial" value will help you get rid of one of the asynchronous set/reset signals.
CRITICAL WARNING: [Netlist 29-358] Reg 'SystolicCore0/mem2serial_transfer_pc/pmatrix_reg[0][6][2]' of type 'FDCP' cannot be timed accurately. Hardware behavior may be unpredictable. Use check_timing command for more information. [/home/xmen/Videos/RustDesk/SystolicCore/SystolicCore/rtl/mem2serial.sv:29]
Resolution: Recode your design, so that you do not depend on both asynchronous set and reset for your desired functionality.
Convert at least one of them to synchronous signal, or get rid of at least one of those.
Often, the use of "initial" value will help you get rid of one of the asynchronous set/reset signals.
CRITICAL WARNING: [Netlist 29-358] Reg 'SystolicCore0/mem2serial_transfer_pc/pmatrix_reg[0][6][3]' of type 'FDCP' cannot be timed accurately. Hardware behavior may be unpredictable. Use check_timing command for more information. [/home/xmen/Videos/RustDesk/SystolicCore/SystolicCore/rtl/mem2serial.sv:29]
Resolution: Recode your design, so that you do not depend on both asynchronous set and reset for your desired functionality.
Convert at least one of them to synchronous signal, or get rid of at least one of those.
Often, the use of "initial" value will help you get rid of one of the asynchronous set/reset signals.
INFO: [Common 17-14] Message 'Netlist 29-358' appears 100 times and further instances of the messages will be disabled. Use the Tcl command set_msg_config to change the current settings.
INFO: [Netlist 29-28] Unisim Transformation completed in 0 CPU seconds
INFO: [Project 1-479] Netlist was created with Vivado 2025.2
INFO: [Project 1-570] Preparing netlist for logic optimization
INFO: [Chipscope 16-324] Core: SystolicCore0/serial2mem_opA/your_instance_name UUID: 83949ffa-531b-5882-8e3a-c13b49fa4af1 
INFO: [Chipscope 16-324] Core: SystolicCore0/serial2mem_opB/your_instance_name UUID: 79b7e933-8758-5555-82d7-6e4d4c865835 
INFO: [Chipscope 16-324] Core: SystolicCore0/systolicControlUnit_Global/your_instance_name UUID: f90ee68e-4842-522a-86f7-a946cbe314da 
INFO: [Chipscope 16-324] Core: SystolicCore0/your_instance_name UUID: 41dc18da-b57e-59bb-92a8-bd5a6a2577a4 
INFO: [Chipscope 16-324] Core: your_instance_name UUID: c43761e0-c036-5039-8c69-07a263a83e64 
Parsing XDC File [/home/xmen/TESTE_FINAL/Ethernet_ps/Ethernet_ps.gen/sources_1/bd/design_1/ip/design_1_zynq_ultra_ps_e_0_0/design_1_zynq_ultra_ps_e_0_0.xdc] for cell 'design_1_i/zynq_ultra_ps_e_0/inst'
Finished Parsing XDC File [/home/xmen/TESTE_FINAL/Ethernet_ps/Ethernet_ps.gen/sources_1/bd/design_1/ip/design_1_zynq_ultra_ps_e_0_0/design_1_zynq_ultra_ps_e_0_0.xdc] for cell 'design_1_i/zynq_ultra_ps_e_0/inst'
Parsing XDC File [/home/xmen/TESTE_FINAL/Ethernet_ps/Ethernet_ps.gen/sources_1/bd/design_1/ip/design_1_axi_smc_0/bd_0/ip/ip_1/bd_afc3_psr_aclk_0_board.xdc] for cell 'design_1_i/axi_smc/inst/clk_map/psr_aclk/U0'
Finished Parsing XDC File [/home/xmen/TESTE_FINAL/Ethernet_ps/Ethernet_ps.gen/sources_1/bd/design_1/ip/design_1_axi_smc_0/bd_0/ip/ip_1/bd_afc3_psr_aclk_0_board.xdc] for cell 'design_1_i/axi_smc/inst/clk_map/psr_aclk/U0'
Parsing XDC File [/home/xmen/TESTE_FINAL/Ethernet_ps/Ethernet_ps.gen/sources_1/bd/design_1/ip/design_1_axi_smc_0/smartconnect.xdc] for cell 'design_1_i/axi_smc/inst'
Finished Parsing XDC File [/home/xmen/TESTE_FINAL/Ethernet_ps/Ethernet_ps.gen/sources_1/bd/design_1/ip/design_1_axi_smc_0/smartconnect.xdc] for cell 'design_1_i/axi_smc/inst'
Parsing XDC File [/home/xmen/TESTE_FINAL/Ethernet_ps/Ethernet_ps.gen/sources_1/bd/design_1/ip/design_1_axi_gpio_0_1/design_1_axi_gpio_0_1_board.xdc] for cell 'design_1_i/axi_gpio_0/U0'
Finished Parsing XDC File [/home/xmen/TESTE_FINAL/Ethernet_ps/Ethernet_ps.gen/sources_1/bd/design_1/ip/design_1_axi_gpio_0_1/design_1_axi_gpio_0_1_board.xdc] for cell 'design_1_i/axi_gpio_0/U0'
Parsing XDC File [/home/xmen/TESTE_FINAL/Ethernet_ps/Ethernet_ps.gen/sources_1/bd/design_1/ip/design_1_rst_ps8_0_99M_6/design_1_rst_ps8_0_99M_6_board.xdc] for cell 'design_1_i/rst_ps8_0_99M/U0'
Finished Parsing XDC File [/home/xmen/TESTE_FINAL/Ethernet_ps/Ethernet_ps.gen/sources_1/bd/design_1/ip/design_1_rst_ps8_0_99M_6/design_1_rst_ps8_0_99M_6_board.xdc] for cell 'design_1_i/rst_ps8_0_99M/U0'
Parsing XDC File [/home/xmen/TESTE_FINAL/Ethernet_ps/Ethernet_ps.gen/sources_1/ip/ila_0/ila_v6_2/constraints/ila_impl.xdc] for cell 'SystolicCore0/systolicControlUnit_Global/your_instance_name/inst'
WARNING: [Vivado_Tcl 4-921] Waiver ID 'CDC-10' -to list should not be empty. [/home/xmen/TESTE_FINAL/Ethernet_ps/Ethernet_ps.gen/sources_1/ip/ila_0/ila_v6_2/constraints/ila_impl.xdc:31]
Finished Parsing XDC File [/home/xmen/TESTE_FINAL/Ethernet_ps/Ethernet_ps.gen/sources_1/ip/ila_0/ila_v6_2/constraints/ila_impl.xdc] for cell 'SystolicCore0/systolicControlUnit_Global/your_instance_name/inst'
Parsing XDC File [/home/xmen/TESTE_FINAL/Ethernet_ps/Ethernet_ps.gen/sources_1/ip/ila_0/ila_v6_2/constraints/ila_impl.xdc] for cell 'your_instance_name/inst'
WARNING: [Vivado_Tcl 4-921] Waiver ID 'CDC-10' -to list should not be empty. [/home/xmen/TESTE_FINAL/Ethernet_ps/Ethernet_ps.gen/sources_1/ip/ila_0/ila_v6_2/constraints/ila_impl.xdc:31]
Finished Parsing XDC File [/home/xmen/TESTE_FINAL/Ethernet_ps/Ethernet_ps.gen/sources_1/ip/ila_0/ila_v6_2/constraints/ila_impl.xdc] for cell 'your_instance_name/inst'
Parsing XDC File [/home/xmen/TESTE_FINAL/Ethernet_ps/Ethernet_ps.gen/sources_1/ip/ila_0/ila_v6_2/constraints/ila.xdc] for cell 'SystolicCore0/systolicControlUnit_Global/your_instance_name/inst'
WARNING: [Vivado_Tcl 4-921] Waiver ID 'CDC-10' -to list should not be empty. [/home/xmen/TESTE_FINAL/Ethernet_ps/Ethernet_ps.gen/sources_1/ip/ila_0/ila_v6_2/constraints/ila.xdc:108]
Finished Parsing XDC File [/home/xmen/TESTE_FINAL/Ethernet_ps/Ethernet_ps.gen/sources_1/ip/ila_0/ila_v6_2/constraints/ila.xdc] for cell 'SystolicCore0/systolicControlUnit_Global/your_instance_name/inst'
Parsing XDC File [/home/xmen/TESTE_FINAL/Ethernet_ps/Ethernet_ps.gen/sources_1/ip/ila_0/ila_v6_2/constraints/ila.xdc] for cell 'your_instance_name/inst'
WARNING: [Vivado_Tcl 4-921] Waiver ID 'CDC-10' -to list should not be empty. [/home/xmen/TESTE_FINAL/Ethernet_ps/Ethernet_ps.gen/sources_1/ip/ila_0/ila_v6_2/constraints/ila.xdc:108]
Finished Parsing XDC File [/home/xmen/TESTE_FINAL/Ethernet_ps/Ethernet_ps.gen/sources_1/ip/ila_0/ila_v6_2/constraints/ila.xdc] for cell 'your_instance_name/inst'
Parsing XDC File [/home/xmen/TESTE_FINAL/Ethernet_ps/Ethernet_ps.gen/sources_1/ip/ila_1/ila_v6_2/constraints/ila_impl.xdc] for cell 'SystolicCore0/your_instance_name/inst'
WARNING: [Vivado_Tcl 4-921] Waiver ID 'CDC-10' -to list should not be empty. [/home/xmen/TESTE_FINAL/Ethernet_ps/Ethernet_ps.gen/sources_1/ip/ila_1/ila_v6_2/constraints/ila_impl.xdc:31]
Finished Parsing XDC File [/home/xmen/TESTE_FINAL/Ethernet_ps/Ethernet_ps.gen/sources_1/ip/ila_1/ila_v6_2/constraints/ila_impl.xdc] for cell 'SystolicCore0/your_instance_name/inst'
Parsing XDC File [/home/xmen/TESTE_FINAL/Ethernet_ps/Ethernet_ps.gen/sources_1/ip/ila_1/ila_v6_2/constraints/ila.xdc] for cell 'SystolicCore0/your_instance_name/inst'
WARNING: [Vivado_Tcl 4-921] Waiver ID 'CDC-10' -to list should not be empty. [/home/xmen/TESTE_FINAL/Ethernet_ps/Ethernet_ps.gen/sources_1/ip/ila_1/ila_v6_2/constraints/ila.xdc:108]
Finished Parsing XDC File [/home/xmen/TESTE_FINAL/Ethernet_ps/Ethernet_ps.gen/sources_1/ip/ila_1/ila_v6_2/constraints/ila.xdc] for cell 'SystolicCore0/your_instance_name/inst'
Parsing XDC File [/home/xmen/TESTE_FINAL/Ethernet_ps/Ethernet_ps.gen/sources_1/ip/ila_2/ila_v6_2/constraints/ila_impl.xdc] for cell 'SystolicCore0/serial2mem_opA/your_instance_name/inst'
WARNING: [Vivado_Tcl 4-921] Waiver ID 'CDC-10' -to list should not be empty. [/home/xmen/TESTE_FINAL/Ethernet_ps/Ethernet_ps.gen/sources_1/ip/ila_2/ila_v6_2/constraints/ila_impl.xdc:31]
Finished Parsing XDC File [/home/xmen/TESTE_FINAL/Ethernet_ps/Ethernet_ps.gen/sources_1/ip/ila_2/ila_v6_2/constraints/ila_impl.xdc] for cell 'SystolicCore0/serial2mem_opA/your_instance_name/inst'
Parsing XDC File [/home/xmen/TESTE_FINAL/Ethernet_ps/Ethernet_ps.gen/sources_1/ip/ila_2/ila_v6_2/constraints/ila_impl.xdc] for cell 'SystolicCore0/serial2mem_opB/your_instance_name/inst'
WARNING: [Vivado_Tcl 4-921] Waiver ID 'CDC-10' -to list should not be empty. [/home/xmen/TESTE_FINAL/Ethernet_ps/Ethernet_ps.gen/sources_1/ip/ila_2/ila_v6_2/constraints/ila_impl.xdc:31]
Finished Parsing XDC File [/home/xmen/TESTE_FINAL/Ethernet_ps/Ethernet_ps.gen/sources_1/ip/ila_2/ila_v6_2/constraints/ila_impl.xdc] for cell 'SystolicCore0/serial2mem_opB/your_instance_name/inst'
Parsing XDC File [/home/xmen/TESTE_FINAL/Ethernet_ps/Ethernet_ps.gen/sources_1/ip/ila_2/ila_v6_2/constraints/ila.xdc] for cell 'SystolicCore0/serial2mem_opA/your_instance_name/inst'
WARNING: [Vivado_Tcl 4-921] Waiver ID 'CDC-10' -to list should not be empty. [/home/xmen/TESTE_FINAL/Ethernet_ps/Ethernet_ps.gen/sources_1/ip/ila_2/ila_v6_2/constraints/ila.xdc:108]
Finished Parsing XDC File [/home/xmen/TESTE_FINAL/Ethernet_ps/Ethernet_ps.gen/sources_1/ip/ila_2/ila_v6_2/constraints/ila.xdc] for cell 'SystolicCore0/serial2mem_opA/your_instance_name/inst'
Parsing XDC File [/home/xmen/TESTE_FINAL/Ethernet_ps/Ethernet_ps.gen/sources_1/ip/ila_2/ila_v6_2/constraints/ila.xdc] for cell 'SystolicCore0/serial2mem_opB/your_instance_name/inst'
WARNING: [Vivado_Tcl 4-921] Waiver ID 'CDC-10' -to list should not be empty. [/home/xmen/TESTE_FINAL/Ethernet_ps/Ethernet_ps.gen/sources_1/ip/ila_2/ila_v6_2/constraints/ila.xdc:108]
Finished Parsing XDC File [/home/xmen/TESTE_FINAL/Ethernet_ps/Ethernet_ps.gen/sources_1/ip/ila_2/ila_v6_2/constraints/ila.xdc] for cell 'SystolicCore0/serial2mem_opB/your_instance_name/inst'
Parsing XDC File [/home/xmen/TESTE_FINAL/Ethernet_ps/Ethernet_ps.srcs/constrs_1/new/zyqnZCU106.xdc]
WARNING: [Vivado 12-584] No ports matched 's_axi_bvalid_0'. [/home/xmen/TESTE_FINAL/Ethernet_ps/Ethernet_ps.srcs/constrs_1/new/zyqnZCU106.xdc:25]
CRITICAL WARNING: [Common 17-55] 'set_property' expects at least one object. [/home/xmen/TESTE_FINAL/Ethernet_ps/Ethernet_ps.srcs/constrs_1/new/zyqnZCU106.xdc:25]
Resolution: If [get_<value>] was used to populate the object, check to make sure this command returns at least one valid object.
Finished Parsing XDC File [/home/xmen/TESTE_FINAL/Ethernet_ps/Ethernet_ps.srcs/constrs_1/new/zyqnZCU106.xdc]
INFO: [Project 1-1714] 19 XPM XDC files have been applied to the design.
INFO: [Opt 31-138] Pushed 0 inverter(s) to 0 load pin(s).
INFO: [Opt 31-422] The CLOCK_DOMAINS attribute on the BRAM cell SystolicCore0/serial2mem_opA/ram/U0/inst_blk_mem_gen/gnbram.gnativebmg.native_blk_mem_gen/valid.cstr/ramloop[0].ram.r/prim_noinit.ram/DEVICE_8SERIES.NO_BMM_INFO.SDP.WIDE_PRIM36_NO_ECC.ram has been changed from INDEPENDENT to COMMON to match the clocking topology used for the BRAM.
INFO: [Opt 31-422] The CLOCK_DOMAINS attribute on the BRAM cell SystolicCore0/serial2mem_opB/ram/U0/inst_blk_mem_gen/gnbram.gnativebmg.native_blk_mem_gen/valid.cstr/ramloop[0].ram.r/prim_noinit.ram/DEVICE_8SERIES.NO_BMM_INFO.SDP.WIDE_PRIM36_NO_ECC.ram has been changed from INDEPENDENT to COMMON to match the clocking topology used for the BRAM.
INFO: [Project 1-1687] 10 scoped IP constraints or related sub-commands were skipped due to synthesis logic optimizations usually triggered by constant connectivity or unconnected output pins. To review the skipped constraints and messages, run the command 'set_param netlist.IPMsgFiltering false' before opening the design.
Netlist sorting complete. Time (s): cpu = 00:00:00.01 ; elapsed = 00:00:00.01 . Memory (MB): peak = 3995.512 ; gain = 0.000 ; free physical = 2916 ; free virtual = 43613
INFO: [Project 1-111] Unisim Transformation Summary:
  A total of 2690 instances were transformed.
  CFGLUT5 => CFGLUT5 (SRL16E, SRLC32E): 640 instances
  FDCP => FDCP (FDCE, FDPE, LDCE, LUT3, VCC): 2048 instances
  IBUF => IBUF (IBUFCTRL, INBUF): 1 instance 
  IBUFDS => IBUFDS (DIFFINBUF, IBUFCTRL): 1 instance 

29 Infos, 11 Warnings, 101 Critical Warnings and 0 Errors encountered.
link_design completed successfully
link_design: Time (s): cpu = 00:00:20 ; elapsed = 00:00:19 . Memory (MB): peak = 3995.547 ; gain = 2066.828 ; free physical = 2916 ; free virtual = 43613
Command: opt_design
Attempting to get a license for feature 'Implementation' and/or device 'xczu7ev'
INFO: [Common 17-349] Got license for feature 'Implementation' and/or device 'xczu7ev'
Running DRC as a precondition to command opt_design

Starting DRC Task
INFO: [DRC 23-27] Running DRC with 8 threads
INFO: [Project 1-461] DRC finished with 0 Errors
INFO: [Project 1-462] Please refer to the DRC report (report_drc) for more information.

Time (s): cpu = 00:00:00.93 ; elapsed = 00:00:00.29 . Memory (MB): peak = 4033.168 ; gain = 37.621 ; free physical = 2868 ; free virtual = 43565

Starting Cache Timing Information Task
INFO: [Timing 38-35] Done setting XDC timing constraints.
Ending Cache Timing Information Task | Checksum: 255a9e28f

Time (s): cpu = 00:00:01 ; elapsed = 00:00:00.47 . Memory (MB): peak = 4033.168 ; gain = 0.000 ; free physical = 2858 ; free virtual = 43555

Starting Logic Optimization Task

Phase 1 Initialization

Phase 1.1 Core Generation And Design Setup

Phase 1.1.1 Generate And Synthesize Debug Cores
INFO: [Chipscope 16-329] Generating Script for core instance : dbg_hub 
INFO: [IP_Flow 19-3806] Processing IP xilinx.com:ip:xsdbm:3.0 for cell dbg_hub_CV.
INFO: [Chipscope 16-469] Using cached IP synthesis design for IP xilinx.com:ip:xsdbm:3.0, cache-ID = af52c209c1142438.
Done building netlist checker database: Time (s): cpu = 00:00:00.01 ; elapsed = 00:00:00 . Memory (MB): peak = 4384.793 ; gain = 0.000 ; free physical = 2502 ; free virtual = 43202
Netlist sorting complete. Time (s): cpu = 00:00:00.02 ; elapsed = 00:00:00.02 . Memory (MB): peak = 4384.793 ; gain = 0.000 ; free physical = 2491 ; free virtual = 43191
Phase 1.1.1 Generate And Synthesize Debug Cores | Checksum: 2d1aaac3e

Time (s): cpu = 00:00:11 ; elapsed = 00:00:06 . Memory (MB): peak = 4384.793 ; gain = 23.812 ; free physical = 2491 ; free virtual = 43191
Phase 1.1 Core Generation And Design Setup | Checksum: 2d1aaac3e

Time (s): cpu = 00:00:11 ; elapsed = 00:00:06 . Memory (MB): peak = 4384.793 ; gain = 23.812 ; free physical = 2491 ; free virtual = 43191

Phase 1.2 Setup Constraints And Sort Netlist
Phase 1.2 Setup Constraints And Sort Netlist | Checksum: 2d1aaac3e

Time (s): cpu = 00:00:11 ; elapsed = 00:00:06 . Memory (MB): peak = 4384.793 ; gain = 23.812 ; free physical = 2491 ; free virtual = 43191
Phase 1 Initialization | Checksum: 2d1aaac3e

Time (s): cpu = 00:00:11 ; elapsed = 00:00:06 . Memory (MB): peak = 4384.793 ; gain = 23.812 ; free physical = 2491 ; free virtual = 43191

Phase 2 Timer Update And Timing Data Collection

Phase 2.1 Detect if minReqCache needed
Phase 2.1 Detect if minReqCache needed | Checksum: 2d1aaac3e

Time (s): cpu = 00:00:11 ; elapsed = 00:00:06 . Memory (MB): peak = 4384.793 ; gain = 23.812 ; free physical = 2482 ; free virtual = 43182

Phase 2.2 Timer Update
Phase 2.2 Timer Update | Checksum: 2d1aaac3e

Time (s): cpu = 00:00:12 ; elapsed = 00:00:06 . Memory (MB): peak = 4384.793 ; gain = 23.812 ; free physical = 2482 ; free virtual = 43183

Phase 2.3 Timing Data Collection
Phase 2.3 Timing Data Collection | Checksum: 2d1aaac3e

Time (s): cpu = 00:00:12 ; elapsed = 00:00:06 . Memory (MB): peak = 4384.793 ; gain = 23.812 ; free physical = 2482 ; free virtual = 43182
Phase 2 Timer Update And Timing Data Collection | Checksum: 2d1aaac3e

Time (s): cpu = 00:00:12 ; elapsed = 00:00:06 . Memory (MB): peak = 4384.793 ; gain = 23.812 ; free physical = 2482 ; free virtual = 43182

Phase 3 Retarget
INFO: [Opt 31-1851] Number of loadless carry chains removed were: 0
INFO: [Opt 31-1834] Total Chains To Be Transformed Were: 0 AND Number of Transformed insts Created are: 0
INFO: [Opt 31-138] Pushed 39 inverter(s) to 4280 load pin(s).
INFO: [Opt 31-422] The CLOCK_DOMAINS attribute on the BRAM cell SystolicCore0/serial2mem_opA/your_instance_name/inst/ila_core_inst/ila_trace_memory_inst/SUBCORE_RAM_BLK_MEM_1.trace_block_memory/inst_blk_mem_gen/gnbram.gnativebmg.native_blk_mem_gen/valid.cstr/ramloop[0].ram.r/prim_noinit.ram/DEVICE_8SERIES.NO_BMM_INFO.SDP.SIMPLE_PRIM36.ram has been changed from INDEPENDENT to COMMON to match the clocking topology used for the BRAM.
INFO: [Opt 31-422] The CLOCK_DOMAINS attribute on the BRAM cell SystolicCore0/serial2mem_opA/your_instance_name/inst/ila_core_inst/ila_trace_memory_inst/SUBCORE_RAM_BLK_MEM_1.trace_block_memory/inst_blk_mem_gen/gnbram.gnativebmg.native_blk_mem_gen/valid.cstr/ramloop[1].ram.r/prim_noinit.ram/DEVICE_8SERIES.NO_BMM_INFO.SDP.SIMPLE_PRIM36.ram has been changed from INDEPENDENT to COMMON to match the clocking topology used for the BRAM.
INFO: [Opt 31-422] The CLOCK_DOMAINS attribute on the BRAM cell SystolicCore0/serial2mem_opA/your_instance_name/inst/ila_core_inst/ila_trace_memory_inst/SUBCORE_RAM_BLK_MEM_1.trace_block_memory/inst_blk_mem_gen/gnbram.gnativebmg.native_blk_mem_gen/valid.cstr/ramloop[2].ram.r/prim_noinit.ram/DEVICE_8SERIES.NO_BMM_INFO.SDP.SIMPLE_PRIM36.ram has been changed from INDEPENDENT to COMMON to match the clocking topology used for the BRAM.
INFO: [Opt 31-422] The CLOCK_DOMAINS attribute on the BRAM cell SystolicCore0/serial2mem_opA/your_instance_name/inst/ila_core_inst/ila_trace_memory_inst/SUBCORE_RAM_BLK_MEM_1.trace_block_memory/inst_blk_mem_gen/gnbram.gnativebmg.native_blk_mem_gen/valid.cstr/ramloop[3].ram.r/prim_noinit.ram/DEVICE_8SERIES.NO_BMM_INFO.SDP.SIMPLE_PRIM36.ram has been changed from INDEPENDENT to COMMON to match the clocking topology used for the BRAM.
INFO: [Opt 31-422] The CLOCK_DOMAINS attribute on the BRAM cell SystolicCore0/serial2mem_opB/your_instance_name/inst/ila_core_inst/ila_trace_memory_inst/SUBCORE_RAM_BLK_MEM_1.trace_block_memory/inst_blk_mem_gen/gnbram.gnativebmg.native_blk_mem_gen/valid.cstr/ramloop[0].ram.r/prim_noinit.ram/DEVICE_8SERIES.NO_BMM_INFO.SDP.SIMPLE_PRIM36.ram has been changed from INDEPENDENT to COMMON to match the clocking topology used for the BRAM.
INFO: [Opt 31-422] The CLOCK_DOMAINS attribute on the BRAM cell SystolicCore0/serial2mem_opB/your_instance_name/inst/ila_core_inst/ila_trace_memory_inst/SUBCORE_RAM_BLK_MEM_1.trace_block_memory/inst_blk_mem_gen/gnbram.gnativebmg.native_blk_mem_gen/valid.cstr/ramloop[1].ram.r/prim_noinit.ram/DEVICE_8SERIES.NO_BMM_INFO.SDP.SIMPLE_PRIM36.ram has been changed from INDEPENDENT to COMMON to match the clocking topology used for the BRAM.
INFO: [Opt 31-422] The CLOCK_DOMAINS attribute on the BRAM cell SystolicCore0/serial2mem_opB/your_instance_name/inst/ila_core_inst/ila_trace_memory_inst/SUBCORE_RAM_BLK_MEM_1.trace_block_memory/inst_blk_mem_gen/gnbram.gnativebmg.native_blk_mem_gen/valid.cstr/ramloop[2].ram.r/prim_noinit.ram/DEVICE_8SERIES.NO_BMM_INFO.SDP.SIMPLE_PRIM36.ram has been changed from INDEPENDENT to COMMON to match the clocking topology used for the BRAM.
INFO: [Opt 31-422] The CLOCK_DOMAINS attribute on the BRAM cell SystolicCore0/serial2mem_opB/your_instance_name/inst/ila_core_inst/ila_trace_memory_inst/SUBCORE_RAM_BLK_MEM_1.trace_block_memory/inst_blk_mem_gen/gnbram.gnativebmg.native_blk_mem_gen/valid.cstr/ramloop[3].ram.r/prim_noinit.ram/DEVICE_8SERIES.NO_BMM_INFO.SDP.SIMPLE_PRIM36.ram has been changed from INDEPENDENT to COMMON to match the clocking topology used for the BRAM.
INFO: [Opt 31-422] The CLOCK_DOMAINS attribute on the BRAM cell SystolicCore0/systolicControlUnit_Global/your_instance_name/inst/ila_core_inst/ila_trace_memory_inst/SUBCORE_RAM_BLK_MEM_1.trace_block_memory/inst_blk_mem_gen/gnbram.gnativebmg.native_blk_mem_gen/valid.cstr/ramloop[0].ram.r/prim_noinit.ram/DEVICE_8SERIES.NO_BMM_INFO.SDP.SIMPLE_PRIM36.ram has been changed from INDEPENDENT to COMMON to match the clocking topology used for the BRAM.
INFO: [Opt 31-422] The CLOCK_DOMAINS attribute on the BRAM cell SystolicCore0/systolicControlUnit_Global/your_instance_name/inst/ila_core_inst/ila_trace_memory_inst/SUBCORE_RAM_BLK_MEM_1.trace_block_memory/inst_blk_mem_gen/gnbram.gnativebmg.native_blk_mem_gen/valid.cstr/ramloop[1].ram.r/prim_noinit.ram/DEVICE_8SERIES.NO_BMM_INFO.SDP.SIMPLE_PRIM36.ram has been changed from INDEPENDENT to COMMON to match the clocking topology used for the BRAM.
INFO: [Opt 31-422] The CLOCK_DOMAINS attribute on the BRAM cell SystolicCore0/systolicControlUnit_Global/your_instance_name/inst/ila_core_inst/ila_trace_memory_inst/SUBCORE_RAM_BLK_MEM_1.trace_block_memory/inst_blk_mem_gen/gnbram.gnativebmg.native_blk_mem_gen/valid.cstr/ramloop[2].ram.r/prim_noinit.ram/DEVICE_8SERIES.NO_BMM_INFO.SDP.SIMPLE_PRIM36.ram has been changed from INDEPENDENT to COMMON to match the clocking topology used for the BRAM.
INFO: [Opt 31-422] The CLOCK_DOMAINS attribute on the BRAM cell SystolicCore0/systolicControlUnit_Global/your_instance_name/inst/ila_core_inst/ila_trace_memory_inst/SUBCORE_RAM_BLK_MEM_1.trace_block_memory/inst_blk_mem_gen/gnbram.gnativebmg.native_blk_mem_gen/valid.cstr/ramloop[3].ram.r/prim_noinit.ram/DEVICE_8SERIES.NO_BMM_INFO.SDP.SIMPLE_PRIM36.ram has been changed from INDEPENDENT to COMMON to match the clocking topology used for the BRAM.
INFO: [Opt 31-422] The CLOCK_DOMAINS attribute on the BRAM cell SystolicCore0/your_instance_name/inst/ila_core_inst/ila_trace_memory_inst/SUBCORE_RAM_BLK_MEM_1.trace_block_memory/inst_blk_mem_gen/gnbram.gnativebmg.native_blk_mem_gen/valid.cstr/ramloop[0].ram.r/prim_noinit.ram/DEVICE_8SERIES.NO_BMM_INFO.SDP.SIMPLE_PRIM18.ram has been changed from INDEPENDENT to COMMON to match the clocking topology used for the BRAM.
INFO: [Opt 31-422] The CLOCK_DOMAINS attribute on the BRAM cell SystolicCore0/your_instance_name/inst/ila_core_inst/ila_trace_memory_inst/SUBCORE_RAM_BLK_MEM_1.trace_block_memory/inst_blk_mem_gen/gnbram.gnativebmg.native_blk_mem_gen/valid.cstr/ramloop[1].ram.r/prim_noinit.ram/DEVICE_8SERIES.NO_BMM_INFO.SDP.SIMPLE_PRIM36.ram has been changed from INDEPENDENT to COMMON to match the clocking topology used for the BRAM.
INFO: [Opt 31-422] The CLOCK_DOMAINS attribute on the BRAM cell SystolicCore0/your_instance_name/inst/ila_core_inst/ila_trace_memory_inst/SUBCORE_RAM_BLK_MEM_1.trace_block_memory/inst_blk_mem_gen/gnbram.gnativebmg.native_blk_mem_gen/valid.cstr/ramloop[2].ram.r/prim_noinit.ram/DEVICE_8SERIES.NO_BMM_INFO.SDP.SIMPLE_PRIM36.ram has been changed from INDEPENDENT to COMMON to match the clocking topology used for the BRAM.
INFO: [Opt 31-422] The CLOCK_DOMAINS attribute on the BRAM cell SystolicCore0/your_instance_name/inst/ila_core_inst/ila_trace_memory_inst/SUBCORE_RAM_BLK_MEM_1.trace_block_memory/inst_blk_mem_gen/gnbram.gnativebmg.native_blk_mem_gen/valid.cstr/ramloop[3].ram.r/prim_noinit.ram/DEVICE_8SERIES.NO_BMM_INFO.SDP.SIMPLE_PRIM36.ram has been changed from INDEPENDENT to COMMON to match the clocking topology used for the BRAM.
INFO: [Opt 31-422] The CLOCK_DOMAINS attribute on the BRAM cell SystolicCore0/your_instance_name/inst/ila_core_inst/ila_trace_memory_inst/SUBCORE_RAM_BLK_MEM_1.trace_block_memory/inst_blk_mem_gen/gnbram.gnativebmg.native_blk_mem_gen/valid.cstr/ramloop[4].ram.r/prim_noinit.ram/DEVICE_8SERIES.NO_BMM_INFO.SDP.SIMPLE_PRIM36.ram has been changed from INDEPENDENT to COMMON to match the clocking topology used for the BRAM.
INFO: [Opt 31-422] The CLOCK_DOMAINS attribute on the BRAM cell SystolicCore0/your_instance_name/inst/ila_core_inst/ila_trace_memory_inst/SUBCORE_RAM_BLK_MEM_1.trace_block_memory/inst_blk_mem_gen/gnbram.gnativebmg.native_blk_mem_gen/valid.cstr/ramloop[5].ram.r/prim_noinit.ram/DEVICE_8SERIES.NO_BMM_INFO.SDP.SIMPLE_PRIM36.ram has been changed from INDEPENDENT to COMMON to match the clocking topology used for the BRAM.
INFO: [Opt 31-422] The CLOCK_DOMAINS attribute on the BRAM cell SystolicCore0/your_instance_name/inst/ila_core_inst/ila_trace_memory_inst/SUBCORE_RAM_BLK_MEM_1.trace_block_memory/inst_blk_mem_gen/gnbram.gnativebmg.native_blk_mem_gen/valid.cstr/ramloop[6].ram.r/prim_noinit.ram/DEVICE_8SERIES.NO_BMM_INFO.SDP.SIMPLE_PRIM36.ram has been changed from INDEPENDENT to COMMON to match the clocking topology used for the BRAM.
INFO: [Opt 31-422] The CLOCK_DOMAINS attribute on the BRAM cell SystolicCore0/your_instance_name/inst/ila_core_inst/ila_trace_memory_inst/SUBCORE_RAM_BLK_MEM_1.trace_block_memory/inst_blk_mem_gen/gnbram.gnativebmg.native_blk_mem_gen/valid.cstr/ramloop[7].ram.r/prim_noinit.ram/DEVICE_8SERIES.NO_BMM_INFO.SDP.SIMPLE_PRIM36.ram has been changed from INDEPENDENT to COMMON to match the clocking topology used for the BRAM.
INFO: [Opt 31-422] The CLOCK_DOMAINS attribute on the BRAM cell your_instance_name/inst/ila_core_inst/ila_trace_memory_inst/SUBCORE_RAM_BLK_MEM_1.trace_block_memory/inst_blk_mem_gen/gnbram.gnativebmg.native_blk_mem_gen/valid.cstr/ramloop[0].ram.r/prim_noinit.ram/DEVICE_8SERIES.NO_BMM_INFO.SDP.SIMPLE_PRIM36.ram has been changed from INDEPENDENT to COMMON to match the clocking topology used for the BRAM.
INFO: [Opt 31-422] The CLOCK_DOMAINS attribute on the BRAM cell your_instance_name/inst/ila_core_inst/ila_trace_memory_inst/SUBCORE_RAM_BLK_MEM_1.trace_block_memory/inst_blk_mem_gen/gnbram.gnativebmg.native_blk_mem_gen/valid.cstr/ramloop[1].ram.r/prim_noinit.ram/DEVICE_8SERIES.NO_BMM_INFO.SDP.SIMPLE_PRIM36.ram has been changed from INDEPENDENT to COMMON to match the clocking topology used for the BRAM.
INFO: [Opt 31-422] The CLOCK_DOMAINS attribute on the BRAM cell your_instance_name/inst/ila_core_inst/ila_trace_memory_inst/SUBCORE_RAM_BLK_MEM_1.trace_block_memory/inst_blk_mem_gen/gnbram.gnativebmg.native_blk_mem_gen/valid.cstr/ramloop[2].ram.r/prim_noinit.ram/DEVICE_8SERIES.NO_BMM_INFO.SDP.SIMPLE_PRIM36.ram has been changed from INDEPENDENT to COMMON to match the clocking topology used for the BRAM.
INFO: [Opt 31-422] The CLOCK_DOMAINS attribute on the BRAM cell your_instance_name/inst/ila_core_inst/ila_trace_memory_inst/SUBCORE_RAM_BLK_MEM_1.trace_block_memory/inst_blk_mem_gen/gnbram.gnativebmg.native_blk_mem_gen/valid.cstr/ramloop[3].ram.r/prim_noinit.ram/DEVICE_8SERIES.NO_BMM_INFO.SDP.SIMPLE_PRIM36.ram has been changed from INDEPENDENT to COMMON to match the clocking topology used for the BRAM.
INFO: [Opt 31-49] Retargeted 0 cell(s).
Phase 3 Retarget | Checksum: 2007d4082

Time (s): cpu = 00:00:13 ; elapsed = 00:00:07 . Memory (MB): peak = 4384.793 ; gain = 23.812 ; free physical = 2478 ; free virtual = 43178
Retarget | Checksum: 2007d4082
INFO: [Opt 31-389] Phase Retarget created 45 cells and removed 354 cells
INFO: [Opt 31-1021] In phase Retarget, 4387 netlist objects are constrained preventing optimization. Please run opt_design with -debug_log to get more detail. 

Phase 4 Constant propagation
INFO: [Opt 31-138] Pushed 0 inverter(s) to 0 load pin(s).
Phase 4 Constant propagation | Checksum: 1df1472b0

Time (s): cpu = 00:00:13 ; elapsed = 00:00:07 . Memory (MB): peak = 4384.793 ; gain = 23.812 ; free physical = 2478 ; free virtual = 43179
Constant propagation | Checksum: 1df1472b0
INFO: [Opt 31-389] Phase Constant propagation created 3 cells and removed 88 cells
INFO: [Opt 31-1021] In phase Constant propagation, 6344 netlist objects are constrained preventing optimization. Please run opt_design with -debug_log to get more detail. 

Phase 5 Sweep
INFO: [Constraints 18-11670] Building netlist checker database with flags, 0x8
Done building netlist checker database: Time (s): cpu = 00:00:00.01 ; elapsed = 00:00:00.01 . Memory (MB): peak = 4384.793 ; gain = 0.000 ; free physical = 2478 ; free virtual = 43178
INFO: [Constraints 18-11670] Building netlist checker database with flags, 0x8
Done building netlist checker database: Time (s): cpu = 00:00:00 ; elapsed = 00:00:00.01 . Memory (MB): peak = 4384.793 ; gain = 0.000 ; free physical = 2480 ; free virtual = 43180
Phase 5 Sweep | Checksum: 206c9ab15

Time (s): cpu = 00:00:14 ; elapsed = 00:00:08 . Memory (MB): peak = 4384.793 ; gain = 23.812 ; free physical = 2480 ; free virtual = 43180
Sweep | Checksum: 206c9ab15
INFO: [Opt 31-389] Phase Sweep created 0 cells and removed 382 cells
INFO: [Opt 31-1021] In phase Sweep, 19285 netlist objects are constrained preventing optimization. Please run opt_design with -debug_log to get more detail. 

Phase 6 BUFG optimization
INFO: [Opt 31-1077] Phase BUFG optimization inserted 0 global clock buffer(s) for CLOCK_LOW_FANOUT.
Phase 6 BUFG optimization | Checksum: 206c9ab15

Time (s): cpu = 00:00:14 ; elapsed = 00:00:08 . Memory (MB): peak = 4416.809 ; gain = 55.828 ; free physical = 2480 ; free virtual = 43180
BUFG optimization | Checksum: 206c9ab15
INFO: [Opt 31-662] Phase BUFG optimization created 0 cells of which 0 are BUFGs and removed 0 cells.

Phase 7 Shift Register Optimization
INFO: [Opt 31-1064] SRL Remap converted 0 SRLs to 0 registers and converted 0 registers of register chains to 0 SRLs
Phase 7 Shift Register Optimization | Checksum: 206c9ab15

Time (s): cpu = 00:00:14 ; elapsed = 00:00:08 . Memory (MB): peak = 4416.809 ; gain = 55.828 ; free physical = 2480 ; free virtual = 43180
Shift Register Optimization | Checksum: 206c9ab15
INFO: [Opt 31-389] Phase Shift Register Optimization created 0 cells and removed 0 cells

Phase 8 Post Processing Netlist
Phase 8 Post Processing Netlist | Checksum: 29d05b46a

Time (s): cpu = 00:00:14 ; elapsed = 00:00:08 . Memory (MB): peak = 4416.809 ; gain = 55.828 ; free physical = 2480 ; free virtual = 43180
Post Processing Netlist | Checksum: 29d05b46a
INFO: [Opt 31-389] Phase Post Processing Netlist created 0 cells and removed 0 cells
INFO: [Opt 31-1021] In phase Post Processing Netlist, 4315 netlist objects are constrained preventing optimization. Please run opt_design with -debug_log to get more detail. 

Phase 9 Finalization

Phase 9.1 Finalizing Design Cores and Updating Shapes
Phase 9.1 Finalizing Design Cores and Updating Shapes | Checksum: 1d7c43e72

Time (s): cpu = 00:00:15 ; elapsed = 00:00:09 . Memory (MB): peak = 4416.809 ; gain = 55.828 ; free physical = 2480 ; free virtual = 43181

Phase 9.2 Verifying Netlist Connectivity

Starting Connectivity Check Task

Time (s): cpu = 00:00:00.03 ; elapsed = 00:00:00.03 . Memory (MB): peak = 4416.809 ; gain = 0.000 ; free physical = 2480 ; free virtual = 43181
Phase 9.2 Verifying Netlist Connectivity | Checksum: 1d7c43e72

Time (s): cpu = 00:00:15 ; elapsed = 00:00:09 . Memory (MB): peak = 4416.809 ; gain = 55.828 ; free physical = 2480 ; free virtual = 43181
Phase 9 Finalization | Checksum: 1d7c43e72

Time (s): cpu = 00:00:15 ; elapsed = 00:00:09 . Memory (MB): peak = 4416.809 ; gain = 55.828 ; free physical = 2480 ; free virtual = 43181
Opt_design Change Summary
=========================


-------------------------------------------------------------------------------------------------------------------------
|  Phase                        |  #Cells created  |  #Cells Removed  |  #Constrained objects preventing optimizations  |
-------------------------------------------------------------------------------------------------------------------------
|  Retarget                     |              45  |             354  |                                           4387  |
|  Constant propagation         |               3  |              88  |                                           6344  |
|  Sweep                        |               0  |             382  |                                          19285  |
|  BUFG optimization            |               0  |               0  |                                              0  |
|  Shift Register Optimization  |               0  |               0  |                                              0  |
|  Post Processing Netlist      |               0  |               0  |                                           4315  |
-------------------------------------------------------------------------------------------------------------------------


Ending Logic Optimization Task | Checksum: 1d7c43e72

Time (s): cpu = 00:00:15 ; elapsed = 00:00:09 . Memory (MB): peak = 4416.809 ; gain = 55.828 ; free physical = 2480 ; free virtual = 43181

Starting Power Optimization Task
INFO: [Pwropt 34-132] Skipping clock gating for clocks with a period < 2.00 ns.
WARNING: [Pwropt 34-71] Flop 'SystolicCore0/mem2serial_transfer_pc/pmatrix_reg[0][0][0]/F1' has constant clock net <const0>
WARNING: [Pwropt 34-71] Flop 'SystolicCore0/mem2serial_transfer_pc/pmatrix_reg[0][0][0]/F2' has constant clock net <const0>
WARNING: [Pwropt 34-71] Flop 'SystolicCore0/mem2serial_transfer_pc/pmatrix_reg[0][0][1]/F1' has constant clock net <const0>
WARNING: [Pwropt 34-71] Flop 'SystolicCore0/mem2serial_transfer_pc/pmatrix_reg[0][0][1]/F2' has constant clock net <const0>
WARNING: [Pwropt 34-71] Flop 'SystolicCore0/mem2serial_transfer_pc/pmatrix_reg[0][0][2]/F1' has constant clock net <const0>
WARNING: [Pwropt 34-71] Flop 'SystolicCore0/mem2serial_transfer_pc/pmatrix_reg[0][0][2]/F2' has constant clock net <const0>
WARNING: [Pwropt 34-71] Flop 'SystolicCore0/mem2serial_transfer_pc/pmatrix_reg[0][0][3]/F1' has constant clock net <const0>
WARNING: [Pwropt 34-71] Flop 'SystolicCore0/mem2serial_transfer_pc/pmatrix_reg[0][0][3]/F2' has constant clock net <const0>
WARNING: [Pwropt 34-71] Flop 'SystolicCore0/mem2serial_transfer_pc/pmatrix_reg[0][0][4]/F1' has constant clock net <const0>
WARNING: [Pwropt 34-71] Flop 'SystolicCore0/mem2serial_transfer_pc/pmatrix_reg[0][0][4]/F2' has constant clock net <const0>
WARNING: [Pwropt 34-71] Flop 'SystolicCore0/mem2serial_transfer_pc/pmatrix_reg[0][0][5]/F1' has constant clock net <const0>
WARNING: [Pwropt 34-71] Flop 'SystolicCore0/mem2serial_transfer_pc/pmatrix_reg[0][0][5]/F2' has constant clock net <const0>
WARNING: [Pwropt 34-71] Flop 'SystolicCore0/mem2serial_transfer_pc/pmatrix_reg[0][0][6]/F1' has constant clock net <const0>
WARNING: [Pwropt 34-71] Flop 'SystolicCore0/mem2serial_transfer_pc/pmatrix_reg[0][0][6]/F2' has constant clock net <const0>
WARNING: [Pwropt 34-71] Flop 'SystolicCore0/mem2serial_transfer_pc/pmatrix_reg[0][0][7]/F1' has constant clock net <const0>
WARNING: [Pwropt 34-71] Flop 'SystolicCore0/mem2serial_transfer_pc/pmatrix_reg[0][0][7]/F2' has constant clock net <const0>
WARNING: [Pwropt 34-71] Flop 'SystolicCore0/mem2serial_transfer_pc/pmatrix_reg[0][10][0]/F1' has constant clock net <const0>
WARNING: [Pwropt 34-71] Flop 'SystolicCore0/mem2serial_transfer_pc/pmatrix_reg[0][10][0]/F2' has constant clock net <const0>
WARNING: [Pwropt 34-71] Flop 'SystolicCore0/mem2serial_transfer_pc/pmatrix_reg[0][10][1]/F1' has constant clock net <const0>
WARNING: [Pwropt 34-71] Flop 'SystolicCore0/mem2serial_transfer_pc/pmatrix_reg[0][10][1]/F2' has constant clock net <const0>
WARNING: [Pwropt 34-71] Flop 'SystolicCore0/mem2serial_transfer_pc/pmatrix_reg[0][10][2]/F1' has constant clock net <const0>
WARNING: [Pwropt 34-71] Flop 'SystolicCore0/mem2serial_transfer_pc/pmatrix_reg[0][10][2]/F2' has constant clock net <const0>
WARNING: [Pwropt 34-71] Flop 'SystolicCore0/mem2serial_transfer_pc/pmatrix_reg[0][10][3]/F1' has constant clock net <const0>
WARNING: [Pwropt 34-71] Flop 'SystolicCore0/mem2serial_transfer_pc/pmatrix_reg[0][10][3]/F2' has constant clock net <const0>
WARNING: [Pwropt 34-71] Flop 'SystolicCore0/mem2serial_transfer_pc/pmatrix_reg[0][10][4]/F1' has constant clock net <const0>
WARNING: [Pwropt 34-71] Flop 'SystolicCore0/mem2serial_transfer_pc/pmatrix_reg[0][10][4]/F2' has constant clock net <const0>
WARNING: [Pwropt 34-71] Flop 'SystolicCore0/mem2serial_transfer_pc/pmatrix_reg[0][10][5]/F1' has constant clock net <const0>
WARNING: [Pwropt 34-71] Flop 'SystolicCore0/mem2serial_transfer_pc/pmatrix_reg[0][10][5]/F2' has constant clock net <const0>
WARNING: [Pwropt 34-71] Flop 'SystolicCore0/mem2serial_transfer_pc/pmatrix_reg[0][10][6]/F1' has constant clock net <const0>
WARNING: [Pwropt 34-71] Flop 'SystolicCore0/mem2serial_transfer_pc/pmatrix_reg[0][10][6]/F2' has constant clock net <const0>
WARNING: [Pwropt 34-71] Flop 'SystolicCore0/mem2serial_transfer_pc/pmatrix_reg[0][10][7]/F1' has constant clock net <const0>
WARNING: [Pwropt 34-71] Flop 'SystolicCore0/mem2serial_transfer_pc/pmatrix_reg[0][10][7]/F2' has constant clock net <const0>
WARNING: [Pwropt 34-71] Flop 'SystolicCore0/mem2serial_transfer_pc/pmatrix_reg[0][11][0]/F1' has constant clock net <const0>
WARNING: [Pwropt 34-71] Flop 'SystolicCore0/mem2serial_transfer_pc/pmatrix_reg[0][11][0]/F2' has constant clock net <const0>
WARNING: [Pwropt 34-71] Flop 'SystolicCore0/mem2serial_transfer_pc/pmatrix_reg[0][11][1]/F1' has constant clock net <const0>
WARNING: [Pwropt 34-71] Flop 'SystolicCore0/mem2serial_transfer_pc/pmatrix_reg[0][11][1]/F2' has constant clock net <const0>
WARNING: [Pwropt 34-71] Flop 'SystolicCore0/mem2serial_transfer_pc/pmatrix_reg[0][11][2]/F1' has constant clock net <const0>
WARNING: [Pwropt 34-71] Flop 'SystolicCore0/mem2serial_transfer_pc/pmatrix_reg[0][11][2]/F2' has constant clock net <const0>
WARNING: [Pwropt 34-71] Flop 'SystolicCore0/mem2serial_transfer_pc/pmatrix_reg[0][11][3]/F1' has constant clock net <const0>
WARNING: [Pwropt 34-71] Flop 'SystolicCore0/mem2serial_transfer_pc/pmatrix_reg[0][11][3]/F2' has constant clock net <const0>
WARNING: [Pwropt 34-71] Flop 'SystolicCore0/mem2serial_transfer_pc/pmatrix_reg[0][11][4]/F1' has constant clock net <const0>
WARNING: [Pwropt 34-71] Flop 'SystolicCore0/mem2serial_transfer_pc/pmatrix_reg[0][11][4]/F2' has constant clock net <const0>
WARNING: [Pwropt 34-71] Flop 'SystolicCore0/mem2serial_transfer_pc/pmatrix_reg[0][11][5]/F1' has constant clock net <const0>
WARNING: [Pwropt 34-71] Flop 'SystolicCore0/mem2serial_transfer_pc/pmatrix_reg[0][11][5]/F2' has constant clock net <const0>
WARNING: [Pwropt 34-71] Flop 'SystolicCore0/mem2serial_transfer_pc/pmatrix_reg[0][11][6]/F1' has constant clock net <const0>
WARNING: [Pwropt 34-71] Flop 'SystolicCore0/mem2serial_transfer_pc/pmatrix_reg[0][11][6]/F2' has constant clock net <const0>
WARNING: [Pwropt 34-71] Flop 'SystolicCore0/mem2serial_transfer_pc/pmatrix_reg[0][11][7]/F1' has constant clock net <const0>
WARNING: [Pwropt 34-71] Flop 'SystolicCore0/mem2serial_transfer_pc/pmatrix_reg[0][11][7]/F2' has constant clock net <const0>
WARNING: [Pwropt 34-71] Flop 'SystolicCore0/mem2serial_transfer_pc/pmatrix_reg[0][12][0]/F1' has constant clock net <const0>
WARNING: [Pwropt 34-71] Flop 'SystolicCore0/mem2serial_transfer_pc/pmatrix_reg[0][12][0]/F2' has constant clock net <const0>
WARNING: [Pwropt 34-71] Flop 'SystolicCore0/mem2serial_transfer_pc/pmatrix_reg[0][12][1]/F1' has constant clock net <const0>
WARNING: [Pwropt 34-71] Flop 'SystolicCore0/mem2serial_transfer_pc/pmatrix_reg[0][12][1]/F2' has constant clock net <const0>
WARNING: [Pwropt 34-71] Flop 'SystolicCore0/mem2serial_transfer_pc/pmatrix_reg[0][12][2]/F1' has constant clock net <const0>
WARNING: [Pwropt 34-71] Flop 'SystolicCore0/mem2serial_transfer_pc/pmatrix_reg[0][12][2]/F2' has constant clock net <const0>
WARNING: [Pwropt 34-71] Flop 'SystolicCore0/mem2serial_transfer_pc/pmatrix_reg[0][12][3]/F1' has constant clock net <const0>
WARNING: [Pwropt 34-71] Flop 'SystolicCore0/mem2serial_transfer_pc/pmatrix_reg[0][12][3]/F2' has constant clock net <const0>
WARNING: [Pwropt 34-71] Flop 'SystolicCore0/mem2serial_transfer_pc/pmatrix_reg[0][12][4]/F1' has constant clock net <const0>
WARNING: [Pwropt 34-71] Flop 'SystolicCore0/mem2serial_transfer_pc/pmatrix_reg[0][12][4]/F2' has constant clock net <const0>
WARNING: [Pwropt 34-71] Flop 'SystolicCore0/mem2serial_transfer_pc/pmatrix_reg[0][12][5]/F1' has constant clock net <const0>
WARNING: [Pwropt 34-71] Flop 'SystolicCore0/mem2serial_transfer_pc/pmatrix_reg[0][12][5]/F2' has constant clock net <const0>
WARNING: [Pwropt 34-71] Flop 'SystolicCore0/mem2serial_transfer_pc/pmatrix_reg[0][12][6]/F1' has constant clock net <const0>
WARNING: [Pwropt 34-71] Flop 'SystolicCore0/mem2serial_transfer_pc/pmatrix_reg[0][12][6]/F2' has constant clock net <const0>
WARNING: [Pwropt 34-71] Flop 'SystolicCore0/mem2serial_transfer_pc/pmatrix_reg[0][12][7]/F1' has constant clock net <const0>
WARNING: [Pwropt 34-71] Flop 'SystolicCore0/mem2serial_transfer_pc/pmatrix_reg[0][12][7]/F2' has constant clock net <const0>
WARNING: [Pwropt 34-71] Flop 'SystolicCore0/mem2serial_transfer_pc/pmatrix_reg[0][13][0]/F1' has constant clock net <const0>
WARNING: [Pwropt 34-71] Flop 'SystolicCore0/mem2serial_transfer_pc/pmatrix_reg[0][13][0]/F2' has constant clock net <const0>
WARNING: [Pwropt 34-71] Flop 'SystolicCore0/mem2serial_transfer_pc/pmatrix_reg[0][13][1]/F1' has constant clock net <const0>
WARNING: [Pwropt 34-71] Flop 'SystolicCore0/mem2serial_transfer_pc/pmatrix_reg[0][13][1]/F2' has constant clock net <const0>
WARNING: [Pwropt 34-71] Flop 'SystolicCore0/mem2serial_transfer_pc/pmatrix_reg[0][13][2]/F1' has constant clock net <const0>
WARNING: [Pwropt 34-71] Flop 'SystolicCore0/mem2serial_transfer_pc/pmatrix_reg[0][13][2]/F2' has constant clock net <const0>
WARNING: [Pwropt 34-71] Flop 'SystolicCore0/mem2serial_transfer_pc/pmatrix_reg[0][13][3]/F1' has constant clock net <const0>
WARNING: [Pwropt 34-71] Flop 'SystolicCore0/mem2serial_transfer_pc/pmatrix_reg[0][13][3]/F2' has constant clock net <const0>
WARNING: [Pwropt 34-71] Flop 'SystolicCore0/mem2serial_transfer_pc/pmatrix_reg[0][13][4]/F1' has constant clock net <const0>
WARNING: [Pwropt 34-71] Flop 'SystolicCore0/mem2serial_transfer_pc/pmatrix_reg[0][13][4]/F2' has constant clock net <const0>
WARNING: [Pwropt 34-71] Flop 'SystolicCore0/mem2serial_transfer_pc/pmatrix_reg[0][13][5]/F1' has constant clock net <const0>
WARNING: [Pwropt 34-71] Flop 'SystolicCore0/mem2serial_transfer_pc/pmatrix_reg[0][13][5]/F2' has constant clock net <const0>
WARNING: [Pwropt 34-71] Flop 'SystolicCore0/mem2serial_transfer_pc/pmatrix_reg[0][13][6]/F1' has constant clock net <const0>
WARNING: [Pwropt 34-71] Flop 'SystolicCore0/mem2serial_transfer_pc/pmatrix_reg[0][13][6]/F2' has constant clock net <const0>
WARNING: [Pwropt 34-71] Flop 'SystolicCore0/mem2serial_transfer_pc/pmatrix_reg[0][13][7]/F1' has constant clock net <const0>
WARNING: [Pwropt 34-71] Flop 'SystolicCore0/mem2serial_transfer_pc/pmatrix_reg[0][13][7]/F2' has constant clock net <const0>
WARNING: [Pwropt 34-71] Flop 'SystolicCore0/mem2serial_transfer_pc/pmatrix_reg[0][14][0]/F1' has constant clock net <const0>
WARNING: [Pwropt 34-71] Flop 'SystolicCore0/mem2serial_transfer_pc/pmatrix_reg[0][14][0]/F2' has constant clock net <const0>
WARNING: [Pwropt 34-71] Flop 'SystolicCore0/mem2serial_transfer_pc/pmatrix_reg[0][14][1]/F1' has constant clock net <const0>
WARNING: [Pwropt 34-71] Flop 'SystolicCore0/mem2serial_transfer_pc/pmatrix_reg[0][14][1]/F2' has constant clock net <const0>
WARNING: [Pwropt 34-71] Flop 'SystolicCore0/mem2serial_transfer_pc/pmatrix_reg[0][14][2]/F1' has constant clock net <const0>
WARNING: [Pwropt 34-71] Flop 'SystolicCore0/mem2serial_transfer_pc/pmatrix_reg[0][14][2]/F2' has constant clock net <const0>
WARNING: [Pwropt 34-71] Flop 'SystolicCore0/mem2serial_transfer_pc/pmatrix_reg[0][14][3]/F1' has constant clock net <const0>
WARNING: [Pwropt 34-71] Flop 'SystolicCore0/mem2serial_transfer_pc/pmatrix_reg[0][14][3]/F2' has constant clock net <const0>
WARNING: [Pwropt 34-71] Flop 'SystolicCore0/mem2serial_transfer_pc/pmatrix_reg[0][14][4]/F1' has constant clock net <const0>
WARNING: [Pwropt 34-71] Flop 'SystolicCore0/mem2serial_transfer_pc/pmatrix_reg[0][14][4]/F2' has constant clock net <const0>
WARNING: [Pwropt 34-71] Flop 'SystolicCore0/mem2serial_transfer_pc/pmatrix_reg[0][14][5]/F1' has constant clock net <const0>
WARNING: [Pwropt 34-71] Flop 'SystolicCore0/mem2serial_transfer_pc/pmatrix_reg[0][14][5]/F2' has constant clock net <const0>
WARNING: [Pwropt 34-71] Flop 'SystolicCore0/mem2serial_transfer_pc/pmatrix_reg[0][14][6]/F1' has constant clock net <const0>
WARNING: [Pwropt 34-71] Flop 'SystolicCore0/mem2serial_transfer_pc/pmatrix_reg[0][14][6]/F2' has constant clock net <const0>
WARNING: [Pwropt 34-71] Flop 'SystolicCore0/mem2serial_transfer_pc/pmatrix_reg[0][14][7]/F1' has constant clock net <const0>
WARNING: [Pwropt 34-71] Flop 'SystolicCore0/mem2serial_transfer_pc/pmatrix_reg[0][14][7]/F2' has constant clock net <const0>
WARNING: [Pwropt 34-71] Flop 'SystolicCore0/mem2serial_transfer_pc/pmatrix_reg[0][15][0]/F1' has constant clock net <const0>
WARNING: [Pwropt 34-71] Flop 'SystolicCore0/mem2serial_transfer_pc/pmatrix_reg[0][15][0]/F2' has constant clock net <const0>
WARNING: [Pwropt 34-71] Flop 'SystolicCore0/mem2serial_transfer_pc/pmatrix_reg[0][15][1]/F1' has constant clock net <const0>
WARNING: [Pwropt 34-71] Flop 'SystolicCore0/mem2serial_transfer_pc/pmatrix_reg[0][15][1]/F2' has constant clock net <const0>
INFO: [Common 17-14] Message 'Pwropt 34-71' appears 100 times and further instances of the messages will be disabled. Use the Tcl command set_msg_config to change the current settings.
INFO: [Pwropt 34-9] Applying IDT optimizations ...
INFO: [Timing 38-35] Done setting XDC timing constraints.
INFO: [Pwropt 34-10] Applying ODC optimizations ...
Running Vector-less Activity Propagation...

Finished Running Vector-less Activity Propagation


Starting PowerOpt Patch Enables Task
INFO: [Pwropt 34-162] WRITE_MODE attribute of 0 BRAM(s) out of a total of 26 has been updated to save power. Run report_power_opt to get a complete listing of the BRAMs updated.
INFO: [Pwropt 34-201] Structural ODC has moved 0 WE to EN ports
Number of BRAM Ports augmented: 24 newly gated: 0 Total Ports: 52
Ending PowerOpt Patch Enables Task | Checksum: 2433bd67e

Time (s): cpu = 00:00:00.13 ; elapsed = 00:00:00.12 . Memory (MB): peak = 4584.859 ; gain = 0.000 ; free physical = 2393 ; free virtual = 43093
Ending Power Optimization Task | Checksum: 2433bd67e

Time (s): cpu = 00:00:11 ; elapsed = 00:00:04 . Memory (MB): peak = 4584.859 ; gain = 168.051 ; free physical = 2393 ; free virtual = 43093

Starting Final Cleanup Task
Ending Final Cleanup Task | Checksum: 2433bd67e

Time (s): cpu = 00:00:00 ; elapsed = 00:00:00 . Memory (MB): peak = 4584.859 ; gain = 0.000 ; free physical = 2393 ; free virtual = 43093
Netlist sorting complete. Time (s): cpu = 00:00:00.01 ; elapsed = 00:00:00.01 . Memory (MB): peak = 4584.859 ; gain = 0.000 ; free physical = 2393 ; free virtual = 43093
INFO: [Common 17-83] Releasing license: Implementation
92 Infos, 111 Warnings, 101 Critical Warnings and 0 Errors encountered.
opt_design completed successfully
opt_design: Time (s): cpu = 00:00:30 ; elapsed = 00:00:15 . Memory (MB): peak = 4584.859 ; gain = 589.312 ; free physical = 2393 ; free virtual = 43093
INFO: [Vivado 12-24828] Executing command : report_drc -file zynq_wrapper_systolic_drc_opted.rpt -pb zynq_wrapper_systolic_drc_opted.pb -rpx zynq_wrapper_systolic_drc_opted.rpx
Command: report_drc -file zynq_wrapper_systolic_drc_opted.rpt -pb zynq_wrapper_systolic_drc_opted.pb -rpx zynq_wrapper_systolic_drc_opted.rpx
INFO: [IP_Flow 19-1839] IP Catalog is up to date.
INFO: [DRC 23-27] Running DRC with 8 threads
INFO: [Vivado_Tcl 2-168] The results of DRC are in file /home/xmen/TESTE_FINAL/Ethernet_ps/Ethernet_ps.runs/impl_1/zynq_wrapper_systolic_drc_opted.rpt.
report_drc completed successfully
INFO: [Timing 38-480] Writing timing data to binary archive.
Wrote PlaceDB: Time (s): cpu = 00:00:00.01 ; elapsed = 00:00:00 . Memory (MB): peak = 4584.859 ; gain = 0.000 ; free physical = 2406 ; free virtual = 43106
Wrote PulsedLatchDB: Time (s): cpu = 00:00:00 ; elapsed = 00:00:00 . Memory (MB): peak = 4584.859 ; gain = 0.000 ; free physical = 2406 ; free virtual = 43106
Writing XDEF routing.
Writing XDEF routing logical nets.
Write ShapeDB Complete: Time (s): cpu = 00:00:00.14 ; elapsed = 00:00:00.03 . Memory (MB): peak = 4584.859 ; gain = 0.000 ; free physical = 2403 ; free virtual = 43106
Writing XDEF routing special nets.
Wrote RouteStorage: Time (s): cpu = 00:00:00.21 ; elapsed = 00:00:00.05 . Memory (MB): peak = 4584.859 ; gain = 0.000 ; free physical = 2402 ; free virtual = 43107
Wrote Netlist Cache: Time (s): cpu = 00:00:00 ; elapsed = 00:00:00 . Memory (MB): peak = 4584.859 ; gain = 0.000 ; free physical = 2401 ; free virtual = 43106
Wrote Device Cache: Time (s): cpu = 00:00:00.03 ; elapsed = 00:00:00.01 . Memory (MB): peak = 4584.859 ; gain = 0.000 ; free physical = 2399 ; free virtual = 43107
Write Physdb Complete: Time (s): cpu = 00:00:00.26 ; elapsed = 00:00:00.06 . Memory (MB): peak = 4584.859 ; gain = 0.000 ; free physical = 2399 ; free virtual = 43107
INFO: [Common 17-1381] The checkpoint '/home/xmen/TESTE_FINAL/Ethernet_ps/Ethernet_ps.runs/impl_1/zynq_wrapper_systolic_opt.dcp' has been generated.
INFO: [Chipscope 16-240] Debug cores have already been implemented
Command: place_design
Attempting to get a license for feature 'Implementation' and/or device 'xczu7ev'
INFO: [Common 17-349] Got license for feature 'Implementation' and/or device 'xczu7ev'
INFO: [Common 17-83] Releasing license: Implementation
INFO: [DRC 23-27] Running DRC with 8 threads
INFO: [Vivado_Tcl 4-198] DRC finished with 0 Errors
INFO: [Vivado_Tcl 4-199] Please refer to the DRC report (report_drc) for more information.
INFO: [Timing 38-35] Done setting XDC timing constraints.
Running DRC as a precondition to command place_design
INFO: [DRC 23-27] Running DRC with 8 threads
INFO: [Vivado_Tcl 4-198] DRC finished with 0 Errors
INFO: [Vivado_Tcl 4-199] Please refer to the DRC report (report_drc) for more information.
INFO: [Place 30-611] Multithreading enabled for place_design using a maximum of 8 CPUs

Starting Placer Task

Phase 1 Placer Initialization

Phase 1.1 Placer Initialization Netlist Sorting
Netlist sorting complete. Time (s): cpu = 00:00:00.01 ; elapsed = 00:00:00.01 . Memory (MB): peak = 4663.988 ; gain = 0.000 ; free physical = 2397 ; free virtual = 43105
Phase 1.1 Placer Initialization Netlist Sorting | Checksum: 166718b0f

Time (s): cpu = 00:00:00.02 ; elapsed = 00:00:00.01 . Memory (MB): peak = 4663.988 ; gain = 0.000 ; free physical = 2397 ; free virtual = 43105
Netlist sorting complete. Time (s): cpu = 00:00:00.01 ; elapsed = 00:00:00.01 . Memory (MB): peak = 4663.988 ; gain = 0.000 ; free physical = 2397 ; free virtual = 43105

Phase 1.2 IO Placement/ Clock Placement/ Build Placer Device
Phase 1.2 IO Placement/ Clock Placement/ Build Placer Device | Checksum: 14abcc53c

Time (s): cpu = 00:00:09 ; elapsed = 00:00:08 . Memory (MB): peak = 4930.016 ; gain = 266.027 ; free physical = 2015 ; free virtual = 42723

Phase 1.3 Build Placer Netlist Model
Phase 1.3 Build Placer Netlist Model | Checksum: 168b0eaa1

Time (s): cpu = 00:00:15 ; elapsed = 00:00:11 . Memory (MB): peak = 4962.031 ; gain = 298.043 ; free physical = 2010 ; free virtual = 42719

Phase 1.4 Constrain Clocks/Macros
Phase 1.4 Constrain Clocks/Macros | Checksum: 168b0eaa1

Time (s): cpu = 00:00:15 ; elapsed = 00:00:11 . Memory (MB): peak = 4962.031 ; gain = 298.043 ; free physical = 2010 ; free virtual = 42719
Phase 1 Placer Initialization | Checksum: 168b0eaa1

Time (s): cpu = 00:00:15 ; elapsed = 00:00:11 . Memory (MB): peak = 4962.031 ; gain = 298.043 ; free physical = 2010 ; free virtual = 42719

Phase 2 Global Placement

Phase 2.1 Floorplanning

Phase 2.1.1 Partition Driven Placement

Phase 2.1.1.1 PBP: Partition Driven Placement
Phase 2.1.1.1 PBP: Partition Driven Placement | Checksum: 1c150203e

Time (s): cpu = 00:00:25 ; elapsed = 00:00:15 . Memory (MB): peak = 4962.031 ; gain = 298.043 ; free physical = 2008 ; free virtual = 42717

Phase 2.1.1.2 PBP: Clock Region Placement
INFO: [Place 30-3162] Check ILP status : ILP-based clock placer completed successfully.
Phase 2.1.1.2 PBP: Clock Region Placement | Checksum: 2bf67b4d2

Time (s): cpu = 00:00:26 ; elapsed = 00:00:15 . Memory (MB): peak = 4962.031 ; gain = 298.043 ; free physical = 2008 ; free virtual = 42717

Phase 2.1.1.3 PBP: Compute Congestion
Phase 2.1.1.3 PBP: Compute Congestion | Checksum: 2bf67b4d2

Time (s): cpu = 00:00:34 ; elapsed = 00:00:18 . Memory (MB): peak = 5364.016 ; gain = 700.027 ; free physical = 1526 ; free virtual = 42234

Phase 2.1.1.4 PBP: UpdateTiming
Phase 2.1.1.4 PBP: UpdateTiming | Checksum: 2aa69fd34

Time (s): cpu = 00:00:35 ; elapsed = 00:00:18 . Memory (MB): peak = 5396.031 ; gain = 732.043 ; free physical = 1525 ; free virtual = 42234

Phase 2.1.1.5 PBP: Add part constraints
Phase 2.1.1.5 PBP: Add part constraints | Checksum: 2aa69fd34

Time (s): cpu = 00:00:35 ; elapsed = 00:00:18 . Memory (MB): peak = 5396.031 ; gain = 732.043 ; free physical = 1525 ; free virtual = 42234
Phase 2.1.1 Partition Driven Placement | Checksum: 2aa69fd34

Time (s): cpu = 00:00:35 ; elapsed = 00:00:18 . Memory (MB): peak = 5396.031 ; gain = 732.043 ; free physical = 1525 ; free virtual = 42234
Phase 2.1 Floorplanning | Checksum: 2d7a7d964

Time (s): cpu = 00:00:36 ; elapsed = 00:00:18 . Memory (MB): peak = 5396.031 ; gain = 732.043 ; free physical = 1525 ; free virtual = 42234

Phase 2.2 Update Timing before SLR Path Opt
Phase 2.2 Update Timing before SLR Path Opt | Checksum: 2d7a7d964

Time (s): cpu = 00:00:36 ; elapsed = 00:00:18 . Memory (MB): peak = 5396.031 ; gain = 732.043 ; free physical = 1525 ; free virtual = 42234

Phase 2.3 Post-Processing in Floorplanning
Phase 2.3 Post-Processing in Floorplanning | Checksum: 2d7a7d964

Time (s): cpu = 00:00:36 ; elapsed = 00:00:18 . Memory (MB): peak = 5396.031 ; gain = 732.043 ; free physical = 1508 ; free virtual = 42216

Phase 2.4 Global Place Phase1
Phase 2.4 Global Place Phase1 | Checksum: 181e98f9b

Time (s): cpu = 00:01:18 ; elapsed = 00:00:32 . Memory (MB): peak = 5545.031 ; gain = 881.043 ; free physical = 1372 ; free virtual = 42080

Phase 2.5 Global Place Phase2

Phase 2.5.1 UpdateTiming Before Physical Synthesis
Phase 2.5.1 UpdateTiming Before Physical Synthesis | Checksum: 2230db1b3

Time (s): cpu = 00:01:19 ; elapsed = 00:00:33 . Memory (MB): peak = 5545.031 ; gain = 881.043 ; free physical = 1376 ; free virtual = 42085

Phase 2.5.2 Physical Synthesis In Placer
INFO: [Physopt 32-1035] Found 0 LUTNM shape to break, 2656 LUT instances to create LUTNM shape
INFO: [Physopt 32-1044] Break lutnm for timing: one critical 0, two critical 0, total 0, new lutff created 0
INFO: [Physopt 32-1138] End 1 Pass. Optimized 2335 nets or LUTs. Breaked 0 LUT, combined 2335 existing LUTs and moved 0 existing LUT
INFO: [Physopt 32-670] No setup violation found.  Equivalent Driver Rewiring was not performed.
INFO: [Physopt 32-1408] Pass 1. Identified 1 candidate net for high-fanout optimization.
INFO: [Physopt 32-81] Processed net SystolicCore0/DUT_MatrixMultiplyM0/ena_mac. Replicated 13 times.
INFO: [Physopt 32-232] Optimized 1 net. Created 13 new instances.
INFO: [Physopt 32-775] End 1 Pass. Optimized 1 net or cell. Created 13 new cells, deleted 0 existing cell and moved 0 existing cell
Netlist sorting complete. Time (s): cpu = 00:00:00.03 ; elapsed = 00:00:00.02 . Memory (MB): peak = 5545.031 ; gain = 0.000 ; free physical = 1376 ; free virtual = 42085
INFO: [Physopt 32-670] No setup violation found.  DSP Register Optimization was not performed.
INFO: [Physopt 32-670] No setup violation found.  Shift Register to Pipeline Optimization was not performed.
INFO: [Physopt 32-670] No setup violation found.  Shift Register Optimization was not performed.
INFO: [Physopt 32-670] No setup violation found.  BRAM Register Optimization was not performed.
INFO: [Physopt 32-670] No setup violation found.  URAM Register Optimization was not performed.
INFO: [Physopt 32-949] No candidate nets found for dynamic/static region interface net replication
INFO: [Physopt 32-775] End 1 Pass. Optimized 0 net or cell. Created 0 new cell, deleted 0 existing cell and moved 0 existing cell
Netlist sorting complete. Time (s): cpu = 00:00:00.01 ; elapsed = 00:00:00.01 . Memory (MB): peak = 5545.031 ; gain = 0.000 ; free physical = 1377 ; free virtual = 42086

Summary of Physical Synthesis Optimizations
============================================


-----------------------------------------------------------------------------------------------------------------------------------------------------------
|  Optimization                                     |  Added Cells  |  Removed Cells  |  Optimized Cells/Nets  |  Dont Touch  |  Iterations  |  Elapsed   |
-----------------------------------------------------------------------------------------------------------------------------------------------------------
|  LUT Combining                                    |            0  |           2335  |                  2335  |           0  |           1  |  00:00:01  |
|  Retime                                           |            0  |              0  |                     0  |           0  |           1  |  00:00:00  |
|  Equivalent Driver Rewiring                       |            0  |              0  |                     0  |           0  |           0  |  00:00:00  |
|  Very High Fanout                                 |           13  |              0  |                     1  |           0  |           1  |  00:00:00  |
|  DSP Register                                     |            0  |              0  |                     0  |           0  |           0  |  00:00:00  |
|  Shift Register to Pipeline                       |            0  |              0  |                     0  |           0  |           0  |  00:00:00  |
|  Shift Register                                   |            0  |              0  |                     0  |           0  |           0  |  00:00:00  |
|  BRAM Register                                    |            0  |              0  |                     0  |           0  |           0  |  00:00:00  |
|  URAM Register                                    |            0  |              0  |                     0  |           0  |           0  |  00:00:00  |
|  Dynamic/Static Region Interface Net Replication  |            0  |              0  |                     0  |           0  |           1  |  00:00:00  |
|  Total                                            |           13  |           2335  |                  2336  |           0  |           4  |  00:00:01  |
-----------------------------------------------------------------------------------------------------------------------------------------------------------


Phase 2.5.2 Physical Synthesis In Placer | Checksum: 20908c4dc

Time (s): cpu = 00:01:22 ; elapsed = 00:00:35 . Memory (MB): peak = 5545.031 ; gain = 881.043 ; free physical = 1373 ; free virtual = 42082
Phase 2.5 Global Place Phase2 | Checksum: 274729afa

Time (s): cpu = 00:01:43 ; elapsed = 00:00:41 . Memory (MB): peak = 5545.031 ; gain = 881.043 ; free physical = 1374 ; free virtual = 42082
Phase 2 Global Placement | Checksum: 274729afa

Time (s): cpu = 00:01:43 ; elapsed = 00:00:41 . Memory (MB): peak = 5545.031 ; gain = 881.043 ; free physical = 1374 ; free virtual = 42083

Phase 3 Detail Placement

Phase 3.1 Commit Multi Column Macros
Phase 3.1 Commit Multi Column Macros | Checksum: 274aeccc7

Time (s): cpu = 00:01:53 ; elapsed = 00:00:44 . Memory (MB): peak = 5545.031 ; gain = 881.043 ; free physical = 1375 ; free virtual = 42084

Phase 3.2 Commit Most Macros & LUTRAMs
Phase 3.2 Commit Most Macros & LUTRAMs | Checksum: 242132ff9

Time (s): cpu = 00:01:55 ; elapsed = 00:00:45 . Memory (MB): peak = 5545.031 ; gain = 881.043 ; free physical = 1370 ; free virtual = 42079

Phase 3.3 Small Shape DP

Phase 3.3.1 Small Shape Clustering
Phase 3.3.1 Small Shape Clustering | Checksum: 26aab96d4

Time (s): cpu = 00:02:05 ; elapsed = 00:00:48 . Memory (MB): peak = 5545.031 ; gain = 881.043 ; free physical = 1369 ; free virtual = 42078

Phase 3.3.2 Slice Area Swap

Phase 3.3.2.1 Slice Area Swap Initial
Phase 3.3.2.1 Slice Area Swap Initial | Checksum: 2e633ee40

Time (s): cpu = 00:02:06 ; elapsed = 00:00:49 . Memory (MB): peak = 5545.031 ; gain = 881.043 ; free physical = 1374 ; free virtual = 42082
Phase 3.3.2 Slice Area Swap | Checksum: 2e633ee40

Time (s): cpu = 00:02:06 ; elapsed = 00:00:49 . Memory (MB): peak = 5545.031 ; gain = 881.043 ; free physical = 1372 ; free virtual = 42080
Phase 3.3 Small Shape DP | Checksum: 1ea8afb7f

Time (s): cpu = 00:02:11 ; elapsed = 00:00:50 . Memory (MB): peak = 5545.031 ; gain = 881.043 ; free physical = 1373 ; free virtual = 42082

Phase 3.4 Re-assign LUT pins
Phase 3.4 Re-assign LUT pins | Checksum: 217d7341b

Time (s): cpu = 00:02:12 ; elapsed = 00:00:51 . Memory (MB): peak = 5545.031 ; gain = 881.043 ; free physical = 1370 ; free virtual = 42079

Phase 3.5 Pipeline Register Optimization
Phase 3.5 Pipeline Register Optimization | Checksum: 1e5f412e1

Time (s): cpu = 00:02:13 ; elapsed = 00:00:51 . Memory (MB): peak = 5545.031 ; gain = 881.043 ; free physical = 1370 ; free virtual = 42079
Phase 3 Detail Placement | Checksum: 1e5f412e1

Time (s): cpu = 00:02:13 ; elapsed = 00:00:52 . Memory (MB): peak = 5545.031 ; gain = 881.043 ; free physical = 1370 ; free virtual = 42079

Phase 4 Post Placement Optimization and Clean-Up

Phase 4.1 Post Commit Optimization
INFO: [Timing 38-35] Done setting XDC timing constraints.

Phase 4.1.1 Post Placement Optimization
Post Placement Optimization Initialization | Checksum: 32f58801c

Phase 4.1.1.1 BUFG Insertion

Starting Physical Synthesis Task

Phase 1 Physical Synthesis Initialization
INFO: [Physopt 32-721] Multithreading enabled for phys_opt_design using a maximum of 8 CPUs
INFO: [Physopt 32-619] Estimated Timing Summary | WNS=1.632 | TNS=0.000 |
Phase 1 Physical Synthesis Initialization | Checksum: 220b66926

Time (s): cpu = 00:00:00.78 ; elapsed = 00:00:00.24 . Memory (MB): peak = 5545.031 ; gain = 0.000 ; free physical = 1413 ; free virtual = 42122
INFO: [Physopt 32-712] Optimization is not feasible on net nreset due to MARK_DEBUG attribute.
INFO: [Place 46-32] Processed net nreset, BUFG insertion was skipped because the netlist editing failed.
INFO: [Place 46-35] Processed net SystolicCore0/DUT_MatrixMultiplyM0/CELULA_ROWS[0].CELULA_COLUMNS[5].MAC/SystolicCore0_i_1, inserted BUFG to drive 2048 loads.
INFO: [Place 46-56] BUFG insertion identified 2 candidate nets. Inserted BUFG: 1, Replicated BUFG Driver: 0, Skipped due to Placement/Routing Conflicts: 0, Skipped due to Timing Degradation: 0, Skipped due to netlist editing failed: 1.
Ending Physical Synthesis Task | Checksum: 2b34c382c

Time (s): cpu = 00:00:02 ; elapsed = 00:00:01 . Memory (MB): peak = 5545.031 ; gain = 0.000 ; free physical = 1409 ; free virtual = 42118
Phase 4.1.1.1 BUFG Insertion | Checksum: 277ce59ca

Time (s): cpu = 00:02:31 ; elapsed = 00:00:58 . Memory (MB): peak = 5545.031 ; gain = 881.043 ; free physical = 1409 ; free virtual = 42118

Phase 4.1.1.2 Post Placement Timing Optimization
INFO: [Place 30-746] Post Placement Timing Summary WNS=1.632. For the most accurate timing information please run report_timing.
Phase 4.1.1.2 Post Placement Timing Optimization | Checksum: 200a40493

Time (s): cpu = 00:02:31 ; elapsed = 00:00:58 . Memory (MB): peak = 5545.031 ; gain = 881.043 ; free physical = 1409 ; free virtual = 42118

Time (s): cpu = 00:02:31 ; elapsed = 00:00:58 . Memory (MB): peak = 5545.031 ; gain = 881.043 ; free physical = 1409 ; free virtual = 42118
Phase 4.1 Post Commit Optimization | Checksum: 200a40493

Time (s): cpu = 00:02:32 ; elapsed = 00:00:58 . Memory (MB): peak = 5545.031 ; gain = 881.043 ; free physical = 1408 ; free virtual = 42117
Netlist sorting complete. Time (s): cpu = 00:00:00.02 ; elapsed = 00:00:00.01 . Memory (MB): peak = 5569.016 ; gain = 0.000 ; free physical = 1316 ; free virtual = 42025

Phase 4.2 Post Placement Cleanup
Phase 4.2 Post Placement Cleanup | Checksum: 181ceab37

Time (s): cpu = 00:02:44 ; elapsed = 00:01:04 . Memory (MB): peak = 5569.016 ; gain = 905.027 ; free physical = 1317 ; free virtual = 42025

Phase 4.3 Placer Reporting

Phase 4.3.1 Print Estimated Congestion
INFO: [Place 30-612] Post-Placement Estimated Congestion 
 ________________________________________________________________________
|           | Global Congestion | Long Congestion   | Short Congestion  |
| Direction | Region Size       | Region Size       | Region Size       |
|___________|___________________|___________________|___________________|
|      North|                1x1|                1x1|                1x1|
|___________|___________________|___________________|___________________|
|      South|                1x1|                1x1|                1x1|
|___________|___________________|___________________|___________________|
|       East|                1x1|                1x1|                1x1|
|___________|___________________|___________________|___________________|
|       West|                1x1|                1x1|                1x1|
|___________|___________________|___________________|___________________|

Phase 4.3.1 Print Estimated Congestion | Checksum: 181ceab37

Time (s): cpu = 00:02:44 ; elapsed = 00:01:04 . Memory (MB): peak = 5569.016 ; gain = 905.027 ; free physical = 1316 ; free virtual = 42025
Phase 4.3 Placer Reporting | Checksum: 181ceab37

Time (s): cpu = 00:02:44 ; elapsed = 00:01:04 . Memory (MB): peak = 5569.016 ; gain = 905.027 ; free physical = 1316 ; free virtual = 42025

Phase 4.4 Final Placement Cleanup
Netlist sorting complete. Time (s): cpu = 00:00:00 ; elapsed = 00:00:00.01 . Memory (MB): peak = 5569.016 ; gain = 0.000 ; free physical = 1316 ; free virtual = 42025

Time (s): cpu = 00:02:44 ; elapsed = 00:01:04 . Memory (MB): peak = 5569.016 ; gain = 905.027 ; free physical = 1316 ; free virtual = 42025
Phase 4 Post Placement Optimization and Clean-Up | Checksum: d193f3b2

Time (s): cpu = 00:02:45 ; elapsed = 00:01:04 . Memory (MB): peak = 5569.016 ; gain = 905.027 ; free physical = 1316 ; free virtual = 42025
Ending Placer Task | Checksum: cc66ad6f

Time (s): cpu = 00:02:45 ; elapsed = 00:01:04 . Memory (MB): peak = 5569.016 ; gain = 905.027 ; free physical = 1316 ; free virtual = 42025
134 Infos, 111 Warnings, 101 Critical Warnings and 0 Errors encountered.
place_design completed successfully
place_design: Time (s): cpu = 00:02:49 ; elapsed = 00:01:06 . Memory (MB): peak = 5569.016 ; gain = 984.156 ; free physical = 1316 ; free virtual = 42025
INFO: [Vivado 12-24838] Running report commands "report_control_sets, report_io, report_utilization" in parallel.
Running report generation with 3 threads.
INFO: [Vivado 12-24828] Executing command : report_io -file zynq_wrapper_systolic_io_placed.rpt
report_io: Time (s): cpu = 00:00:00.48 ; elapsed = 00:00:00.21 . Memory (MB): peak = 5569.016 ; gain = 0.000 ; free physical = 1320 ; free virtual = 42029
INFO: [Vivado 12-24828] Executing command : report_control_sets -verbose -file zynq_wrapper_systolic_control_sets_placed.rpt
report_control_sets: Time (s): cpu = 00:00:00.76 ; elapsed = 00:00:00.43 . Memory (MB): peak = 5569.016 ; gain = 0.000 ; free physical = 1274 ; free virtual = 41986
INFO: [Vivado 12-24828] Executing command : report_utilization -file zynq_wrapper_systolic_utilization_placed.rpt -pb zynq_wrapper_systolic_utilization_placed.pb
INFO: [Timing 38-480] Writing timing data to binary archive.
Write ShapeDB Complete: Time (s): cpu = 00:00:00.24 ; elapsed = 00:00:00.05 . Memory (MB): peak = 5569.016 ; gain = 0.000 ; free physical = 1304 ; free virtual = 42026
Wrote PlaceDB: Time (s): cpu = 00:00:03 ; elapsed = 00:00:01 . Memory (MB): peak = 5569.016 ; gain = 0.000 ; free physical = 1261 ; free virtual = 42029
Wrote PulsedLatchDB: Time (s): cpu = 00:00:00 ; elapsed = 00:00:00 . Memory (MB): peak = 5569.016 ; gain = 0.000 ; free physical = 1261 ; free virtual = 42029
Writing XDEF routing.
Writing XDEF routing logical nets.
Writing XDEF routing special nets.
Wrote RouteStorage: Time (s): cpu = 00:00:00.04 ; elapsed = 00:00:00.05 . Memory (MB): peak = 5569.016 ; gain = 0.000 ; free physical = 1261 ; free virtual = 42028
Wrote Netlist Cache: Time (s): cpu = 00:00:00.02 ; elapsed = 00:00:00.02 . Memory (MB): peak = 5569.016 ; gain = 0.000 ; free physical = 1258 ; free virtual = 42028
Wrote Device Cache: Time (s): cpu = 00:00:00.01 ; elapsed = 00:00:00.01 . Memory (MB): peak = 5569.016 ; gain = 0.000 ; free physical = 1255 ; free virtual = 42029
Write Physdb Complete: Time (s): cpu = 00:00:03 ; elapsed = 00:00:01 . Memory (MB): peak = 5569.016 ; gain = 0.000 ; free physical = 1255 ; free virtual = 42029
INFO: [Common 17-1381] The checkpoint '/home/xmen/TESTE_FINAL/Ethernet_ps/Ethernet_ps.runs/impl_1/zynq_wrapper_systolic_placed.dcp' has been generated.
Command: phys_opt_design
Attempting to get a license for feature 'Implementation' and/or device 'xczu7ev'
INFO: [Common 17-349] Got license for feature 'Implementation' and/or device 'xczu7ev'

Starting Initial Update Timing Task

Time (s): cpu = 00:00:06 ; elapsed = 00:00:02 . Memory (MB): peak = 5569.016 ; gain = 0.000 ; free physical = 1301 ; free virtual = 42028
INFO: [Vivado_Tcl 4-2279] Estimated Timing Summary | WNS= 1.630 | TNS= 0.000 | 
INFO: [Vivado_Tcl 4-383] Design worst setup slack (WNS) is greater than or equal to 0.000 ns. All physical synthesis setup optimizations will be skipped.
INFO: [Vivado_Tcl 4-232] No setup violation found. The netlist was not modified.
INFO: [Common 17-83] Releasing license: Implementation
145 Infos, 111 Warnings, 101 Critical Warnings and 0 Errors encountered.
phys_opt_design completed successfully
INFO: [Timing 38-480] Writing timing data to binary archive.
Write ShapeDB Complete: Time (s): cpu = 00:00:00.25 ; elapsed = 00:00:00.06 . Memory (MB): peak = 5569.016 ; gain = 0.000 ; free physical = 1294 ; free virtual = 42028
Wrote PlaceDB: Time (s): cpu = 00:00:03 ; elapsed = 00:00:01 . Memory (MB): peak = 5569.016 ; gain = 0.000 ; free physical = 1249 ; free virtual = 42030
Wrote PulsedLatchDB: Time (s): cpu = 00:00:00 ; elapsed = 00:00:00 . Memory (MB): peak = 5569.016 ; gain = 0.000 ; free physical = 1249 ; free virtual = 42030
Writing XDEF routing.
Writing XDEF routing logical nets.
Writing XDEF routing special nets.
Wrote RouteStorage: Time (s): cpu = 00:00:00.04 ; elapsed = 00:00:00.04 . Memory (MB): peak = 5569.016 ; gain = 0.000 ; free physical = 1249 ; free virtual = 42030
Wrote Netlist Cache: Time (s): cpu = 00:00:00.02 ; elapsed = 00:00:00.02 . Memory (MB): peak = 5569.016 ; gain = 0.000 ; free physical = 1246 ; free virtual = 42030
Wrote Device Cache: Time (s): cpu = 00:00:00.01 ; elapsed = 00:00:00.01 . Memory (MB): peak = 5569.016 ; gain = 0.000 ; free physical = 1243 ; free virtual = 42031
Write Physdb Complete: Time (s): cpu = 00:00:03 ; elapsed = 00:00:01 . Memory (MB): peak = 5569.016 ; gain = 0.000 ; free physical = 1243 ; free virtual = 42031
INFO: [Common 17-1381] The checkpoint '/home/xmen/TESTE_FINAL/Ethernet_ps/Ethernet_ps.runs/impl_1/zynq_wrapper_systolic_physopt.dcp' has been generated.
Command: route_design
Attempting to get a license for feature 'Implementation' and/or device 'xczu7ev'
INFO: [Common 17-349] Got license for feature 'Implementation' and/or device 'xczu7ev'


Starting Routing Task
INFO: [Route 35-254] Multithreading enabled for route_design using a maximum of 8 CPUs

Phase 1 Build RT Design
Checksum: PlaceDB: 17281892 ConstDB: 0 ShapeSum: 379480b7 RouteDB: 7daa1426
Nodegraph reading from file.  Time (s): cpu = 00:00:00.44 ; elapsed = 00:00:00.47 . Memory (MB): peak = 5569.016 ; gain = 0.000 ; free physical = 1283 ; free virtual = 42023
Post Restoration Checksum: NetGraph: 509e476 | NumContArr: dbcfab17 | Constraints: 1e209b3a | Timing: c2a8fa9d
Phase 1 Build RT Design | Checksum: 1c1a32564

Time (s): cpu = 00:00:10 ; elapsed = 00:00:04 . Memory (MB): peak = 5569.016 ; gain = 0.000 ; free physical = 1286 ; free virtual = 42027

Phase 2 Router Initialization

Phase 2.1 Fix Topology Constraints
Phase 2.1 Fix Topology Constraints | Checksum: 1c1a32564

Time (s): cpu = 00:00:10 ; elapsed = 00:00:04 . Memory (MB): peak = 5569.016 ; gain = 0.000 ; free physical = 1286 ; free virtual = 42027

Phase 2.2 Pre Route Cleanup
Phase 2.2 Pre Route Cleanup | Checksum: 1c1a32564

Time (s): cpu = 00:00:10 ; elapsed = 00:00:04 . Memory (MB): peak = 5569.016 ; gain = 0.000 ; free physical = 1286 ; free virtual = 42027

Phase 2.3 Global Clock Net Routing
 Number of Nodes with overlaps = 0
Phase 2.3 Global Clock Net Routing | Checksum: 181b22e43

Time (s): cpu = 00:00:12 ; elapsed = 00:00:05 . Memory (MB): peak = 5569.016 ; gain = 0.000 ; free physical = 1286 ; free virtual = 42027

Phase 2.4 Update Timing
Phase 2.4 Update Timing | Checksum: d8644e5b

Time (s): cpu = 00:00:18 ; elapsed = 00:00:08 . Memory (MB): peak = 5569.016 ; gain = 0.000 ; free physical = 1285 ; free virtual = 42026
INFO: [Route 35-416] Intermediate Timing Summary | WNS=1.796  | TNS=0.000  | WHS=-1.118 | THS=-55.692|


Phase 2.5 Update Timing for Bus Skew

Phase 2.5.1 Update Timing
Phase 2.5.1 Update Timing | Checksum: 165e66c0f

Time (s): cpu = 00:00:27 ; elapsed = 00:00:10 . Memory (MB): peak = 5569.016 ; gain = 0.000 ; free physical = 1275 ; free virtual = 42015
INFO: [Route 35-416] Intermediate Timing Summary | WNS=1.796  | TNS=0.000  | WHS=-1.605 | THS=-81.328|

Phase 2.5 Update Timing for Bus Skew | Checksum: e727860c

Time (s): cpu = 00:00:27 ; elapsed = 00:00:10 . Memory (MB): peak = 5569.016 ; gain = 0.000 ; free physical = 1283 ; free virtual = 42023

Phase 2.6 Soft Constraint Pins - Fast Budgeting
Phase 2.6 Soft Constraint Pins - Fast Budgeting | Checksum: e727860c

Time (s): cpu = 00:00:27 ; elapsed = 00:00:10 . Memory (MB): peak = 5569.016 ; gain = 0.000 ; free physical = 1285 ; free virtual = 42026

Router Utilization Summary
  Global Vertical Routing Utilization    = 0.0474309 %
  Global Horizontal Routing Utilization  = 0.0219108 %
  Routable Net Status*
  *Does not include unroutable nets such as driverless and loadless.
  Run report_route_status for detailed report.
  Number of Failed Nets               = 40669
    (Failed Nets is the sum of unrouted and partially routed nets)
  Number of Unrouted Nets             = 28908
  Number of Partially Routed Nets     = 11761
  Number of Node Overlaps             = 4053

Phase 2 Router Initialization | Checksum: 14d3aeb7a

Time (s): cpu = 00:00:29 ; elapsed = 00:00:11 . Memory (MB): peak = 5569.016 ; gain = 0.000 ; free physical = 1287 ; free virtual = 42027

Phase 3 Global Routing
Phase 3 Global Routing | Checksum: 14d3aeb7a

Time (s): cpu = 00:00:29 ; elapsed = 00:00:11 . Memory (MB): peak = 5569.016 ; gain = 0.000 ; free physical = 1287 ; free virtual = 42027

Phase 4 Initial Routing

Phase 4.1 Initial Net Routing Pass
Phase 4.1 Initial Net Routing Pass | Checksum: 193c229ba

Time (s): cpu = 00:00:35 ; elapsed = 00:00:13 . Memory (MB): peak = 5569.016 ; gain = 0.000 ; free physical = 1252 ; free virtual = 41993
Phase 4 Initial Routing | Checksum: 1f7279e70

Time (s): cpu = 00:00:36 ; elapsed = 00:00:13 . Memory (MB): peak = 5569.016 ; gain = 0.000 ; free physical = 1239 ; free virtual = 41980
INFO: [Route 35-580] Design has 16 pins with tight setup and hold constraints.

The top 5 pins with tight setup and hold constraints:

+====================+===================+=========================================================================================================================================================+
| Launch Setup Clock | Launch Hold Clock | Pin                                                                                                                                                     |
+====================+===================+=========================================================================================================================================================+
| clk_125mhz         | clk_pl_0          | your_instance_name/inst/ila_core_inst/u_trig/U_TM/N_DDR_MODE.G_NMU[0].U_M/allx_typeA_match_detection.ltlib_v1_0_3_allx_typeA_inst/probeDelay1_reg[13]/D |
| clk_125mhz         | clk_pl_0          | your_instance_name/inst/ila_core_inst/u_trig/U_TM/N_DDR_MODE.G_NMU[0].U_M/allx_typeA_match_detection.ltlib_v1_0_3_allx_typeA_inst/probeDelay1_reg[12]/D |
| clk_125mhz         | clk_pl_0          | your_instance_name/inst/ila_core_inst/u_trig/U_TM/N_DDR_MODE.G_NMU[0].U_M/allx_typeA_match_detection.ltlib_v1_0_3_allx_typeA_inst/probeDelay1_reg[0]/D  |
| clk_125mhz         | clk_pl_0          | your_instance_name/inst/ila_core_inst/u_trig/U_TM/N_DDR_MODE.G_NMU[0].U_M/allx_typeA_match_detection.ltlib_v1_0_3_allx_typeA_inst/probeDelay1_reg[3]/D  |
| clk_125mhz         | clk_pl_0          | your_instance_name/inst/ila_core_inst/u_trig/U_TM/N_DDR_MODE.G_NMU[0].U_M/allx_typeA_match_detection.ltlib_v1_0_3_allx_typeA_inst/probeDelay1_reg[10]/D |
+--------------------+-------------------+---------------------------------------------------------------------------------------------------------------------------------------------------------+

File with complete list of pins: tight_setup_hold_pins.txt


Phase 5 Rip-up And Reroute

Phase 5.1 Global Iteration 0
 Number of Nodes with overlaps = 5807
 Number of Nodes with overlaps = 292
 Number of Nodes with overlaps = 13
 Number of Nodes with overlaps = 2
 Number of Nodes with overlaps = 0
INFO: [Route 35-416] Intermediate Timing Summary | WNS=1.328  | TNS=0.000  | WHS=-0.110 | THS=-0.208 |

Phase 5.1 Global Iteration 0 | Checksum: 23399e234

Time (s): cpu = 00:01:12 ; elapsed = 00:00:32 . Memory (MB): peak = 5569.016 ; gain = 0.000 ; free physical = 1256 ; free virtual = 41998

Phase 5.2 Global Iteration 1
 Number of Nodes with overlaps = 0
INFO: [Route 35-416] Intermediate Timing Summary | WNS=1.328  | TNS=0.000  | WHS=N/A    | THS=N/A    |

Phase 5.2 Global Iteration 1 | Checksum: 290ecf7ed

Time (s): cpu = 00:01:14 ; elapsed = 00:00:32 . Memory (MB): peak = 5569.016 ; gain = 0.000 ; free physical = 1254 ; free virtual = 41997
Phase 5 Rip-up And Reroute | Checksum: 290ecf7ed

Time (s): cpu = 00:01:14 ; elapsed = 00:00:32 . Memory (MB): peak = 5569.016 ; gain = 0.000 ; free physical = 1254 ; free virtual = 41997

Phase 6 Delay and Skew Optimization

Phase 6.1 Delay CleanUp
Phase 6.1 Delay CleanUp | Checksum: 212c124fb

Time (s): cpu = 00:01:15 ; elapsed = 00:00:32 . Memory (MB): peak = 5569.016 ; gain = 0.000 ; free physical = 1260 ; free virtual = 42003

Phase 6.2 Clock Skew Optimization
Phase 6.2 Clock Skew Optimization | Checksum: 212c124fb

Time (s): cpu = 00:01:15 ; elapsed = 00:00:32 . Memory (MB): peak = 5569.016 ; gain = 0.000 ; free physical = 1260 ; free virtual = 42003
Phase 6 Delay and Skew Optimization | Checksum: 212c124fb

Time (s): cpu = 00:01:15 ; elapsed = 00:00:32 . Memory (MB): peak = 5569.016 ; gain = 0.000 ; free physical = 1260 ; free virtual = 42003

Phase 7 Post Hold Fix

Phase 7.1 Hold Fix Iter
INFO: [Route 35-416] Intermediate Timing Summary | WNS=1.328  | TNS=0.000  | WHS=0.010  | THS=0.000  |

Phase 7.1 Hold Fix Iter | Checksum: 15ab14860

Time (s): cpu = 00:01:19 ; elapsed = 00:00:33 . Memory (MB): peak = 5569.016 ; gain = 0.000 ; free physical = 1258 ; free virtual = 42000
Phase 7 Post Hold Fix | Checksum: 15ab14860

Time (s): cpu = 00:01:19 ; elapsed = 00:00:33 . Memory (MB): peak = 5569.016 ; gain = 0.000 ; free physical = 1258 ; free virtual = 42000

Phase 8 Route finalize

Router Utilization Summary
  Global Vertical Routing Utilization    = 1.89822 %
  Global Horizontal Routing Utilization  = 1.95289 %
  Routable Net Status*
  *Does not include unroutable nets such as driverless and loadless.
  Run report_route_status for detailed report.
  Number of Failed Nets               = 0
    (Failed Nets is the sum of unrouted and partially routed nets)
  Number of Unrouted Nets             = 0
  Number of Partially Routed Nets     = 0
  Number of Node Overlaps             = 0

Phase 8 Route finalize | Checksum: 15ab14860

Time (s): cpu = 00:01:20 ; elapsed = 00:00:34 . Memory (MB): peak = 5569.016 ; gain = 0.000 ; free physical = 1258 ; free virtual = 42000

Phase 9 Verifying routed nets

 Verification completed successfully
Phase 9 Verifying routed nets | Checksum: 15ab14860

Time (s): cpu = 00:01:20 ; elapsed = 00:00:34 . Memory (MB): peak = 5569.016 ; gain = 0.000 ; free physical = 1258 ; free virtual = 42000

Phase 10 Depositing Routes
Phase 10 Depositing Routes | Checksum: 15ab14860

Time (s): cpu = 00:01:22 ; elapsed = 00:00:35 . Memory (MB): peak = 5569.016 ; gain = 0.000 ; free physical = 1261 ; free virtual = 42004

Phase 11 Resolve XTalk
Phase 11 Resolve XTalk | Checksum: 15ab14860

Time (s): cpu = 00:01:22 ; elapsed = 00:00:35 . Memory (MB): peak = 5569.016 ; gain = 0.000 ; free physical = 1261 ; free virtual = 42004

Phase 12 Post Process Routing
Phase 12 Post Process Routing | Checksum: 15ab14860

Time (s): cpu = 00:01:22 ; elapsed = 00:00:35 . Memory (MB): peak = 5569.016 ; gain = 0.000 ; free physical = 1261 ; free virtual = 42003

Phase 13 Post Router Timing
INFO: [Route 35-57] Estimated Timing Summary | WNS=1.328  | TNS=0.000  | WHS=0.010  | THS=0.000  |

INFO: [Route 35-327] The final timing numbers are based on the router estimated timing analysis. For a complete and accurate timing signoff, please run report_timing_summary.
Phase 13 Post Router Timing | Checksum: 15ab14860

Time (s): cpu = 00:01:23 ; elapsed = 00:00:35 . Memory (MB): peak = 5569.016 ; gain = 0.000 ; free physical = 1261 ; free virtual = 42003
Total Elapsed time in route_design: 35.17 secs

Phase 14 Post-Route Event Processing
Phase 14 Post-Route Event Processing | Checksum: dcd722c6

Time (s): cpu = 00:01:23 ; elapsed = 00:00:35 . Memory (MB): peak = 5569.016 ; gain = 0.000 ; free physical = 1248 ; free virtual = 41991
INFO: [Route 35-16] Router Completed Successfully
Ending Routing Task | Checksum: dcd722c6

Time (s): cpu = 00:01:23 ; elapsed = 00:00:35 . Memory (MB): peak = 5569.016 ; gain = 0.000 ; free physical = 1259 ; free virtual = 42001

Routing Is Done.
INFO: [Common 17-83] Releasing license: Implementation
159 Infos, 111 Warnings, 101 Critical Warnings and 0 Errors encountered.
route_design completed successfully
route_design: Time (s): cpu = 00:01:24 ; elapsed = 00:00:36 . Memory (MB): peak = 5587.277 ; gain = 18.262 ; free physical = 1259 ; free virtual = 42001
INFO: [Vivado 12-24828] Executing command : report_drc -file zynq_wrapper_systolic_drc_routed.rpt -pb zynq_wrapper_systolic_drc_routed.pb -rpx zynq_wrapper_systolic_drc_routed.rpx
Command: report_drc -file zynq_wrapper_systolic_drc_routed.rpt -pb zynq_wrapper_systolic_drc_routed.pb -rpx zynq_wrapper_systolic_drc_routed.rpx
INFO: [IP_Flow 19-1839] IP Catalog is up to date.
INFO: [DRC 23-27] Running DRC with 8 threads
INFO: [Vivado_Tcl 2-168] The results of DRC are in file /home/xmen/TESTE_FINAL/Ethernet_ps/Ethernet_ps.runs/impl_1/zynq_wrapper_systolic_drc_routed.rpt.
report_drc completed successfully
INFO: [Vivado 12-24828] Executing command : report_methodology -file zynq_wrapper_systolic_methodology_drc_routed.rpt -pb zynq_wrapper_systolic_methodology_drc_routed.pb -rpx zynq_wrapper_systolic_methodology_drc_routed.rpx
Command: report_methodology -file zynq_wrapper_systolic_methodology_drc_routed.rpt -pb zynq_wrapper_systolic_methodology_drc_routed.pb -rpx zynq_wrapper_systolic_methodology_drc_routed.rpx
INFO: [Timing 38-35] Done setting XDC timing constraints.
INFO: [DRC 23-133] Running Methodology with 8 threads
INFO: [Vivado_Tcl 2-1520] The results of Report Methodology are in file /home/xmen/TESTE_FINAL/Ethernet_ps/Ethernet_ps.runs/impl_1/zynq_wrapper_systolic_methodology_drc_routed.rpt.
report_methodology completed successfully
INFO: [Vivado 12-24828] Executing command : report_timing_summary -max_paths 10 -routable_nets -report_unconstrained -file zynq_wrapper_systolic_timing_summary_routed.rpt -pb zynq_wrapper_systolic_timing_summary_routed.pb -rpx zynq_wrapper_systolic_timing_summary_routed.rpx -warn_on_violation 
INFO: [Timing 38-35] Done setting XDC timing constraints.
INFO: [Timing 38-91] UpdateTimingParams: Speed grade: -2, Temperature grade: E, Delay Type: min_max.
INFO: [Timing 38-191] Multithreading enabled for timing update using a maximum of 8 CPUs
WARNING: [Timing 38-436] There are set_bus_skew constraint(s) in this design. Please run report_bus_skew to ensure that bus skew requirements are met.
INFO: [Vivado 12-24838] Running report commands "report_bus_skew, report_incremental_reuse, report_route_status" in parallel.
Running report generation with 3 threads.
INFO: [Vivado 12-24828] Executing command : report_incremental_reuse -file zynq_wrapper_systolic_incremental_reuse_routed.rpt
INFO: [Vivado_Tcl 4-1062] Incremental flow is disabled. No incremental reuse Info to report.
INFO: [Vivado 12-24828] Executing command : report_bus_skew -warn_on_violation -file zynq_wrapper_systolic_bus_skew_routed.rpt -pb zynq_wrapper_systolic_bus_skew_routed.pb -rpx zynq_wrapper_systolic_bus_skew_routed.rpx
INFO: [Timing 38-91] UpdateTimingParams: Speed grade: -2, Temperature grade: E, Delay Type: min_max.
INFO: [Timing 38-191] Multithreading enabled for timing update using a maximum of 8 CPUs
INFO: [Vivado 12-24828] Executing command : report_route_status -file zynq_wrapper_systolic_route_status.rpt -pb zynq_wrapper_systolic_route_status.pb
INFO: [Vivado 12-24828] Executing command : report_power -file zynq_wrapper_systolic_power_routed.rpt -pb zynq_wrapper_systolic_power_summary_routed.pb -rpx zynq_wrapper_systolic_power_routed.rpx
Command: report_power -file zynq_wrapper_systolic_power_routed.rpt -pb zynq_wrapper_systolic_power_summary_routed.pb -rpx zynq_wrapper_systolic_power_routed.rpx
Running Vector-less Activity Propagation...

Finished Running Vector-less Activity Propagation
179 Infos, 112 Warnings, 101 Critical Warnings and 0 Errors encountered.
report_power completed successfully
report_power: Time (s): cpu = 00:00:14 ; elapsed = 00:00:07 . Memory (MB): peak = 5627.207 ; gain = 39.930 ; free physical = 1274 ; free virtual = 42040
INFO: [Vivado 12-24828] Executing command : report_clock_utilization -file zynq_wrapper_systolic_clock_utilization_routed.rpt
generate_parallel_reports: Time (s): cpu = 00:00:39 ; elapsed = 00:00:16 . Memory (MB): peak = 5627.207 ; gain = 39.930 ; free physical = 1276 ; free virtual = 42042
INFO: [Timing 38-480] Writing timing data to binary archive.
Write ShapeDB Complete: Time (s): cpu = 00:00:00.21 ; elapsed = 00:00:00.05 . Memory (MB): peak = 5627.207 ; gain = 0.000 ; free physical = 1270 ; free virtual = 42043
Wrote PlaceDB: Time (s): cpu = 00:00:03 ; elapsed = 00:00:01 . Memory (MB): peak = 5627.207 ; gain = 0.000 ; free physical = 1224 ; free virtual = 42044
Wrote PulsedLatchDB: Time (s): cpu = 00:00:00 ; elapsed = 00:00:00 . Memory (MB): peak = 5627.207 ; gain = 0.000 ; free physical = 1224 ; free virtual = 42044
Writing XDEF routing.
Writing XDEF routing logical nets.
Writing XDEF routing special nets.
Wrote RouteStorage: Time (s): cpu = 00:00:00.38 ; elapsed = 00:00:00.21 . Memory (MB): peak = 5627.207 ; gain = 0.000 ; free physical = 1219 ; free virtual = 42046
Wrote Netlist Cache: Time (s): cpu = 00:00:00.02 ; elapsed = 00:00:00.02 . Memory (MB): peak = 5627.207 ; gain = 0.000 ; free physical = 1215 ; free virtual = 42046
Wrote Device Cache: Time (s): cpu = 00:00:00.01 ; elapsed = 00:00:00.01 . Memory (MB): peak = 5627.207 ; gain = 0.000 ; free physical = 1212 ; free virtual = 42046
Write Physdb Complete: Time (s): cpu = 00:00:03 ; elapsed = 00:00:01 . Memory (MB): peak = 5627.207 ; gain = 0.000 ; free physical = 1212 ; free virtual = 42046
INFO: [Common 17-1381] The checkpoint '/home/xmen/TESTE_FINAL/Ethernet_ps/Ethernet_ps.runs/impl_1/zynq_wrapper_systolic_routed.dcp' has been generated.
Command: write_bitstream -force zynq_wrapper_systolic.bit
Attempting to get a license for feature 'Implementation' and/or device 'xczu7ev'
INFO: [Common 17-349] Got license for feature 'Implementation' and/or device 'xczu7ev'
Running DRC as a precondition to command write_bitstream
INFO: [IP_Flow 19-1839] IP Catalog is up to date.
INFO: [DRC 23-27] Running DRC with 8 threads
INFO: [Vivado 12-3199] DRC finished with 0 Errors
INFO: [Vivado 12-3200] Please refer to the DRC report (report_drc) for more information.
Integrating Hard IP ELF/MEM with the PDI.
INFO: [Designutils 20-2272] Running write_bitstream with 8 threads.
Loading data files...
Loading site data...
Loading route data...
Processing options...
Creating bitmap...
Creating bitstream...
Writing bitstream ./zynq_wrapper_systolic.bit...
INFO: [Vivado 12-1842] Bitgen Completed Successfully.
INFO: [Common 17-83] Releasing license: Implementation
190 Infos, 112 Warnings, 101 Critical Warnings and 0 Errors encountered.
write_bitstream completed successfully
write_bitstream: Time (s): cpu = 00:00:19 ; elapsed = 00:00:28 . Memory (MB): peak = 5627.207 ; gain = 0.000 ; free physical = 1141 ; free virtual = 41943
INFO: [Common 17-206] Exiting Vivado at Tue Dec 30 23:55:26 2025...
