
*** Running vivado
    with args -log SystolicCore_wrapper.vdi -applog -m64 -product Vivado -messageDb vivado.pb -mode batch -source SystolicCore_wrapper.tcl -notrace


****** Vivado v2025.2 (64-bit)
  **** SW Build 6299465 on Fri Nov 14 12:34:56 MST 2025
  **** IP Build 6300035 on Fri Nov 14 10:48:45 MST 2025
  **** SharedData Build 6298862 on Thu Nov 13 04:50:51 MST 2025
  **** Start of session at: Thu Jan  8 00:56:39 2026
    ** Copyright 1986-2022 Xilinx, Inc. All Rights Reserved.
    ** Copyright 2022-2025 Advanced Micro Devices, Inc. All Rights Reserved.

source SystolicCore_wrapper.tcl -notrace
INFO: [IP_Flow 19-234] Refreshing IP repositories
INFO: [IP_Flow 19-1704] No user IP repositories specified
INFO: [IP_Flow 19-2313] Loaded Vivado IP repository '/home/xmen/Music/2025.2/data/ip'.
Command: link_design -top SystolicCore_wrapper -part xczu7ev-ffvc1156-2-e
Design is defaulting to srcset: sources_1
Design is defaulting to constrset: constrs_1
INFO: [Device 21-403] Loading part xczu7ev-ffvc1156-2-e
INFO: [Project 1-5699] Read binary netlist with skipMacroContent - 1
INFO: [Project 1-454] Reading design checkpoint '/home/xmen/Videos/RustDesk/SystolicCore/SystolicCore/Zynq_Systolic_Core_AXI_FIFO_Stream/Zynq_Systolic_Core_AXI_FIFO_Stream.gen/sources_1/bd/SystolicCore/ip/SystolicCore_AXI_Stream_Systolic_0_0/SystolicCore_AXI_Stream_Systolic_0_0.dcp' for cell 'SystolicCore_i/AXI_Stream_Systolic_0'
INFO: [Project 1-454] Reading design checkpoint '/home/xmen/Videos/RustDesk/SystolicCore/SystolicCore/Zynq_Systolic_Core_AXI_FIFO_Stream/Zynq_Systolic_Core_AXI_FIFO_Stream.gen/sources_1/bd/SystolicCore/ip/SystolicCore_axi_fifo_mm_s_0_0/SystolicCore_axi_fifo_mm_s_0_0.dcp' for cell 'SystolicCore_i/axi_fifo_mm_s_0'
INFO: [Project 1-454] Reading design checkpoint '/home/xmen/Videos/RustDesk/SystolicCore/SystolicCore/Zynq_Systolic_Core_AXI_FIFO_Stream/Zynq_Systolic_Core_AXI_FIFO_Stream.gen/sources_1/bd/SystolicCore/ip/SystolicCore_axi_smc_0/SystolicCore_axi_smc_0.dcp' for cell 'SystolicCore_i/axi_smc'
INFO: [Project 1-454] Reading design checkpoint '/home/xmen/Videos/RustDesk/SystolicCore/SystolicCore/Zynq_Systolic_Core_AXI_FIFO_Stream/Zynq_Systolic_Core_AXI_FIFO_Stream.gen/sources_1/bd/SystolicCore/ip/SystolicCore_rst_ps8_0_99M_0/SystolicCore_rst_ps8_0_99M_0.dcp' for cell 'SystolicCore_i/rst_ps8_0_99M'
INFO: [Project 1-454] Reading design checkpoint '/home/xmen/Videos/RustDesk/SystolicCore/SystolicCore/Zynq_Systolic_Core_AXI_FIFO_Stream/Zynq_Systolic_Core_AXI_FIFO_Stream.gen/sources_1/bd/SystolicCore/ip/SystolicCore_system_ila_0_0/SystolicCore_system_ila_0_0.dcp' for cell 'SystolicCore_i/system_ila_0'
INFO: [Project 1-454] Reading design checkpoint '/home/xmen/Videos/RustDesk/SystolicCore/SystolicCore/Zynq_Systolic_Core_AXI_FIFO_Stream/Zynq_Systolic_Core_AXI_FIFO_Stream.gen/sources_1/bd/SystolicCore/ip/SystolicCore_zynq_ultra_ps_e_0_1/SystolicCore_zynq_ultra_ps_e_0_1.dcp' for cell 'SystolicCore_i/zynq_ultra_ps_e_0'
INFO: [Project 1-454] Reading design checkpoint '/home/xmen/Videos/RustDesk/SystolicCore/SystolicCore/Zynq_Systolic_Core_AXI_FIFO_Stream/Zynq_Systolic_Core_AXI_FIFO_Stream.gen/sources_1/ip/ila_3/ila_3.dcp' for cell 'SystolicCore_i/AXI_Stream_Systolic_0/inst/SystolicCore0/your_instance_name'
INFO: [Project 1-454] Reading design checkpoint '/home/xmen/Videos/RustDesk/SystolicCore/SystolicCore/Zynq_Systolic_Core_AXI_FIFO_Stream/Zynq_Systolic_Core_AXI_FIFO_Stream.gen/sources_1/ip/ila_2/ila_2.dcp' for cell 'SystolicCore_i/AXI_Stream_Systolic_0/inst/SystolicCore0/DUT_MatrixMultiplyM0/your_instance_name1123'
INFO: [Project 1-454] Reading design checkpoint '/home/xmen/Videos/RustDesk/SystolicCore/SystolicCore/Zynq_Systolic_Core_AXI_FIFO_Stream/Zynq_Systolic_Core_AXI_FIFO_Stream.gen/sources_1/ip/ila_1/ila_1.dcp' for cell 'SystolicCore_i/AXI_Stream_Systolic_0/inst/SystolicCore0/mem2serial_transfer_pc/your_instance_name'
INFO: [Project 1-454] Reading design checkpoint '/home/xmen/Videos/RustDesk/SystolicCore/SystolicCore/Zynq_Systolic_Core_AXI_FIFO_Stream/Zynq_Systolic_Core_AXI_FIFO_Stream.gen/sources_1/ip/ila_1/ila_1.dcp' for cell 'SystolicCore_i/AXI_Stream_Systolic_0/inst/SystolicCore0/mem2serial_transfer_pc/your_instance_name2'
INFO: [Project 1-454] Reading design checkpoint '/home/xmen/Videos/RustDesk/SystolicCore/SystolicCore/Zynq_Systolic_Core_AXI_FIFO_Stream/Zynq_Systolic_Core_AXI_FIFO_Stream.gen/sources_1/ip/ram_dual_port/ram_dual_port.dcp' for cell 'SystolicCore_i/AXI_Stream_Systolic_0/inst/SystolicCore0/serial2mem_opA/ram'
INFO: [Project 1-454] Reading design checkpoint '/home/xmen/Videos/RustDesk/SystolicCore/SystolicCore/Zynq_Systolic_Core_AXI_FIFO_Stream/Zynq_Systolic_Core_AXI_FIFO_Stream.gen/sources_1/ip/ila_2/ila_2.dcp' for cell 'SystolicCore_i/AXI_Stream_Systolic_0/inst/SystolicCore0/serial2mem_opA/your_instance_name1123'
INFO: [Project 1-454] Reading design checkpoint '/home/xmen/Videos/RustDesk/SystolicCore/SystolicCore/Zynq_Systolic_Core_AXI_FIFO_Stream/Zynq_Systolic_Core_AXI_FIFO_Stream.gen/sources_1/ip/ram_dual_port/ram_dual_port.dcp' for cell 'SystolicCore_i/AXI_Stream_Systolic_0/inst/SystolicCore0/serial2mem_opB/ram'
INFO: [Project 1-454] Reading design checkpoint '/home/xmen/Videos/RustDesk/SystolicCore/SystolicCore/Zynq_Systolic_Core_AXI_FIFO_Stream/Zynq_Systolic_Core_AXI_FIFO_Stream.gen/sources_1/ip/ila_2/ila_2.dcp' for cell 'SystolicCore_i/AXI_Stream_Systolic_0/inst/SystolicCore0/serial2mem_opB/your_instance_name1123'
INFO: [Project 1-454] Reading design checkpoint '/home/xmen/Videos/RustDesk/SystolicCore/SystolicCore/Zynq_Systolic_Core_AXI_FIFO_Stream/Zynq_Systolic_Core_AXI_FIFO_Stream.gen/sources_1/ip/ila_0/ila_0.dcp' for cell 'SystolicCore_i/AXI_Stream_Systolic_0/inst/SystolicCore0/systolicControlUnit_Global/your_instance_name'
Netlist sorting complete. Time (s): cpu = 00:00:00.24 ; elapsed = 00:00:00.23 . Memory (MB): peak = 3151.961 ; gain = 0.000 ; free physical = 5766 ; free virtual = 40528
INFO: [Netlist 29-17] Analyzing 2028 Unisim elements for replacement
INFO: [Netlist 29-28] Unisim Transformation completed in 0 CPU seconds
INFO: [Project 1-479] Netlist was created with Vivado 2025.2
INFO: [Project 1-570] Preparing netlist for logic optimization
INFO: [Chipscope 16-324] Core: SystolicCore_i/AXI_Stream_Systolic_0/inst/SystolicCore0/DUT_MatrixMultiplyM0/your_instance_name1123 UUID: 48a0b4d0-8398-5695-91bc-1c34ee97a819 
INFO: [Chipscope 16-324] Core: SystolicCore_i/AXI_Stream_Systolic_0/inst/SystolicCore0/mem2serial_transfer_pc/your_instance_name UUID: 65ef740a-b188-5119-910b-c5720327044d 
INFO: [Chipscope 16-324] Core: SystolicCore_i/AXI_Stream_Systolic_0/inst/SystolicCore0/mem2serial_transfer_pc/your_instance_name2 UUID: 1624eeaf-97df-5025-88dc-ccc255e5c1b2 
INFO: [Chipscope 16-324] Core: SystolicCore_i/AXI_Stream_Systolic_0/inst/SystolicCore0/serial2mem_opA/your_instance_name1123 UUID: 52ca4f85-d9fd-5f0b-aa63-dd0c8ed71f32 
INFO: [Chipscope 16-324] Core: SystolicCore_i/AXI_Stream_Systolic_0/inst/SystolicCore0/serial2mem_opB/your_instance_name1123 UUID: cb0a18fc-2a64-5f73-811e-d014b6624afa 
INFO: [Chipscope 16-324] Core: SystolicCore_i/AXI_Stream_Systolic_0/inst/SystolicCore0/systolicControlUnit_Global/your_instance_name UUID: 426a1783-70a0-5934-8d8d-13cd29bee68a 
INFO: [Chipscope 16-324] Core: SystolicCore_i/AXI_Stream_Systolic_0/inst/SystolicCore0/your_instance_name UUID: 212ab46e-8d67-5b33-8ccb-0ce5aaf2c2b5 
INFO: [Chipscope 16-324] Core: SystolicCore_i/system_ila_0/inst/ila_lib UUID: 1e1f5a78-e985-5353-90d9-f65f00b71a18 
Parsing XDC File [/home/xmen/Videos/RustDesk/SystolicCore/SystolicCore/Zynq_Systolic_Core_AXI_FIFO_Stream/Zynq_Systolic_Core_AXI_FIFO_Stream.gen/sources_1/bd/SystolicCore/ip/SystolicCore_zynq_ultra_ps_e_0_1/SystolicCore_zynq_ultra_ps_e_0_1.xdc] for cell 'SystolicCore_i/zynq_ultra_ps_e_0/inst'
Finished Parsing XDC File [/home/xmen/Videos/RustDesk/SystolicCore/SystolicCore/Zynq_Systolic_Core_AXI_FIFO_Stream/Zynq_Systolic_Core_AXI_FIFO_Stream.gen/sources_1/bd/SystolicCore/ip/SystolicCore_zynq_ultra_ps_e_0_1/SystolicCore_zynq_ultra_ps_e_0_1.xdc] for cell 'SystolicCore_i/zynq_ultra_ps_e_0/inst'
Parsing XDC File [/home/xmen/Videos/RustDesk/SystolicCore/SystolicCore/Zynq_Systolic_Core_AXI_FIFO_Stream/Zynq_Systolic_Core_AXI_FIFO_Stream.gen/sources_1/bd/SystolicCore/ip/SystolicCore_axi_smc_0/bd_0/ip/ip_1/bd_3e58_psr_aclk_0_board.xdc] for cell 'SystolicCore_i/axi_smc/inst/clk_map/psr_aclk/U0'
Finished Parsing XDC File [/home/xmen/Videos/RustDesk/SystolicCore/SystolicCore/Zynq_Systolic_Core_AXI_FIFO_Stream/Zynq_Systolic_Core_AXI_FIFO_Stream.gen/sources_1/bd/SystolicCore/ip/SystolicCore_axi_smc_0/bd_0/ip/ip_1/bd_3e58_psr_aclk_0_board.xdc] for cell 'SystolicCore_i/axi_smc/inst/clk_map/psr_aclk/U0'
Parsing XDC File [/home/xmen/Videos/RustDesk/SystolicCore/SystolicCore/Zynq_Systolic_Core_AXI_FIFO_Stream/Zynq_Systolic_Core_AXI_FIFO_Stream.gen/sources_1/bd/SystolicCore/ip/SystolicCore_axi_smc_0/smartconnect.xdc] for cell 'SystolicCore_i/axi_smc/inst'
Finished Parsing XDC File [/home/xmen/Videos/RustDesk/SystolicCore/SystolicCore/Zynq_Systolic_Core_AXI_FIFO_Stream/Zynq_Systolic_Core_AXI_FIFO_Stream.gen/sources_1/bd/SystolicCore/ip/SystolicCore_axi_smc_0/smartconnect.xdc] for cell 'SystolicCore_i/axi_smc/inst'
Parsing XDC File [/home/xmen/Videos/RustDesk/SystolicCore/SystolicCore/Zynq_Systolic_Core_AXI_FIFO_Stream/Zynq_Systolic_Core_AXI_FIFO_Stream.gen/sources_1/bd/SystolicCore/ip/SystolicCore_rst_ps8_0_99M_0/SystolicCore_rst_ps8_0_99M_0_board.xdc] for cell 'SystolicCore_i/rst_ps8_0_99M/U0'
Finished Parsing XDC File [/home/xmen/Videos/RustDesk/SystolicCore/SystolicCore/Zynq_Systolic_Core_AXI_FIFO_Stream/Zynq_Systolic_Core_AXI_FIFO_Stream.gen/sources_1/bd/SystolicCore/ip/SystolicCore_rst_ps8_0_99M_0/SystolicCore_rst_ps8_0_99M_0_board.xdc] for cell 'SystolicCore_i/rst_ps8_0_99M/U0'
Parsing XDC File [/home/xmen/Videos/RustDesk/SystolicCore/SystolicCore/Zynq_Systolic_Core_AXI_FIFO_Stream/Zynq_Systolic_Core_AXI_FIFO_Stream.gen/sources_1/bd/SystolicCore/ip/SystolicCore_system_ila_0_0/bd_0/ip/ip_0/ila_v6_2/constraints/ila_impl.xdc] for cell 'SystolicCore_i/system_ila_0/inst/ila_lib/inst'
WARNING: [Vivado_Tcl 4-921] Waiver ID 'CDC-10' -to list should not be empty. [/home/xmen/Videos/RustDesk/SystolicCore/SystolicCore/Zynq_Systolic_Core_AXI_FIFO_Stream/Zynq_Systolic_Core_AXI_FIFO_Stream.gen/sources_1/bd/SystolicCore/ip/SystolicCore_system_ila_0_0/bd_0/ip/ip_0/ila_v6_2/constraints/ila_impl.xdc:31]
Finished Parsing XDC File [/home/xmen/Videos/RustDesk/SystolicCore/SystolicCore/Zynq_Systolic_Core_AXI_FIFO_Stream/Zynq_Systolic_Core_AXI_FIFO_Stream.gen/sources_1/bd/SystolicCore/ip/SystolicCore_system_ila_0_0/bd_0/ip/ip_0/ila_v6_2/constraints/ila_impl.xdc] for cell 'SystolicCore_i/system_ila_0/inst/ila_lib/inst'
Parsing XDC File [/home/xmen/Videos/RustDesk/SystolicCore/SystolicCore/Zynq_Systolic_Core_AXI_FIFO_Stream/Zynq_Systolic_Core_AXI_FIFO_Stream.gen/sources_1/bd/SystolicCore/ip/SystolicCore_system_ila_0_0/bd_0/ip/ip_0/ila_v6_2/constraints/ila.xdc] for cell 'SystolicCore_i/system_ila_0/inst/ila_lib/inst'
WARNING: [Vivado_Tcl 4-921] Waiver ID 'CDC-10' -to list should not be empty. [/home/xmen/Videos/RustDesk/SystolicCore/SystolicCore/Zynq_Systolic_Core_AXI_FIFO_Stream/Zynq_Systolic_Core_AXI_FIFO_Stream.gen/sources_1/bd/SystolicCore/ip/SystolicCore_system_ila_0_0/bd_0/ip/ip_0/ila_v6_2/constraints/ila.xdc:108]
Finished Parsing XDC File [/home/xmen/Videos/RustDesk/SystolicCore/SystolicCore/Zynq_Systolic_Core_AXI_FIFO_Stream/Zynq_Systolic_Core_AXI_FIFO_Stream.gen/sources_1/bd/SystolicCore/ip/SystolicCore_system_ila_0_0/bd_0/ip/ip_0/ila_v6_2/constraints/ila.xdc] for cell 'SystolicCore_i/system_ila_0/inst/ila_lib/inst'
Parsing XDC File [/home/xmen/Videos/RustDesk/SystolicCore/SystolicCore/Zynq_Systolic_Core_AXI_FIFO_Stream/Zynq_Systolic_Core_AXI_FIFO_Stream.gen/sources_1/ip/ila_0/ila_v6_2/constraints/ila_impl.xdc] for cell 'SystolicCore_i/AXI_Stream_Systolic_0/inst/SystolicCore0/systolicControlUnit_Global/your_instance_name/inst'
WARNING: [Vivado_Tcl 4-921] Waiver ID 'CDC-10' -to list should not be empty. [/home/xmen/Videos/RustDesk/SystolicCore/SystolicCore/Zynq_Systolic_Core_AXI_FIFO_Stream/Zynq_Systolic_Core_AXI_FIFO_Stream.gen/sources_1/ip/ila_0/ila_v6_2/constraints/ila_impl.xdc:31]
Finished Parsing XDC File [/home/xmen/Videos/RustDesk/SystolicCore/SystolicCore/Zynq_Systolic_Core_AXI_FIFO_Stream/Zynq_Systolic_Core_AXI_FIFO_Stream.gen/sources_1/ip/ila_0/ila_v6_2/constraints/ila_impl.xdc] for cell 'SystolicCore_i/AXI_Stream_Systolic_0/inst/SystolicCore0/systolicControlUnit_Global/your_instance_name/inst'
Parsing XDC File [/home/xmen/Videos/RustDesk/SystolicCore/SystolicCore/Zynq_Systolic_Core_AXI_FIFO_Stream/Zynq_Systolic_Core_AXI_FIFO_Stream.gen/sources_1/ip/ila_0/ila_v6_2/constraints/ila.xdc] for cell 'SystolicCore_i/AXI_Stream_Systolic_0/inst/SystolicCore0/systolicControlUnit_Global/your_instance_name/inst'
WARNING: [Vivado_Tcl 4-921] Waiver ID 'CDC-10' -to list should not be empty. [/home/xmen/Videos/RustDesk/SystolicCore/SystolicCore/Zynq_Systolic_Core_AXI_FIFO_Stream/Zynq_Systolic_Core_AXI_FIFO_Stream.gen/sources_1/ip/ila_0/ila_v6_2/constraints/ila.xdc:108]
Finished Parsing XDC File [/home/xmen/Videos/RustDesk/SystolicCore/SystolicCore/Zynq_Systolic_Core_AXI_FIFO_Stream/Zynq_Systolic_Core_AXI_FIFO_Stream.gen/sources_1/ip/ila_0/ila_v6_2/constraints/ila.xdc] for cell 'SystolicCore_i/AXI_Stream_Systolic_0/inst/SystolicCore0/systolicControlUnit_Global/your_instance_name/inst'
Parsing XDC File [/home/xmen/Videos/RustDesk/SystolicCore/SystolicCore/Zynq_Systolic_Core_AXI_FIFO_Stream/Zynq_Systolic_Core_AXI_FIFO_Stream.gen/sources_1/ip/ila_1/ila_v6_2/constraints/ila_impl.xdc] for cell 'SystolicCore_i/AXI_Stream_Systolic_0/inst/SystolicCore0/mem2serial_transfer_pc/your_instance_name/inst'
WARNING: [Vivado_Tcl 4-921] Waiver ID 'CDC-10' -to list should not be empty. [/home/xmen/Videos/RustDesk/SystolicCore/SystolicCore/Zynq_Systolic_Core_AXI_FIFO_Stream/Zynq_Systolic_Core_AXI_FIFO_Stream.gen/sources_1/ip/ila_1/ila_v6_2/constraints/ila_impl.xdc:31]
Finished Parsing XDC File [/home/xmen/Videos/RustDesk/SystolicCore/SystolicCore/Zynq_Systolic_Core_AXI_FIFO_Stream/Zynq_Systolic_Core_AXI_FIFO_Stream.gen/sources_1/ip/ila_1/ila_v6_2/constraints/ila_impl.xdc] for cell 'SystolicCore_i/AXI_Stream_Systolic_0/inst/SystolicCore0/mem2serial_transfer_pc/your_instance_name/inst'
Parsing XDC File [/home/xmen/Videos/RustDesk/SystolicCore/SystolicCore/Zynq_Systolic_Core_AXI_FIFO_Stream/Zynq_Systolic_Core_AXI_FIFO_Stream.gen/sources_1/ip/ila_1/ila_v6_2/constraints/ila_impl.xdc] for cell 'SystolicCore_i/AXI_Stream_Systolic_0/inst/SystolicCore0/mem2serial_transfer_pc/your_instance_name2/inst'
WARNING: [Vivado_Tcl 4-921] Waiver ID 'CDC-10' -to list should not be empty. [/home/xmen/Videos/RustDesk/SystolicCore/SystolicCore/Zynq_Systolic_Core_AXI_FIFO_Stream/Zynq_Systolic_Core_AXI_FIFO_Stream.gen/sources_1/ip/ila_1/ila_v6_2/constraints/ila_impl.xdc:31]
Finished Parsing XDC File [/home/xmen/Videos/RustDesk/SystolicCore/SystolicCore/Zynq_Systolic_Core_AXI_FIFO_Stream/Zynq_Systolic_Core_AXI_FIFO_Stream.gen/sources_1/ip/ila_1/ila_v6_2/constraints/ila_impl.xdc] for cell 'SystolicCore_i/AXI_Stream_Systolic_0/inst/SystolicCore0/mem2serial_transfer_pc/your_instance_name2/inst'
Parsing XDC File [/home/xmen/Videos/RustDesk/SystolicCore/SystolicCore/Zynq_Systolic_Core_AXI_FIFO_Stream/Zynq_Systolic_Core_AXI_FIFO_Stream.gen/sources_1/ip/ila_1/ila_v6_2/constraints/ila.xdc] for cell 'SystolicCore_i/AXI_Stream_Systolic_0/inst/SystolicCore0/mem2serial_transfer_pc/your_instance_name/inst'
WARNING: [Vivado_Tcl 4-921] Waiver ID 'CDC-10' -to list should not be empty. [/home/xmen/Videos/RustDesk/SystolicCore/SystolicCore/Zynq_Systolic_Core_AXI_FIFO_Stream/Zynq_Systolic_Core_AXI_FIFO_Stream.gen/sources_1/ip/ila_1/ila_v6_2/constraints/ila.xdc:108]
Finished Parsing XDC File [/home/xmen/Videos/RustDesk/SystolicCore/SystolicCore/Zynq_Systolic_Core_AXI_FIFO_Stream/Zynq_Systolic_Core_AXI_FIFO_Stream.gen/sources_1/ip/ila_1/ila_v6_2/constraints/ila.xdc] for cell 'SystolicCore_i/AXI_Stream_Systolic_0/inst/SystolicCore0/mem2serial_transfer_pc/your_instance_name/inst'
Parsing XDC File [/home/xmen/Videos/RustDesk/SystolicCore/SystolicCore/Zynq_Systolic_Core_AXI_FIFO_Stream/Zynq_Systolic_Core_AXI_FIFO_Stream.gen/sources_1/ip/ila_1/ila_v6_2/constraints/ila.xdc] for cell 'SystolicCore_i/AXI_Stream_Systolic_0/inst/SystolicCore0/mem2serial_transfer_pc/your_instance_name2/inst'
WARNING: [Vivado_Tcl 4-921] Waiver ID 'CDC-10' -to list should not be empty. [/home/xmen/Videos/RustDesk/SystolicCore/SystolicCore/Zynq_Systolic_Core_AXI_FIFO_Stream/Zynq_Systolic_Core_AXI_FIFO_Stream.gen/sources_1/ip/ila_1/ila_v6_2/constraints/ila.xdc:108]
Finished Parsing XDC File [/home/xmen/Videos/RustDesk/SystolicCore/SystolicCore/Zynq_Systolic_Core_AXI_FIFO_Stream/Zynq_Systolic_Core_AXI_FIFO_Stream.gen/sources_1/ip/ila_1/ila_v6_2/constraints/ila.xdc] for cell 'SystolicCore_i/AXI_Stream_Systolic_0/inst/SystolicCore0/mem2serial_transfer_pc/your_instance_name2/inst'
Parsing XDC File [/home/xmen/Videos/RustDesk/SystolicCore/SystolicCore/Zynq_Systolic_Core_AXI_FIFO_Stream/Zynq_Systolic_Core_AXI_FIFO_Stream.gen/sources_1/ip/ila_2/ila_v6_2/constraints/ila_impl.xdc] for cell 'SystolicCore_i/AXI_Stream_Systolic_0/inst/SystolicCore0/DUT_MatrixMultiplyM0/your_instance_name1123/inst'
WARNING: [Vivado_Tcl 4-921] Waiver ID 'CDC-10' -to list should not be empty. [/home/xmen/Videos/RustDesk/SystolicCore/SystolicCore/Zynq_Systolic_Core_AXI_FIFO_Stream/Zynq_Systolic_Core_AXI_FIFO_Stream.gen/sources_1/ip/ila_2/ila_v6_2/constraints/ila_impl.xdc:31]
Finished Parsing XDC File [/home/xmen/Videos/RustDesk/SystolicCore/SystolicCore/Zynq_Systolic_Core_AXI_FIFO_Stream/Zynq_Systolic_Core_AXI_FIFO_Stream.gen/sources_1/ip/ila_2/ila_v6_2/constraints/ila_impl.xdc] for cell 'SystolicCore_i/AXI_Stream_Systolic_0/inst/SystolicCore0/DUT_MatrixMultiplyM0/your_instance_name1123/inst'
Parsing XDC File [/home/xmen/Videos/RustDesk/SystolicCore/SystolicCore/Zynq_Systolic_Core_AXI_FIFO_Stream/Zynq_Systolic_Core_AXI_FIFO_Stream.gen/sources_1/ip/ila_2/ila_v6_2/constraints/ila_impl.xdc] for cell 'SystolicCore_i/AXI_Stream_Systolic_0/inst/SystolicCore0/serial2mem_opA/your_instance_name1123/inst'
WARNING: [Vivado_Tcl 4-921] Waiver ID 'CDC-10' -to list should not be empty. [/home/xmen/Videos/RustDesk/SystolicCore/SystolicCore/Zynq_Systolic_Core_AXI_FIFO_Stream/Zynq_Systolic_Core_AXI_FIFO_Stream.gen/sources_1/ip/ila_2/ila_v6_2/constraints/ila_impl.xdc:31]
Finished Parsing XDC File [/home/xmen/Videos/RustDesk/SystolicCore/SystolicCore/Zynq_Systolic_Core_AXI_FIFO_Stream/Zynq_Systolic_Core_AXI_FIFO_Stream.gen/sources_1/ip/ila_2/ila_v6_2/constraints/ila_impl.xdc] for cell 'SystolicCore_i/AXI_Stream_Systolic_0/inst/SystolicCore0/serial2mem_opA/your_instance_name1123/inst'
Parsing XDC File [/home/xmen/Videos/RustDesk/SystolicCore/SystolicCore/Zynq_Systolic_Core_AXI_FIFO_Stream/Zynq_Systolic_Core_AXI_FIFO_Stream.gen/sources_1/ip/ila_2/ila_v6_2/constraints/ila_impl.xdc] for cell 'SystolicCore_i/AXI_Stream_Systolic_0/inst/SystolicCore0/serial2mem_opB/your_instance_name1123/inst'
WARNING: [Vivado_Tcl 4-921] Waiver ID 'CDC-10' -to list should not be empty. [/home/xmen/Videos/RustDesk/SystolicCore/SystolicCore/Zynq_Systolic_Core_AXI_FIFO_Stream/Zynq_Systolic_Core_AXI_FIFO_Stream.gen/sources_1/ip/ila_2/ila_v6_2/constraints/ila_impl.xdc:31]
Finished Parsing XDC File [/home/xmen/Videos/RustDesk/SystolicCore/SystolicCore/Zynq_Systolic_Core_AXI_FIFO_Stream/Zynq_Systolic_Core_AXI_FIFO_Stream.gen/sources_1/ip/ila_2/ila_v6_2/constraints/ila_impl.xdc] for cell 'SystolicCore_i/AXI_Stream_Systolic_0/inst/SystolicCore0/serial2mem_opB/your_instance_name1123/inst'
Parsing XDC File [/home/xmen/Videos/RustDesk/SystolicCore/SystolicCore/Zynq_Systolic_Core_AXI_FIFO_Stream/Zynq_Systolic_Core_AXI_FIFO_Stream.gen/sources_1/ip/ila_2/ila_v6_2/constraints/ila.xdc] for cell 'SystolicCore_i/AXI_Stream_Systolic_0/inst/SystolicCore0/DUT_MatrixMultiplyM0/your_instance_name1123/inst'
WARNING: [Vivado_Tcl 4-921] Waiver ID 'CDC-10' -to list should not be empty. [/home/xmen/Videos/RustDesk/SystolicCore/SystolicCore/Zynq_Systolic_Core_AXI_FIFO_Stream/Zynq_Systolic_Core_AXI_FIFO_Stream.gen/sources_1/ip/ila_2/ila_v6_2/constraints/ila.xdc:108]
Finished Parsing XDC File [/home/xmen/Videos/RustDesk/SystolicCore/SystolicCore/Zynq_Systolic_Core_AXI_FIFO_Stream/Zynq_Systolic_Core_AXI_FIFO_Stream.gen/sources_1/ip/ila_2/ila_v6_2/constraints/ila.xdc] for cell 'SystolicCore_i/AXI_Stream_Systolic_0/inst/SystolicCore0/DUT_MatrixMultiplyM0/your_instance_name1123/inst'
Parsing XDC File [/home/xmen/Videos/RustDesk/SystolicCore/SystolicCore/Zynq_Systolic_Core_AXI_FIFO_Stream/Zynq_Systolic_Core_AXI_FIFO_Stream.gen/sources_1/ip/ila_2/ila_v6_2/constraints/ila.xdc] for cell 'SystolicCore_i/AXI_Stream_Systolic_0/inst/SystolicCore0/serial2mem_opA/your_instance_name1123/inst'
WARNING: [Vivado_Tcl 4-921] Waiver ID 'CDC-10' -to list should not be empty. [/home/xmen/Videos/RustDesk/SystolicCore/SystolicCore/Zynq_Systolic_Core_AXI_FIFO_Stream/Zynq_Systolic_Core_AXI_FIFO_Stream.gen/sources_1/ip/ila_2/ila_v6_2/constraints/ila.xdc:108]
Finished Parsing XDC File [/home/xmen/Videos/RustDesk/SystolicCore/SystolicCore/Zynq_Systolic_Core_AXI_FIFO_Stream/Zynq_Systolic_Core_AXI_FIFO_Stream.gen/sources_1/ip/ila_2/ila_v6_2/constraints/ila.xdc] for cell 'SystolicCore_i/AXI_Stream_Systolic_0/inst/SystolicCore0/serial2mem_opA/your_instance_name1123/inst'
Parsing XDC File [/home/xmen/Videos/RustDesk/SystolicCore/SystolicCore/Zynq_Systolic_Core_AXI_FIFO_Stream/Zynq_Systolic_Core_AXI_FIFO_Stream.gen/sources_1/ip/ila_2/ila_v6_2/constraints/ila.xdc] for cell 'SystolicCore_i/AXI_Stream_Systolic_0/inst/SystolicCore0/serial2mem_opB/your_instance_name1123/inst'
WARNING: [Vivado_Tcl 4-921] Waiver ID 'CDC-10' -to list should not be empty. [/home/xmen/Videos/RustDesk/SystolicCore/SystolicCore/Zynq_Systolic_Core_AXI_FIFO_Stream/Zynq_Systolic_Core_AXI_FIFO_Stream.gen/sources_1/ip/ila_2/ila_v6_2/constraints/ila.xdc:108]
Finished Parsing XDC File [/home/xmen/Videos/RustDesk/SystolicCore/SystolicCore/Zynq_Systolic_Core_AXI_FIFO_Stream/Zynq_Systolic_Core_AXI_FIFO_Stream.gen/sources_1/ip/ila_2/ila_v6_2/constraints/ila.xdc] for cell 'SystolicCore_i/AXI_Stream_Systolic_0/inst/SystolicCore0/serial2mem_opB/your_instance_name1123/inst'
Parsing XDC File [/home/xmen/Videos/RustDesk/SystolicCore/SystolicCore/Zynq_Systolic_Core_AXI_FIFO_Stream/Zynq_Systolic_Core_AXI_FIFO_Stream.gen/sources_1/ip/ila_3/ila_v6_2/constraints/ila_impl.xdc] for cell 'SystolicCore_i/AXI_Stream_Systolic_0/inst/SystolicCore0/your_instance_name/inst'
WARNING: [Vivado_Tcl 4-921] Waiver ID 'CDC-10' -to list should not be empty. [/home/xmen/Videos/RustDesk/SystolicCore/SystolicCore/Zynq_Systolic_Core_AXI_FIFO_Stream/Zynq_Systolic_Core_AXI_FIFO_Stream.gen/sources_1/ip/ila_3/ila_v6_2/constraints/ila_impl.xdc:31]
Finished Parsing XDC File [/home/xmen/Videos/RustDesk/SystolicCore/SystolicCore/Zynq_Systolic_Core_AXI_FIFO_Stream/Zynq_Systolic_Core_AXI_FIFO_Stream.gen/sources_1/ip/ila_3/ila_v6_2/constraints/ila_impl.xdc] for cell 'SystolicCore_i/AXI_Stream_Systolic_0/inst/SystolicCore0/your_instance_name/inst'
Parsing XDC File [/home/xmen/Videos/RustDesk/SystolicCore/SystolicCore/Zynq_Systolic_Core_AXI_FIFO_Stream/Zynq_Systolic_Core_AXI_FIFO_Stream.gen/sources_1/ip/ila_3/ila_v6_2/constraints/ila.xdc] for cell 'SystolicCore_i/AXI_Stream_Systolic_0/inst/SystolicCore0/your_instance_name/inst'
WARNING: [Vivado_Tcl 4-921] Waiver ID 'CDC-10' -to list should not be empty. [/home/xmen/Videos/RustDesk/SystolicCore/SystolicCore/Zynq_Systolic_Core_AXI_FIFO_Stream/Zynq_Systolic_Core_AXI_FIFO_Stream.gen/sources_1/ip/ila_3/ila_v6_2/constraints/ila.xdc:108]
Finished Parsing XDC File [/home/xmen/Videos/RustDesk/SystolicCore/SystolicCore/Zynq_Systolic_Core_AXI_FIFO_Stream/Zynq_Systolic_Core_AXI_FIFO_Stream.gen/sources_1/ip/ila_3/ila_v6_2/constraints/ila.xdc] for cell 'SystolicCore_i/AXI_Stream_Systolic_0/inst/SystolicCore0/your_instance_name/inst'
INFO: [Project 1-1714] 23 XPM XDC files have been applied to the design.
INFO: [Opt 31-138] Pushed 0 inverter(s) to 0 load pin(s).
INFO: [Opt 31-422] The CLOCK_DOMAINS attribute on the BRAM cell SystolicCore_i/AXI_Stream_Systolic_0/inst/SystolicCore0/serial2mem_opA/ram/U0/inst_blk_mem_gen/gnbram.gnativebmg.native_blk_mem_gen/valid.cstr/ramloop[0].ram.r/prim_noinit.ram/DEVICE_8SERIES.NO_BMM_INFO.SDP.WIDE_PRIM36_NO_ECC.ram has been changed from INDEPENDENT to COMMON to match the clocking topology used for the BRAM.
INFO: [Opt 31-422] The CLOCK_DOMAINS attribute on the BRAM cell SystolicCore_i/AXI_Stream_Systolic_0/inst/SystolicCore0/serial2mem_opB/ram/U0/inst_blk_mem_gen/gnbram.gnativebmg.native_blk_mem_gen/valid.cstr/ramloop[0].ram.r/prim_noinit.ram/DEVICE_8SERIES.NO_BMM_INFO.SDP.WIDE_PRIM36_NO_ECC.ram has been changed from INDEPENDENT to COMMON to match the clocking topology used for the BRAM.
INFO: [Project 1-1687] 16 scoped IP constraints or related sub-commands were skipped due to synthesis logic optimizations usually triggered by constant connectivity or unconnected output pins. To review the skipped constraints and messages, run the command 'set_param netlist.IPMsgFiltering false' before opening the design.
Netlist sorting complete. Time (s): cpu = 00:00:00 ; elapsed = 00:00:00.01 . Memory (MB): peak = 4066.660 ; gain = 0.000 ; free physical = 5058 ; free virtual = 39820
INFO: [Project 1-111] Unisim Transformation Summary:
  A total of 930 instances were transformed.
  CFGLUT5 => CFGLUT5 (SRL16E, SRLC32E): 924 instances
  RAM64M8 => RAM64M8 (RAMD64E(x8)): 6 instances

38 Infos, 16 Warnings, 0 Critical Warnings and 0 Errors encountered.
link_design completed successfully
link_design: Time (s): cpu = 00:00:23 ; elapsed = 00:00:22 . Memory (MB): peak = 4066.695 ; gain = 2102.734 ; free physical = 5058 ; free virtual = 39820
Command: opt_design
Attempting to get a license for feature 'Implementation' and/or device 'xczu7ev'
INFO: [Common 17-349] Got license for feature 'Implementation' and/or device 'xczu7ev'
Running DRC as a precondition to command opt_design

Starting DRC Task
INFO: [DRC 23-27] Running DRC with 8 threads
INFO: [Project 1-461] DRC finished with 0 Errors
INFO: [Project 1-462] Please refer to the DRC report (report_drc) for more information.

Time (s): cpu = 00:00:00.84 ; elapsed = 00:00:00.27 . Memory (MB): peak = 4069.629 ; gain = 2.934 ; free physical = 5018 ; free virtual = 39781

Starting Cache Timing Information Task
INFO: [Timing 38-35] Done setting XDC timing constraints.
Ending Cache Timing Information Task | Checksum: 27048c103

Time (s): cpu = 00:00:01 ; elapsed = 00:00:00.5 . Memory (MB): peak = 4069.629 ; gain = 0.000 ; free physical = 5003 ; free virtual = 39768

Starting Logic Optimization Task

Phase 1 Initialization

Phase 1.1 Core Generation And Design Setup

Phase 1.1.1 Generate And Synthesize Debug Cores
INFO: [Chipscope 16-329] Generating Script for core instance : dbg_hub 
INFO: [IP_Flow 19-3806] Processing IP xilinx.com:ip:xsdbm:3.0 for cell dbg_hub_CV.
INFO: [Chipscope 16-469] Using cached IP synthesis design for IP xilinx.com:ip:xsdbm:3.0, cache-ID = 922c048f7ccafa53.
Done building netlist checker database: Time (s): cpu = 00:00:00.01 ; elapsed = 00:00:00.01 . Memory (MB): peak = 4459.129 ; gain = 0.000 ; free physical = 4633 ; free virtual = 39399
Netlist sorting complete. Time (s): cpu = 00:00:00.02 ; elapsed = 00:00:00.02 . Memory (MB): peak = 4459.129 ; gain = 0.000 ; free physical = 4627 ; free virtual = 39393
Phase 1.1.1 Generate And Synthesize Debug Cores | Checksum: 1c2e8dff7

Time (s): cpu = 00:00:12 ; elapsed = 00:00:06 . Memory (MB): peak = 4459.129 ; gain = 23.812 ; free physical = 4627 ; free virtual = 39393
Phase 1.1 Core Generation And Design Setup | Checksum: 1c2e8dff7

Time (s): cpu = 00:00:12 ; elapsed = 00:00:06 . Memory (MB): peak = 4459.129 ; gain = 23.812 ; free physical = 4627 ; free virtual = 39393

Phase 1.2 Setup Constraints And Sort Netlist
Phase 1.2 Setup Constraints And Sort Netlist | Checksum: 1c2e8dff7

Time (s): cpu = 00:00:12 ; elapsed = 00:00:06 . Memory (MB): peak = 4459.129 ; gain = 23.812 ; free physical = 4627 ; free virtual = 39393
Phase 1 Initialization | Checksum: 1c2e8dff7

Time (s): cpu = 00:00:12 ; elapsed = 00:00:06 . Memory (MB): peak = 4459.129 ; gain = 23.812 ; free physical = 4627 ; free virtual = 39393

Phase 2 Timer Update And Timing Data Collection

Phase 2.1 Detect if minReqCache needed
Phase 2.1 Detect if minReqCache needed | Checksum: 1c2e8dff7

Time (s): cpu = 00:00:12 ; elapsed = 00:00:06 . Memory (MB): peak = 4459.129 ; gain = 23.812 ; free physical = 4611 ; free virtual = 39377

Phase 2.2 Timer Update
Phase 2.2 Timer Update | Checksum: 1c2e8dff7

Time (s): cpu = 00:00:12 ; elapsed = 00:00:07 . Memory (MB): peak = 4459.129 ; gain = 23.812 ; free physical = 4610 ; free virtual = 39376

Phase 2.3 Timing Data Collection
Phase 2.3 Timing Data Collection | Checksum: 1c2e8dff7

Time (s): cpu = 00:00:12 ; elapsed = 00:00:07 . Memory (MB): peak = 4459.129 ; gain = 23.812 ; free physical = 4606 ; free virtual = 39372
Phase 2 Timer Update And Timing Data Collection | Checksum: 1c2e8dff7

Time (s): cpu = 00:00:12 ; elapsed = 00:00:07 . Memory (MB): peak = 4459.129 ; gain = 23.812 ; free physical = 4606 ; free virtual = 39372

Phase 3 Retarget
INFO: [Opt 31-1851] Number of loadless carry chains removed were: 0
INFO: [Opt 31-1834] Total Chains To Be Transformed Were: 0 AND Number of Transformed insts Created are: 0
INFO: [Opt 31-138] Pushed 301 inverter(s) to 4672 load pin(s).
INFO: [Opt 31-422] The CLOCK_DOMAINS attribute on the BRAM cell SystolicCore_i/AXI_Stream_Systolic_0/inst/SystolicCore0/DUT_MatrixMultiplyM0/your_instance_name1123/inst/ila_core_inst/ila_trace_memory_inst/SUBCORE_RAM_BLK_MEM_1.trace_block_memory/inst_blk_mem_gen/gnbram.gnativebmg.native_blk_mem_gen/valid.cstr/ramloop[0].ram.r/prim_noinit.ram/DEVICE_8SERIES.NO_BMM_INFO.SDP.SIMPLE_PRIM18.ram has been changed from INDEPENDENT to COMMON to match the clocking topology used for the BRAM.
INFO: [Opt 31-422] The CLOCK_DOMAINS attribute on the BRAM cell SystolicCore_i/AXI_Stream_Systolic_0/inst/SystolicCore0/DUT_MatrixMultiplyM0/your_instance_name1123/inst/ila_core_inst/ila_trace_memory_inst/SUBCORE_RAM_BLK_MEM_1.trace_block_memory/inst_blk_mem_gen/gnbram.gnativebmg.native_blk_mem_gen/valid.cstr/ramloop[10].ram.r/prim_noinit.ram/DEVICE_8SERIES.NO_BMM_INFO.SDP.SIMPLE_PRIM36.ram has been changed from INDEPENDENT to COMMON to match the clocking topology used for the BRAM.
INFO: [Opt 31-422] The CLOCK_DOMAINS attribute on the BRAM cell SystolicCore_i/AXI_Stream_Systolic_0/inst/SystolicCore0/DUT_MatrixMultiplyM0/your_instance_name1123/inst/ila_core_inst/ila_trace_memory_inst/SUBCORE_RAM_BLK_MEM_1.trace_block_memory/inst_blk_mem_gen/gnbram.gnativebmg.native_blk_mem_gen/valid.cstr/ramloop[11].ram.r/prim_noinit.ram/DEVICE_8SERIES.NO_BMM_INFO.SDP.SIMPLE_PRIM36.ram has been changed from INDEPENDENT to COMMON to match the clocking topology used for the BRAM.
INFO: [Opt 31-422] The CLOCK_DOMAINS attribute on the BRAM cell SystolicCore_i/AXI_Stream_Systolic_0/inst/SystolicCore0/DUT_MatrixMultiplyM0/your_instance_name1123/inst/ila_core_inst/ila_trace_memory_inst/SUBCORE_RAM_BLK_MEM_1.trace_block_memory/inst_blk_mem_gen/gnbram.gnativebmg.native_blk_mem_gen/valid.cstr/ramloop[12].ram.r/prim_noinit.ram/DEVICE_8SERIES.NO_BMM_INFO.SDP.SIMPLE_PRIM36.ram has been changed from INDEPENDENT to COMMON to match the clocking topology used for the BRAM.
INFO: [Opt 31-422] The CLOCK_DOMAINS attribute on the BRAM cell SystolicCore_i/AXI_Stream_Systolic_0/inst/SystolicCore0/DUT_MatrixMultiplyM0/your_instance_name1123/inst/ila_core_inst/ila_trace_memory_inst/SUBCORE_RAM_BLK_MEM_1.trace_block_memory/inst_blk_mem_gen/gnbram.gnativebmg.native_blk_mem_gen/valid.cstr/ramloop[13].ram.r/prim_noinit.ram/DEVICE_8SERIES.NO_BMM_INFO.SDP.SIMPLE_PRIM36.ram has been changed from INDEPENDENT to COMMON to match the clocking topology used for the BRAM.
INFO: [Opt 31-422] The CLOCK_DOMAINS attribute on the BRAM cell SystolicCore_i/AXI_Stream_Systolic_0/inst/SystolicCore0/DUT_MatrixMultiplyM0/your_instance_name1123/inst/ila_core_inst/ila_trace_memory_inst/SUBCORE_RAM_BLK_MEM_1.trace_block_memory/inst_blk_mem_gen/gnbram.gnativebmg.native_blk_mem_gen/valid.cstr/ramloop[14].ram.r/prim_noinit.ram/DEVICE_8SERIES.NO_BMM_INFO.SDP.SIMPLE_PRIM36.ram has been changed from INDEPENDENT to COMMON to match the clocking topology used for the BRAM.
INFO: [Opt 31-422] The CLOCK_DOMAINS attribute on the BRAM cell SystolicCore_i/AXI_Stream_Systolic_0/inst/SystolicCore0/DUT_MatrixMultiplyM0/your_instance_name1123/inst/ila_core_inst/ila_trace_memory_inst/SUBCORE_RAM_BLK_MEM_1.trace_block_memory/inst_blk_mem_gen/gnbram.gnativebmg.native_blk_mem_gen/valid.cstr/ramloop[15].ram.r/prim_noinit.ram/DEVICE_8SERIES.NO_BMM_INFO.SDP.SIMPLE_PRIM36.ram has been changed from INDEPENDENT to COMMON to match the clocking topology used for the BRAM.
INFO: [Opt 31-422] The CLOCK_DOMAINS attribute on the BRAM cell SystolicCore_i/AXI_Stream_Systolic_0/inst/SystolicCore0/DUT_MatrixMultiplyM0/your_instance_name1123/inst/ila_core_inst/ila_trace_memory_inst/SUBCORE_RAM_BLK_MEM_1.trace_block_memory/inst_blk_mem_gen/gnbram.gnativebmg.native_blk_mem_gen/valid.cstr/ramloop[16].ram.r/prim_noinit.ram/DEVICE_8SERIES.NO_BMM_INFO.SDP.SIMPLE_PRIM36.ram has been changed from INDEPENDENT to COMMON to match the clocking topology used for the BRAM.
INFO: [Opt 31-422] The CLOCK_DOMAINS attribute on the BRAM cell SystolicCore_i/AXI_Stream_Systolic_0/inst/SystolicCore0/DUT_MatrixMultiplyM0/your_instance_name1123/inst/ila_core_inst/ila_trace_memory_inst/SUBCORE_RAM_BLK_MEM_1.trace_block_memory/inst_blk_mem_gen/gnbram.gnativebmg.native_blk_mem_gen/valid.cstr/ramloop[17].ram.r/prim_noinit.ram/DEVICE_8SERIES.NO_BMM_INFO.SDP.SIMPLE_PRIM36.ram has been changed from INDEPENDENT to COMMON to match the clocking topology used for the BRAM.
INFO: [Opt 31-422] The CLOCK_DOMAINS attribute on the BRAM cell SystolicCore_i/AXI_Stream_Systolic_0/inst/SystolicCore0/DUT_MatrixMultiplyM0/your_instance_name1123/inst/ila_core_inst/ila_trace_memory_inst/SUBCORE_RAM_BLK_MEM_1.trace_block_memory/inst_blk_mem_gen/gnbram.gnativebmg.native_blk_mem_gen/valid.cstr/ramloop[18].ram.r/prim_noinit.ram/DEVICE_8SERIES.NO_BMM_INFO.SDP.SIMPLE_PRIM36.ram has been changed from INDEPENDENT to COMMON to match the clocking topology used for the BRAM.
INFO: [Opt 31-422] The CLOCK_DOMAINS attribute on the BRAM cell SystolicCore_i/AXI_Stream_Systolic_0/inst/SystolicCore0/DUT_MatrixMultiplyM0/your_instance_name1123/inst/ila_core_inst/ila_trace_memory_inst/SUBCORE_RAM_BLK_MEM_1.trace_block_memory/inst_blk_mem_gen/gnbram.gnativebmg.native_blk_mem_gen/valid.cstr/ramloop[19].ram.r/prim_noinit.ram/DEVICE_8SERIES.NO_BMM_INFO.SDP.SIMPLE_PRIM36.ram has been changed from INDEPENDENT to COMMON to match the clocking topology used for the BRAM.
INFO: [Opt 31-422] The CLOCK_DOMAINS attribute on the BRAM cell SystolicCore_i/AXI_Stream_Systolic_0/inst/SystolicCore0/DUT_MatrixMultiplyM0/your_instance_name1123/inst/ila_core_inst/ila_trace_memory_inst/SUBCORE_RAM_BLK_MEM_1.trace_block_memory/inst_blk_mem_gen/gnbram.gnativebmg.native_blk_mem_gen/valid.cstr/ramloop[1].ram.r/prim_noinit.ram/DEVICE_8SERIES.NO_BMM_INFO.SDP.SIMPLE_PRIM36.ram has been changed from INDEPENDENT to COMMON to match the clocking topology used for the BRAM.
INFO: [Opt 31-422] The CLOCK_DOMAINS attribute on the BRAM cell SystolicCore_i/AXI_Stream_Systolic_0/inst/SystolicCore0/DUT_MatrixMultiplyM0/your_instance_name1123/inst/ila_core_inst/ila_trace_memory_inst/SUBCORE_RAM_BLK_MEM_1.trace_block_memory/inst_blk_mem_gen/gnbram.gnativebmg.native_blk_mem_gen/valid.cstr/ramloop[20].ram.r/prim_noinit.ram/DEVICE_8SERIES.NO_BMM_INFO.SDP.SIMPLE_PRIM36.ram has been changed from INDEPENDENT to COMMON to match the clocking topology used for the BRAM.
INFO: [Opt 31-422] The CLOCK_DOMAINS attribute on the BRAM cell SystolicCore_i/AXI_Stream_Systolic_0/inst/SystolicCore0/DUT_MatrixMultiplyM0/your_instance_name1123/inst/ila_core_inst/ila_trace_memory_inst/SUBCORE_RAM_BLK_MEM_1.trace_block_memory/inst_blk_mem_gen/gnbram.gnativebmg.native_blk_mem_gen/valid.cstr/ramloop[21].ram.r/prim_noinit.ram/DEVICE_8SERIES.NO_BMM_INFO.SDP.SIMPLE_PRIM36.ram has been changed from INDEPENDENT to COMMON to match the clocking topology used for the BRAM.
INFO: [Opt 31-422] The CLOCK_DOMAINS attribute on the BRAM cell SystolicCore_i/AXI_Stream_Systolic_0/inst/SystolicCore0/DUT_MatrixMultiplyM0/your_instance_name1123/inst/ila_core_inst/ila_trace_memory_inst/SUBCORE_RAM_BLK_MEM_1.trace_block_memory/inst_blk_mem_gen/gnbram.gnativebmg.native_blk_mem_gen/valid.cstr/ramloop[22].ram.r/prim_noinit.ram/DEVICE_8SERIES.NO_BMM_INFO.SDP.SIMPLE_PRIM36.ram has been changed from INDEPENDENT to COMMON to match the clocking topology used for the BRAM.
INFO: [Opt 31-422] The CLOCK_DOMAINS attribute on the BRAM cell SystolicCore_i/AXI_Stream_Systolic_0/inst/SystolicCore0/DUT_MatrixMultiplyM0/your_instance_name1123/inst/ila_core_inst/ila_trace_memory_inst/SUBCORE_RAM_BLK_MEM_1.trace_block_memory/inst_blk_mem_gen/gnbram.gnativebmg.native_blk_mem_gen/valid.cstr/ramloop[23].ram.r/prim_noinit.ram/DEVICE_8SERIES.NO_BMM_INFO.SDP.SIMPLE_PRIM36.ram has been changed from INDEPENDENT to COMMON to match the clocking topology used for the BRAM.
INFO: [Opt 31-422] The CLOCK_DOMAINS attribute on the BRAM cell SystolicCore_i/AXI_Stream_Systolic_0/inst/SystolicCore0/DUT_MatrixMultiplyM0/your_instance_name1123/inst/ila_core_inst/ila_trace_memory_inst/SUBCORE_RAM_BLK_MEM_1.trace_block_memory/inst_blk_mem_gen/gnbram.gnativebmg.native_blk_mem_gen/valid.cstr/ramloop[24].ram.r/prim_noinit.ram/DEVICE_8SERIES.NO_BMM_INFO.SDP.SIMPLE_PRIM36.ram has been changed from INDEPENDENT to COMMON to match the clocking topology used for the BRAM.
INFO: [Opt 31-422] The CLOCK_DOMAINS attribute on the BRAM cell SystolicCore_i/AXI_Stream_Systolic_0/inst/SystolicCore0/DUT_MatrixMultiplyM0/your_instance_name1123/inst/ila_core_inst/ila_trace_memory_inst/SUBCORE_RAM_BLK_MEM_1.trace_block_memory/inst_blk_mem_gen/gnbram.gnativebmg.native_blk_mem_gen/valid.cstr/ramloop[25].ram.r/prim_noinit.ram/DEVICE_8SERIES.NO_BMM_INFO.SDP.SIMPLE_PRIM36.ram has been changed from INDEPENDENT to COMMON to match the clocking topology used for the BRAM.
INFO: [Opt 31-422] The CLOCK_DOMAINS attribute on the BRAM cell SystolicCore_i/AXI_Stream_Systolic_0/inst/SystolicCore0/DUT_MatrixMultiplyM0/your_instance_name1123/inst/ila_core_inst/ila_trace_memory_inst/SUBCORE_RAM_BLK_MEM_1.trace_block_memory/inst_blk_mem_gen/gnbram.gnativebmg.native_blk_mem_gen/valid.cstr/ramloop[26].ram.r/prim_noinit.ram/DEVICE_8SERIES.NO_BMM_INFO.SDP.SIMPLE_PRIM36.ram has been changed from INDEPENDENT to COMMON to match the clocking topology used for the BRAM.
INFO: [Opt 31-422] The CLOCK_DOMAINS attribute on the BRAM cell SystolicCore_i/AXI_Stream_Systolic_0/inst/SystolicCore0/DUT_MatrixMultiplyM0/your_instance_name1123/inst/ila_core_inst/ila_trace_memory_inst/SUBCORE_RAM_BLK_MEM_1.trace_block_memory/inst_blk_mem_gen/gnbram.gnativebmg.native_blk_mem_gen/valid.cstr/ramloop[27].ram.r/prim_noinit.ram/DEVICE_8SERIES.NO_BMM_INFO.SDP.SIMPLE_PRIM36.ram has been changed from INDEPENDENT to COMMON to match the clocking topology used for the BRAM.
INFO: [Opt 31-422] The CLOCK_DOMAINS attribute on the BRAM cell SystolicCore_i/AXI_Stream_Systolic_0/inst/SystolicCore0/DUT_MatrixMultiplyM0/your_instance_name1123/inst/ila_core_inst/ila_trace_memory_inst/SUBCORE_RAM_BLK_MEM_1.trace_block_memory/inst_blk_mem_gen/gnbram.gnativebmg.native_blk_mem_gen/valid.cstr/ramloop[28].ram.r/prim_noinit.ram/DEVICE_8SERIES.NO_BMM_INFO.SDP.SIMPLE_PRIM36.ram has been changed from INDEPENDENT to COMMON to match the clocking topology used for the BRAM.
INFO: [Opt 31-422] The CLOCK_DOMAINS attribute on the BRAM cell SystolicCore_i/AXI_Stream_Systolic_0/inst/SystolicCore0/DUT_MatrixMultiplyM0/your_instance_name1123/inst/ila_core_inst/ila_trace_memory_inst/SUBCORE_RAM_BLK_MEM_1.trace_block_memory/inst_blk_mem_gen/gnbram.gnativebmg.native_blk_mem_gen/valid.cstr/ramloop[29].ram.r/prim_noinit.ram/DEVICE_8SERIES.NO_BMM_INFO.SDP.SIMPLE_PRIM36.ram has been changed from INDEPENDENT to COMMON to match the clocking topology used for the BRAM.
INFO: [Opt 31-422] The CLOCK_DOMAINS attribute on the BRAM cell SystolicCore_i/AXI_Stream_Systolic_0/inst/SystolicCore0/DUT_MatrixMultiplyM0/your_instance_name1123/inst/ila_core_inst/ila_trace_memory_inst/SUBCORE_RAM_BLK_MEM_1.trace_block_memory/inst_blk_mem_gen/gnbram.gnativebmg.native_blk_mem_gen/valid.cstr/ramloop[2].ram.r/prim_noinit.ram/DEVICE_8SERIES.NO_BMM_INFO.SDP.SIMPLE_PRIM36.ram has been changed from INDEPENDENT to COMMON to match the clocking topology used for the BRAM.
INFO: [Opt 31-422] The CLOCK_DOMAINS attribute on the BRAM cell SystolicCore_i/AXI_Stream_Systolic_0/inst/SystolicCore0/DUT_MatrixMultiplyM0/your_instance_name1123/inst/ila_core_inst/ila_trace_memory_inst/SUBCORE_RAM_BLK_MEM_1.trace_block_memory/inst_blk_mem_gen/gnbram.gnativebmg.native_blk_mem_gen/valid.cstr/ramloop[30].ram.r/prim_noinit.ram/DEVICE_8SERIES.NO_BMM_INFO.SDP.SIMPLE_PRIM36.ram has been changed from INDEPENDENT to COMMON to match the clocking topology used for the BRAM.
INFO: [Opt 31-422] The CLOCK_DOMAINS attribute on the BRAM cell SystolicCore_i/AXI_Stream_Systolic_0/inst/SystolicCore0/DUT_MatrixMultiplyM0/your_instance_name1123/inst/ila_core_inst/ila_trace_memory_inst/SUBCORE_RAM_BLK_MEM_1.trace_block_memory/inst_blk_mem_gen/gnbram.gnativebmg.native_blk_mem_gen/valid.cstr/ramloop[31].ram.r/prim_noinit.ram/DEVICE_8SERIES.NO_BMM_INFO.SDP.SIMPLE_PRIM36.ram has been changed from INDEPENDENT to COMMON to match the clocking topology used for the BRAM.
INFO: [Opt 31-422] The CLOCK_DOMAINS attribute on the BRAM cell SystolicCore_i/AXI_Stream_Systolic_0/inst/SystolicCore0/DUT_MatrixMultiplyM0/your_instance_name1123/inst/ila_core_inst/ila_trace_memory_inst/SUBCORE_RAM_BLK_MEM_1.trace_block_memory/inst_blk_mem_gen/gnbram.gnativebmg.native_blk_mem_gen/valid.cstr/ramloop[32].ram.r/prim_noinit.ram/DEVICE_8SERIES.NO_BMM_INFO.SDP.SIMPLE_PRIM36.ram has been changed from INDEPENDENT to COMMON to match the clocking topology used for the BRAM.
INFO: [Opt 31-422] The CLOCK_DOMAINS attribute on the BRAM cell SystolicCore_i/AXI_Stream_Systolic_0/inst/SystolicCore0/DUT_MatrixMultiplyM0/your_instance_name1123/inst/ila_core_inst/ila_trace_memory_inst/SUBCORE_RAM_BLK_MEM_1.trace_block_memory/inst_blk_mem_gen/gnbram.gnativebmg.native_blk_mem_gen/valid.cstr/ramloop[33].ram.r/prim_noinit.ram/DEVICE_8SERIES.NO_BMM_INFO.SDP.SIMPLE_PRIM36.ram has been changed from INDEPENDENT to COMMON to match the clocking topology used for the BRAM.
INFO: [Opt 31-422] The CLOCK_DOMAINS attribute on the BRAM cell SystolicCore_i/AXI_Stream_Systolic_0/inst/SystolicCore0/DUT_MatrixMultiplyM0/your_instance_name1123/inst/ila_core_inst/ila_trace_memory_inst/SUBCORE_RAM_BLK_MEM_1.trace_block_memory/inst_blk_mem_gen/gnbram.gnativebmg.native_blk_mem_gen/valid.cstr/ramloop[34].ram.r/prim_noinit.ram/DEVICE_8SERIES.NO_BMM_INFO.SDP.SIMPLE_PRIM36.ram has been changed from INDEPENDENT to COMMON to match the clocking topology used for the BRAM.
INFO: [Opt 31-422] The CLOCK_DOMAINS attribute on the BRAM cell SystolicCore_i/AXI_Stream_Systolic_0/inst/SystolicCore0/DUT_MatrixMultiplyM0/your_instance_name1123/inst/ila_core_inst/ila_trace_memory_inst/SUBCORE_RAM_BLK_MEM_1.trace_block_memory/inst_blk_mem_gen/gnbram.gnativebmg.native_blk_mem_gen/valid.cstr/ramloop[35].ram.r/prim_noinit.ram/DEVICE_8SERIES.NO_BMM_INFO.SDP.SIMPLE_PRIM36.ram has been changed from INDEPENDENT to COMMON to match the clocking topology used for the BRAM.
INFO: [Opt 31-422] The CLOCK_DOMAINS attribute on the BRAM cell SystolicCore_i/AXI_Stream_Systolic_0/inst/SystolicCore0/DUT_MatrixMultiplyM0/your_instance_name1123/inst/ila_core_inst/ila_trace_memory_inst/SUBCORE_RAM_BLK_MEM_1.trace_block_memory/inst_blk_mem_gen/gnbram.gnativebmg.native_blk_mem_gen/valid.cstr/ramloop[36].ram.r/prim_noinit.ram/DEVICE_8SERIES.NO_BMM_INFO.SDP.SIMPLE_PRIM36.ram has been changed from INDEPENDENT to COMMON to match the clocking topology used for the BRAM.
INFO: [Opt 31-422] The CLOCK_DOMAINS attribute on the BRAM cell SystolicCore_i/AXI_Stream_Systolic_0/inst/SystolicCore0/DUT_MatrixMultiplyM0/your_instance_name1123/inst/ila_core_inst/ila_trace_memory_inst/SUBCORE_RAM_BLK_MEM_1.trace_block_memory/inst_blk_mem_gen/gnbram.gnativebmg.native_blk_mem_gen/valid.cstr/ramloop[37].ram.r/prim_noinit.ram/DEVICE_8SERIES.NO_BMM_INFO.SDP.SIMPLE_PRIM36.ram has been changed from INDEPENDENT to COMMON to match the clocking topology used for the BRAM.
INFO: [Opt 31-422] The CLOCK_DOMAINS attribute on the BRAM cell SystolicCore_i/AXI_Stream_Systolic_0/inst/SystolicCore0/DUT_MatrixMultiplyM0/your_instance_name1123/inst/ila_core_inst/ila_trace_memory_inst/SUBCORE_RAM_BLK_MEM_1.trace_block_memory/inst_blk_mem_gen/gnbram.gnativebmg.native_blk_mem_gen/valid.cstr/ramloop[38].ram.r/prim_noinit.ram/DEVICE_8SERIES.NO_BMM_INFO.SDP.SIMPLE_PRIM36.ram has been changed from INDEPENDENT to COMMON to match the clocking topology used for the BRAM.
INFO: [Opt 31-422] The CLOCK_DOMAINS attribute on the BRAM cell SystolicCore_i/AXI_Stream_Systolic_0/inst/SystolicCore0/DUT_MatrixMultiplyM0/your_instance_name1123/inst/ila_core_inst/ila_trace_memory_inst/SUBCORE_RAM_BLK_MEM_1.trace_block_memory/inst_blk_mem_gen/gnbram.gnativebmg.native_blk_mem_gen/valid.cstr/ramloop[39].ram.r/prim_noinit.ram/DEVICE_8SERIES.NO_BMM_INFO.SDP.SIMPLE_PRIM36.ram has been changed from INDEPENDENT to COMMON to match the clocking topology used for the BRAM.
INFO: [Opt 31-422] The CLOCK_DOMAINS attribute on the BRAM cell SystolicCore_i/AXI_Stream_Systolic_0/inst/SystolicCore0/DUT_MatrixMultiplyM0/your_instance_name1123/inst/ila_core_inst/ila_trace_memory_inst/SUBCORE_RAM_BLK_MEM_1.trace_block_memory/inst_blk_mem_gen/gnbram.gnativebmg.native_blk_mem_gen/valid.cstr/ramloop[3].ram.r/prim_noinit.ram/DEVICE_8SERIES.NO_BMM_INFO.SDP.SIMPLE_PRIM36.ram has been changed from INDEPENDENT to COMMON to match the clocking topology used for the BRAM.
INFO: [Opt 31-422] The CLOCK_DOMAINS attribute on the BRAM cell SystolicCore_i/AXI_Stream_Systolic_0/inst/SystolicCore0/DUT_MatrixMultiplyM0/your_instance_name1123/inst/ila_core_inst/ila_trace_memory_inst/SUBCORE_RAM_BLK_MEM_1.trace_block_memory/inst_blk_mem_gen/gnbram.gnativebmg.native_blk_mem_gen/valid.cstr/ramloop[40].ram.r/prim_noinit.ram/DEVICE_8SERIES.NO_BMM_INFO.SDP.SIMPLE_PRIM36.ram has been changed from INDEPENDENT to COMMON to match the clocking topology used for the BRAM.
INFO: [Opt 31-422] The CLOCK_DOMAINS attribute on the BRAM cell SystolicCore_i/AXI_Stream_Systolic_0/inst/SystolicCore0/DUT_MatrixMultiplyM0/your_instance_name1123/inst/ila_core_inst/ila_trace_memory_inst/SUBCORE_RAM_BLK_MEM_1.trace_block_memory/inst_blk_mem_gen/gnbram.gnativebmg.native_blk_mem_gen/valid.cstr/ramloop[41].ram.r/prim_noinit.ram/DEVICE_8SERIES.NO_BMM_INFO.SDP.SIMPLE_PRIM36.ram has been changed from INDEPENDENT to COMMON to match the clocking topology used for the BRAM.
INFO: [Opt 31-422] The CLOCK_DOMAINS attribute on the BRAM cell SystolicCore_i/AXI_Stream_Systolic_0/inst/SystolicCore0/DUT_MatrixMultiplyM0/your_instance_name1123/inst/ila_core_inst/ila_trace_memory_inst/SUBCORE_RAM_BLK_MEM_1.trace_block_memory/inst_blk_mem_gen/gnbram.gnativebmg.native_blk_mem_gen/valid.cstr/ramloop[42].ram.r/prim_noinit.ram/DEVICE_8SERIES.NO_BMM_INFO.SDP.SIMPLE_PRIM36.ram has been changed from INDEPENDENT to COMMON to match the clocking topology used for the BRAM.
INFO: [Opt 31-422] The CLOCK_DOMAINS attribute on the BRAM cell SystolicCore_i/AXI_Stream_Systolic_0/inst/SystolicCore0/DUT_MatrixMultiplyM0/your_instance_name1123/inst/ila_core_inst/ila_trace_memory_inst/SUBCORE_RAM_BLK_MEM_1.trace_block_memory/inst_blk_mem_gen/gnbram.gnativebmg.native_blk_mem_gen/valid.cstr/ramloop[43].ram.r/prim_noinit.ram/DEVICE_8SERIES.NO_BMM_INFO.SDP.SIMPLE_PRIM36.ram has been changed from INDEPENDENT to COMMON to match the clocking topology used for the BRAM.
INFO: [Opt 31-422] The CLOCK_DOMAINS attribute on the BRAM cell SystolicCore_i/AXI_Stream_Systolic_0/inst/SystolicCore0/DUT_MatrixMultiplyM0/your_instance_name1123/inst/ila_core_inst/ila_trace_memory_inst/SUBCORE_RAM_BLK_MEM_1.trace_block_memory/inst_blk_mem_gen/gnbram.gnativebmg.native_blk_mem_gen/valid.cstr/ramloop[44].ram.r/prim_noinit.ram/DEVICE_8SERIES.NO_BMM_INFO.SDP.SIMPLE_PRIM36.ram has been changed from INDEPENDENT to COMMON to match the clocking topology used for the BRAM.
INFO: [Opt 31-422] The CLOCK_DOMAINS attribute on the BRAM cell SystolicCore_i/AXI_Stream_Systolic_0/inst/SystolicCore0/DUT_MatrixMultiplyM0/your_instance_name1123/inst/ila_core_inst/ila_trace_memory_inst/SUBCORE_RAM_BLK_MEM_1.trace_block_memory/inst_blk_mem_gen/gnbram.gnativebmg.native_blk_mem_gen/valid.cstr/ramloop[45].ram.r/prim_noinit.ram/DEVICE_8SERIES.NO_BMM_INFO.SDP.SIMPLE_PRIM36.ram has been changed from INDEPENDENT to COMMON to match the clocking topology used for the BRAM.
INFO: [Opt 31-422] The CLOCK_DOMAINS attribute on the BRAM cell SystolicCore_i/AXI_Stream_Systolic_0/inst/SystolicCore0/DUT_MatrixMultiplyM0/your_instance_name1123/inst/ila_core_inst/ila_trace_memory_inst/SUBCORE_RAM_BLK_MEM_1.trace_block_memory/inst_blk_mem_gen/gnbram.gnativebmg.native_blk_mem_gen/valid.cstr/ramloop[46].ram.r/prim_noinit.ram/DEVICE_8SERIES.NO_BMM_INFO.SDP.SIMPLE_PRIM36.ram has been changed from INDEPENDENT to COMMON to match the clocking topology used for the BRAM.
INFO: [Opt 31-422] The CLOCK_DOMAINS attribute on the BRAM cell SystolicCore_i/AXI_Stream_Systolic_0/inst/SystolicCore0/DUT_MatrixMultiplyM0/your_instance_name1123/inst/ila_core_inst/ila_trace_memory_inst/SUBCORE_RAM_BLK_MEM_1.trace_block_memory/inst_blk_mem_gen/gnbram.gnativebmg.native_blk_mem_gen/valid.cstr/ramloop[47].ram.r/prim_noinit.ram/DEVICE_8SERIES.NO_BMM_INFO.SDP.SIMPLE_PRIM36.ram has been changed from INDEPENDENT to COMMON to match the clocking topology used for the BRAM.
INFO: [Opt 31-422] The CLOCK_DOMAINS attribute on the BRAM cell SystolicCore_i/AXI_Stream_Systolic_0/inst/SystolicCore0/DUT_MatrixMultiplyM0/your_instance_name1123/inst/ila_core_inst/ila_trace_memory_inst/SUBCORE_RAM_BLK_MEM_1.trace_block_memory/inst_blk_mem_gen/gnbram.gnativebmg.native_blk_mem_gen/valid.cstr/ramloop[48].ram.r/prim_noinit.ram/DEVICE_8SERIES.NO_BMM_INFO.SDP.SIMPLE_PRIM36.ram has been changed from INDEPENDENT to COMMON to match the clocking topology used for the BRAM.
INFO: [Opt 31-422] The CLOCK_DOMAINS attribute on the BRAM cell SystolicCore_i/AXI_Stream_Systolic_0/inst/SystolicCore0/DUT_MatrixMultiplyM0/your_instance_name1123/inst/ila_core_inst/ila_trace_memory_inst/SUBCORE_RAM_BLK_MEM_1.trace_block_memory/inst_blk_mem_gen/gnbram.gnativebmg.native_blk_mem_gen/valid.cstr/ramloop[49].ram.r/prim_noinit.ram/DEVICE_8SERIES.NO_BMM_INFO.SDP.SIMPLE_PRIM36.ram has been changed from INDEPENDENT to COMMON to match the clocking topology used for the BRAM.
INFO: [Opt 31-422] The CLOCK_DOMAINS attribute on the BRAM cell SystolicCore_i/AXI_Stream_Systolic_0/inst/SystolicCore0/DUT_MatrixMultiplyM0/your_instance_name1123/inst/ila_core_inst/ila_trace_memory_inst/SUBCORE_RAM_BLK_MEM_1.trace_block_memory/inst_blk_mem_gen/gnbram.gnativebmg.native_blk_mem_gen/valid.cstr/ramloop[4].ram.r/prim_noinit.ram/DEVICE_8SERIES.NO_BMM_INFO.SDP.SIMPLE_PRIM36.ram has been changed from INDEPENDENT to COMMON to match the clocking topology used for the BRAM.
INFO: [Opt 31-422] The CLOCK_DOMAINS attribute on the BRAM cell SystolicCore_i/AXI_Stream_Systolic_0/inst/SystolicCore0/DUT_MatrixMultiplyM0/your_instance_name1123/inst/ila_core_inst/ila_trace_memory_inst/SUBCORE_RAM_BLK_MEM_1.trace_block_memory/inst_blk_mem_gen/gnbram.gnativebmg.native_blk_mem_gen/valid.cstr/ramloop[5].ram.r/prim_noinit.ram/DEVICE_8SERIES.NO_BMM_INFO.SDP.SIMPLE_PRIM36.ram has been changed from INDEPENDENT to COMMON to match the clocking topology used for the BRAM.
INFO: [Opt 31-422] The CLOCK_DOMAINS attribute on the BRAM cell SystolicCore_i/AXI_Stream_Systolic_0/inst/SystolicCore0/DUT_MatrixMultiplyM0/your_instance_name1123/inst/ila_core_inst/ila_trace_memory_inst/SUBCORE_RAM_BLK_MEM_1.trace_block_memory/inst_blk_mem_gen/gnbram.gnativebmg.native_blk_mem_gen/valid.cstr/ramloop[6].ram.r/prim_noinit.ram/DEVICE_8SERIES.NO_BMM_INFO.SDP.SIMPLE_PRIM36.ram has been changed from INDEPENDENT to COMMON to match the clocking topology used for the BRAM.
INFO: [Opt 31-422] The CLOCK_DOMAINS attribute on the BRAM cell SystolicCore_i/AXI_Stream_Systolic_0/inst/SystolicCore0/DUT_MatrixMultiplyM0/your_instance_name1123/inst/ila_core_inst/ila_trace_memory_inst/SUBCORE_RAM_BLK_MEM_1.trace_block_memory/inst_blk_mem_gen/gnbram.gnativebmg.native_blk_mem_gen/valid.cstr/ramloop[7].ram.r/prim_noinit.ram/DEVICE_8SERIES.NO_BMM_INFO.SDP.SIMPLE_PRIM36.ram has been changed from INDEPENDENT to COMMON to match the clocking topology used for the BRAM.
INFO: [Opt 31-422] The CLOCK_DOMAINS attribute on the BRAM cell SystolicCore_i/AXI_Stream_Systolic_0/inst/SystolicCore0/DUT_MatrixMultiplyM0/your_instance_name1123/inst/ila_core_inst/ila_trace_memory_inst/SUBCORE_RAM_BLK_MEM_1.trace_block_memory/inst_blk_mem_gen/gnbram.gnativebmg.native_blk_mem_gen/valid.cstr/ramloop[8].ram.r/prim_noinit.ram/DEVICE_8SERIES.NO_BMM_INFO.SDP.SIMPLE_PRIM36.ram has been changed from INDEPENDENT to COMMON to match the clocking topology used for the BRAM.
INFO: [Opt 31-422] The CLOCK_DOMAINS attribute on the BRAM cell SystolicCore_i/AXI_Stream_Systolic_0/inst/SystolicCore0/DUT_MatrixMultiplyM0/your_instance_name1123/inst/ila_core_inst/ila_trace_memory_inst/SUBCORE_RAM_BLK_MEM_1.trace_block_memory/inst_blk_mem_gen/gnbram.gnativebmg.native_blk_mem_gen/valid.cstr/ramloop[9].ram.r/prim_noinit.ram/DEVICE_8SERIES.NO_BMM_INFO.SDP.SIMPLE_PRIM36.ram has been changed from INDEPENDENT to COMMON to match the clocking topology used for the BRAM.
INFO: [Opt 31-422] The CLOCK_DOMAINS attribute on the BRAM cell SystolicCore_i/AXI_Stream_Systolic_0/inst/SystolicCore0/mem2serial_transfer_pc/your_instance_name/inst/ila_core_inst/ila_trace_memory_inst/SUBCORE_RAM_BLK_MEM_1.trace_block_memory/inst_blk_mem_gen/gnbram.gnativebmg.native_blk_mem_gen/valid.cstr/ramloop[0].ram.r/prim_noinit.ram/DEVICE_8SERIES.NO_BMM_INFO.SDP.SIMPLE_PRIM18.ram has been changed from INDEPENDENT to COMMON to match the clocking topology used for the BRAM.
INFO: [Opt 31-422] The CLOCK_DOMAINS attribute on the BRAM cell SystolicCore_i/AXI_Stream_Systolic_0/inst/SystolicCore0/mem2serial_transfer_pc/your_instance_name/inst/ila_core_inst/ila_trace_memory_inst/SUBCORE_RAM_BLK_MEM_1.trace_block_memory/inst_blk_mem_gen/gnbram.gnativebmg.native_blk_mem_gen/valid.cstr/ramloop[1].ram.r/prim_noinit.ram/DEVICE_8SERIES.NO_BMM_INFO.SDP.SIMPLE_PRIM36.ram has been changed from INDEPENDENT to COMMON to match the clocking topology used for the BRAM.
INFO: [Opt 31-422] The CLOCK_DOMAINS attribute on the BRAM cell SystolicCore_i/AXI_Stream_Systolic_0/inst/SystolicCore0/mem2serial_transfer_pc/your_instance_name2/inst/ila_core_inst/ila_trace_memory_inst/SUBCORE_RAM_BLK_MEM_1.trace_block_memory/inst_blk_mem_gen/gnbram.gnativebmg.native_blk_mem_gen/valid.cstr/ramloop[0].ram.r/prim_noinit.ram/DEVICE_8SERIES.NO_BMM_INFO.SDP.SIMPLE_PRIM18.ram has been changed from INDEPENDENT to COMMON to match the clocking topology used for the BRAM.
INFO: [Opt 31-422] The CLOCK_DOMAINS attribute on the BRAM cell SystolicCore_i/AXI_Stream_Systolic_0/inst/SystolicCore0/mem2serial_transfer_pc/your_instance_name2/inst/ila_core_inst/ila_trace_memory_inst/SUBCORE_RAM_BLK_MEM_1.trace_block_memory/inst_blk_mem_gen/gnbram.gnativebmg.native_blk_mem_gen/valid.cstr/ramloop[1].ram.r/prim_noinit.ram/DEVICE_8SERIES.NO_BMM_INFO.SDP.SIMPLE_PRIM36.ram has been changed from INDEPENDENT to COMMON to match the clocking topology used for the BRAM.
INFO: [Opt 31-422] The CLOCK_DOMAINS attribute on the BRAM cell SystolicCore_i/AXI_Stream_Systolic_0/inst/SystolicCore0/serial2mem_opA/your_instance_name1123/inst/ila_core_inst/ila_trace_memory_inst/SUBCORE_RAM_BLK_MEM_1.trace_block_memory/inst_blk_mem_gen/gnbram.gnativebmg.native_blk_mem_gen/valid.cstr/ramloop[0].ram.r/prim_noinit.ram/DEVICE_8SERIES.NO_BMM_INFO.SDP.SIMPLE_PRIM18.ram has been changed from INDEPENDENT to COMMON to match the clocking topology used for the BRAM.
INFO: [Opt 31-422] The CLOCK_DOMAINS attribute on the BRAM cell SystolicCore_i/AXI_Stream_Systolic_0/inst/SystolicCore0/serial2mem_opA/your_instance_name1123/inst/ila_core_inst/ila_trace_memory_inst/SUBCORE_RAM_BLK_MEM_1.trace_block_memory/inst_blk_mem_gen/gnbram.gnativebmg.native_blk_mem_gen/valid.cstr/ramloop[10].ram.r/prim_noinit.ram/DEVICE_8SERIES.NO_BMM_INFO.SDP.SIMPLE_PRIM36.ram has been changed from INDEPENDENT to COMMON to match the clocking topology used for the BRAM.
INFO: [Opt 31-422] The CLOCK_DOMAINS attribute on the BRAM cell SystolicCore_i/AXI_Stream_Systolic_0/inst/SystolicCore0/serial2mem_opA/your_instance_name1123/inst/ila_core_inst/ila_trace_memory_inst/SUBCORE_RAM_BLK_MEM_1.trace_block_memory/inst_blk_mem_gen/gnbram.gnativebmg.native_blk_mem_gen/valid.cstr/ramloop[11].ram.r/prim_noinit.ram/DEVICE_8SERIES.NO_BMM_INFO.SDP.SIMPLE_PRIM36.ram has been changed from INDEPENDENT to COMMON to match the clocking topology used for the BRAM.
INFO: [Opt 31-422] The CLOCK_DOMAINS attribute on the BRAM cell SystolicCore_i/AXI_Stream_Systolic_0/inst/SystolicCore0/serial2mem_opA/your_instance_name1123/inst/ila_core_inst/ila_trace_memory_inst/SUBCORE_RAM_BLK_MEM_1.trace_block_memory/inst_blk_mem_gen/gnbram.gnativebmg.native_blk_mem_gen/valid.cstr/ramloop[12].ram.r/prim_noinit.ram/DEVICE_8SERIES.NO_BMM_INFO.SDP.SIMPLE_PRIM36.ram has been changed from INDEPENDENT to COMMON to match the clocking topology used for the BRAM.
INFO: [Opt 31-422] The CLOCK_DOMAINS attribute on the BRAM cell SystolicCore_i/AXI_Stream_Systolic_0/inst/SystolicCore0/serial2mem_opA/your_instance_name1123/inst/ila_core_inst/ila_trace_memory_inst/SUBCORE_RAM_BLK_MEM_1.trace_block_memory/inst_blk_mem_gen/gnbram.gnativebmg.native_blk_mem_gen/valid.cstr/ramloop[13].ram.r/prim_noinit.ram/DEVICE_8SERIES.NO_BMM_INFO.SDP.SIMPLE_PRIM36.ram has been changed from INDEPENDENT to COMMON to match the clocking topology used for the BRAM.
INFO: [Opt 31-422] The CLOCK_DOMAINS attribute on the BRAM cell SystolicCore_i/AXI_Stream_Systolic_0/inst/SystolicCore0/serial2mem_opA/your_instance_name1123/inst/ila_core_inst/ila_trace_memory_inst/SUBCORE_RAM_BLK_MEM_1.trace_block_memory/inst_blk_mem_gen/gnbram.gnativebmg.native_blk_mem_gen/valid.cstr/ramloop[14].ram.r/prim_noinit.ram/DEVICE_8SERIES.NO_BMM_INFO.SDP.SIMPLE_PRIM36.ram has been changed from INDEPENDENT to COMMON to match the clocking topology used for the BRAM.
INFO: [Opt 31-422] The CLOCK_DOMAINS attribute on the BRAM cell SystolicCore_i/AXI_Stream_Systolic_0/inst/SystolicCore0/serial2mem_opA/your_instance_name1123/inst/ila_core_inst/ila_trace_memory_inst/SUBCORE_RAM_BLK_MEM_1.trace_block_memory/inst_blk_mem_gen/gnbram.gnativebmg.native_blk_mem_gen/valid.cstr/ramloop[15].ram.r/prim_noinit.ram/DEVICE_8SERIES.NO_BMM_INFO.SDP.SIMPLE_PRIM36.ram has been changed from INDEPENDENT to COMMON to match the clocking topology used for the BRAM.
INFO: [Opt 31-422] The CLOCK_DOMAINS attribute on the BRAM cell SystolicCore_i/AXI_Stream_Systolic_0/inst/SystolicCore0/serial2mem_opA/your_instance_name1123/inst/ila_core_inst/ila_trace_memory_inst/SUBCORE_RAM_BLK_MEM_1.trace_block_memory/inst_blk_mem_gen/gnbram.gnativebmg.native_blk_mem_gen/valid.cstr/ramloop[16].ram.r/prim_noinit.ram/DEVICE_8SERIES.NO_BMM_INFO.SDP.SIMPLE_PRIM36.ram has been changed from INDEPENDENT to COMMON to match the clocking topology used for the BRAM.
INFO: [Opt 31-422] The CLOCK_DOMAINS attribute on the BRAM cell SystolicCore_i/AXI_Stream_Systolic_0/inst/SystolicCore0/serial2mem_opA/your_instance_name1123/inst/ila_core_inst/ila_trace_memory_inst/SUBCORE_RAM_BLK_MEM_1.trace_block_memory/inst_blk_mem_gen/gnbram.gnativebmg.native_blk_mem_gen/valid.cstr/ramloop[17].ram.r/prim_noinit.ram/DEVICE_8SERIES.NO_BMM_INFO.SDP.SIMPLE_PRIM36.ram has been changed from INDEPENDENT to COMMON to match the clocking topology used for the BRAM.
INFO: [Opt 31-422] The CLOCK_DOMAINS attribute on the BRAM cell SystolicCore_i/AXI_Stream_Systolic_0/inst/SystolicCore0/serial2mem_opA/your_instance_name1123/inst/ila_core_inst/ila_trace_memory_inst/SUBCORE_RAM_BLK_MEM_1.trace_block_memory/inst_blk_mem_gen/gnbram.gnativebmg.native_blk_mem_gen/valid.cstr/ramloop[18].ram.r/prim_noinit.ram/DEVICE_8SERIES.NO_BMM_INFO.SDP.SIMPLE_PRIM36.ram has been changed from INDEPENDENT to COMMON to match the clocking topology used for the BRAM.
INFO: [Opt 31-422] The CLOCK_DOMAINS attribute on the BRAM cell SystolicCore_i/AXI_Stream_Systolic_0/inst/SystolicCore0/serial2mem_opA/your_instance_name1123/inst/ila_core_inst/ila_trace_memory_inst/SUBCORE_RAM_BLK_MEM_1.trace_block_memory/inst_blk_mem_gen/gnbram.gnativebmg.native_blk_mem_gen/valid.cstr/ramloop[19].ram.r/prim_noinit.ram/DEVICE_8SERIES.NO_BMM_INFO.SDP.SIMPLE_PRIM36.ram has been changed from INDEPENDENT to COMMON to match the clocking topology used for the BRAM.
INFO: [Opt 31-422] The CLOCK_DOMAINS attribute on the BRAM cell SystolicCore_i/AXI_Stream_Systolic_0/inst/SystolicCore0/serial2mem_opA/your_instance_name1123/inst/ila_core_inst/ila_trace_memory_inst/SUBCORE_RAM_BLK_MEM_1.trace_block_memory/inst_blk_mem_gen/gnbram.gnativebmg.native_blk_mem_gen/valid.cstr/ramloop[1].ram.r/prim_noinit.ram/DEVICE_8SERIES.NO_BMM_INFO.SDP.SIMPLE_PRIM36.ram has been changed from INDEPENDENT to COMMON to match the clocking topology used for the BRAM.
INFO: [Opt 31-422] The CLOCK_DOMAINS attribute on the BRAM cell SystolicCore_i/AXI_Stream_Systolic_0/inst/SystolicCore0/serial2mem_opA/your_instance_name1123/inst/ila_core_inst/ila_trace_memory_inst/SUBCORE_RAM_BLK_MEM_1.trace_block_memory/inst_blk_mem_gen/gnbram.gnativebmg.native_blk_mem_gen/valid.cstr/ramloop[20].ram.r/prim_noinit.ram/DEVICE_8SERIES.NO_BMM_INFO.SDP.SIMPLE_PRIM36.ram has been changed from INDEPENDENT to COMMON to match the clocking topology used for the BRAM.
INFO: [Opt 31-422] The CLOCK_DOMAINS attribute on the BRAM cell SystolicCore_i/AXI_Stream_Systolic_0/inst/SystolicCore0/serial2mem_opA/your_instance_name1123/inst/ila_core_inst/ila_trace_memory_inst/SUBCORE_RAM_BLK_MEM_1.trace_block_memory/inst_blk_mem_gen/gnbram.gnativebmg.native_blk_mem_gen/valid.cstr/ramloop[21].ram.r/prim_noinit.ram/DEVICE_8SERIES.NO_BMM_INFO.SDP.SIMPLE_PRIM36.ram has been changed from INDEPENDENT to COMMON to match the clocking topology used for the BRAM.
INFO: [Opt 31-422] The CLOCK_DOMAINS attribute on the BRAM cell SystolicCore_i/AXI_Stream_Systolic_0/inst/SystolicCore0/serial2mem_opA/your_instance_name1123/inst/ila_core_inst/ila_trace_memory_inst/SUBCORE_RAM_BLK_MEM_1.trace_block_memory/inst_blk_mem_gen/gnbram.gnativebmg.native_blk_mem_gen/valid.cstr/ramloop[22].ram.r/prim_noinit.ram/DEVICE_8SERIES.NO_BMM_INFO.SDP.SIMPLE_PRIM36.ram has been changed from INDEPENDENT to COMMON to match the clocking topology used for the BRAM.
INFO: [Opt 31-422] The CLOCK_DOMAINS attribute on the BRAM cell SystolicCore_i/AXI_Stream_Systolic_0/inst/SystolicCore0/serial2mem_opA/your_instance_name1123/inst/ila_core_inst/ila_trace_memory_inst/SUBCORE_RAM_BLK_MEM_1.trace_block_memory/inst_blk_mem_gen/gnbram.gnativebmg.native_blk_mem_gen/valid.cstr/ramloop[23].ram.r/prim_noinit.ram/DEVICE_8SERIES.NO_BMM_INFO.SDP.SIMPLE_PRIM36.ram has been changed from INDEPENDENT to COMMON to match the clocking topology used for the BRAM.
INFO: [Opt 31-422] The CLOCK_DOMAINS attribute on the BRAM cell SystolicCore_i/AXI_Stream_Systolic_0/inst/SystolicCore0/serial2mem_opA/your_instance_name1123/inst/ila_core_inst/ila_trace_memory_inst/SUBCORE_RAM_BLK_MEM_1.trace_block_memory/inst_blk_mem_gen/gnbram.gnativebmg.native_blk_mem_gen/valid.cstr/ramloop[24].ram.r/prim_noinit.ram/DEVICE_8SERIES.NO_BMM_INFO.SDP.SIMPLE_PRIM36.ram has been changed from INDEPENDENT to COMMON to match the clocking topology used for the BRAM.
INFO: [Opt 31-422] The CLOCK_DOMAINS attribute on the BRAM cell SystolicCore_i/AXI_Stream_Systolic_0/inst/SystolicCore0/serial2mem_opA/your_instance_name1123/inst/ila_core_inst/ila_trace_memory_inst/SUBCORE_RAM_BLK_MEM_1.trace_block_memory/inst_blk_mem_gen/gnbram.gnativebmg.native_blk_mem_gen/valid.cstr/ramloop[25].ram.r/prim_noinit.ram/DEVICE_8SERIES.NO_BMM_INFO.SDP.SIMPLE_PRIM36.ram has been changed from INDEPENDENT to COMMON to match the clocking topology used for the BRAM.
INFO: [Opt 31-422] The CLOCK_DOMAINS attribute on the BRAM cell SystolicCore_i/AXI_Stream_Systolic_0/inst/SystolicCore0/serial2mem_opA/your_instance_name1123/inst/ila_core_inst/ila_trace_memory_inst/SUBCORE_RAM_BLK_MEM_1.trace_block_memory/inst_blk_mem_gen/gnbram.gnativebmg.native_blk_mem_gen/valid.cstr/ramloop[26].ram.r/prim_noinit.ram/DEVICE_8SERIES.NO_BMM_INFO.SDP.SIMPLE_PRIM36.ram has been changed from INDEPENDENT to COMMON to match the clocking topology used for the BRAM.
INFO: [Opt 31-422] The CLOCK_DOMAINS attribute on the BRAM cell SystolicCore_i/AXI_Stream_Systolic_0/inst/SystolicCore0/serial2mem_opA/your_instance_name1123/inst/ila_core_inst/ila_trace_memory_inst/SUBCORE_RAM_BLK_MEM_1.trace_block_memory/inst_blk_mem_gen/gnbram.gnativebmg.native_blk_mem_gen/valid.cstr/ramloop[27].ram.r/prim_noinit.ram/DEVICE_8SERIES.NO_BMM_INFO.SDP.SIMPLE_PRIM36.ram has been changed from INDEPENDENT to COMMON to match the clocking topology used for the BRAM.
INFO: [Opt 31-422] The CLOCK_DOMAINS attribute on the BRAM cell SystolicCore_i/AXI_Stream_Systolic_0/inst/SystolicCore0/serial2mem_opA/your_instance_name1123/inst/ila_core_inst/ila_trace_memory_inst/SUBCORE_RAM_BLK_MEM_1.trace_block_memory/inst_blk_mem_gen/gnbram.gnativebmg.native_blk_mem_gen/valid.cstr/ramloop[28].ram.r/prim_noinit.ram/DEVICE_8SERIES.NO_BMM_INFO.SDP.SIMPLE_PRIM36.ram has been changed from INDEPENDENT to COMMON to match the clocking topology used for the BRAM.
INFO: [Opt 31-422] The CLOCK_DOMAINS attribute on the BRAM cell SystolicCore_i/AXI_Stream_Systolic_0/inst/SystolicCore0/serial2mem_opA/your_instance_name1123/inst/ila_core_inst/ila_trace_memory_inst/SUBCORE_RAM_BLK_MEM_1.trace_block_memory/inst_blk_mem_gen/gnbram.gnativebmg.native_blk_mem_gen/valid.cstr/ramloop[29].ram.r/prim_noinit.ram/DEVICE_8SERIES.NO_BMM_INFO.SDP.SIMPLE_PRIM36.ram has been changed from INDEPENDENT to COMMON to match the clocking topology used for the BRAM.
INFO: [Opt 31-422] The CLOCK_DOMAINS attribute on the BRAM cell SystolicCore_i/AXI_Stream_Systolic_0/inst/SystolicCore0/serial2mem_opA/your_instance_name1123/inst/ila_core_inst/ila_trace_memory_inst/SUBCORE_RAM_BLK_MEM_1.trace_block_memory/inst_blk_mem_gen/gnbram.gnativebmg.native_blk_mem_gen/valid.cstr/ramloop[2].ram.r/prim_noinit.ram/DEVICE_8SERIES.NO_BMM_INFO.SDP.SIMPLE_PRIM36.ram has been changed from INDEPENDENT to COMMON to match the clocking topology used for the BRAM.
INFO: [Opt 31-422] The CLOCK_DOMAINS attribute on the BRAM cell SystolicCore_i/AXI_Stream_Systolic_0/inst/SystolicCore0/serial2mem_opA/your_instance_name1123/inst/ila_core_inst/ila_trace_memory_inst/SUBCORE_RAM_BLK_MEM_1.trace_block_memory/inst_blk_mem_gen/gnbram.gnativebmg.native_blk_mem_gen/valid.cstr/ramloop[30].ram.r/prim_noinit.ram/DEVICE_8SERIES.NO_BMM_INFO.SDP.SIMPLE_PRIM36.ram has been changed from INDEPENDENT to COMMON to match the clocking topology used for the BRAM.
INFO: [Opt 31-422] The CLOCK_DOMAINS attribute on the BRAM cell SystolicCore_i/AXI_Stream_Systolic_0/inst/SystolicCore0/serial2mem_opA/your_instance_name1123/inst/ila_core_inst/ila_trace_memory_inst/SUBCORE_RAM_BLK_MEM_1.trace_block_memory/inst_blk_mem_gen/gnbram.gnativebmg.native_blk_mem_gen/valid.cstr/ramloop[31].ram.r/prim_noinit.ram/DEVICE_8SERIES.NO_BMM_INFO.SDP.SIMPLE_PRIM36.ram has been changed from INDEPENDENT to COMMON to match the clocking topology used for the BRAM.
INFO: [Opt 31-422] The CLOCK_DOMAINS attribute on the BRAM cell SystolicCore_i/AXI_Stream_Systolic_0/inst/SystolicCore0/serial2mem_opA/your_instance_name1123/inst/ila_core_inst/ila_trace_memory_inst/SUBCORE_RAM_BLK_MEM_1.trace_block_memory/inst_blk_mem_gen/gnbram.gnativebmg.native_blk_mem_gen/valid.cstr/ramloop[32].ram.r/prim_noinit.ram/DEVICE_8SERIES.NO_BMM_INFO.SDP.SIMPLE_PRIM36.ram has been changed from INDEPENDENT to COMMON to match the clocking topology used for the BRAM.
INFO: [Opt 31-422] The CLOCK_DOMAINS attribute on the BRAM cell SystolicCore_i/AXI_Stream_Systolic_0/inst/SystolicCore0/serial2mem_opA/your_instance_name1123/inst/ila_core_inst/ila_trace_memory_inst/SUBCORE_RAM_BLK_MEM_1.trace_block_memory/inst_blk_mem_gen/gnbram.gnativebmg.native_blk_mem_gen/valid.cstr/ramloop[33].ram.r/prim_noinit.ram/DEVICE_8SERIES.NO_BMM_INFO.SDP.SIMPLE_PRIM36.ram has been changed from INDEPENDENT to COMMON to match the clocking topology used for the BRAM.
INFO: [Opt 31-422] The CLOCK_DOMAINS attribute on the BRAM cell SystolicCore_i/AXI_Stream_Systolic_0/inst/SystolicCore0/serial2mem_opA/your_instance_name1123/inst/ila_core_inst/ila_trace_memory_inst/SUBCORE_RAM_BLK_MEM_1.trace_block_memory/inst_blk_mem_gen/gnbram.gnativebmg.native_blk_mem_gen/valid.cstr/ramloop[34].ram.r/prim_noinit.ram/DEVICE_8SERIES.NO_BMM_INFO.SDP.SIMPLE_PRIM36.ram has been changed from INDEPENDENT to COMMON to match the clocking topology used for the BRAM.
INFO: [Opt 31-422] The CLOCK_DOMAINS attribute on the BRAM cell SystolicCore_i/AXI_Stream_Systolic_0/inst/SystolicCore0/serial2mem_opA/your_instance_name1123/inst/ila_core_inst/ila_trace_memory_inst/SUBCORE_RAM_BLK_MEM_1.trace_block_memory/inst_blk_mem_gen/gnbram.gnativebmg.native_blk_mem_gen/valid.cstr/ramloop[35].ram.r/prim_noinit.ram/DEVICE_8SERIES.NO_BMM_INFO.SDP.SIMPLE_PRIM36.ram has been changed from INDEPENDENT to COMMON to match the clocking topology used for the BRAM.
INFO: [Opt 31-422] The CLOCK_DOMAINS attribute on the BRAM cell SystolicCore_i/AXI_Stream_Systolic_0/inst/SystolicCore0/serial2mem_opA/your_instance_name1123/inst/ila_core_inst/ila_trace_memory_inst/SUBCORE_RAM_BLK_MEM_1.trace_block_memory/inst_blk_mem_gen/gnbram.gnativebmg.native_blk_mem_gen/valid.cstr/ramloop[36].ram.r/prim_noinit.ram/DEVICE_8SERIES.NO_BMM_INFO.SDP.SIMPLE_PRIM36.ram has been changed from INDEPENDENT to COMMON to match the clocking topology used for the BRAM.
INFO: [Opt 31-422] The CLOCK_DOMAINS attribute on the BRAM cell SystolicCore_i/AXI_Stream_Systolic_0/inst/SystolicCore0/serial2mem_opA/your_instance_name1123/inst/ila_core_inst/ila_trace_memory_inst/SUBCORE_RAM_BLK_MEM_1.trace_block_memory/inst_blk_mem_gen/gnbram.gnativebmg.native_blk_mem_gen/valid.cstr/ramloop[37].ram.r/prim_noinit.ram/DEVICE_8SERIES.NO_BMM_INFO.SDP.SIMPLE_PRIM36.ram has been changed from INDEPENDENT to COMMON to match the clocking topology used for the BRAM.
INFO: [Opt 31-422] The CLOCK_DOMAINS attribute on the BRAM cell SystolicCore_i/AXI_Stream_Systolic_0/inst/SystolicCore0/serial2mem_opA/your_instance_name1123/inst/ila_core_inst/ila_trace_memory_inst/SUBCORE_RAM_BLK_MEM_1.trace_block_memory/inst_blk_mem_gen/gnbram.gnativebmg.native_blk_mem_gen/valid.cstr/ramloop[38].ram.r/prim_noinit.ram/DEVICE_8SERIES.NO_BMM_INFO.SDP.SIMPLE_PRIM36.ram has been changed from INDEPENDENT to COMMON to match the clocking topology used for the BRAM.
INFO: [Opt 31-422] The CLOCK_DOMAINS attribute on the BRAM cell SystolicCore_i/AXI_Stream_Systolic_0/inst/SystolicCore0/serial2mem_opA/your_instance_name1123/inst/ila_core_inst/ila_trace_memory_inst/SUBCORE_RAM_BLK_MEM_1.trace_block_memory/inst_blk_mem_gen/gnbram.gnativebmg.native_blk_mem_gen/valid.cstr/ramloop[39].ram.r/prim_noinit.ram/DEVICE_8SERIES.NO_BMM_INFO.SDP.SIMPLE_PRIM36.ram has been changed from INDEPENDENT to COMMON to match the clocking topology used for the BRAM.
INFO: [Opt 31-422] The CLOCK_DOMAINS attribute on the BRAM cell SystolicCore_i/AXI_Stream_Systolic_0/inst/SystolicCore0/serial2mem_opA/your_instance_name1123/inst/ila_core_inst/ila_trace_memory_inst/SUBCORE_RAM_BLK_MEM_1.trace_block_memory/inst_blk_mem_gen/gnbram.gnativebmg.native_blk_mem_gen/valid.cstr/ramloop[3].ram.r/prim_noinit.ram/DEVICE_8SERIES.NO_BMM_INFO.SDP.SIMPLE_PRIM36.ram has been changed from INDEPENDENT to COMMON to match the clocking topology used for the BRAM.
INFO: [Opt 31-422] The CLOCK_DOMAINS attribute on the BRAM cell SystolicCore_i/AXI_Stream_Systolic_0/inst/SystolicCore0/serial2mem_opA/your_instance_name1123/inst/ila_core_inst/ila_trace_memory_inst/SUBCORE_RAM_BLK_MEM_1.trace_block_memory/inst_blk_mem_gen/gnbram.gnativebmg.native_blk_mem_gen/valid.cstr/ramloop[40].ram.r/prim_noinit.ram/DEVICE_8SERIES.NO_BMM_INFO.SDP.SIMPLE_PRIM36.ram has been changed from INDEPENDENT to COMMON to match the clocking topology used for the BRAM.
INFO: [Opt 31-422] The CLOCK_DOMAINS attribute on the BRAM cell SystolicCore_i/AXI_Stream_Systolic_0/inst/SystolicCore0/serial2mem_opA/your_instance_name1123/inst/ila_core_inst/ila_trace_memory_inst/SUBCORE_RAM_BLK_MEM_1.trace_block_memory/inst_blk_mem_gen/gnbram.gnativebmg.native_blk_mem_gen/valid.cstr/ramloop[41].ram.r/prim_noinit.ram/DEVICE_8SERIES.NO_BMM_INFO.SDP.SIMPLE_PRIM36.ram has been changed from INDEPENDENT to COMMON to match the clocking topology used for the BRAM.
INFO: [Opt 31-422] The CLOCK_DOMAINS attribute on the BRAM cell SystolicCore_i/AXI_Stream_Systolic_0/inst/SystolicCore0/serial2mem_opA/your_instance_name1123/inst/ila_core_inst/ila_trace_memory_inst/SUBCORE_RAM_BLK_MEM_1.trace_block_memory/inst_blk_mem_gen/gnbram.gnativebmg.native_blk_mem_gen/valid.cstr/ramloop[42].ram.r/prim_noinit.ram/DEVICE_8SERIES.NO_BMM_INFO.SDP.SIMPLE_PRIM36.ram has been changed from INDEPENDENT to COMMON to match the clocking topology used for the BRAM.
INFO: [Opt 31-422] The CLOCK_DOMAINS attribute on the BRAM cell SystolicCore_i/AXI_Stream_Systolic_0/inst/SystolicCore0/serial2mem_opA/your_instance_name1123/inst/ila_core_inst/ila_trace_memory_inst/SUBCORE_RAM_BLK_MEM_1.trace_block_memory/inst_blk_mem_gen/gnbram.gnativebmg.native_blk_mem_gen/valid.cstr/ramloop[43].ram.r/prim_noinit.ram/DEVICE_8SERIES.NO_BMM_INFO.SDP.SIMPLE_PRIM36.ram has been changed from INDEPENDENT to COMMON to match the clocking topology used for the BRAM.
INFO: [Opt 31-422] The CLOCK_DOMAINS attribute on the BRAM cell SystolicCore_i/AXI_Stream_Systolic_0/inst/SystolicCore0/serial2mem_opA/your_instance_name1123/inst/ila_core_inst/ila_trace_memory_inst/SUBCORE_RAM_BLK_MEM_1.trace_block_memory/inst_blk_mem_gen/gnbram.gnativebmg.native_blk_mem_gen/valid.cstr/ramloop[44].ram.r/prim_noinit.ram/DEVICE_8SERIES.NO_BMM_INFO.SDP.SIMPLE_PRIM36.ram has been changed from INDEPENDENT to COMMON to match the clocking topology used for the BRAM.
INFO: [Opt 31-422] The CLOCK_DOMAINS attribute on the BRAM cell SystolicCore_i/AXI_Stream_Systolic_0/inst/SystolicCore0/serial2mem_opA/your_instance_name1123/inst/ila_core_inst/ila_trace_memory_inst/SUBCORE_RAM_BLK_MEM_1.trace_block_memory/inst_blk_mem_gen/gnbram.gnativebmg.native_blk_mem_gen/valid.cstr/ramloop[45].ram.r/prim_noinit.ram/DEVICE_8SERIES.NO_BMM_INFO.SDP.SIMPLE_PRIM36.ram has been changed from INDEPENDENT to COMMON to match the clocking topology used for the BRAM.
INFO: [Opt 31-422] The CLOCK_DOMAINS attribute on the BRAM cell SystolicCore_i/AXI_Stream_Systolic_0/inst/SystolicCore0/serial2mem_opA/your_instance_name1123/inst/ila_core_inst/ila_trace_memory_inst/SUBCORE_RAM_BLK_MEM_1.trace_block_memory/inst_blk_mem_gen/gnbram.gnativebmg.native_blk_mem_gen/valid.cstr/ramloop[46].ram.r/prim_noinit.ram/DEVICE_8SERIES.NO_BMM_INFO.SDP.SIMPLE_PRIM36.ram has been changed from INDEPENDENT to COMMON to match the clocking topology used for the BRAM.
INFO: [Opt 31-422] The CLOCK_DOMAINS attribute on the BRAM cell SystolicCore_i/AXI_Stream_Systolic_0/inst/SystolicCore0/serial2mem_opA/your_instance_name1123/inst/ila_core_inst/ila_trace_memory_inst/SUBCORE_RAM_BLK_MEM_1.trace_block_memory/inst_blk_mem_gen/gnbram.gnativebmg.native_blk_mem_gen/valid.cstr/ramloop[47].ram.r/prim_noinit.ram/DEVICE_8SERIES.NO_BMM_INFO.SDP.SIMPLE_PRIM36.ram has been changed from INDEPENDENT to COMMON to match the clocking topology used for the BRAM.
INFO: [Opt 31-422] The CLOCK_DOMAINS attribute on the BRAM cell SystolicCore_i/AXI_Stream_Systolic_0/inst/SystolicCore0/serial2mem_opA/your_instance_name1123/inst/ila_core_inst/ila_trace_memory_inst/SUBCORE_RAM_BLK_MEM_1.trace_block_memory/inst_blk_mem_gen/gnbram.gnativebmg.native_blk_mem_gen/valid.cstr/ramloop[48].ram.r/prim_noinit.ram/DEVICE_8SERIES.NO_BMM_INFO.SDP.SIMPLE_PRIM36.ram has been changed from INDEPENDENT to COMMON to match the clocking topology used for the BRAM.
INFO: [Opt 31-422] The CLOCK_DOMAINS attribute on the BRAM cell SystolicCore_i/AXI_Stream_Systolic_0/inst/SystolicCore0/serial2mem_opA/your_instance_name1123/inst/ila_core_inst/ila_trace_memory_inst/SUBCORE_RAM_BLK_MEM_1.trace_block_memory/inst_blk_mem_gen/gnbram.gnativebmg.native_blk_mem_gen/valid.cstr/ramloop[49].ram.r/prim_noinit.ram/DEVICE_8SERIES.NO_BMM_INFO.SDP.SIMPLE_PRIM36.ram has been changed from INDEPENDENT to COMMON to match the clocking topology used for the BRAM.
INFO: [Opt 31-422] The CLOCK_DOMAINS attribute on the BRAM cell SystolicCore_i/AXI_Stream_Systolic_0/inst/SystolicCore0/serial2mem_opA/your_instance_name1123/inst/ila_core_inst/ila_trace_memory_inst/SUBCORE_RAM_BLK_MEM_1.trace_block_memory/inst_blk_mem_gen/gnbram.gnativebmg.native_blk_mem_gen/valid.cstr/ramloop[4].ram.r/prim_noinit.ram/DEVICE_8SERIES.NO_BMM_INFO.SDP.SIMPLE_PRIM36.ram has been changed from INDEPENDENT to COMMON to match the clocking topology used for the BRAM.
INFO: [Opt 31-422] The CLOCK_DOMAINS attribute on the BRAM cell SystolicCore_i/AXI_Stream_Systolic_0/inst/SystolicCore0/serial2mem_opA/your_instance_name1123/inst/ila_core_inst/ila_trace_memory_inst/SUBCORE_RAM_BLK_MEM_1.trace_block_memory/inst_blk_mem_gen/gnbram.gnativebmg.native_blk_mem_gen/valid.cstr/ramloop[5].ram.r/prim_noinit.ram/DEVICE_8SERIES.NO_BMM_INFO.SDP.SIMPLE_PRIM36.ram has been changed from INDEPENDENT to COMMON to match the clocking topology used for the BRAM.
INFO: [Common 17-14] Message 'Opt 31-422' appears 100 times and further instances of the messages will be disabled. Use the Tcl command set_msg_config to change the current settings.
INFO: [Opt 31-49] Retargeted 0 cell(s).
Phase 3 Retarget | Checksum: 205e2dd27

Time (s): cpu = 00:00:13 ; elapsed = 00:00:07 . Memory (MB): peak = 4459.129 ; gain = 23.812 ; free physical = 4607 ; free virtual = 39373
Retarget | Checksum: 205e2dd27
INFO: [Opt 31-389] Phase Retarget created 93 cells and removed 667 cells
INFO: [Opt 31-1021] In phase Retarget, 4453 netlist objects are constrained preventing optimization. Please run opt_design with -debug_log to get more detail. 

Phase 4 Constant propagation
INFO: [Opt 31-138] Pushed 0 inverter(s) to 0 load pin(s).
Phase 4 Constant propagation | Checksum: 1e5722ea7

Time (s): cpu = 00:00:13 ; elapsed = 00:00:07 . Memory (MB): peak = 4459.129 ; gain = 23.812 ; free physical = 4607 ; free virtual = 39373
Constant propagation | Checksum: 1e5722ea7
INFO: [Opt 31-389] Phase Constant propagation created 2 cells and removed 132 cells
INFO: [Opt 31-1021] In phase Constant propagation, 6512 netlist objects are constrained preventing optimization. Please run opt_design with -debug_log to get more detail. 

Phase 5 Sweep
INFO: [Constraints 18-11670] Building netlist checker database with flags, 0x8
Done building netlist checker database: Time (s): cpu = 00:00:00.01 ; elapsed = 00:00:00.01 . Memory (MB): peak = 4459.129 ; gain = 0.000 ; free physical = 4608 ; free virtual = 39374
INFO: [Constraints 18-11670] Building netlist checker database with flags, 0x8
Done building netlist checker database: Time (s): cpu = 00:00:00.01 ; elapsed = 00:00:00.01 . Memory (MB): peak = 4459.129 ; gain = 0.000 ; free physical = 4607 ; free virtual = 39373
Phase 5 Sweep | Checksum: 1a20f100a

Time (s): cpu = 00:00:14 ; elapsed = 00:00:08 . Memory (MB): peak = 4459.129 ; gain = 23.812 ; free physical = 4607 ; free virtual = 39373
Sweep | Checksum: 1a20f100a
INFO: [Opt 31-389] Phase Sweep created 0 cells and removed 626 cells
INFO: [Opt 31-1021] In phase Sweep, 16614 netlist objects are constrained preventing optimization. Please run opt_design with -debug_log to get more detail. 

Phase 6 BUFG optimization
INFO: [Opt 31-1077] Phase BUFG optimization inserted 0 global clock buffer(s) for CLOCK_LOW_FANOUT.
Phase 6 BUFG optimization | Checksum: 1a20f100a

Time (s): cpu = 00:00:14 ; elapsed = 00:00:08 . Memory (MB): peak = 4491.145 ; gain = 55.828 ; free physical = 4607 ; free virtual = 39373
BUFG optimization | Checksum: 1a20f100a
INFO: [Opt 31-662] Phase BUFG optimization created 0 cells of which 0 are BUFGs and removed 0 cells.

Phase 7 Shift Register Optimization
INFO: [Opt 31-1064] SRL Remap converted 0 SRLs to 0 registers and converted 0 registers of register chains to 0 SRLs
Phase 7 Shift Register Optimization | Checksum: 1a20f100a

Time (s): cpu = 00:00:14 ; elapsed = 00:00:08 . Memory (MB): peak = 4491.145 ; gain = 55.828 ; free physical = 4607 ; free virtual = 39373
Shift Register Optimization | Checksum: 1a20f100a
INFO: [Opt 31-389] Phase Shift Register Optimization created 0 cells and removed 0 cells

Phase 8 Post Processing Netlist
Phase 8 Post Processing Netlist | Checksum: 17e32354a

Time (s): cpu = 00:00:14 ; elapsed = 00:00:08 . Memory (MB): peak = 4491.145 ; gain = 55.828 ; free physical = 4607 ; free virtual = 39373
Post Processing Netlist | Checksum: 17e32354a
INFO: [Opt 31-389] Phase Post Processing Netlist created 0 cells and removed 0 cells
INFO: [Opt 31-1021] In phase Post Processing Netlist, 4331 netlist objects are constrained preventing optimization. Please run opt_design with -debug_log to get more detail. 

Phase 9 Finalization

Phase 9.1 Finalizing Design Cores and Updating Shapes
Phase 9.1 Finalizing Design Cores and Updating Shapes | Checksum: 1f4e81831

Time (s): cpu = 00:00:15 ; elapsed = 00:00:09 . Memory (MB): peak = 4491.145 ; gain = 55.828 ; free physical = 4604 ; free virtual = 39370

Phase 9.2 Verifying Netlist Connectivity

Starting Connectivity Check Task

Time (s): cpu = 00:00:00.04 ; elapsed = 00:00:00.03 . Memory (MB): peak = 4491.145 ; gain = 0.000 ; free physical = 4604 ; free virtual = 39370
Phase 9.2 Verifying Netlist Connectivity | Checksum: 1f4e81831

Time (s): cpu = 00:00:15 ; elapsed = 00:00:09 . Memory (MB): peak = 4491.145 ; gain = 55.828 ; free physical = 4604 ; free virtual = 39370
Phase 9 Finalization | Checksum: 1f4e81831

Time (s): cpu = 00:00:15 ; elapsed = 00:00:09 . Memory (MB): peak = 4491.145 ; gain = 55.828 ; free physical = 4604 ; free virtual = 39370
Opt_design Change Summary
=========================


-------------------------------------------------------------------------------------------------------------------------
|  Phase                        |  #Cells created  |  #Cells Removed  |  #Constrained objects preventing optimizations  |
-------------------------------------------------------------------------------------------------------------------------
|  Retarget                     |              93  |             667  |                                           4453  |
|  Constant propagation         |               2  |             132  |                                           6512  |
|  Sweep                        |               0  |             626  |                                          16614  |
|  BUFG optimization            |               0  |               0  |                                              0  |
|  Shift Register Optimization  |               0  |               0  |                                              0  |
|  Post Processing Netlist      |               0  |               0  |                                           4331  |
-------------------------------------------------------------------------------------------------------------------------


Ending Logic Optimization Task | Checksum: 1f4e81831

Time (s): cpu = 00:00:15 ; elapsed = 00:00:09 . Memory (MB): peak = 4491.145 ; gain = 55.828 ; free physical = 4604 ; free virtual = 39370

Starting Power Optimization Task
INFO: [Pwropt 34-132] Skipping clock gating for clocks with a period < 2.00 ns.
INFO: [Timing 38-35] Done setting XDC timing constraints.
Running Vector-less Activity Propagation...

Finished Running Vector-less Activity Propagation
INFO: [Pwropt 34-9] Applying IDT optimizations ...
INFO: [Pwropt 34-10] Applying ODC optimizations ...


Starting PowerOpt Patch Enables Task
INFO: [Pwropt 34-162] WRITE_MODE attribute of 0 BRAM(s) out of a total of 170 has been updated to save power. Run report_power_opt to get a complete listing of the BRAMs updated.
INFO: [Pwropt 34-201] Structural ODC has moved 0 WE to EN ports
Number of BRAM Ports augmented: 172 newly gated: 0 Total Ports: 340
Ending PowerOpt Patch Enables Task | Checksum: 20655aca1

Time (s): cpu = 00:00:00.49 ; elapsed = 00:00:00.49 . Memory (MB): peak = 4735.160 ; gain = 0.000 ; free physical = 4474 ; free virtual = 39240
Ending Power Optimization Task | Checksum: 20655aca1

Time (s): cpu = 00:00:13 ; elapsed = 00:00:07 . Memory (MB): peak = 4735.160 ; gain = 244.016 ; free physical = 4474 ; free virtual = 39240

Starting Final Cleanup Task

Starting Logic Optimization Task
INFO: [Timing 38-35] Done setting XDC timing constraints.
Ending Logic Optimization Task | Checksum: 23c0f90ca

Time (s): cpu = 00:00:02 ; elapsed = 00:00:01 . Memory (MB): peak = 4735.160 ; gain = 0.000 ; free physical = 4468 ; free virtual = 39234
Ending Final Cleanup Task | Checksum: 23c0f90ca

Time (s): cpu = 00:00:04 ; elapsed = 00:00:02 . Memory (MB): peak = 4735.160 ; gain = 0.000 ; free physical = 4468 ; free virtual = 39234
Netlist sorting complete. Time (s): cpu = 00:00:00.01 ; elapsed = 00:00:00.01 . Memory (MB): peak = 4735.160 ; gain = 0.000 ; free physical = 4468 ; free virtual = 39234
INFO: [Common 17-83] Releasing license: Implementation
178 Infos, 16 Warnings, 0 Critical Warnings and 0 Errors encountered.
opt_design completed successfully
opt_design: Time (s): cpu = 00:00:36 ; elapsed = 00:00:21 . Memory (MB): peak = 4735.160 ; gain = 668.465 ; free physical = 4468 ; free virtual = 39234
INFO: [Vivado 12-24828] Executing command : report_drc -file SystolicCore_wrapper_drc_opted.rpt -pb SystolicCore_wrapper_drc_opted.pb -rpx SystolicCore_wrapper_drc_opted.rpx
Command: report_drc -file SystolicCore_wrapper_drc_opted.rpt -pb SystolicCore_wrapper_drc_opted.pb -rpx SystolicCore_wrapper_drc_opted.rpx
INFO: [IP_Flow 19-1839] IP Catalog is up to date.
INFO: [DRC 23-27] Running DRC with 8 threads
INFO: [Vivado_Tcl 2-168] The results of DRC are in file /home/xmen/Videos/RustDesk/SystolicCore/SystolicCore/Zynq_Systolic_Core_AXI_FIFO_Stream/Zynq_Systolic_Core_AXI_FIFO_Stream.runs/impl_1/SystolicCore_wrapper_drc_opted.rpt.
report_drc completed successfully
INFO: [Timing 38-480] Writing timing data to binary archive.
Write ShapeDB Complete: Time (s): cpu = 00:00:00.15 ; elapsed = 00:00:00.04 . Memory (MB): peak = 4735.160 ; gain = 0.000 ; free physical = 4463 ; free virtual = 39233
INFO: [Common 17-1381] The checkpoint '/home/xmen/Videos/RustDesk/SystolicCore/SystolicCore/Zynq_Systolic_Core_AXI_FIFO_Stream/Zynq_Systolic_Core_AXI_FIFO_Stream.runs/impl_1/SystolicCore_wrapper_opt.dcp' has been generated.
INFO: [Chipscope 16-240] Debug cores have already been implemented
Command: place_design
Attempting to get a license for feature 'Implementation' and/or device 'xczu7ev'
INFO: [Common 17-349] Got license for feature 'Implementation' and/or device 'xczu7ev'
INFO: [Common 17-83] Releasing license: Implementation
INFO: [DRC 23-27] Running DRC with 8 threads
INFO: [Vivado_Tcl 4-198] DRC finished with 0 Errors
INFO: [Vivado_Tcl 4-199] Please refer to the DRC report (report_drc) for more information.
INFO: [Timing 38-35] Done setting XDC timing constraints.
Running DRC as a precondition to command place_design
INFO: [DRC 23-27] Running DRC with 8 threads
INFO: [Vivado_Tcl 4-198] DRC finished with 0 Errors
INFO: [Vivado_Tcl 4-199] Please refer to the DRC report (report_drc) for more information.
INFO: [Place 30-611] Multithreading enabled for place_design using a maximum of 8 CPUs

Starting Placer Task

Phase 1 Placer Initialization

Phase 1.1 Placer Initialization Netlist Sorting
Netlist sorting complete. Time (s): cpu = 00:00:00.01 ; elapsed = 00:00:00.01 . Memory (MB): peak = 4839.211 ; gain = 0.000 ; free physical = 4898 ; free virtual = 39673
Phase 1.1 Placer Initialization Netlist Sorting | Checksum: 181bc96d9

Time (s): cpu = 00:00:00.02 ; elapsed = 00:00:00.02 . Memory (MB): peak = 4839.211 ; gain = 0.000 ; free physical = 4898 ; free virtual = 39673
Netlist sorting complete. Time (s): cpu = 00:00:00.01 ; elapsed = 00:00:00 . Memory (MB): peak = 4839.211 ; gain = 0.000 ; free physical = 4898 ; free virtual = 39673

Phase 1.2 IO Placement/ Clock Placement/ Build Placer Device
Phase 1.2 IO Placement/ Clock Placement/ Build Placer Device | Checksum: 1aed14ac0

Time (s): cpu = 00:00:08 ; elapsed = 00:00:08 . Memory (MB): peak = 5054.648 ; gain = 215.438 ; free physical = 6013 ; free virtual = 40787

Phase 1.3 Build Placer Netlist Model
Phase 1.3 Build Placer Netlist Model | Checksum: 24e72bf2c

Time (s): cpu = 00:00:15 ; elapsed = 00:00:11 . Memory (MB): peak = 5086.664 ; gain = 247.453 ; free physical = 5977 ; free virtual = 40752

Phase 1.4 Constrain Clocks/Macros
Phase 1.4 Constrain Clocks/Macros | Checksum: 24e72bf2c

Time (s): cpu = 00:00:15 ; elapsed = 00:00:11 . Memory (MB): peak = 5086.664 ; gain = 247.453 ; free physical = 5977 ; free virtual = 40752
Phase 1 Placer Initialization | Checksum: 24e72bf2c

Time (s): cpu = 00:00:15 ; elapsed = 00:00:11 . Memory (MB): peak = 5086.664 ; gain = 247.453 ; free physical = 5977 ; free virtual = 40752

Phase 2 Global Placement

Phase 2.1 Floorplanning

Phase 2.1.1 Partition Driven Placement

Phase 2.1.1.1 PBP: Partition Driven Placement
Phase 2.1.1.1 PBP: Partition Driven Placement | Checksum: 1c6271123

Time (s): cpu = 00:00:30 ; elapsed = 00:00:16 . Memory (MB): peak = 5086.664 ; gain = 247.453 ; free physical = 5970 ; free virtual = 40744

Phase 2.1.1.2 PBP: Clock Region Placement
INFO: [Place 30-3162] Check ILP status : ILP-based clock placer completed successfully.
Phase 2.1.1.2 PBP: Clock Region Placement | Checksum: 1c6271123

Time (s): cpu = 00:00:31 ; elapsed = 00:00:17 . Memory (MB): peak = 5086.664 ; gain = 247.453 ; free physical = 5969 ; free virtual = 40744

Phase 2.1.1.3 PBP: Compute Congestion
Phase 2.1.1.3 PBP: Compute Congestion | Checksum: 1c6271123

Time (s): cpu = 00:00:40 ; elapsed = 00:00:19 . Memory (MB): peak = 5432.648 ; gain = 593.438 ; free physical = 5501 ; free virtual = 40276

Phase 2.1.1.4 PBP: UpdateTiming
Phase 2.1.1.4 PBP: UpdateTiming | Checksum: 23f7cdbc8

Time (s): cpu = 00:00:41 ; elapsed = 00:00:20 . Memory (MB): peak = 5464.664 ; gain = 625.453 ; free physical = 5501 ; free virtual = 40276

Phase 2.1.1.5 PBP: Add part constraints
Phase 2.1.1.5 PBP: Add part constraints | Checksum: 23f7cdbc8

Time (s): cpu = 00:00:41 ; elapsed = 00:00:20 . Memory (MB): peak = 5464.664 ; gain = 625.453 ; free physical = 5501 ; free virtual = 40276
Phase 2.1.1 Partition Driven Placement | Checksum: 23f7cdbc8

Time (s): cpu = 00:00:41 ; elapsed = 00:00:20 . Memory (MB): peak = 5464.664 ; gain = 625.453 ; free physical = 5501 ; free virtual = 40276
Phase 2.1 Floorplanning | Checksum: 2121f260c

Time (s): cpu = 00:00:41 ; elapsed = 00:00:20 . Memory (MB): peak = 5464.664 ; gain = 625.453 ; free physical = 5501 ; free virtual = 40276

Phase 2.2 Update Timing before SLR Path Opt
Phase 2.2 Update Timing before SLR Path Opt | Checksum: 2121f260c

Time (s): cpu = 00:00:41 ; elapsed = 00:00:20 . Memory (MB): peak = 5464.664 ; gain = 625.453 ; free physical = 5501 ; free virtual = 40276

Phase 2.3 Post-Processing in Floorplanning
Phase 2.3 Post-Processing in Floorplanning | Checksum: 2121f260c

Time (s): cpu = 00:00:42 ; elapsed = 00:00:20 . Memory (MB): peak = 5464.664 ; gain = 625.453 ; free physical = 5501 ; free virtual = 40276

Phase 2.4 Global Place Phase1
Phase 2.4 Global Place Phase1 | Checksum: 20ca03938

Time (s): cpu = 00:01:17 ; elapsed = 00:00:32 . Memory (MB): peak = 5580.664 ; gain = 741.453 ; free physical = 5381 ; free virtual = 40156

Phase 2.5 Global Place Phase2

Phase 2.5.1 UpdateTiming Before Physical Synthesis
Phase 2.5.1 UpdateTiming Before Physical Synthesis | Checksum: 200b60398

Time (s): cpu = 00:01:19 ; elapsed = 00:00:32 . Memory (MB): peak = 5580.664 ; gain = 741.453 ; free physical = 5380 ; free virtual = 40155

Phase 2.5.2 Physical Synthesis In Placer
INFO: [Physopt 32-1035] Found 0 LUTNM shape to break, 758 LUT instances to create LUTNM shape
INFO: [Physopt 32-1044] Break lutnm for timing: one critical 0, two critical 0, total 0, new lutff created 0
INFO: [Physopt 32-1138] End 1 Pass. Optimized 314 nets or LUTs. Breaked 0 LUT, combined 314 existing LUTs and moved 0 existing LUT
INFO: [Physopt 32-670] No setup violation found.  Equivalent Driver Rewiring was not performed.
INFO: [Physopt 32-65] No nets found for high-fanout optimization.
INFO: [Physopt 32-232] Optimized 0 net. Created 0 new instance.
INFO: [Physopt 32-775] End 1 Pass. Optimized 0 net or cell. Created 0 new cell, deleted 0 existing cell and moved 0 existing cell
INFO: [Physopt 32-670] No setup violation found.  DSP Register Optimization was not performed.
INFO: [Physopt 32-670] No setup violation found.  Shift Register to Pipeline Optimization was not performed.
INFO: [Physopt 32-670] No setup violation found.  Shift Register Optimization was not performed.
INFO: [Physopt 32-670] No setup violation found.  BRAM Register Optimization was not performed.
INFO: [Physopt 32-670] No setup violation found.  URAM Register Optimization was not performed.
INFO: [Physopt 32-949] No candidate nets found for dynamic/static region interface net replication
INFO: [Physopt 32-775] End 1 Pass. Optimized 0 net or cell. Created 0 new cell, deleted 0 existing cell and moved 0 existing cell
Netlist sorting complete. Time (s): cpu = 00:00:00.01 ; elapsed = 00:00:00.01 . Memory (MB): peak = 5580.664 ; gain = 0.000 ; free physical = 5380 ; free virtual = 40154

Summary of Physical Synthesis Optimizations
============================================


-----------------------------------------------------------------------------------------------------------------------------------------------------------
|  Optimization                                     |  Added Cells  |  Removed Cells  |  Optimized Cells/Nets  |  Dont Touch  |  Iterations  |  Elapsed   |
-----------------------------------------------------------------------------------------------------------------------------------------------------------
|  LUT Combining                                    |            0  |            314  |                   314  |           0  |           1  |  00:00:00  |
|  Retime                                           |            0  |              0  |                     0  |           0  |           1  |  00:00:00  |
|  Equivalent Driver Rewiring                       |            0  |              0  |                     0  |           0  |           0  |  00:00:00  |
|  Very High Fanout                                 |            0  |              0  |                     0  |           0  |           1  |  00:00:00  |
|  DSP Register                                     |            0  |              0  |                     0  |           0  |           0  |  00:00:00  |
|  Shift Register to Pipeline                       |            0  |              0  |                     0  |           0  |           0  |  00:00:00  |
|  Shift Register                                   |            0  |              0  |                     0  |           0  |           0  |  00:00:00  |
|  BRAM Register                                    |            0  |              0  |                     0  |           0  |           0  |  00:00:00  |
|  URAM Register                                    |            0  |              0  |                     0  |           0  |           0  |  00:00:00  |
|  Dynamic/Static Region Interface Net Replication  |            0  |              0  |                     0  |           0  |           1  |  00:00:00  |
|  Total                                            |            0  |            314  |                   314  |           0  |           4  |  00:00:00  |
-----------------------------------------------------------------------------------------------------------------------------------------------------------


Phase 2.5.2 Physical Synthesis In Placer | Checksum: 29c370dfa

Time (s): cpu = 00:01:21 ; elapsed = 00:00:33 . Memory (MB): peak = 5580.664 ; gain = 741.453 ; free physical = 5379 ; free virtual = 40154
Phase 2.5 Global Place Phase2 | Checksum: 33837cffd

Time (s): cpu = 00:01:43 ; elapsed = 00:00:40 . Memory (MB): peak = 5580.664 ; gain = 741.453 ; free physical = 5441 ; free virtual = 40216
Phase 2 Global Placement | Checksum: 33837cffd

Time (s): cpu = 00:01:43 ; elapsed = 00:00:40 . Memory (MB): peak = 5580.664 ; gain = 741.453 ; free physical = 5441 ; free virtual = 40216

Phase 3 Detail Placement

Phase 3.1 Commit Multi Column Macros
Phase 3.1 Commit Multi Column Macros | Checksum: 26728d682

Time (s): cpu = 00:01:53 ; elapsed = 00:00:43 . Memory (MB): peak = 5580.664 ; gain = 741.453 ; free physical = 5441 ; free virtual = 40216

Phase 3.2 Commit Most Macros & LUTRAMs
Phase 3.2 Commit Most Macros & LUTRAMs | Checksum: 261dfe81b

Time (s): cpu = 00:01:55 ; elapsed = 00:00:44 . Memory (MB): peak = 5580.664 ; gain = 741.453 ; free physical = 5441 ; free virtual = 40216

Phase 3.3 Small Shape DP

Phase 3.3.1 Small Shape Clustering
Phase 3.3.1 Small Shape Clustering | Checksum: 23fac4ce2

Time (s): cpu = 00:02:05 ; elapsed = 00:00:46 . Memory (MB): peak = 5580.664 ; gain = 741.453 ; free physical = 5384 ; free virtual = 40158

Phase 3.3.2 Slice Area Swap

Phase 3.3.2.1 Slice Area Swap Initial
Phase 3.3.2.1 Slice Area Swap Initial | Checksum: 2bf93f221

Time (s): cpu = 00:02:06 ; elapsed = 00:00:47 . Memory (MB): peak = 5580.664 ; gain = 741.453 ; free physical = 5383 ; free virtual = 40158
Phase 3.3.2 Slice Area Swap | Checksum: 2bf93f221

Time (s): cpu = 00:02:06 ; elapsed = 00:00:47 . Memory (MB): peak = 5580.664 ; gain = 741.453 ; free physical = 5383 ; free virtual = 40158
Phase 3.3 Small Shape DP | Checksum: 2605d00f6

Time (s): cpu = 00:02:11 ; elapsed = 00:00:49 . Memory (MB): peak = 5580.664 ; gain = 741.453 ; free physical = 5382 ; free virtual = 40156

Phase 3.4 Re-assign LUT pins
Phase 3.4 Re-assign LUT pins | Checksum: 242cf68ff

Time (s): cpu = 00:02:12 ; elapsed = 00:00:50 . Memory (MB): peak = 5580.664 ; gain = 741.453 ; free physical = 5382 ; free virtual = 40157

Phase 3.5 Pipeline Register Optimization
Phase 3.5 Pipeline Register Optimization | Checksum: 227f80a77

Time (s): cpu = 00:02:12 ; elapsed = 00:00:50 . Memory (MB): peak = 5580.664 ; gain = 741.453 ; free physical = 5381 ; free virtual = 40156
Phase 3 Detail Placement | Checksum: 227f80a77

Time (s): cpu = 00:02:12 ; elapsed = 00:00:50 . Memory (MB): peak = 5580.664 ; gain = 741.453 ; free physical = 5381 ; free virtual = 40156

Phase 4 Post Placement Optimization and Clean-Up

Phase 4.1 Post Commit Optimization
INFO: [Timing 38-35] Done setting XDC timing constraints.

Phase 4.1.1 Post Placement Optimization
Post Placement Optimization Initialization | Checksum: 22e5f27d3

Phase 4.1.1.1 BUFG Insertion

Starting Physical Synthesis Task

Phase 1 Physical Synthesis Initialization
INFO: [Physopt 32-721] Multithreading enabled for phys_opt_design using a maximum of 8 CPUs
INFO: [Physopt 32-619] Estimated Timing Summary | WNS=3.175 | TNS=0.000 |
Phase 1 Physical Synthesis Initialization | Checksum: 1b6dec2d4

Time (s): cpu = 00:00:00.96 ; elapsed = 00:00:00.28 . Memory (MB): peak = 5580.664 ; gain = 0.000 ; free physical = 5381 ; free virtual = 40156
INFO: [Physopt 32-712] Optimization is not feasible on net ena_mac due to MARK_DEBUG attribute.
INFO: [Physopt 32-1483] Netlist edit fails for net SystolicCore_i/rst_ps8_0_99M/U0/peripheral_aresetn[0]_bufg_place and pin SystolicCore_i/AXI_Stream_Systolic_0/inst/SystolicCore0/DUT_MatrixMultiplyM0/currentStateSystolicControlUnit[31]_i_1/I0. Please check constraints such as DONT_TOUCH on the instance, net and hierarchical instance between driver and loads.
INFO: [Place 46-32] Processed net SystolicCore_i/rst_ps8_0_99M/U0/peripheral_aresetn[0], BUFG insertion was skipped because the netlist editing failed.
INFO: [Place 46-35] Processed net SystolicCore_i/AXI_Stream_Systolic_0/inst/SystolicCore0/DUT_MatrixMultiplyM0/currentStateSystolicControlUnit[31]_i_1_n_0, inserted BUFG to drive 2048 loads.
INFO: [Place 46-56] BUFG insertion identified 2 candidate nets. Inserted BUFG: 1, Replicated BUFG Driver: 0, Skipped due to Placement/Routing Conflicts: 0, Skipped due to Timing Degradation: 0, Skipped due to netlist editing failed: 1.
Ending Physical Synthesis Task | Checksum: 30b945bf4

Time (s): cpu = 00:00:02 ; elapsed = 00:00:00.87 . Memory (MB): peak = 5580.664 ; gain = 0.000 ; free physical = 5382 ; free virtual = 40157
Phase 4.1.1.1 BUFG Insertion | Checksum: 278b328c1

Time (s): cpu = 00:02:31 ; elapsed = 00:00:56 . Memory (MB): peak = 5580.664 ; gain = 741.453 ; free physical = 5382 ; free virtual = 40157

Phase 4.1.1.2 Post Placement Timing Optimization
INFO: [Place 30-746] Post Placement Timing Summary WNS=3.175. For the most accurate timing information please run report_timing.
Phase 4.1.1.2 Post Placement Timing Optimization | Checksum: 2cc6e5b98

Time (s): cpu = 00:02:32 ; elapsed = 00:00:56 . Memory (MB): peak = 5580.664 ; gain = 741.453 ; free physical = 5382 ; free virtual = 40157

Time (s): cpu = 00:02:32 ; elapsed = 00:00:56 . Memory (MB): peak = 5580.664 ; gain = 741.453 ; free physical = 5382 ; free virtual = 40157
Phase 4.1 Post Commit Optimization | Checksum: 2cc6e5b98

Time (s): cpu = 00:02:32 ; elapsed = 00:00:56 . Memory (MB): peak = 5580.664 ; gain = 741.453 ; free physical = 5382 ; free virtual = 40157
Netlist sorting complete. Time (s): cpu = 00:00:00.02 ; elapsed = 00:00:00.02 . Memory (MB): peak = 5626.648 ; gain = 0.000 ; free physical = 5325 ; free virtual = 40099

Phase 4.2 Post Placement Cleanup
Phase 4.2 Post Placement Cleanup | Checksum: 20023f9cc

Time (s): cpu = 00:02:44 ; elapsed = 00:01:02 . Memory (MB): peak = 5626.648 ; gain = 787.438 ; free physical = 5322 ; free virtual = 40096

Phase 4.3 Placer Reporting

Phase 4.3.1 Print Estimated Congestion
INFO: [Place 30-612] Post-Placement Estimated Congestion 
 ________________________________________________________________________
|           | Global Congestion | Long Congestion   | Short Congestion  |
| Direction | Region Size       | Region Size       | Region Size       |
|___________|___________________|___________________|___________________|
|      North|                1x1|              16x16|                1x1|
|___________|___________________|___________________|___________________|
|      South|                1x1|                1x1|                1x1|
|___________|___________________|___________________|___________________|
|       East|                1x1|                1x1|                2x2|
|___________|___________________|___________________|___________________|
|       West|                1x1|                1x1|                1x1|
|___________|___________________|___________________|___________________|

Phase 4.3.1 Print Estimated Congestion | Checksum: 20023f9cc

Time (s): cpu = 00:02:44 ; elapsed = 00:01:02 . Memory (MB): peak = 5626.648 ; gain = 787.438 ; free physical = 5322 ; free virtual = 40096
Phase 4.3 Placer Reporting | Checksum: 20023f9cc

Time (s): cpu = 00:02:44 ; elapsed = 00:01:02 . Memory (MB): peak = 5626.648 ; gain = 787.438 ; free physical = 5322 ; free virtual = 40096

Phase 4.4 Final Placement Cleanup
Netlist sorting complete. Time (s): cpu = 00:00:00.01 ; elapsed = 00:00:00.01 . Memory (MB): peak = 5626.648 ; gain = 0.000 ; free physical = 5322 ; free virtual = 40095

Time (s): cpu = 00:02:44 ; elapsed = 00:01:02 . Memory (MB): peak = 5626.648 ; gain = 787.438 ; free physical = 5322 ; free virtual = 40095
Phase 4 Post Placement Optimization and Clean-Up | Checksum: 1f9420a1a

Time (s): cpu = 00:02:45 ; elapsed = 00:01:03 . Memory (MB): peak = 5626.648 ; gain = 787.438 ; free physical = 5322 ; free virtual = 40096
Ending Placer Task | Checksum: 14882a887

Time (s): cpu = 00:02:45 ; elapsed = 00:01:03 . Memory (MB): peak = 5626.648 ; gain = 787.438 ; free physical = 5322 ; free virtual = 40095
220 Infos, 16 Warnings, 0 Critical Warnings and 0 Errors encountered.
place_design completed successfully
place_design: Time (s): cpu = 00:02:49 ; elapsed = 00:01:04 . Memory (MB): peak = 5626.648 ; gain = 891.488 ; free physical = 5321 ; free virtual = 40095
INFO: [Vivado 12-24838] Running report commands "report_control_sets, report_io, report_utilization" in parallel.
Running report generation with 3 threads.
INFO: [Vivado 12-24828] Executing command : report_control_sets -verbose -file SystolicCore_wrapper_control_sets_placed.rpt
report_control_sets: Time (s): cpu = 00:00:00.29 ; elapsed = 00:00:00.17 . Memory (MB): peak = 5626.648 ; gain = 0.000 ; free physical = 5297 ; free virtual = 40071
INFO: [Vivado 12-24828] Executing command : report_io -file SystolicCore_wrapper_io_placed.rpt
report_io: Time (s): cpu = 00:00:00.38 ; elapsed = 00:00:00.23 . Memory (MB): peak = 5626.648 ; gain = 0.000 ; free physical = 5313 ; free virtual = 40087
INFO: [Vivado 12-24828] Executing command : report_utilization -file SystolicCore_wrapper_utilization_placed.rpt -pb SystolicCore_wrapper_utilization_placed.pb
INFO: [Timing 38-480] Writing timing data to binary archive.
Write ShapeDB Complete: Time (s): cpu = 00:00:00.27 ; elapsed = 00:00:00.06 . Memory (MB): peak = 5626.648 ; gain = 0.000 ; free physical = 5298 ; free virtual = 40085
Wrote PlaceDB: Time (s): cpu = 00:00:03 ; elapsed = 00:00:00.84 . Memory (MB): peak = 5626.648 ; gain = 0.000 ; free physical = 5257 ; free virtual = 40085
Wrote PulsedLatchDB: Time (s): cpu = 00:00:00 ; elapsed = 00:00:00 . Memory (MB): peak = 5626.648 ; gain = 0.000 ; free physical = 5257 ; free virtual = 40085
Writing XDEF routing.
Writing XDEF routing logical nets.
Writing XDEF routing special nets.
Wrote RouteStorage: Time (s): cpu = 00:00:00.12 ; elapsed = 00:00:00.06 . Memory (MB): peak = 5626.648 ; gain = 0.000 ; free physical = 5256 ; free virtual = 40085
Wrote Netlist Cache: Time (s): cpu = 00:00:00.03 ; elapsed = 00:00:00.02 . Memory (MB): peak = 5626.648 ; gain = 0.000 ; free physical = 5254 ; free virtual = 40085
Wrote Device Cache: Time (s): cpu = 00:00:00.02 ; elapsed = 00:00:00.01 . Memory (MB): peak = 5626.648 ; gain = 0.000 ; free physical = 5251 ; free virtual = 40085
Write Physdb Complete: Time (s): cpu = 00:00:03 ; elapsed = 00:00:00.94 . Memory (MB): peak = 5626.648 ; gain = 0.000 ; free physical = 5251 ; free virtual = 40085
INFO: [Common 17-1381] The checkpoint '/home/xmen/Videos/RustDesk/SystolicCore/SystolicCore/Zynq_Systolic_Core_AXI_FIFO_Stream/Zynq_Systolic_Core_AXI_FIFO_Stream.runs/impl_1/SystolicCore_wrapper_placed.dcp' has been generated.
Command: phys_opt_design
Attempting to get a license for feature 'Implementation' and/or device 'xczu7ev'
INFO: [Common 17-349] Got license for feature 'Implementation' and/or device 'xczu7ev'

Starting Initial Update Timing Task

Time (s): cpu = 00:00:07 ; elapsed = 00:00:02 . Memory (MB): peak = 5626.648 ; gain = 0.000 ; free physical = 5293 ; free virtual = 40083
INFO: [Vivado_Tcl 4-2279] Estimated Timing Summary | WNS= 3.167 | TNS= 0.000 | 
INFO: [Vivado_Tcl 4-383] Design worst setup slack (WNS) is greater than or equal to 0.000 ns. All physical synthesis setup optimizations will be skipped.
INFO: [Vivado_Tcl 4-232] No setup violation found. The netlist was not modified.
INFO: [Common 17-83] Releasing license: Implementation
231 Infos, 16 Warnings, 0 Critical Warnings and 0 Errors encountered.
phys_opt_design completed successfully
INFO: [Timing 38-480] Writing timing data to binary archive.
Write ShapeDB Complete: Time (s): cpu = 00:00:00.32 ; elapsed = 00:00:00.07 . Memory (MB): peak = 5626.648 ; gain = 0.000 ; free physical = 5283 ; free virtual = 40084
Wrote PlaceDB: Time (s): cpu = 00:00:03 ; elapsed = 00:00:00.84 . Memory (MB): peak = 5626.648 ; gain = 0.000 ; free physical = 5245 ; free virtual = 40085
Wrote PulsedLatchDB: Time (s): cpu = 00:00:00 ; elapsed = 00:00:00 . Memory (MB): peak = 5626.648 ; gain = 0.000 ; free physical = 5245 ; free virtual = 40085
Writing XDEF routing.
Writing XDEF routing logical nets.
Writing XDEF routing special nets.
Wrote RouteStorage: Time (s): cpu = 00:00:00.09 ; elapsed = 00:00:00.04 . Memory (MB): peak = 5626.648 ; gain = 0.000 ; free physical = 5245 ; free virtual = 40085
Wrote Netlist Cache: Time (s): cpu = 00:00:00.03 ; elapsed = 00:00:00.01 . Memory (MB): peak = 5626.648 ; gain = 0.000 ; free physical = 5242 ; free virtual = 40085
Wrote Device Cache: Time (s): cpu = 00:00:00.02 ; elapsed = 00:00:00.01 . Memory (MB): peak = 5626.648 ; gain = 0.000 ; free physical = 5239 ; free virtual = 40085
Write Physdb Complete: Time (s): cpu = 00:00:03 ; elapsed = 00:00:00.92 . Memory (MB): peak = 5626.648 ; gain = 0.000 ; free physical = 5239 ; free virtual = 40085
INFO: [Common 17-1381] The checkpoint '/home/xmen/Videos/RustDesk/SystolicCore/SystolicCore/Zynq_Systolic_Core_AXI_FIFO_Stream/Zynq_Systolic_Core_AXI_FIFO_Stream.runs/impl_1/SystolicCore_wrapper_physopt.dcp' has been generated.
Command: route_design
Attempting to get a license for feature 'Implementation' and/or device 'xczu7ev'
INFO: [Common 17-349] Got license for feature 'Implementation' and/or device 'xczu7ev'


Starting Routing Task
INFO: [Route 35-254] Multithreading enabled for route_design using a maximum of 8 CPUs

Phase 1 Build RT Design
Checksum: PlaceDB: 41d1495f ConstDB: 0 ShapeSum: d67c5372 RouteDB: 30350bb6
Nodegraph reading from file.  Time (s): cpu = 00:00:00.42 ; elapsed = 00:00:00.44 . Memory (MB): peak = 5626.648 ; gain = 0.000 ; free physical = 5272 ; free virtual = 40079
Post Restoration Checksum: NetGraph: f79bf63e | NumContArr: 7a4dec0b | Constraints: 69525389 | Timing: c2a8fa9d
Phase 1 Build RT Design | Checksum: 29de5306f

Time (s): cpu = 00:00:10 ; elapsed = 00:00:04 . Memory (MB): peak = 5626.648 ; gain = 0.000 ; free physical = 5256 ; free virtual = 40060

Phase 2 Router Initialization

Phase 2.1 Fix Topology Constraints
Phase 2.1 Fix Topology Constraints | Checksum: 29de5306f

Time (s): cpu = 00:00:10 ; elapsed = 00:00:04 . Memory (MB): peak = 5626.648 ; gain = 0.000 ; free physical = 5256 ; free virtual = 40060

Phase 2.2 Pre Route Cleanup
Phase 2.2 Pre Route Cleanup | Checksum: 29de5306f

Time (s): cpu = 00:00:11 ; elapsed = 00:00:04 . Memory (MB): peak = 5626.648 ; gain = 0.000 ; free physical = 5256 ; free virtual = 40060

Phase 2.3 Global Clock Net Routing
 Number of Nodes with overlaps = 0
Phase 2.3 Global Clock Net Routing | Checksum: 291df09c6

Time (s): cpu = 00:00:12 ; elapsed = 00:00:05 . Memory (MB): peak = 5626.648 ; gain = 0.000 ; free physical = 5259 ; free virtual = 40063

Phase 2.4 Update Timing
Phase 2.4 Update Timing | Checksum: 24a536555

Time (s): cpu = 00:00:17 ; elapsed = 00:00:06 . Memory (MB): peak = 5626.648 ; gain = 0.000 ; free physical = 5267 ; free virtual = 40072
INFO: [Route 35-416] Intermediate Timing Summary | WNS=3.539  | TNS=0.000  | WHS=-0.055 | THS=-4.382 |


Phase 2.5 Update Timing for Bus Skew

Phase 2.5.1 Update Timing
Phase 2.5.1 Update Timing | Checksum: 239b57f85

Time (s): cpu = 00:00:27 ; elapsed = 00:00:09 . Memory (MB): peak = 5626.648 ; gain = 0.000 ; free physical = 5269 ; free virtual = 40073
INFO: [Route 35-416] Intermediate Timing Summary | WNS=3.539  | TNS=0.000  | WHS=-0.094 | THS=-8.043 |

Phase 2.5 Update Timing for Bus Skew | Checksum: 2646ec029

Time (s): cpu = 00:00:27 ; elapsed = 00:00:09 . Memory (MB): peak = 5626.648 ; gain = 0.000 ; free physical = 5269 ; free virtual = 40073

Phase 2.6 Soft Constraint Pins - Fast Budgeting
Phase 2.6 Soft Constraint Pins - Fast Budgeting | Checksum: 2646ec029

Time (s): cpu = 00:00:27 ; elapsed = 00:00:09 . Memory (MB): peak = 5626.648 ; gain = 0.000 ; free physical = 5269 ; free virtual = 40073

Router Utilization Summary
  Global Vertical Routing Utilization    = 0.00213017 %
  Global Horizontal Routing Utilization  = 0.00132399 %
  Routable Net Status*
  *Does not include unroutable nets such as driverless and loadless.
  Run report_route_status for detailed report.
  Number of Failed Nets               = 44655
    (Failed Nets is the sum of unrouted and partially routed nets)
  Number of Unrouted Nets             = 36305
  Number of Partially Routed Nets     = 8350
  Number of Node Overlaps             = 33

Phase 2 Router Initialization | Checksum: 26b6f5c0e

Time (s): cpu = 00:00:29 ; elapsed = 00:00:09 . Memory (MB): peak = 5626.648 ; gain = 0.000 ; free physical = 5271 ; free virtual = 40075

Phase 3 Global Routing
Phase 3 Global Routing | Checksum: 26b6f5c0e

Time (s): cpu = 00:00:29 ; elapsed = 00:00:09 . Memory (MB): peak = 5626.648 ; gain = 0.000 ; free physical = 5271 ; free virtual = 40075

Phase 4 Initial Routing

Phase 4.1 Initial Net Routing Pass
Phase 4.1 Initial Net Routing Pass | Checksum: 29c936294

Time (s): cpu = 00:00:36 ; elapsed = 00:00:12 . Memory (MB): peak = 5626.648 ; gain = 0.000 ; free physical = 5273 ; free virtual = 40077
Phase 4 Initial Routing | Checksum: 2046477d6

Time (s): cpu = 00:00:36 ; elapsed = 00:00:12 . Memory (MB): peak = 5626.648 ; gain = 0.000 ; free physical = 5273 ; free virtual = 40077

Phase 5 Rip-up And Reroute

Phase 5.1 Global Iteration 0
 Number of Nodes with overlaps = 8339
 Number of Nodes with overlaps = 594
 Number of Nodes with overlaps = 35
 Number of Nodes with overlaps = 5
 Number of Nodes with overlaps = 0
INFO: [Route 35-416] Intermediate Timing Summary | WNS=3.420  | TNS=0.000  | WHS=-0.012 | THS=-0.017 |

Phase 5.1 Global Iteration 0 | Checksum: 20908a4de

Time (s): cpu = 00:01:18 ; elapsed = 00:00:31 . Memory (MB): peak = 5626.648 ; gain = 0.000 ; free physical = 5260 ; free virtual = 40064

Phase 5.2 Additional Iteration for Hold
Phase 5.2 Additional Iteration for Hold | Checksum: 1bb69af23

Time (s): cpu = 00:01:19 ; elapsed = 00:00:31 . Memory (MB): peak = 5626.648 ; gain = 0.000 ; free physical = 5260 ; free virtual = 40064
Phase 5 Rip-up And Reroute | Checksum: 1bb69af23

Time (s): cpu = 00:01:19 ; elapsed = 00:00:31 . Memory (MB): peak = 5626.648 ; gain = 0.000 ; free physical = 5260 ; free virtual = 40064

Phase 6 Delay and Skew Optimization

Phase 6.1 Delay CleanUp
INFO: [Route 35-416] Intermediate Timing Summary | WNS=3.420  | TNS=0.000  | WHS=0.011  | THS=0.000  |

INFO: [Route 35-416] Intermediate Timing Summary | WNS=3.420  | TNS=0.000  | WHS=0.011  | THS=0.000  |

Phase 6.1 Delay CleanUp | Checksum: 265542765

Time (s): cpu = 00:01:23 ; elapsed = 00:00:33 . Memory (MB): peak = 5626.648 ; gain = 0.000 ; free physical = 5261 ; free virtual = 40065

Phase 6.2 Clock Skew Optimization
Phase 6.2 Clock Skew Optimization | Checksum: 265542765

Time (s): cpu = 00:01:23 ; elapsed = 00:00:33 . Memory (MB): peak = 5626.648 ; gain = 0.000 ; free physical = 5261 ; free virtual = 40065
Phase 6 Delay and Skew Optimization | Checksum: 265542765

Time (s): cpu = 00:01:23 ; elapsed = 00:00:33 . Memory (MB): peak = 5626.648 ; gain = 0.000 ; free physical = 5261 ; free virtual = 40065

Phase 7 Post Hold Fix

Phase 7.1 Hold Fix Iter
INFO: [Route 35-416] Intermediate Timing Summary | WNS=3.420  | TNS=0.000  | WHS=0.011  | THS=0.000  |

Phase 7.1 Hold Fix Iter | Checksum: 21105f979

Time (s): cpu = 00:01:26 ; elapsed = 00:00:34 . Memory (MB): peak = 5626.648 ; gain = 0.000 ; free physical = 5261 ; free virtual = 40066
Phase 7 Post Hold Fix | Checksum: 21105f979

Time (s): cpu = 00:01:26 ; elapsed = 00:00:34 . Memory (MB): peak = 5626.648 ; gain = 0.000 ; free physical = 5261 ; free virtual = 40066

Phase 8 Route finalize

Router Utilization Summary
  Global Vertical Routing Utilization    = 2.96406 %
  Global Horizontal Routing Utilization  = 2.55193 %
  Routable Net Status*
  *Does not include unroutable nets such as driverless and loadless.
  Run report_route_status for detailed report.
  Number of Failed Nets               = 0
    (Failed Nets is the sum of unrouted and partially routed nets)
  Number of Unrouted Nets             = 0
  Number of Partially Routed Nets     = 0
  Number of Node Overlaps             = 0

Phase 8 Route finalize | Checksum: 21105f979

Time (s): cpu = 00:01:27 ; elapsed = 00:00:34 . Memory (MB): peak = 5626.648 ; gain = 0.000 ; free physical = 5181 ; free virtual = 39986

Phase 9 Verifying routed nets

 Verification completed successfully
Phase 9 Verifying routed nets | Checksum: 21105f979

Time (s): cpu = 00:01:27 ; elapsed = 00:00:34 . Memory (MB): peak = 5626.648 ; gain = 0.000 ; free physical = 5181 ; free virtual = 39986

Phase 10 Depositing Routes
Phase 10 Depositing Routes | Checksum: 21105f979

Time (s): cpu = 00:01:29 ; elapsed = 00:00:35 . Memory (MB): peak = 5626.648 ; gain = 0.000 ; free physical = 5182 ; free virtual = 39986

Phase 11 Resolve XTalk
Phase 11 Resolve XTalk | Checksum: 21105f979

Time (s): cpu = 00:01:29 ; elapsed = 00:00:35 . Memory (MB): peak = 5626.648 ; gain = 0.000 ; free physical = 5182 ; free virtual = 39986

Phase 12 Post Process Routing
Phase 12 Post Process Routing | Checksum: 21105f979

Time (s): cpu = 00:01:30 ; elapsed = 00:00:35 . Memory (MB): peak = 5626.648 ; gain = 0.000 ; free physical = 5182 ; free virtual = 39986

Phase 13 Post Router Timing
INFO: [Route 35-57] Estimated Timing Summary | WNS=3.420  | TNS=0.000  | WHS=0.011  | THS=0.000  |

INFO: [Route 35-327] The final timing numbers are based on the router estimated timing analysis. For a complete and accurate timing signoff, please run report_timing_summary.
Phase 13 Post Router Timing | Checksum: 21105f979

Time (s): cpu = 00:01:30 ; elapsed = 00:00:35 . Memory (MB): peak = 5626.648 ; gain = 0.000 ; free physical = 5182 ; free virtual = 39986
Total Elapsed time in route_design: 35.14 secs

Phase 14 Post-Route Event Processing
Phase 14 Post-Route Event Processing | Checksum: 18eeb4727

Time (s): cpu = 00:01:30 ; elapsed = 00:00:35 . Memory (MB): peak = 5626.648 ; gain = 0.000 ; free physical = 5182 ; free virtual = 39986
INFO: [Route 35-16] Router Completed Successfully
Ending Routing Task | Checksum: 18eeb4727

Time (s): cpu = 00:01:30 ; elapsed = 00:00:35 . Memory (MB): peak = 5626.648 ; gain = 0.000 ; free physical = 5182 ; free virtual = 39986

Routing Is Done.
INFO: [Common 17-83] Releasing license: Implementation
245 Infos, 16 Warnings, 0 Critical Warnings and 0 Errors encountered.
route_design completed successfully
route_design: Time (s): cpu = 00:01:30 ; elapsed = 00:00:36 . Memory (MB): peak = 5644.910 ; gain = 18.262 ; free physical = 5180 ; free virtual = 39984
INFO: [Vivado 12-24828] Executing command : report_drc -file SystolicCore_wrapper_drc_routed.rpt -pb SystolicCore_wrapper_drc_routed.pb -rpx SystolicCore_wrapper_drc_routed.rpx
Command: report_drc -file SystolicCore_wrapper_drc_routed.rpt -pb SystolicCore_wrapper_drc_routed.pb -rpx SystolicCore_wrapper_drc_routed.rpx
INFO: [IP_Flow 19-1839] IP Catalog is up to date.
INFO: [DRC 23-27] Running DRC with 8 threads
INFO: [Vivado_Tcl 2-168] The results of DRC are in file /home/xmen/Videos/RustDesk/SystolicCore/SystolicCore/Zynq_Systolic_Core_AXI_FIFO_Stream/Zynq_Systolic_Core_AXI_FIFO_Stream.runs/impl_1/SystolicCore_wrapper_drc_routed.rpt.
report_drc completed successfully
INFO: [Vivado 12-24828] Executing command : report_methodology -file SystolicCore_wrapper_methodology_drc_routed.rpt -pb SystolicCore_wrapper_methodology_drc_routed.pb -rpx SystolicCore_wrapper_methodology_drc_routed.rpx
Command: report_methodology -file SystolicCore_wrapper_methodology_drc_routed.rpt -pb SystolicCore_wrapper_methodology_drc_routed.pb -rpx SystolicCore_wrapper_methodology_drc_routed.rpx
INFO: [Timing 38-35] Done setting XDC timing constraints.
INFO: [DRC 23-133] Running Methodology with 8 threads
INFO: [Vivado_Tcl 2-1520] The results of Report Methodology are in file /home/xmen/Videos/RustDesk/SystolicCore/SystolicCore/Zynq_Systolic_Core_AXI_FIFO_Stream/Zynq_Systolic_Core_AXI_FIFO_Stream.runs/impl_1/SystolicCore_wrapper_methodology_drc_routed.rpt.
report_methodology completed successfully
INFO: [Vivado 12-24828] Executing command : report_timing_summary -max_paths 10 -routable_nets -report_unconstrained -file SystolicCore_wrapper_timing_summary_routed.rpt -pb SystolicCore_wrapper_timing_summary_routed.pb -rpx SystolicCore_wrapper_timing_summary_routed.rpx -warn_on_violation 
INFO: [Timing 38-35] Done setting XDC timing constraints.
INFO: [Timing 38-91] UpdateTimingParams: Speed grade: -2, Temperature grade: E, Delay Type: min_max.
INFO: [Timing 38-191] Multithreading enabled for timing update using a maximum of 8 CPUs
WARNING: [Timing 38-436] There are set_bus_skew constraint(s) in this design. Please run report_bus_skew to ensure that bus skew requirements are met.
INFO: [Vivado 12-24838] Running report commands "report_bus_skew, report_incremental_reuse, report_route_status" in parallel.
Running report generation with 3 threads.
INFO: [Vivado 12-24828] Executing command : report_incremental_reuse -file SystolicCore_wrapper_incremental_reuse_routed.rpt
INFO: [Vivado_Tcl 4-1062] Incremental flow is disabled. No incremental reuse Info to report.
INFO: [Vivado 12-24828] Executing command : report_bus_skew -warn_on_violation -file SystolicCore_wrapper_bus_skew_routed.rpt -pb SystolicCore_wrapper_bus_skew_routed.pb -rpx SystolicCore_wrapper_bus_skew_routed.rpx
INFO: [Timing 38-91] UpdateTimingParams: Speed grade: -2, Temperature grade: E, Delay Type: min_max.
INFO: [Timing 38-191] Multithreading enabled for timing update using a maximum of 8 CPUs
INFO: [Vivado 12-24828] Executing command : report_route_status -file SystolicCore_wrapper_route_status.rpt -pb SystolicCore_wrapper_route_status.pb
INFO: [Vivado 12-24828] Executing command : report_power -file SystolicCore_wrapper_power_routed.rpt -pb SystolicCore_wrapper_power_summary_routed.pb -rpx SystolicCore_wrapper_power_routed.rpx
Command: report_power -file SystolicCore_wrapper_power_routed.rpt -pb SystolicCore_wrapper_power_summary_routed.pb -rpx SystolicCore_wrapper_power_routed.rpx
Running Vector-less Activity Propagation...

Finished Running Vector-less Activity Propagation
WARNING: [Power 33-332] Found switching activity that implies high-fanout reset nets being asserted for excessive periods of time which may result in inaccurate power analysis.
Resolution: To review and fix problems, please run Power Constraints Advisor in the GUI from Tools > Power Constraints Advisor or run report_power with the -advisory option to generate a text report.
265 Infos, 18 Warnings, 0 Critical Warnings and 0 Errors encountered.
report_power completed successfully
report_power: Time (s): cpu = 00:00:12 ; elapsed = 00:00:07 . Memory (MB): peak = 5684.840 ; gain = 39.930 ; free physical = 5233 ; free virtual = 40054
INFO: [Vivado 12-24828] Executing command : report_clock_utilization -file SystolicCore_wrapper_clock_utilization_routed.rpt
generate_parallel_reports: Time (s): cpu = 00:00:37 ; elapsed = 00:00:15 . Memory (MB): peak = 5684.840 ; gain = 39.930 ; free physical = 5225 ; free virtual = 40048
INFO: [Timing 38-480] Writing timing data to binary archive.
Write ShapeDB Complete: Time (s): cpu = 00:00:00.28 ; elapsed = 00:00:00.06 . Memory (MB): peak = 5684.840 ; gain = 0.000 ; free physical = 5212 ; free virtual = 40048
Wrote PlaceDB: Time (s): cpu = 00:00:03 ; elapsed = 00:00:00.85 . Memory (MB): peak = 5684.840 ; gain = 0.000 ; free physical = 5175 ; free virtual = 40048
Wrote PulsedLatchDB: Time (s): cpu = 00:00:00 ; elapsed = 00:00:00 . Memory (MB): peak = 5684.840 ; gain = 0.000 ; free physical = 5175 ; free virtual = 40048
Writing XDEF routing.
Writing XDEF routing logical nets.
Writing XDEF routing special nets.
Wrote RouteStorage: Time (s): cpu = 00:00:00.49 ; elapsed = 00:00:00.2 . Memory (MB): peak = 5684.840 ; gain = 0.000 ; free physical = 5171 ; free virtual = 40050
Wrote Netlist Cache: Time (s): cpu = 00:00:00.01 ; elapsed = 00:00:00.01 . Memory (MB): peak = 5684.840 ; gain = 0.000 ; free physical = 5168 ; free virtual = 40050
Wrote Device Cache: Time (s): cpu = 00:00:00.01 ; elapsed = 00:00:00.01 . Memory (MB): peak = 5684.840 ; gain = 0.000 ; free physical = 5165 ; free virtual = 40050
Write Physdb Complete: Time (s): cpu = 00:00:03 ; elapsed = 00:00:01 . Memory (MB): peak = 5684.840 ; gain = 0.000 ; free physical = 5165 ; free virtual = 40050
INFO: [Common 17-1381] The checkpoint '/home/xmen/Videos/RustDesk/SystolicCore/SystolicCore/Zynq_Systolic_Core_AXI_FIFO_Stream/Zynq_Systolic_Core_AXI_FIFO_Stream.runs/impl_1/SystolicCore_wrapper_routed.dcp' has been generated.
INFO: [Memdata 28-208] The XPM instance: <SystolicCore_i/axi_fifo_mm_s_0/U0/COMP_IPIC2AXI_S/gtxd.COMP_TXD_FIFO/gfifo_gen.COMP_AXIS_FG_FIFO/COMP_FIFO/xpm_fifo_base_inst/gen_sdpram.xpm_memory_base_inst> is part of IP: <SystolicCore_i/axi_fifo_mm_s_0>. This XPM instance will be excluded from the .mmi because updatemem is prohibited from making changes to an XPM that is part of an IP.
INFO: [Memdata 28-167] Found XPM memory block SystolicCore_i/axi_fifo_mm_s_0/U0/COMP_IPIC2AXI_S/grxd.COMP_rx_len_fifo/xpm_fifo_base_inst/gen_sdpram.xpm_memory_base_inst with a P_MEMORY_PRIMITIVE property set to distributed. A value of block is required. You will not be able to use the updatemem program to update the bitstream with new data for the SystolicCore_i/axi_fifo_mm_s_0/U0/COMP_IPIC2AXI_S/grxd.COMP_rx_len_fifo/xpm_fifo_base_inst/gen_sdpram.xpm_memory_base_inst block.
INFO: [Memdata 28-208] The XPM instance: <SystolicCore_i/axi_fifo_mm_s_0/U0/COMP_IPIC2AXI_S/grxd.COMP_RX_FIFO/gfifo_gen.COMP_AXIS_FG_FIFO/COMP_FIFO/xpm_fifo_base_inst/gen_sdpram.xpm_memory_base_inst> is part of IP: <SystolicCore_i/axi_fifo_mm_s_0>. This XPM instance will be excluded from the .mmi because updatemem is prohibited from making changes to an XPM that is part of an IP.
Command: write_bitstream -force SystolicCore_wrapper.bit
Attempting to get a license for feature 'Implementation' and/or device 'xczu7ev'
INFO: [Common 17-349] Got license for feature 'Implementation' and/or device 'xczu7ev'
Running DRC as a precondition to command write_bitstream
INFO: [IP_Flow 19-1839] IP Catalog is up to date.
INFO: [DRC 23-27] Running DRC with 8 threads
INFO: [Vivado 12-3199] DRC finished with 0 Errors
INFO: [Vivado 12-3200] Please refer to the DRC report (report_drc) for more information.
Integrating Hard IP ELF/MEM with the PDI.
INFO: [Designutils 20-2272] Running write_bitstream with 8 threads.
Loading data files...
Loading site data...
Loading route data...
Processing options...
Creating bitmap...
Creating bitstream...
Writing bitstream ./SystolicCore_wrapper.bit...
INFO: [Vivado 12-1842] Bitgen Completed Successfully.
INFO: [Common 17-83] Releasing license: Implementation
279 Infos, 18 Warnings, 0 Critical Warnings and 0 Errors encountered.
write_bitstream completed successfully
write_bitstream: Time (s): cpu = 00:00:20 ; elapsed = 00:00:28 . Memory (MB): peak = 5684.840 ; gain = 0.000 ; free physical = 5177 ; free virtual = 40038
INFO: [Common 17-206] Exiting Vivado at Thu Jan  8 01:00:02 2026...
