Copyright 1986-2022 Xilinx, Inc. All Rights Reserved. Copyright 2022-2025 Advanced Micro Devices, Inc. All Rights Reserved.
---------------------------------------------------------------------------------------------------------------------------------------------
| Tool Version : Vivado v.2025.2 (lin64) Build 6299465 Fri Nov 14 12:34:56 MST 2025
| Date         : Tue Nov 25 03:01:47 2025
| Host         : VT0144 running 64-bit Rocky Linux release 8.10 (Green Obsidian)
| Command      : report_drc -file Arty7_top_sim_drc_routed.rpt -pb Arty7_top_sim_drc_routed.pb -rpx Arty7_top_sim_drc_routed.rpx
| Design       : Arty7_top_sim
| Device       : xc7a100tcsg324-1
| Speed File   : -1
| Design State : Fully Routed
---------------------------------------------------------------------------------------------------------------------------------------------

Report DRC

Table of Contents
-----------------
1. REPORT SUMMARY
2. REPORT DETAILS

1. REPORT SUMMARY
-----------------
            Netlist: netlist
          Floorplan: design_1
      Design limits: <entire design considered>
           Ruledeck: default
             Max checks: <unlimited>
             Checks found: 540
+-----------+----------+-----------------------------------------------------+--------+
| Rule      | Severity | Description                                         | Checks |
+-----------+----------+-----------------------------------------------------+--------+
| CFGBVS-1  | Warning  | Missing CFGBVS and CONFIG_VOLTAGE Design Properties | 1      |
| CHECK-3   | Warning  | Report rule limit reached                           | 1      |
| PDCN-1569 | Warning  | LUT equation term check                             | 3      |
| PDRC-153  | Warning  | Gated clock check                                   | 513    |
| PLIO-3    | Warning  | Placement Constraints Check for IO constraints      | 1      |
| REQP-1839 | Warning  | RAMB36 async control check                          | 20     |
| RTSTAT-10 | Warning  | No routable loads                                   | 1      |
+-----------+----------+-----------------------------------------------------+--------+

2. REPORT DETAILS
-----------------
CFGBVS-1#1 Warning
Missing CFGBVS and CONFIG_VOLTAGE Design Properties  
Neither the CFGBVS nor CONFIG_VOLTAGE voltage property is set in the current_design.  Configuration bank voltage select (CFGBVS) must be set to VCCO or GND, and CONFIG_VOLTAGE must be set to the correct configuration voltage, in order to determine the I/O voltage support for the pins in bank 0.  It is suggested to specify these either using the 'Edit Device Properties' function in the GUI or directly in the XDC file using the following syntax:

 set_property CFGBVS value1 [current_design]
 #where value1 is either VCCO or GND

 set_property CONFIG_VOLTAGE value2 [current_design]
 #where value2 is the voltage provided to configuration bank 0

Refer to the device configuration user guide for more information.
Related violations: <none>

CHECK-3#1 Warning
Report rule limit reached  
REQP-1839 rule limit reached: 20 violations have been found.
Related violations: <none>

PDCN-1569#1 Warning
LUT equation term check  
Used physical LUT pin 'A1' of cell dbg_hub/inst/BSCANID.u_xsdbm_id/SWITCH_N_EXT_BSCAN.bscan_switch/temp_curid[31]_i_1 (pin dbg_hub/inst/BSCANID.u_xsdbm_id/SWITCH_N_EXT_BSCAN.bscan_switch/temp_curid[31]_i_1/I1) is not included in the LUT equation: 'O5=(A3*A2)+(A3*(~A2)*(~A4))+((~A3))'. If this cell is a user instantiated LUT in the design, please remove connectivity to the pin or change the equation and/or INIT string of the LUT to prevent this issue. If the cell is inferred or IP created LUT, please regenerate the IP and/or resynthesize the design to attempt to correct the issue.
Related violations: <none>

PDCN-1569#2 Warning
LUT equation term check  
Used physical LUT pin 'A3' of cell dbg_hub/inst/BSCANID.u_xsdbm_id/SWITCH_N_EXT_BSCAN.id_state[0]_i_1 (pin dbg_hub/inst/BSCANID.u_xsdbm_id/SWITCH_N_EXT_BSCAN.id_state[0]_i_1/I0) is not included in the LUT equation: 'O6=(A6+~A6)*((A4))'. If this cell is a user instantiated LUT in the design, please remove connectivity to the pin or change the equation and/or INIT string of the LUT to prevent this issue. If the cell is inferred or IP created LUT, please regenerate the IP and/or resynthesize the design to attempt to correct the issue.
Related violations: <none>

PDCN-1569#3 Warning
LUT equation term check  
Used physical LUT pin 'A5' of cell dbg_hub/inst/BSCANID.u_xsdbm_id/SWITCH_N_EXT_BSCAN.bscan_switch/temp_curid[31]_i_1 (pin dbg_hub/inst/BSCANID.u_xsdbm_id/SWITCH_N_EXT_BSCAN.bscan_switch/temp_curid[31]_i_1/I0) is not included in the LUT equation: 'O5=(A3*A2)+(A3*(~A2)*(~A4))+((~A3))'. If this cell is a user instantiated LUT in the design, please remove connectivity to the pin or change the equation and/or INIT string of the LUT to prevent this issue. If the cell is inferred or IP created LUT, please regenerate the IP and/or resynthesize the design to attempt to correct the issue.
Related violations: <none>

PDRC-153#1 Warning
Gated clock check  
Net SystolicCore0/mem2serial_transfer_pc/pmatrix[0][0][0]_i_2_n_2 is a gated clock net sourced by a combinational pin SystolicCore0/mem2serial_transfer_pc/pmatrix[0][0][0]_i_2/O, cell SystolicCore0/mem2serial_transfer_pc/pmatrix[0][0][0]_i_2. This is not good design practice and will likely impact performance. For SLICE registers, for example, use the CE pin to control the loading of data.
Related violations: <none>

PDRC-153#2 Warning
Gated clock check  
Net SystolicCore0/mem2serial_transfer_pc/pmatrix[0][0][1]_i_2_n_2 is a gated clock net sourced by a combinational pin SystolicCore0/mem2serial_transfer_pc/pmatrix[0][0][1]_i_2/O, cell SystolicCore0/mem2serial_transfer_pc/pmatrix[0][0][1]_i_2. This is not good design practice and will likely impact performance. For SLICE registers, for example, use the CE pin to control the loading of data.
Related violations: <none>

PDRC-153#3 Warning
Gated clock check  
Net SystolicCore0/mem2serial_transfer_pc/pmatrix[0][0][2]_i_2_n_2 is a gated clock net sourced by a combinational pin SystolicCore0/mem2serial_transfer_pc/pmatrix[0][0][2]_i_2/O, cell SystolicCore0/mem2serial_transfer_pc/pmatrix[0][0][2]_i_2. This is not good design practice and will likely impact performance. For SLICE registers, for example, use the CE pin to control the loading of data.
Related violations: <none>

PDRC-153#4 Warning
Gated clock check  
Net SystolicCore0/mem2serial_transfer_pc/pmatrix[0][0][3]_i_2_n_2 is a gated clock net sourced by a combinational pin SystolicCore0/mem2serial_transfer_pc/pmatrix[0][0][3]_i_2/O, cell SystolicCore0/mem2serial_transfer_pc/pmatrix[0][0][3]_i_2. This is not good design practice and will likely impact performance. For SLICE registers, for example, use the CE pin to control the loading of data.
Related violations: <none>

PDRC-153#5 Warning
Gated clock check  
Net SystolicCore0/mem2serial_transfer_pc/pmatrix[0][0][4]_i_2_n_2 is a gated clock net sourced by a combinational pin SystolicCore0/mem2serial_transfer_pc/pmatrix[0][0][4]_i_2/O, cell SystolicCore0/mem2serial_transfer_pc/pmatrix[0][0][4]_i_2. This is not good design practice and will likely impact performance. For SLICE registers, for example, use the CE pin to control the loading of data.
Related violations: <none>

PDRC-153#6 Warning
Gated clock check  
Net SystolicCore0/mem2serial_transfer_pc/pmatrix[0][0][5]_i_2_n_2 is a gated clock net sourced by a combinational pin SystolicCore0/mem2serial_transfer_pc/pmatrix[0][0][5]_i_2/O, cell SystolicCore0/mem2serial_transfer_pc/pmatrix[0][0][5]_i_2. This is not good design practice and will likely impact performance. For SLICE registers, for example, use the CE pin to control the loading of data.
Related violations: <none>

PDRC-153#7 Warning
Gated clock check  
Net SystolicCore0/mem2serial_transfer_pc/pmatrix[0][0][6]_i_2_n_2 is a gated clock net sourced by a combinational pin SystolicCore0/mem2serial_transfer_pc/pmatrix[0][0][6]_i_2/O, cell SystolicCore0/mem2serial_transfer_pc/pmatrix[0][0][6]_i_2. This is not good design practice and will likely impact performance. For SLICE registers, for example, use the CE pin to control the loading of data.
Related violations: <none>

PDRC-153#8 Warning
Gated clock check  
Net SystolicCore0/mem2serial_transfer_pc/pmatrix[0][0][7]_i_2_n_2 is a gated clock net sourced by a combinational pin SystolicCore0/mem2serial_transfer_pc/pmatrix[0][0][7]_i_2/O, cell SystolicCore0/mem2serial_transfer_pc/pmatrix[0][0][7]_i_2. This is not good design practice and will likely impact performance. For SLICE registers, for example, use the CE pin to control the loading of data.
Related violations: <none>

PDRC-153#9 Warning
Gated clock check  
Net SystolicCore0/mem2serial_transfer_pc/pmatrix[0][1][0]_i_2_n_2 is a gated clock net sourced by a combinational pin SystolicCore0/mem2serial_transfer_pc/pmatrix[0][1][0]_i_2/O, cell SystolicCore0/mem2serial_transfer_pc/pmatrix[0][1][0]_i_2. This is not good design practice and will likely impact performance. For SLICE registers, for example, use the CE pin to control the loading of data.
Related violations: <none>

PDRC-153#10 Warning
Gated clock check  
Net SystolicCore0/mem2serial_transfer_pc/pmatrix[0][1][1]_i_2_n_2 is a gated clock net sourced by a combinational pin SystolicCore0/mem2serial_transfer_pc/pmatrix[0][1][1]_i_2/O, cell SystolicCore0/mem2serial_transfer_pc/pmatrix[0][1][1]_i_2. This is not good design practice and will likely impact performance. For SLICE registers, for example, use the CE pin to control the loading of data.
Related violations: <none>

PDRC-153#11 Warning
Gated clock check  
Net SystolicCore0/mem2serial_transfer_pc/pmatrix[0][1][2]_i_2_n_2 is a gated clock net sourced by a combinational pin SystolicCore0/mem2serial_transfer_pc/pmatrix[0][1][2]_i_2/O, cell SystolicCore0/mem2serial_transfer_pc/pmatrix[0][1][2]_i_2. This is not good design practice and will likely impact performance. For SLICE registers, for example, use the CE pin to control the loading of data.
Related violations: <none>

PDRC-153#12 Warning
Gated clock check  
Net SystolicCore0/mem2serial_transfer_pc/pmatrix[0][1][3]_i_2_n_2 is a gated clock net sourced by a combinational pin SystolicCore0/mem2serial_transfer_pc/pmatrix[0][1][3]_i_2/O, cell SystolicCore0/mem2serial_transfer_pc/pmatrix[0][1][3]_i_2. This is not good design practice and will likely impact performance. For SLICE registers, for example, use the CE pin to control the loading of data.
Related violations: <none>

PDRC-153#13 Warning
Gated clock check  
Net SystolicCore0/mem2serial_transfer_pc/pmatrix[0][1][4]_i_2_n_2 is a gated clock net sourced by a combinational pin SystolicCore0/mem2serial_transfer_pc/pmatrix[0][1][4]_i_2/O, cell SystolicCore0/mem2serial_transfer_pc/pmatrix[0][1][4]_i_2. This is not good design practice and will likely impact performance. For SLICE registers, for example, use the CE pin to control the loading of data.
Related violations: <none>

PDRC-153#14 Warning
Gated clock check  
Net SystolicCore0/mem2serial_transfer_pc/pmatrix[0][1][5]_i_2_n_2 is a gated clock net sourced by a combinational pin SystolicCore0/mem2serial_transfer_pc/pmatrix[0][1][5]_i_2/O, cell SystolicCore0/mem2serial_transfer_pc/pmatrix[0][1][5]_i_2. This is not good design practice and will likely impact performance. For SLICE registers, for example, use the CE pin to control the loading of data.
Related violations: <none>

PDRC-153#15 Warning
Gated clock check  
Net SystolicCore0/mem2serial_transfer_pc/pmatrix[0][1][6]_i_2_n_2 is a gated clock net sourced by a combinational pin SystolicCore0/mem2serial_transfer_pc/pmatrix[0][1][6]_i_2/O, cell SystolicCore0/mem2serial_transfer_pc/pmatrix[0][1][6]_i_2. This is not good design practice and will likely impact performance. For SLICE registers, for example, use the CE pin to control the loading of data.
Related violations: <none>

PDRC-153#16 Warning
Gated clock check  
Net SystolicCore0/mem2serial_transfer_pc/pmatrix[0][1][7]_i_2_n_2 is a gated clock net sourced by a combinational pin SystolicCore0/mem2serial_transfer_pc/pmatrix[0][1][7]_i_2/O, cell SystolicCore0/mem2serial_transfer_pc/pmatrix[0][1][7]_i_2. This is not good design practice and will likely impact performance. For SLICE registers, for example, use the CE pin to control the loading of data.
Related violations: <none>

PDRC-153#17 Warning
Gated clock check  
Net SystolicCore0/mem2serial_transfer_pc/pmatrix[0][2][0]_i_2_n_2 is a gated clock net sourced by a combinational pin SystolicCore0/mem2serial_transfer_pc/pmatrix[0][2][0]_i_2/O, cell SystolicCore0/mem2serial_transfer_pc/pmatrix[0][2][0]_i_2. This is not good design practice and will likely impact performance. For SLICE registers, for example, use the CE pin to control the loading of data.
Related violations: <none>

PDRC-153#18 Warning
Gated clock check  
Net SystolicCore0/mem2serial_transfer_pc/pmatrix[0][2][1]_i_2_n_2 is a gated clock net sourced by a combinational pin SystolicCore0/mem2serial_transfer_pc/pmatrix[0][2][1]_i_2/O, cell SystolicCore0/mem2serial_transfer_pc/pmatrix[0][2][1]_i_2. This is not good design practice and will likely impact performance. For SLICE registers, for example, use the CE pin to control the loading of data.
Related violations: <none>

PDRC-153#19 Warning
Gated clock check  
Net SystolicCore0/mem2serial_transfer_pc/pmatrix[0][2][2]_i_2_n_2 is a gated clock net sourced by a combinational pin SystolicCore0/mem2serial_transfer_pc/pmatrix[0][2][2]_i_2/O, cell SystolicCore0/mem2serial_transfer_pc/pmatrix[0][2][2]_i_2. This is not good design practice and will likely impact performance. For SLICE registers, for example, use the CE pin to control the loading of data.
Related violations: <none>

PDRC-153#20 Warning
Gated clock check  
Net SystolicCore0/mem2serial_transfer_pc/pmatrix[0][2][3]_i_2_n_2 is a gated clock net sourced by a combinational pin SystolicCore0/mem2serial_transfer_pc/pmatrix[0][2][3]_i_2/O, cell SystolicCore0/mem2serial_transfer_pc/pmatrix[0][2][3]_i_2. This is not good design practice and will likely impact performance. For SLICE registers, for example, use the CE pin to control the loading of data.
Related violations: <none>

PDRC-153#21 Warning
Gated clock check  
Net SystolicCore0/mem2serial_transfer_pc/pmatrix[0][2][4]_i_2_n_2 is a gated clock net sourced by a combinational pin SystolicCore0/mem2serial_transfer_pc/pmatrix[0][2][4]_i_2/O, cell SystolicCore0/mem2serial_transfer_pc/pmatrix[0][2][4]_i_2. This is not good design practice and will likely impact performance. For SLICE registers, for example, use the CE pin to control the loading of data.
Related violations: <none>

PDRC-153#22 Warning
Gated clock check  
Net SystolicCore0/mem2serial_transfer_pc/pmatrix[0][2][5]_i_2_n_2 is a gated clock net sourced by a combinational pin SystolicCore0/mem2serial_transfer_pc/pmatrix[0][2][5]_i_2/O, cell SystolicCore0/mem2serial_transfer_pc/pmatrix[0][2][5]_i_2. This is not good design practice and will likely impact performance. For SLICE registers, for example, use the CE pin to control the loading of data.
Related violations: <none>

PDRC-153#23 Warning
Gated clock check  
Net SystolicCore0/mem2serial_transfer_pc/pmatrix[0][2][6]_i_2_n_2 is a gated clock net sourced by a combinational pin SystolicCore0/mem2serial_transfer_pc/pmatrix[0][2][6]_i_2/O, cell SystolicCore0/mem2serial_transfer_pc/pmatrix[0][2][6]_i_2. This is not good design practice and will likely impact performance. For SLICE registers, for example, use the CE pin to control the loading of data.
Related violations: <none>

PDRC-153#24 Warning
Gated clock check  
Net SystolicCore0/mem2serial_transfer_pc/pmatrix[0][2][7]_i_2_n_2 is a gated clock net sourced by a combinational pin SystolicCore0/mem2serial_transfer_pc/pmatrix[0][2][7]_i_2/O, cell SystolicCore0/mem2serial_transfer_pc/pmatrix[0][2][7]_i_2. This is not good design practice and will likely impact performance. For SLICE registers, for example, use the CE pin to control the loading of data.
Related violations: <none>

PDRC-153#25 Warning
Gated clock check  
Net SystolicCore0/mem2serial_transfer_pc/pmatrix[0][3][0]_i_2_n_2 is a gated clock net sourced by a combinational pin SystolicCore0/mem2serial_transfer_pc/pmatrix[0][3][0]_i_2/O, cell SystolicCore0/mem2serial_transfer_pc/pmatrix[0][3][0]_i_2. This is not good design practice and will likely impact performance. For SLICE registers, for example, use the CE pin to control the loading of data.
Related violations: <none>

PDRC-153#26 Warning
Gated clock check  
Net SystolicCore0/mem2serial_transfer_pc/pmatrix[0][3][1]_i_2_n_2 is a gated clock net sourced by a combinational pin SystolicCore0/mem2serial_transfer_pc/pmatrix[0][3][1]_i_2/O, cell SystolicCore0/mem2serial_transfer_pc/pmatrix[0][3][1]_i_2. This is not good design practice and will likely impact performance. For SLICE registers, for example, use the CE pin to control the loading of data.
Related violations: <none>

PDRC-153#27 Warning
Gated clock check  
Net SystolicCore0/mem2serial_transfer_pc/pmatrix[0][3][2]_i_2_n_2 is a gated clock net sourced by a combinational pin SystolicCore0/mem2serial_transfer_pc/pmatrix[0][3][2]_i_2/O, cell SystolicCore0/mem2serial_transfer_pc/pmatrix[0][3][2]_i_2. This is not good design practice and will likely impact performance. For SLICE registers, for example, use the CE pin to control the loading of data.
Related violations: <none>

PDRC-153#28 Warning
Gated clock check  
Net SystolicCore0/mem2serial_transfer_pc/pmatrix[0][3][3]_i_2_n_2 is a gated clock net sourced by a combinational pin SystolicCore0/mem2serial_transfer_pc/pmatrix[0][3][3]_i_2/O, cell SystolicCore0/mem2serial_transfer_pc/pmatrix[0][3][3]_i_2. This is not good design practice and will likely impact performance. For SLICE registers, for example, use the CE pin to control the loading of data.
Related violations: <none>

PDRC-153#29 Warning
Gated clock check  
Net SystolicCore0/mem2serial_transfer_pc/pmatrix[0][3][4]_i_2_n_2 is a gated clock net sourced by a combinational pin SystolicCore0/mem2serial_transfer_pc/pmatrix[0][3][4]_i_2/O, cell SystolicCore0/mem2serial_transfer_pc/pmatrix[0][3][4]_i_2. This is not good design practice and will likely impact performance. For SLICE registers, for example, use the CE pin to control the loading of data.
Related violations: <none>

PDRC-153#30 Warning
Gated clock check  
Net SystolicCore0/mem2serial_transfer_pc/pmatrix[0][3][5]_i_2_n_2 is a gated clock net sourced by a combinational pin SystolicCore0/mem2serial_transfer_pc/pmatrix[0][3][5]_i_2/O, cell SystolicCore0/mem2serial_transfer_pc/pmatrix[0][3][5]_i_2. This is not good design practice and will likely impact performance. For SLICE registers, for example, use the CE pin to control the loading of data.
Related violations: <none>

PDRC-153#31 Warning
Gated clock check  
Net SystolicCore0/mem2serial_transfer_pc/pmatrix[0][3][6]_i_2_n_2 is a gated clock net sourced by a combinational pin SystolicCore0/mem2serial_transfer_pc/pmatrix[0][3][6]_i_2/O, cell SystolicCore0/mem2serial_transfer_pc/pmatrix[0][3][6]_i_2. This is not good design practice and will likely impact performance. For SLICE registers, for example, use the CE pin to control the loading of data.
Related violations: <none>

PDRC-153#32 Warning
Gated clock check  
Net SystolicCore0/mem2serial_transfer_pc/pmatrix[0][3][7]_i_2_n_2 is a gated clock net sourced by a combinational pin SystolicCore0/mem2serial_transfer_pc/pmatrix[0][3][7]_i_2/O, cell SystolicCore0/mem2serial_transfer_pc/pmatrix[0][3][7]_i_2. This is not good design practice and will likely impact performance. For SLICE registers, for example, use the CE pin to control the loading of data.
Related violations: <none>

PDRC-153#33 Warning
Gated clock check  
Net SystolicCore0/mem2serial_transfer_pc/pmatrix[0][4][0]_i_2_n_2 is a gated clock net sourced by a combinational pin SystolicCore0/mem2serial_transfer_pc/pmatrix[0][4][0]_i_2/O, cell SystolicCore0/mem2serial_transfer_pc/pmatrix[0][4][0]_i_2. This is not good design practice and will likely impact performance. For SLICE registers, for example, use the CE pin to control the loading of data.
Related violations: <none>

PDRC-153#34 Warning
Gated clock check  
Net SystolicCore0/mem2serial_transfer_pc/pmatrix[0][4][1]_i_2_n_2 is a gated clock net sourced by a combinational pin SystolicCore0/mem2serial_transfer_pc/pmatrix[0][4][1]_i_2/O, cell SystolicCore0/mem2serial_transfer_pc/pmatrix[0][4][1]_i_2. This is not good design practice and will likely impact performance. For SLICE registers, for example, use the CE pin to control the loading of data.
Related violations: <none>

PDRC-153#35 Warning
Gated clock check  
Net SystolicCore0/mem2serial_transfer_pc/pmatrix[0][4][2]_i_2_n_2 is a gated clock net sourced by a combinational pin SystolicCore0/mem2serial_transfer_pc/pmatrix[0][4][2]_i_2/O, cell SystolicCore0/mem2serial_transfer_pc/pmatrix[0][4][2]_i_2. This is not good design practice and will likely impact performance. For SLICE registers, for example, use the CE pin to control the loading of data.
Related violations: <none>

PDRC-153#36 Warning
Gated clock check  
Net SystolicCore0/mem2serial_transfer_pc/pmatrix[0][4][3]_i_2_n_2 is a gated clock net sourced by a combinational pin SystolicCore0/mem2serial_transfer_pc/pmatrix[0][4][3]_i_2/O, cell SystolicCore0/mem2serial_transfer_pc/pmatrix[0][4][3]_i_2. This is not good design practice and will likely impact performance. For SLICE registers, for example, use the CE pin to control the loading of data.
Related violations: <none>

PDRC-153#37 Warning
Gated clock check  
Net SystolicCore0/mem2serial_transfer_pc/pmatrix[0][4][4]_i_2_n_2 is a gated clock net sourced by a combinational pin SystolicCore0/mem2serial_transfer_pc/pmatrix[0][4][4]_i_2/O, cell SystolicCore0/mem2serial_transfer_pc/pmatrix[0][4][4]_i_2. This is not good design practice and will likely impact performance. For SLICE registers, for example, use the CE pin to control the loading of data.
Related violations: <none>

PDRC-153#38 Warning
Gated clock check  
Net SystolicCore0/mem2serial_transfer_pc/pmatrix[0][4][5]_i_2_n_2 is a gated clock net sourced by a combinational pin SystolicCore0/mem2serial_transfer_pc/pmatrix[0][4][5]_i_2/O, cell SystolicCore0/mem2serial_transfer_pc/pmatrix[0][4][5]_i_2. This is not good design practice and will likely impact performance. For SLICE registers, for example, use the CE pin to control the loading of data.
Related violations: <none>

PDRC-153#39 Warning
Gated clock check  
Net SystolicCore0/mem2serial_transfer_pc/pmatrix[0][4][6]_i_2_n_2 is a gated clock net sourced by a combinational pin SystolicCore0/mem2serial_transfer_pc/pmatrix[0][4][6]_i_2/O, cell SystolicCore0/mem2serial_transfer_pc/pmatrix[0][4][6]_i_2. This is not good design practice and will likely impact performance. For SLICE registers, for example, use the CE pin to control the loading of data.
Related violations: <none>

PDRC-153#40 Warning
Gated clock check  
Net SystolicCore0/mem2serial_transfer_pc/pmatrix[0][4][7]_i_2_n_2 is a gated clock net sourced by a combinational pin SystolicCore0/mem2serial_transfer_pc/pmatrix[0][4][7]_i_2/O, cell SystolicCore0/mem2serial_transfer_pc/pmatrix[0][4][7]_i_2. This is not good design practice and will likely impact performance. For SLICE registers, for example, use the CE pin to control the loading of data.
Related violations: <none>

PDRC-153#41 Warning
Gated clock check  
Net SystolicCore0/mem2serial_transfer_pc/pmatrix[0][5][0]_i_2_n_2 is a gated clock net sourced by a combinational pin SystolicCore0/mem2serial_transfer_pc/pmatrix[0][5][0]_i_2/O, cell SystolicCore0/mem2serial_transfer_pc/pmatrix[0][5][0]_i_2. This is not good design practice and will likely impact performance. For SLICE registers, for example, use the CE pin to control the loading of data.
Related violations: <none>

PDRC-153#42 Warning
Gated clock check  
Net SystolicCore0/mem2serial_transfer_pc/pmatrix[0][5][1]_i_2_n_2 is a gated clock net sourced by a combinational pin SystolicCore0/mem2serial_transfer_pc/pmatrix[0][5][1]_i_2/O, cell SystolicCore0/mem2serial_transfer_pc/pmatrix[0][5][1]_i_2. This is not good design practice and will likely impact performance. For SLICE registers, for example, use the CE pin to control the loading of data.
Related violations: <none>

PDRC-153#43 Warning
Gated clock check  
Net SystolicCore0/mem2serial_transfer_pc/pmatrix[0][5][2]_i_2_n_2 is a gated clock net sourced by a combinational pin SystolicCore0/mem2serial_transfer_pc/pmatrix[0][5][2]_i_2/O, cell SystolicCore0/mem2serial_transfer_pc/pmatrix[0][5][2]_i_2. This is not good design practice and will likely impact performance. For SLICE registers, for example, use the CE pin to control the loading of data.
Related violations: <none>

PDRC-153#44 Warning
Gated clock check  
Net SystolicCore0/mem2serial_transfer_pc/pmatrix[0][5][3]_i_2_n_2 is a gated clock net sourced by a combinational pin SystolicCore0/mem2serial_transfer_pc/pmatrix[0][5][3]_i_2/O, cell SystolicCore0/mem2serial_transfer_pc/pmatrix[0][5][3]_i_2. This is not good design practice and will likely impact performance. For SLICE registers, for example, use the CE pin to control the loading of data.
Related violations: <none>

PDRC-153#45 Warning
Gated clock check  
Net SystolicCore0/mem2serial_transfer_pc/pmatrix[0][5][4]_i_2_n_2 is a gated clock net sourced by a combinational pin SystolicCore0/mem2serial_transfer_pc/pmatrix[0][5][4]_i_2/O, cell SystolicCore0/mem2serial_transfer_pc/pmatrix[0][5][4]_i_2. This is not good design practice and will likely impact performance. For SLICE registers, for example, use the CE pin to control the loading of data.
Related violations: <none>

PDRC-153#46 Warning
Gated clock check  
Net SystolicCore0/mem2serial_transfer_pc/pmatrix[0][5][5]_i_2_n_2 is a gated clock net sourced by a combinational pin SystolicCore0/mem2serial_transfer_pc/pmatrix[0][5][5]_i_2/O, cell SystolicCore0/mem2serial_transfer_pc/pmatrix[0][5][5]_i_2. This is not good design practice and will likely impact performance. For SLICE registers, for example, use the CE pin to control the loading of data.
Related violations: <none>

PDRC-153#47 Warning
Gated clock check  
Net SystolicCore0/mem2serial_transfer_pc/pmatrix[0][5][6]_i_2_n_2 is a gated clock net sourced by a combinational pin SystolicCore0/mem2serial_transfer_pc/pmatrix[0][5][6]_i_2/O, cell SystolicCore0/mem2serial_transfer_pc/pmatrix[0][5][6]_i_2. This is not good design practice and will likely impact performance. For SLICE registers, for example, use the CE pin to control the loading of data.
Related violations: <none>

PDRC-153#48 Warning
Gated clock check  
Net SystolicCore0/mem2serial_transfer_pc/pmatrix[0][5][7]_i_2_n_2 is a gated clock net sourced by a combinational pin SystolicCore0/mem2serial_transfer_pc/pmatrix[0][5][7]_i_2/O, cell SystolicCore0/mem2serial_transfer_pc/pmatrix[0][5][7]_i_2. This is not good design practice and will likely impact performance. For SLICE registers, for example, use the CE pin to control the loading of data.
Related violations: <none>

PDRC-153#49 Warning
Gated clock check  
Net SystolicCore0/mem2serial_transfer_pc/pmatrix[0][6][0]_i_2_n_2 is a gated clock net sourced by a combinational pin SystolicCore0/mem2serial_transfer_pc/pmatrix[0][6][0]_i_2/O, cell SystolicCore0/mem2serial_transfer_pc/pmatrix[0][6][0]_i_2. This is not good design practice and will likely impact performance. For SLICE registers, for example, use the CE pin to control the loading of data.
Related violations: <none>

PDRC-153#50 Warning
Gated clock check  
Net SystolicCore0/mem2serial_transfer_pc/pmatrix[0][6][1]_i_2_n_2 is a gated clock net sourced by a combinational pin SystolicCore0/mem2serial_transfer_pc/pmatrix[0][6][1]_i_2/O, cell SystolicCore0/mem2serial_transfer_pc/pmatrix[0][6][1]_i_2. This is not good design practice and will likely impact performance. For SLICE registers, for example, use the CE pin to control the loading of data.
Related violations: <none>

PDRC-153#51 Warning
Gated clock check  
Net SystolicCore0/mem2serial_transfer_pc/pmatrix[0][6][2]_i_2_n_2 is a gated clock net sourced by a combinational pin SystolicCore0/mem2serial_transfer_pc/pmatrix[0][6][2]_i_2/O, cell SystolicCore0/mem2serial_transfer_pc/pmatrix[0][6][2]_i_2. This is not good design practice and will likely impact performance. For SLICE registers, for example, use the CE pin to control the loading of data.
Related violations: <none>

PDRC-153#52 Warning
Gated clock check  
Net SystolicCore0/mem2serial_transfer_pc/pmatrix[0][6][3]_i_2_n_2 is a gated clock net sourced by a combinational pin SystolicCore0/mem2serial_transfer_pc/pmatrix[0][6][3]_i_2/O, cell SystolicCore0/mem2serial_transfer_pc/pmatrix[0][6][3]_i_2. This is not good design practice and will likely impact performance. For SLICE registers, for example, use the CE pin to control the loading of data.
Related violations: <none>

PDRC-153#53 Warning
Gated clock check  
Net SystolicCore0/mem2serial_transfer_pc/pmatrix[0][6][4]_i_2_n_2 is a gated clock net sourced by a combinational pin SystolicCore0/mem2serial_transfer_pc/pmatrix[0][6][4]_i_2/O, cell SystolicCore0/mem2serial_transfer_pc/pmatrix[0][6][4]_i_2. This is not good design practice and will likely impact performance. For SLICE registers, for example, use the CE pin to control the loading of data.
Related violations: <none>

PDRC-153#54 Warning
Gated clock check  
Net SystolicCore0/mem2serial_transfer_pc/pmatrix[0][6][5]_i_2_n_2 is a gated clock net sourced by a combinational pin SystolicCore0/mem2serial_transfer_pc/pmatrix[0][6][5]_i_2/O, cell SystolicCore0/mem2serial_transfer_pc/pmatrix[0][6][5]_i_2. This is not good design practice and will likely impact performance. For SLICE registers, for example, use the CE pin to control the loading of data.
Related violations: <none>

PDRC-153#55 Warning
Gated clock check  
Net SystolicCore0/mem2serial_transfer_pc/pmatrix[0][6][6]_i_2_n_2 is a gated clock net sourced by a combinational pin SystolicCore0/mem2serial_transfer_pc/pmatrix[0][6][6]_i_2/O, cell SystolicCore0/mem2serial_transfer_pc/pmatrix[0][6][6]_i_2. This is not good design practice and will likely impact performance. For SLICE registers, for example, use the CE pin to control the loading of data.
Related violations: <none>

PDRC-153#56 Warning
Gated clock check  
Net SystolicCore0/mem2serial_transfer_pc/pmatrix[0][6][7]_i_2_n_2 is a gated clock net sourced by a combinational pin SystolicCore0/mem2serial_transfer_pc/pmatrix[0][6][7]_i_2/O, cell SystolicCore0/mem2serial_transfer_pc/pmatrix[0][6][7]_i_2. This is not good design practice and will likely impact performance. For SLICE registers, for example, use the CE pin to control the loading of data.
Related violations: <none>

PDRC-153#57 Warning
Gated clock check  
Net SystolicCore0/mem2serial_transfer_pc/pmatrix[0][7][0]_i_2_n_2 is a gated clock net sourced by a combinational pin SystolicCore0/mem2serial_transfer_pc/pmatrix[0][7][0]_i_2/O, cell SystolicCore0/mem2serial_transfer_pc/pmatrix[0][7][0]_i_2. This is not good design practice and will likely impact performance. For SLICE registers, for example, use the CE pin to control the loading of data.
Related violations: <none>

PDRC-153#58 Warning
Gated clock check  
Net SystolicCore0/mem2serial_transfer_pc/pmatrix[0][7][1]_i_2_n_2 is a gated clock net sourced by a combinational pin SystolicCore0/mem2serial_transfer_pc/pmatrix[0][7][1]_i_2/O, cell SystolicCore0/mem2serial_transfer_pc/pmatrix[0][7][1]_i_2. This is not good design practice and will likely impact performance. For SLICE registers, for example, use the CE pin to control the loading of data.
Related violations: <none>

PDRC-153#59 Warning
Gated clock check  
Net SystolicCore0/mem2serial_transfer_pc/pmatrix[0][7][2]_i_2_n_2 is a gated clock net sourced by a combinational pin SystolicCore0/mem2serial_transfer_pc/pmatrix[0][7][2]_i_2/O, cell SystolicCore0/mem2serial_transfer_pc/pmatrix[0][7][2]_i_2. This is not good design practice and will likely impact performance. For SLICE registers, for example, use the CE pin to control the loading of data.
Related violations: <none>

PDRC-153#60 Warning
Gated clock check  
Net SystolicCore0/mem2serial_transfer_pc/pmatrix[0][7][3]_i_2_n_2 is a gated clock net sourced by a combinational pin SystolicCore0/mem2serial_transfer_pc/pmatrix[0][7][3]_i_2/O, cell SystolicCore0/mem2serial_transfer_pc/pmatrix[0][7][3]_i_2. This is not good design practice and will likely impact performance. For SLICE registers, for example, use the CE pin to control the loading of data.
Related violations: <none>

PDRC-153#61 Warning
Gated clock check  
Net SystolicCore0/mem2serial_transfer_pc/pmatrix[0][7][4]_i_2_n_2 is a gated clock net sourced by a combinational pin SystolicCore0/mem2serial_transfer_pc/pmatrix[0][7][4]_i_2/O, cell SystolicCore0/mem2serial_transfer_pc/pmatrix[0][7][4]_i_2. This is not good design practice and will likely impact performance. For SLICE registers, for example, use the CE pin to control the loading of data.
Related violations: <none>

PDRC-153#62 Warning
Gated clock check  
Net SystolicCore0/mem2serial_transfer_pc/pmatrix[0][7][5]_i_2_n_2 is a gated clock net sourced by a combinational pin SystolicCore0/mem2serial_transfer_pc/pmatrix[0][7][5]_i_2/O, cell SystolicCore0/mem2serial_transfer_pc/pmatrix[0][7][5]_i_2. This is not good design practice and will likely impact performance. For SLICE registers, for example, use the CE pin to control the loading of data.
Related violations: <none>

PDRC-153#63 Warning
Gated clock check  
Net SystolicCore0/mem2serial_transfer_pc/pmatrix[0][7][6]_i_2_n_2 is a gated clock net sourced by a combinational pin SystolicCore0/mem2serial_transfer_pc/pmatrix[0][7][6]_i_2/O, cell SystolicCore0/mem2serial_transfer_pc/pmatrix[0][7][6]_i_2. This is not good design practice and will likely impact performance. For SLICE registers, for example, use the CE pin to control the loading of data.
Related violations: <none>

PDRC-153#64 Warning
Gated clock check  
Net SystolicCore0/mem2serial_transfer_pc/pmatrix[0][7][7]_i_2_n_2 is a gated clock net sourced by a combinational pin SystolicCore0/mem2serial_transfer_pc/pmatrix[0][7][7]_i_2/O, cell SystolicCore0/mem2serial_transfer_pc/pmatrix[0][7][7]_i_2. This is not good design practice and will likely impact performance. For SLICE registers, for example, use the CE pin to control the loading of data.
Related violations: <none>

PDRC-153#65 Warning
Gated clock check  
Net SystolicCore0/mem2serial_transfer_pc/pmatrix[1][0][0]_i_2_n_2 is a gated clock net sourced by a combinational pin SystolicCore0/mem2serial_transfer_pc/pmatrix[1][0][0]_i_2/O, cell SystolicCore0/mem2serial_transfer_pc/pmatrix[1][0][0]_i_2. This is not good design practice and will likely impact performance. For SLICE registers, for example, use the CE pin to control the loading of data.
Related violations: <none>

PDRC-153#66 Warning
Gated clock check  
Net SystolicCore0/mem2serial_transfer_pc/pmatrix[1][0][1]_i_2_n_2 is a gated clock net sourced by a combinational pin SystolicCore0/mem2serial_transfer_pc/pmatrix[1][0][1]_i_2/O, cell SystolicCore0/mem2serial_transfer_pc/pmatrix[1][0][1]_i_2. This is not good design practice and will likely impact performance. For SLICE registers, for example, use the CE pin to control the loading of data.
Related violations: <none>

PDRC-153#67 Warning
Gated clock check  
Net SystolicCore0/mem2serial_transfer_pc/pmatrix[1][0][2]_i_2_n_2 is a gated clock net sourced by a combinational pin SystolicCore0/mem2serial_transfer_pc/pmatrix[1][0][2]_i_2/O, cell SystolicCore0/mem2serial_transfer_pc/pmatrix[1][0][2]_i_2. This is not good design practice and will likely impact performance. For SLICE registers, for example, use the CE pin to control the loading of data.
Related violations: <none>

PDRC-153#68 Warning
Gated clock check  
Net SystolicCore0/mem2serial_transfer_pc/pmatrix[1][0][3]_i_2_n_2 is a gated clock net sourced by a combinational pin SystolicCore0/mem2serial_transfer_pc/pmatrix[1][0][3]_i_2/O, cell SystolicCore0/mem2serial_transfer_pc/pmatrix[1][0][3]_i_2. This is not good design practice and will likely impact performance. For SLICE registers, for example, use the CE pin to control the loading of data.
Related violations: <none>

PDRC-153#69 Warning
Gated clock check  
Net SystolicCore0/mem2serial_transfer_pc/pmatrix[1][0][4]_i_2_n_2 is a gated clock net sourced by a combinational pin SystolicCore0/mem2serial_transfer_pc/pmatrix[1][0][4]_i_2/O, cell SystolicCore0/mem2serial_transfer_pc/pmatrix[1][0][4]_i_2. This is not good design practice and will likely impact performance. For SLICE registers, for example, use the CE pin to control the loading of data.
Related violations: <none>

PDRC-153#70 Warning
Gated clock check  
Net SystolicCore0/mem2serial_transfer_pc/pmatrix[1][0][5]_i_2_n_2 is a gated clock net sourced by a combinational pin SystolicCore0/mem2serial_transfer_pc/pmatrix[1][0][5]_i_2/O, cell SystolicCore0/mem2serial_transfer_pc/pmatrix[1][0][5]_i_2. This is not good design practice and will likely impact performance. For SLICE registers, for example, use the CE pin to control the loading of data.
Related violations: <none>

PDRC-153#71 Warning
Gated clock check  
Net SystolicCore0/mem2serial_transfer_pc/pmatrix[1][0][6]_i_2_n_2 is a gated clock net sourced by a combinational pin SystolicCore0/mem2serial_transfer_pc/pmatrix[1][0][6]_i_2/O, cell SystolicCore0/mem2serial_transfer_pc/pmatrix[1][0][6]_i_2. This is not good design practice and will likely impact performance. For SLICE registers, for example, use the CE pin to control the loading of data.
Related violations: <none>

PDRC-153#72 Warning
Gated clock check  
Net SystolicCore0/mem2serial_transfer_pc/pmatrix[1][0][7]_i_2_n_2 is a gated clock net sourced by a combinational pin SystolicCore0/mem2serial_transfer_pc/pmatrix[1][0][7]_i_2/O, cell SystolicCore0/mem2serial_transfer_pc/pmatrix[1][0][7]_i_2. This is not good design practice and will likely impact performance. For SLICE registers, for example, use the CE pin to control the loading of data.
Related violations: <none>

PDRC-153#73 Warning
Gated clock check  
Net SystolicCore0/mem2serial_transfer_pc/pmatrix[1][1][0]_i_2_n_2 is a gated clock net sourced by a combinational pin SystolicCore0/mem2serial_transfer_pc/pmatrix[1][1][0]_i_2/O, cell SystolicCore0/mem2serial_transfer_pc/pmatrix[1][1][0]_i_2. This is not good design practice and will likely impact performance. For SLICE registers, for example, use the CE pin to control the loading of data.
Related violations: <none>

PDRC-153#74 Warning
Gated clock check  
Net SystolicCore0/mem2serial_transfer_pc/pmatrix[1][1][1]_i_2_n_2 is a gated clock net sourced by a combinational pin SystolicCore0/mem2serial_transfer_pc/pmatrix[1][1][1]_i_2/O, cell SystolicCore0/mem2serial_transfer_pc/pmatrix[1][1][1]_i_2. This is not good design practice and will likely impact performance. For SLICE registers, for example, use the CE pin to control the loading of data.
Related violations: <none>

PDRC-153#75 Warning
Gated clock check  
Net SystolicCore0/mem2serial_transfer_pc/pmatrix[1][1][2]_i_2_n_2 is a gated clock net sourced by a combinational pin SystolicCore0/mem2serial_transfer_pc/pmatrix[1][1][2]_i_2/O, cell SystolicCore0/mem2serial_transfer_pc/pmatrix[1][1][2]_i_2. This is not good design practice and will likely impact performance. For SLICE registers, for example, use the CE pin to control the loading of data.
Related violations: <none>

PDRC-153#76 Warning
Gated clock check  
Net SystolicCore0/mem2serial_transfer_pc/pmatrix[1][1][3]_i_2_n_2 is a gated clock net sourced by a combinational pin SystolicCore0/mem2serial_transfer_pc/pmatrix[1][1][3]_i_2/O, cell SystolicCore0/mem2serial_transfer_pc/pmatrix[1][1][3]_i_2. This is not good design practice and will likely impact performance. For SLICE registers, for example, use the CE pin to control the loading of data.
Related violations: <none>

PDRC-153#77 Warning
Gated clock check  
Net SystolicCore0/mem2serial_transfer_pc/pmatrix[1][1][4]_i_2_n_2 is a gated clock net sourced by a combinational pin SystolicCore0/mem2serial_transfer_pc/pmatrix[1][1][4]_i_2/O, cell SystolicCore0/mem2serial_transfer_pc/pmatrix[1][1][4]_i_2. This is not good design practice and will likely impact performance. For SLICE registers, for example, use the CE pin to control the loading of data.
Related violations: <none>

PDRC-153#78 Warning
Gated clock check  
Net SystolicCore0/mem2serial_transfer_pc/pmatrix[1][1][5]_i_2_n_2 is a gated clock net sourced by a combinational pin SystolicCore0/mem2serial_transfer_pc/pmatrix[1][1][5]_i_2/O, cell SystolicCore0/mem2serial_transfer_pc/pmatrix[1][1][5]_i_2. This is not good design practice and will likely impact performance. For SLICE registers, for example, use the CE pin to control the loading of data.
Related violations: <none>

PDRC-153#79 Warning
Gated clock check  
Net SystolicCore0/mem2serial_transfer_pc/pmatrix[1][1][6]_i_2_n_2 is a gated clock net sourced by a combinational pin SystolicCore0/mem2serial_transfer_pc/pmatrix[1][1][6]_i_2/O, cell SystolicCore0/mem2serial_transfer_pc/pmatrix[1][1][6]_i_2. This is not good design practice and will likely impact performance. For SLICE registers, for example, use the CE pin to control the loading of data.
Related violations: <none>

PDRC-153#80 Warning
Gated clock check  
Net SystolicCore0/mem2serial_transfer_pc/pmatrix[1][1][7]_i_2_n_2 is a gated clock net sourced by a combinational pin SystolicCore0/mem2serial_transfer_pc/pmatrix[1][1][7]_i_2/O, cell SystolicCore0/mem2serial_transfer_pc/pmatrix[1][1][7]_i_2. This is not good design practice and will likely impact performance. For SLICE registers, for example, use the CE pin to control the loading of data.
Related violations: <none>

PDRC-153#81 Warning
Gated clock check  
Net SystolicCore0/mem2serial_transfer_pc/pmatrix[1][2][0]_i_2_n_2 is a gated clock net sourced by a combinational pin SystolicCore0/mem2serial_transfer_pc/pmatrix[1][2][0]_i_2/O, cell SystolicCore0/mem2serial_transfer_pc/pmatrix[1][2][0]_i_2. This is not good design practice and will likely impact performance. For SLICE registers, for example, use the CE pin to control the loading of data.
Related violations: <none>

PDRC-153#82 Warning
Gated clock check  
Net SystolicCore0/mem2serial_transfer_pc/pmatrix[1][2][1]_i_2_n_2 is a gated clock net sourced by a combinational pin SystolicCore0/mem2serial_transfer_pc/pmatrix[1][2][1]_i_2/O, cell SystolicCore0/mem2serial_transfer_pc/pmatrix[1][2][1]_i_2. This is not good design practice and will likely impact performance. For SLICE registers, for example, use the CE pin to control the loading of data.
Related violations: <none>

PDRC-153#83 Warning
Gated clock check  
Net SystolicCore0/mem2serial_transfer_pc/pmatrix[1][2][2]_i_2_n_2 is a gated clock net sourced by a combinational pin SystolicCore0/mem2serial_transfer_pc/pmatrix[1][2][2]_i_2/O, cell SystolicCore0/mem2serial_transfer_pc/pmatrix[1][2][2]_i_2. This is not good design practice and will likely impact performance. For SLICE registers, for example, use the CE pin to control the loading of data.
Related violations: <none>

PDRC-153#84 Warning
Gated clock check  
Net SystolicCore0/mem2serial_transfer_pc/pmatrix[1][2][3]_i_2_n_2 is a gated clock net sourced by a combinational pin SystolicCore0/mem2serial_transfer_pc/pmatrix[1][2][3]_i_2/O, cell SystolicCore0/mem2serial_transfer_pc/pmatrix[1][2][3]_i_2. This is not good design practice and will likely impact performance. For SLICE registers, for example, use the CE pin to control the loading of data.
Related violations: <none>

PDRC-153#85 Warning
Gated clock check  
Net SystolicCore0/mem2serial_transfer_pc/pmatrix[1][2][4]_i_2_n_2 is a gated clock net sourced by a combinational pin SystolicCore0/mem2serial_transfer_pc/pmatrix[1][2][4]_i_2/O, cell SystolicCore0/mem2serial_transfer_pc/pmatrix[1][2][4]_i_2. This is not good design practice and will likely impact performance. For SLICE registers, for example, use the CE pin to control the loading of data.
Related violations: <none>

PDRC-153#86 Warning
Gated clock check  
Net SystolicCore0/mem2serial_transfer_pc/pmatrix[1][2][5]_i_2_n_2 is a gated clock net sourced by a combinational pin SystolicCore0/mem2serial_transfer_pc/pmatrix[1][2][5]_i_2/O, cell SystolicCore0/mem2serial_transfer_pc/pmatrix[1][2][5]_i_2. This is not good design practice and will likely impact performance. For SLICE registers, for example, use the CE pin to control the loading of data.
Related violations: <none>

PDRC-153#87 Warning
Gated clock check  
Net SystolicCore0/mem2serial_transfer_pc/pmatrix[1][2][6]_i_2_n_2 is a gated clock net sourced by a combinational pin SystolicCore0/mem2serial_transfer_pc/pmatrix[1][2][6]_i_2/O, cell SystolicCore0/mem2serial_transfer_pc/pmatrix[1][2][6]_i_2. This is not good design practice and will likely impact performance. For SLICE registers, for example, use the CE pin to control the loading of data.
Related violations: <none>

PDRC-153#88 Warning
Gated clock check  
Net SystolicCore0/mem2serial_transfer_pc/pmatrix[1][2][7]_i_2_n_2 is a gated clock net sourced by a combinational pin SystolicCore0/mem2serial_transfer_pc/pmatrix[1][2][7]_i_2/O, cell SystolicCore0/mem2serial_transfer_pc/pmatrix[1][2][7]_i_2. This is not good design practice and will likely impact performance. For SLICE registers, for example, use the CE pin to control the loading of data.
Related violations: <none>

PDRC-153#89 Warning
Gated clock check  
Net SystolicCore0/mem2serial_transfer_pc/pmatrix[1][3][0]_i_2_n_2 is a gated clock net sourced by a combinational pin SystolicCore0/mem2serial_transfer_pc/pmatrix[1][3][0]_i_2/O, cell SystolicCore0/mem2serial_transfer_pc/pmatrix[1][3][0]_i_2. This is not good design practice and will likely impact performance. For SLICE registers, for example, use the CE pin to control the loading of data.
Related violations: <none>

PDRC-153#90 Warning
Gated clock check  
Net SystolicCore0/mem2serial_transfer_pc/pmatrix[1][3][1]_i_2_n_2 is a gated clock net sourced by a combinational pin SystolicCore0/mem2serial_transfer_pc/pmatrix[1][3][1]_i_2/O, cell SystolicCore0/mem2serial_transfer_pc/pmatrix[1][3][1]_i_2. This is not good design practice and will likely impact performance. For SLICE registers, for example, use the CE pin to control the loading of data.
Related violations: <none>

PDRC-153#91 Warning
Gated clock check  
Net SystolicCore0/mem2serial_transfer_pc/pmatrix[1][3][2]_i_2_n_2 is a gated clock net sourced by a combinational pin SystolicCore0/mem2serial_transfer_pc/pmatrix[1][3][2]_i_2/O, cell SystolicCore0/mem2serial_transfer_pc/pmatrix[1][3][2]_i_2. This is not good design practice and will likely impact performance. For SLICE registers, for example, use the CE pin to control the loading of data.
Related violations: <none>

PDRC-153#92 Warning
Gated clock check  
Net SystolicCore0/mem2serial_transfer_pc/pmatrix[1][3][3]_i_2_n_2 is a gated clock net sourced by a combinational pin SystolicCore0/mem2serial_transfer_pc/pmatrix[1][3][3]_i_2/O, cell SystolicCore0/mem2serial_transfer_pc/pmatrix[1][3][3]_i_2. This is not good design practice and will likely impact performance. For SLICE registers, for example, use the CE pin to control the loading of data.
Related violations: <none>

PDRC-153#93 Warning
Gated clock check  
Net SystolicCore0/mem2serial_transfer_pc/pmatrix[1][3][4]_i_2_n_2 is a gated clock net sourced by a combinational pin SystolicCore0/mem2serial_transfer_pc/pmatrix[1][3][4]_i_2/O, cell SystolicCore0/mem2serial_transfer_pc/pmatrix[1][3][4]_i_2. This is not good design practice and will likely impact performance. For SLICE registers, for example, use the CE pin to control the loading of data.
Related violations: <none>

PDRC-153#94 Warning
Gated clock check  
Net SystolicCore0/mem2serial_transfer_pc/pmatrix[1][3][5]_i_2_n_2 is a gated clock net sourced by a combinational pin SystolicCore0/mem2serial_transfer_pc/pmatrix[1][3][5]_i_2/O, cell SystolicCore0/mem2serial_transfer_pc/pmatrix[1][3][5]_i_2. This is not good design practice and will likely impact performance. For SLICE registers, for example, use the CE pin to control the loading of data.
Related violations: <none>

PDRC-153#95 Warning
Gated clock check  
Net SystolicCore0/mem2serial_transfer_pc/pmatrix[1][3][6]_i_2_n_2 is a gated clock net sourced by a combinational pin SystolicCore0/mem2serial_transfer_pc/pmatrix[1][3][6]_i_2/O, cell SystolicCore0/mem2serial_transfer_pc/pmatrix[1][3][6]_i_2. This is not good design practice and will likely impact performance. For SLICE registers, for example, use the CE pin to control the loading of data.
Related violations: <none>

PDRC-153#96 Warning
Gated clock check  
Net SystolicCore0/mem2serial_transfer_pc/pmatrix[1][3][7]_i_2_n_2 is a gated clock net sourced by a combinational pin SystolicCore0/mem2serial_transfer_pc/pmatrix[1][3][7]_i_2/O, cell SystolicCore0/mem2serial_transfer_pc/pmatrix[1][3][7]_i_2. This is not good design practice and will likely impact performance. For SLICE registers, for example, use the CE pin to control the loading of data.
Related violations: <none>

PDRC-153#97 Warning
Gated clock check  
Net SystolicCore0/mem2serial_transfer_pc/pmatrix[1][4][0]_i_2_n_2 is a gated clock net sourced by a combinational pin SystolicCore0/mem2serial_transfer_pc/pmatrix[1][4][0]_i_2/O, cell SystolicCore0/mem2serial_transfer_pc/pmatrix[1][4][0]_i_2. This is not good design practice and will likely impact performance. For SLICE registers, for example, use the CE pin to control the loading of data.
Related violations: <none>

PDRC-153#98 Warning
Gated clock check  
Net SystolicCore0/mem2serial_transfer_pc/pmatrix[1][4][1]_i_2_n_2 is a gated clock net sourced by a combinational pin SystolicCore0/mem2serial_transfer_pc/pmatrix[1][4][1]_i_2/O, cell SystolicCore0/mem2serial_transfer_pc/pmatrix[1][4][1]_i_2. This is not good design practice and will likely impact performance. For SLICE registers, for example, use the CE pin to control the loading of data.
Related violations: <none>

PDRC-153#99 Warning
Gated clock check  
Net SystolicCore0/mem2serial_transfer_pc/pmatrix[1][4][2]_i_2_n_2 is a gated clock net sourced by a combinational pin SystolicCore0/mem2serial_transfer_pc/pmatrix[1][4][2]_i_2/O, cell SystolicCore0/mem2serial_transfer_pc/pmatrix[1][4][2]_i_2. This is not good design practice and will likely impact performance. For SLICE registers, for example, use the CE pin to control the loading of data.
Related violations: <none>

PDRC-153#100 Warning
Gated clock check  
Net SystolicCore0/mem2serial_transfer_pc/pmatrix[1][4][3]_i_2_n_2 is a gated clock net sourced by a combinational pin SystolicCore0/mem2serial_transfer_pc/pmatrix[1][4][3]_i_2/O, cell SystolicCore0/mem2serial_transfer_pc/pmatrix[1][4][3]_i_2. This is not good design practice and will likely impact performance. For SLICE registers, for example, use the CE pin to control the loading of data.
Related violations: <none>

PDRC-153#101 Warning
Gated clock check  
Net SystolicCore0/mem2serial_transfer_pc/pmatrix[1][4][4]_i_2_n_2 is a gated clock net sourced by a combinational pin SystolicCore0/mem2serial_transfer_pc/pmatrix[1][4][4]_i_2/O, cell SystolicCore0/mem2serial_transfer_pc/pmatrix[1][4][4]_i_2. This is not good design practice and will likely impact performance. For SLICE registers, for example, use the CE pin to control the loading of data.
Related violations: <none>

PDRC-153#102 Warning
Gated clock check  
Net SystolicCore0/mem2serial_transfer_pc/pmatrix[1][4][5]_i_2_n_2 is a gated clock net sourced by a combinational pin SystolicCore0/mem2serial_transfer_pc/pmatrix[1][4][5]_i_2/O, cell SystolicCore0/mem2serial_transfer_pc/pmatrix[1][4][5]_i_2. This is not good design practice and will likely impact performance. For SLICE registers, for example, use the CE pin to control the loading of data.
Related violations: <none>

PDRC-153#103 Warning
Gated clock check  
Net SystolicCore0/mem2serial_transfer_pc/pmatrix[1][4][6]_i_2_n_2 is a gated clock net sourced by a combinational pin SystolicCore0/mem2serial_transfer_pc/pmatrix[1][4][6]_i_2/O, cell SystolicCore0/mem2serial_transfer_pc/pmatrix[1][4][6]_i_2. This is not good design practice and will likely impact performance. For SLICE registers, for example, use the CE pin to control the loading of data.
Related violations: <none>

PDRC-153#104 Warning
Gated clock check  
Net SystolicCore0/mem2serial_transfer_pc/pmatrix[1][4][7]_i_2_n_2 is a gated clock net sourced by a combinational pin SystolicCore0/mem2serial_transfer_pc/pmatrix[1][4][7]_i_2/O, cell SystolicCore0/mem2serial_transfer_pc/pmatrix[1][4][7]_i_2. This is not good design practice and will likely impact performance. For SLICE registers, for example, use the CE pin to control the loading of data.
Related violations: <none>

PDRC-153#105 Warning
Gated clock check  
Net SystolicCore0/mem2serial_transfer_pc/pmatrix[1][5][0]_i_2_n_2 is a gated clock net sourced by a combinational pin SystolicCore0/mem2serial_transfer_pc/pmatrix[1][5][0]_i_2/O, cell SystolicCore0/mem2serial_transfer_pc/pmatrix[1][5][0]_i_2. This is not good design practice and will likely impact performance. For SLICE registers, for example, use the CE pin to control the loading of data.
Related violations: <none>

PDRC-153#106 Warning
Gated clock check  
Net SystolicCore0/mem2serial_transfer_pc/pmatrix[1][5][1]_i_2_n_2 is a gated clock net sourced by a combinational pin SystolicCore0/mem2serial_transfer_pc/pmatrix[1][5][1]_i_2/O, cell SystolicCore0/mem2serial_transfer_pc/pmatrix[1][5][1]_i_2. This is not good design practice and will likely impact performance. For SLICE registers, for example, use the CE pin to control the loading of data.
Related violations: <none>

PDRC-153#107 Warning
Gated clock check  
Net SystolicCore0/mem2serial_transfer_pc/pmatrix[1][5][2]_i_2_n_2 is a gated clock net sourced by a combinational pin SystolicCore0/mem2serial_transfer_pc/pmatrix[1][5][2]_i_2/O, cell SystolicCore0/mem2serial_transfer_pc/pmatrix[1][5][2]_i_2. This is not good design practice and will likely impact performance. For SLICE registers, for example, use the CE pin to control the loading of data.
Related violations: <none>

PDRC-153#108 Warning
Gated clock check  
Net SystolicCore0/mem2serial_transfer_pc/pmatrix[1][5][3]_i_2_n_2 is a gated clock net sourced by a combinational pin SystolicCore0/mem2serial_transfer_pc/pmatrix[1][5][3]_i_2/O, cell SystolicCore0/mem2serial_transfer_pc/pmatrix[1][5][3]_i_2. This is not good design practice and will likely impact performance. For SLICE registers, for example, use the CE pin to control the loading of data.
Related violations: <none>

PDRC-153#109 Warning
Gated clock check  
Net SystolicCore0/mem2serial_transfer_pc/pmatrix[1][5][4]_i_2_n_2 is a gated clock net sourced by a combinational pin SystolicCore0/mem2serial_transfer_pc/pmatrix[1][5][4]_i_2/O, cell SystolicCore0/mem2serial_transfer_pc/pmatrix[1][5][4]_i_2. This is not good design practice and will likely impact performance. For SLICE registers, for example, use the CE pin to control the loading of data.
Related violations: <none>

PDRC-153#110 Warning
Gated clock check  
Net SystolicCore0/mem2serial_transfer_pc/pmatrix[1][5][5]_i_2_n_2 is a gated clock net sourced by a combinational pin SystolicCore0/mem2serial_transfer_pc/pmatrix[1][5][5]_i_2/O, cell SystolicCore0/mem2serial_transfer_pc/pmatrix[1][5][5]_i_2. This is not good design practice and will likely impact performance. For SLICE registers, for example, use the CE pin to control the loading of data.
Related violations: <none>

PDRC-153#111 Warning
Gated clock check  
Net SystolicCore0/mem2serial_transfer_pc/pmatrix[1][5][6]_i_2_n_2 is a gated clock net sourced by a combinational pin SystolicCore0/mem2serial_transfer_pc/pmatrix[1][5][6]_i_2/O, cell SystolicCore0/mem2serial_transfer_pc/pmatrix[1][5][6]_i_2. This is not good design practice and will likely impact performance. For SLICE registers, for example, use the CE pin to control the loading of data.
Related violations: <none>

PDRC-153#112 Warning
Gated clock check  
Net SystolicCore0/mem2serial_transfer_pc/pmatrix[1][5][7]_i_2_n_2 is a gated clock net sourced by a combinational pin SystolicCore0/mem2serial_transfer_pc/pmatrix[1][5][7]_i_2/O, cell SystolicCore0/mem2serial_transfer_pc/pmatrix[1][5][7]_i_2. This is not good design practice and will likely impact performance. For SLICE registers, for example, use the CE pin to control the loading of data.
Related violations: <none>

PDRC-153#113 Warning
Gated clock check  
Net SystolicCore0/mem2serial_transfer_pc/pmatrix[1][6][0]_i_2_n_2 is a gated clock net sourced by a combinational pin SystolicCore0/mem2serial_transfer_pc/pmatrix[1][6][0]_i_2/O, cell SystolicCore0/mem2serial_transfer_pc/pmatrix[1][6][0]_i_2. This is not good design practice and will likely impact performance. For SLICE registers, for example, use the CE pin to control the loading of data.
Related violations: <none>

PDRC-153#114 Warning
Gated clock check  
Net SystolicCore0/mem2serial_transfer_pc/pmatrix[1][6][1]_i_2_n_2 is a gated clock net sourced by a combinational pin SystolicCore0/mem2serial_transfer_pc/pmatrix[1][6][1]_i_2/O, cell SystolicCore0/mem2serial_transfer_pc/pmatrix[1][6][1]_i_2. This is not good design practice and will likely impact performance. For SLICE registers, for example, use the CE pin to control the loading of data.
Related violations: <none>

PDRC-153#115 Warning
Gated clock check  
Net SystolicCore0/mem2serial_transfer_pc/pmatrix[1][6][2]_i_2_n_2 is a gated clock net sourced by a combinational pin SystolicCore0/mem2serial_transfer_pc/pmatrix[1][6][2]_i_2/O, cell SystolicCore0/mem2serial_transfer_pc/pmatrix[1][6][2]_i_2. This is not good design practice and will likely impact performance. For SLICE registers, for example, use the CE pin to control the loading of data.
Related violations: <none>

PDRC-153#116 Warning
Gated clock check  
Net SystolicCore0/mem2serial_transfer_pc/pmatrix[1][6][3]_i_2_n_2 is a gated clock net sourced by a combinational pin SystolicCore0/mem2serial_transfer_pc/pmatrix[1][6][3]_i_2/O, cell SystolicCore0/mem2serial_transfer_pc/pmatrix[1][6][3]_i_2. This is not good design practice and will likely impact performance. For SLICE registers, for example, use the CE pin to control the loading of data.
Related violations: <none>

PDRC-153#117 Warning
Gated clock check  
Net SystolicCore0/mem2serial_transfer_pc/pmatrix[1][6][4]_i_2_n_2 is a gated clock net sourced by a combinational pin SystolicCore0/mem2serial_transfer_pc/pmatrix[1][6][4]_i_2/O, cell SystolicCore0/mem2serial_transfer_pc/pmatrix[1][6][4]_i_2. This is not good design practice and will likely impact performance. For SLICE registers, for example, use the CE pin to control the loading of data.
Related violations: <none>

PDRC-153#118 Warning
Gated clock check  
Net SystolicCore0/mem2serial_transfer_pc/pmatrix[1][6][5]_i_2_n_2 is a gated clock net sourced by a combinational pin SystolicCore0/mem2serial_transfer_pc/pmatrix[1][6][5]_i_2/O, cell SystolicCore0/mem2serial_transfer_pc/pmatrix[1][6][5]_i_2. This is not good design practice and will likely impact performance. For SLICE registers, for example, use the CE pin to control the loading of data.
Related violations: <none>

PDRC-153#119 Warning
Gated clock check  
Net SystolicCore0/mem2serial_transfer_pc/pmatrix[1][6][6]_i_2_n_2 is a gated clock net sourced by a combinational pin SystolicCore0/mem2serial_transfer_pc/pmatrix[1][6][6]_i_2/O, cell SystolicCore0/mem2serial_transfer_pc/pmatrix[1][6][6]_i_2. This is not good design practice and will likely impact performance. For SLICE registers, for example, use the CE pin to control the loading of data.
Related violations: <none>

PDRC-153#120 Warning
Gated clock check  
Net SystolicCore0/mem2serial_transfer_pc/pmatrix[1][6][7]_i_2_n_2 is a gated clock net sourced by a combinational pin SystolicCore0/mem2serial_transfer_pc/pmatrix[1][6][7]_i_2/O, cell SystolicCore0/mem2serial_transfer_pc/pmatrix[1][6][7]_i_2. This is not good design practice and will likely impact performance. For SLICE registers, for example, use the CE pin to control the loading of data.
Related violations: <none>

PDRC-153#121 Warning
Gated clock check  
Net SystolicCore0/mem2serial_transfer_pc/pmatrix[1][7][0]_i_2_n_2 is a gated clock net sourced by a combinational pin SystolicCore0/mem2serial_transfer_pc/pmatrix[1][7][0]_i_2/O, cell SystolicCore0/mem2serial_transfer_pc/pmatrix[1][7][0]_i_2. This is not good design practice and will likely impact performance. For SLICE registers, for example, use the CE pin to control the loading of data.
Related violations: <none>

PDRC-153#122 Warning
Gated clock check  
Net SystolicCore0/mem2serial_transfer_pc/pmatrix[1][7][1]_i_2_n_2 is a gated clock net sourced by a combinational pin SystolicCore0/mem2serial_transfer_pc/pmatrix[1][7][1]_i_2/O, cell SystolicCore0/mem2serial_transfer_pc/pmatrix[1][7][1]_i_2. This is not good design practice and will likely impact performance. For SLICE registers, for example, use the CE pin to control the loading of data.
Related violations: <none>

PDRC-153#123 Warning
Gated clock check  
Net SystolicCore0/mem2serial_transfer_pc/pmatrix[1][7][2]_i_2_n_2 is a gated clock net sourced by a combinational pin SystolicCore0/mem2serial_transfer_pc/pmatrix[1][7][2]_i_2/O, cell SystolicCore0/mem2serial_transfer_pc/pmatrix[1][7][2]_i_2. This is not good design practice and will likely impact performance. For SLICE registers, for example, use the CE pin to control the loading of data.
Related violations: <none>

PDRC-153#124 Warning
Gated clock check  
Net SystolicCore0/mem2serial_transfer_pc/pmatrix[1][7][3]_i_2_n_2 is a gated clock net sourced by a combinational pin SystolicCore0/mem2serial_transfer_pc/pmatrix[1][7][3]_i_2/O, cell SystolicCore0/mem2serial_transfer_pc/pmatrix[1][7][3]_i_2. This is not good design practice and will likely impact performance. For SLICE registers, for example, use the CE pin to control the loading of data.
Related violations: <none>

PDRC-153#125 Warning
Gated clock check  
Net SystolicCore0/mem2serial_transfer_pc/pmatrix[1][7][4]_i_2_n_2 is a gated clock net sourced by a combinational pin SystolicCore0/mem2serial_transfer_pc/pmatrix[1][7][4]_i_2/O, cell SystolicCore0/mem2serial_transfer_pc/pmatrix[1][7][4]_i_2. This is not good design practice and will likely impact performance. For SLICE registers, for example, use the CE pin to control the loading of data.
Related violations: <none>

PDRC-153#126 Warning
Gated clock check  
Net SystolicCore0/mem2serial_transfer_pc/pmatrix[1][7][5]_i_2_n_2 is a gated clock net sourced by a combinational pin SystolicCore0/mem2serial_transfer_pc/pmatrix[1][7][5]_i_2/O, cell SystolicCore0/mem2serial_transfer_pc/pmatrix[1][7][5]_i_2. This is not good design practice and will likely impact performance. For SLICE registers, for example, use the CE pin to control the loading of data.
Related violations: <none>

PDRC-153#127 Warning
Gated clock check  
Net SystolicCore0/mem2serial_transfer_pc/pmatrix[1][7][6]_i_2_n_2 is a gated clock net sourced by a combinational pin SystolicCore0/mem2serial_transfer_pc/pmatrix[1][7][6]_i_2/O, cell SystolicCore0/mem2serial_transfer_pc/pmatrix[1][7][6]_i_2. This is not good design practice and will likely impact performance. For SLICE registers, for example, use the CE pin to control the loading of data.
Related violations: <none>

PDRC-153#128 Warning
Gated clock check  
Net SystolicCore0/mem2serial_transfer_pc/pmatrix[1][7][7]_i_2_n_2 is a gated clock net sourced by a combinational pin SystolicCore0/mem2serial_transfer_pc/pmatrix[1][7][7]_i_2/O, cell SystolicCore0/mem2serial_transfer_pc/pmatrix[1][7][7]_i_2. This is not good design practice and will likely impact performance. For SLICE registers, for example, use the CE pin to control the loading of data.
Related violations: <none>

PDRC-153#129 Warning
Gated clock check  
Net SystolicCore0/mem2serial_transfer_pc/pmatrix[2][0][0]_i_2_n_2 is a gated clock net sourced by a combinational pin SystolicCore0/mem2serial_transfer_pc/pmatrix[2][0][0]_i_2/O, cell SystolicCore0/mem2serial_transfer_pc/pmatrix[2][0][0]_i_2. This is not good design practice and will likely impact performance. For SLICE registers, for example, use the CE pin to control the loading of data.
Related violations: <none>

PDRC-153#130 Warning
Gated clock check  
Net SystolicCore0/mem2serial_transfer_pc/pmatrix[2][0][1]_i_2_n_2 is a gated clock net sourced by a combinational pin SystolicCore0/mem2serial_transfer_pc/pmatrix[2][0][1]_i_2/O, cell SystolicCore0/mem2serial_transfer_pc/pmatrix[2][0][1]_i_2. This is not good design practice and will likely impact performance. For SLICE registers, for example, use the CE pin to control the loading of data.
Related violations: <none>

PDRC-153#131 Warning
Gated clock check  
Net SystolicCore0/mem2serial_transfer_pc/pmatrix[2][0][2]_i_2_n_2 is a gated clock net sourced by a combinational pin SystolicCore0/mem2serial_transfer_pc/pmatrix[2][0][2]_i_2/O, cell SystolicCore0/mem2serial_transfer_pc/pmatrix[2][0][2]_i_2. This is not good design practice and will likely impact performance. For SLICE registers, for example, use the CE pin to control the loading of data.
Related violations: <none>

PDRC-153#132 Warning
Gated clock check  
Net SystolicCore0/mem2serial_transfer_pc/pmatrix[2][0][3]_i_2_n_2 is a gated clock net sourced by a combinational pin SystolicCore0/mem2serial_transfer_pc/pmatrix[2][0][3]_i_2/O, cell SystolicCore0/mem2serial_transfer_pc/pmatrix[2][0][3]_i_2. This is not good design practice and will likely impact performance. For SLICE registers, for example, use the CE pin to control the loading of data.
Related violations: <none>

PDRC-153#133 Warning
Gated clock check  
Net SystolicCore0/mem2serial_transfer_pc/pmatrix[2][0][4]_i_2_n_2 is a gated clock net sourced by a combinational pin SystolicCore0/mem2serial_transfer_pc/pmatrix[2][0][4]_i_2/O, cell SystolicCore0/mem2serial_transfer_pc/pmatrix[2][0][4]_i_2. This is not good design practice and will likely impact performance. For SLICE registers, for example, use the CE pin to control the loading of data.
Related violations: <none>

PDRC-153#134 Warning
Gated clock check  
Net SystolicCore0/mem2serial_transfer_pc/pmatrix[2][0][5]_i_2_n_2 is a gated clock net sourced by a combinational pin SystolicCore0/mem2serial_transfer_pc/pmatrix[2][0][5]_i_2/O, cell SystolicCore0/mem2serial_transfer_pc/pmatrix[2][0][5]_i_2. This is not good design practice and will likely impact performance. For SLICE registers, for example, use the CE pin to control the loading of data.
Related violations: <none>

PDRC-153#135 Warning
Gated clock check  
Net SystolicCore0/mem2serial_transfer_pc/pmatrix[2][0][6]_i_2_n_2 is a gated clock net sourced by a combinational pin SystolicCore0/mem2serial_transfer_pc/pmatrix[2][0][6]_i_2/O, cell SystolicCore0/mem2serial_transfer_pc/pmatrix[2][0][6]_i_2. This is not good design practice and will likely impact performance. For SLICE registers, for example, use the CE pin to control the loading of data.
Related violations: <none>

PDRC-153#136 Warning
Gated clock check  
Net SystolicCore0/mem2serial_transfer_pc/pmatrix[2][0][7]_i_2_n_2 is a gated clock net sourced by a combinational pin SystolicCore0/mem2serial_transfer_pc/pmatrix[2][0][7]_i_2/O, cell SystolicCore0/mem2serial_transfer_pc/pmatrix[2][0][7]_i_2. This is not good design practice and will likely impact performance. For SLICE registers, for example, use the CE pin to control the loading of data.
Related violations: <none>

PDRC-153#137 Warning
Gated clock check  
Net SystolicCore0/mem2serial_transfer_pc/pmatrix[2][1][0]_i_2_n_2 is a gated clock net sourced by a combinational pin SystolicCore0/mem2serial_transfer_pc/pmatrix[2][1][0]_i_2/O, cell SystolicCore0/mem2serial_transfer_pc/pmatrix[2][1][0]_i_2. This is not good design practice and will likely impact performance. For SLICE registers, for example, use the CE pin to control the loading of data.
Related violations: <none>

PDRC-153#138 Warning
Gated clock check  
Net SystolicCore0/mem2serial_transfer_pc/pmatrix[2][1][1]_i_2_n_2 is a gated clock net sourced by a combinational pin SystolicCore0/mem2serial_transfer_pc/pmatrix[2][1][1]_i_2/O, cell SystolicCore0/mem2serial_transfer_pc/pmatrix[2][1][1]_i_2. This is not good design practice and will likely impact performance. For SLICE registers, for example, use the CE pin to control the loading of data.
Related violations: <none>

PDRC-153#139 Warning
Gated clock check  
Net SystolicCore0/mem2serial_transfer_pc/pmatrix[2][1][2]_i_2_n_2 is a gated clock net sourced by a combinational pin SystolicCore0/mem2serial_transfer_pc/pmatrix[2][1][2]_i_2/O, cell SystolicCore0/mem2serial_transfer_pc/pmatrix[2][1][2]_i_2. This is not good design practice and will likely impact performance. For SLICE registers, for example, use the CE pin to control the loading of data.
Related violations: <none>

PDRC-153#140 Warning
Gated clock check  
Net SystolicCore0/mem2serial_transfer_pc/pmatrix[2][1][3]_i_2_n_2 is a gated clock net sourced by a combinational pin SystolicCore0/mem2serial_transfer_pc/pmatrix[2][1][3]_i_2/O, cell SystolicCore0/mem2serial_transfer_pc/pmatrix[2][1][3]_i_2. This is not good design practice and will likely impact performance. For SLICE registers, for example, use the CE pin to control the loading of data.
Related violations: <none>

PDRC-153#141 Warning
Gated clock check  
Net SystolicCore0/mem2serial_transfer_pc/pmatrix[2][1][4]_i_2_n_2 is a gated clock net sourced by a combinational pin SystolicCore0/mem2serial_transfer_pc/pmatrix[2][1][4]_i_2/O, cell SystolicCore0/mem2serial_transfer_pc/pmatrix[2][1][4]_i_2. This is not good design practice and will likely impact performance. For SLICE registers, for example, use the CE pin to control the loading of data.
Related violations: <none>

PDRC-153#142 Warning
Gated clock check  
Net SystolicCore0/mem2serial_transfer_pc/pmatrix[2][1][5]_i_2_n_2 is a gated clock net sourced by a combinational pin SystolicCore0/mem2serial_transfer_pc/pmatrix[2][1][5]_i_2/O, cell SystolicCore0/mem2serial_transfer_pc/pmatrix[2][1][5]_i_2. This is not good design practice and will likely impact performance. For SLICE registers, for example, use the CE pin to control the loading of data.
Related violations: <none>

PDRC-153#143 Warning
Gated clock check  
Net SystolicCore0/mem2serial_transfer_pc/pmatrix[2][1][6]_i_2_n_2 is a gated clock net sourced by a combinational pin SystolicCore0/mem2serial_transfer_pc/pmatrix[2][1][6]_i_2/O, cell SystolicCore0/mem2serial_transfer_pc/pmatrix[2][1][6]_i_2. This is not good design practice and will likely impact performance. For SLICE registers, for example, use the CE pin to control the loading of data.
Related violations: <none>

PDRC-153#144 Warning
Gated clock check  
Net SystolicCore0/mem2serial_transfer_pc/pmatrix[2][1][7]_i_2_n_2 is a gated clock net sourced by a combinational pin SystolicCore0/mem2serial_transfer_pc/pmatrix[2][1][7]_i_2/O, cell SystolicCore0/mem2serial_transfer_pc/pmatrix[2][1][7]_i_2. This is not good design practice and will likely impact performance. For SLICE registers, for example, use the CE pin to control the loading of data.
Related violations: <none>

PDRC-153#145 Warning
Gated clock check  
Net SystolicCore0/mem2serial_transfer_pc/pmatrix[2][2][0]_i_2_n_2 is a gated clock net sourced by a combinational pin SystolicCore0/mem2serial_transfer_pc/pmatrix[2][2][0]_i_2/O, cell SystolicCore0/mem2serial_transfer_pc/pmatrix[2][2][0]_i_2. This is not good design practice and will likely impact performance. For SLICE registers, for example, use the CE pin to control the loading of data.
Related violations: <none>

PDRC-153#146 Warning
Gated clock check  
Net SystolicCore0/mem2serial_transfer_pc/pmatrix[2][2][1]_i_2_n_2 is a gated clock net sourced by a combinational pin SystolicCore0/mem2serial_transfer_pc/pmatrix[2][2][1]_i_2/O, cell SystolicCore0/mem2serial_transfer_pc/pmatrix[2][2][1]_i_2. This is not good design practice and will likely impact performance. For SLICE registers, for example, use the CE pin to control the loading of data.
Related violations: <none>

PDRC-153#147 Warning
Gated clock check  
Net SystolicCore0/mem2serial_transfer_pc/pmatrix[2][2][2]_i_2_n_2 is a gated clock net sourced by a combinational pin SystolicCore0/mem2serial_transfer_pc/pmatrix[2][2][2]_i_2/O, cell SystolicCore0/mem2serial_transfer_pc/pmatrix[2][2][2]_i_2. This is not good design practice and will likely impact performance. For SLICE registers, for example, use the CE pin to control the loading of data.
Related violations: <none>

PDRC-153#148 Warning
Gated clock check  
Net SystolicCore0/mem2serial_transfer_pc/pmatrix[2][2][3]_i_2_n_2 is a gated clock net sourced by a combinational pin SystolicCore0/mem2serial_transfer_pc/pmatrix[2][2][3]_i_2/O, cell SystolicCore0/mem2serial_transfer_pc/pmatrix[2][2][3]_i_2. This is not good design practice and will likely impact performance. For SLICE registers, for example, use the CE pin to control the loading of data.
Related violations: <none>

PDRC-153#149 Warning
Gated clock check  
Net SystolicCore0/mem2serial_transfer_pc/pmatrix[2][2][4]_i_2_n_2 is a gated clock net sourced by a combinational pin SystolicCore0/mem2serial_transfer_pc/pmatrix[2][2][4]_i_2/O, cell SystolicCore0/mem2serial_transfer_pc/pmatrix[2][2][4]_i_2. This is not good design practice and will likely impact performance. For SLICE registers, for example, use the CE pin to control the loading of data.
Related violations: <none>

PDRC-153#150 Warning
Gated clock check  
Net SystolicCore0/mem2serial_transfer_pc/pmatrix[2][2][5]_i_2_n_2 is a gated clock net sourced by a combinational pin SystolicCore0/mem2serial_transfer_pc/pmatrix[2][2][5]_i_2/O, cell SystolicCore0/mem2serial_transfer_pc/pmatrix[2][2][5]_i_2. This is not good design practice and will likely impact performance. For SLICE registers, for example, use the CE pin to control the loading of data.
Related violations: <none>

PDRC-153#151 Warning
Gated clock check  
Net SystolicCore0/mem2serial_transfer_pc/pmatrix[2][2][6]_i_2_n_2 is a gated clock net sourced by a combinational pin SystolicCore0/mem2serial_transfer_pc/pmatrix[2][2][6]_i_2/O, cell SystolicCore0/mem2serial_transfer_pc/pmatrix[2][2][6]_i_2. This is not good design practice and will likely impact performance. For SLICE registers, for example, use the CE pin to control the loading of data.
Related violations: <none>

PDRC-153#152 Warning
Gated clock check  
Net SystolicCore0/mem2serial_transfer_pc/pmatrix[2][2][7]_i_2_n_2 is a gated clock net sourced by a combinational pin SystolicCore0/mem2serial_transfer_pc/pmatrix[2][2][7]_i_2/O, cell SystolicCore0/mem2serial_transfer_pc/pmatrix[2][2][7]_i_2. This is not good design practice and will likely impact performance. For SLICE registers, for example, use the CE pin to control the loading of data.
Related violations: <none>

PDRC-153#153 Warning
Gated clock check  
Net SystolicCore0/mem2serial_transfer_pc/pmatrix[2][3][0]_i_2_n_2 is a gated clock net sourced by a combinational pin SystolicCore0/mem2serial_transfer_pc/pmatrix[2][3][0]_i_2/O, cell SystolicCore0/mem2serial_transfer_pc/pmatrix[2][3][0]_i_2. This is not good design practice and will likely impact performance. For SLICE registers, for example, use the CE pin to control the loading of data.
Related violations: <none>

PDRC-153#154 Warning
Gated clock check  
Net SystolicCore0/mem2serial_transfer_pc/pmatrix[2][3][1]_i_2_n_2 is a gated clock net sourced by a combinational pin SystolicCore0/mem2serial_transfer_pc/pmatrix[2][3][1]_i_2/O, cell SystolicCore0/mem2serial_transfer_pc/pmatrix[2][3][1]_i_2. This is not good design practice and will likely impact performance. For SLICE registers, for example, use the CE pin to control the loading of data.
Related violations: <none>

PDRC-153#155 Warning
Gated clock check  
Net SystolicCore0/mem2serial_transfer_pc/pmatrix[2][3][2]_i_2_n_2 is a gated clock net sourced by a combinational pin SystolicCore0/mem2serial_transfer_pc/pmatrix[2][3][2]_i_2/O, cell SystolicCore0/mem2serial_transfer_pc/pmatrix[2][3][2]_i_2. This is not good design practice and will likely impact performance. For SLICE registers, for example, use the CE pin to control the loading of data.
Related violations: <none>

PDRC-153#156 Warning
Gated clock check  
Net SystolicCore0/mem2serial_transfer_pc/pmatrix[2][3][3]_i_2_n_2 is a gated clock net sourced by a combinational pin SystolicCore0/mem2serial_transfer_pc/pmatrix[2][3][3]_i_2/O, cell SystolicCore0/mem2serial_transfer_pc/pmatrix[2][3][3]_i_2. This is not good design practice and will likely impact performance. For SLICE registers, for example, use the CE pin to control the loading of data.
Related violations: <none>

PDRC-153#157 Warning
Gated clock check  
Net SystolicCore0/mem2serial_transfer_pc/pmatrix[2][3][4]_i_2_n_2 is a gated clock net sourced by a combinational pin SystolicCore0/mem2serial_transfer_pc/pmatrix[2][3][4]_i_2/O, cell SystolicCore0/mem2serial_transfer_pc/pmatrix[2][3][4]_i_2. This is not good design practice and will likely impact performance. For SLICE registers, for example, use the CE pin to control the loading of data.
Related violations: <none>

PDRC-153#158 Warning
Gated clock check  
Net SystolicCore0/mem2serial_transfer_pc/pmatrix[2][3][5]_i_2_n_2 is a gated clock net sourced by a combinational pin SystolicCore0/mem2serial_transfer_pc/pmatrix[2][3][5]_i_2/O, cell SystolicCore0/mem2serial_transfer_pc/pmatrix[2][3][5]_i_2. This is not good design practice and will likely impact performance. For SLICE registers, for example, use the CE pin to control the loading of data.
Related violations: <none>

PDRC-153#159 Warning
Gated clock check  
Net SystolicCore0/mem2serial_transfer_pc/pmatrix[2][3][6]_i_2_n_2 is a gated clock net sourced by a combinational pin SystolicCore0/mem2serial_transfer_pc/pmatrix[2][3][6]_i_2/O, cell SystolicCore0/mem2serial_transfer_pc/pmatrix[2][3][6]_i_2. This is not good design practice and will likely impact performance. For SLICE registers, for example, use the CE pin to control the loading of data.
Related violations: <none>

PDRC-153#160 Warning
Gated clock check  
Net SystolicCore0/mem2serial_transfer_pc/pmatrix[2][3][7]_i_2_n_2 is a gated clock net sourced by a combinational pin SystolicCore0/mem2serial_transfer_pc/pmatrix[2][3][7]_i_2/O, cell SystolicCore0/mem2serial_transfer_pc/pmatrix[2][3][7]_i_2. This is not good design practice and will likely impact performance. For SLICE registers, for example, use the CE pin to control the loading of data.
Related violations: <none>

PDRC-153#161 Warning
Gated clock check  
Net SystolicCore0/mem2serial_transfer_pc/pmatrix[2][4][0]_i_2_n_2 is a gated clock net sourced by a combinational pin SystolicCore0/mem2serial_transfer_pc/pmatrix[2][4][0]_i_2/O, cell SystolicCore0/mem2serial_transfer_pc/pmatrix[2][4][0]_i_2. This is not good design practice and will likely impact performance. For SLICE registers, for example, use the CE pin to control the loading of data.
Related violations: <none>

PDRC-153#162 Warning
Gated clock check  
Net SystolicCore0/mem2serial_transfer_pc/pmatrix[2][4][1]_i_2_n_2 is a gated clock net sourced by a combinational pin SystolicCore0/mem2serial_transfer_pc/pmatrix[2][4][1]_i_2/O, cell SystolicCore0/mem2serial_transfer_pc/pmatrix[2][4][1]_i_2. This is not good design practice and will likely impact performance. For SLICE registers, for example, use the CE pin to control the loading of data.
Related violations: <none>

PDRC-153#163 Warning
Gated clock check  
Net SystolicCore0/mem2serial_transfer_pc/pmatrix[2][4][2]_i_2_n_2 is a gated clock net sourced by a combinational pin SystolicCore0/mem2serial_transfer_pc/pmatrix[2][4][2]_i_2/O, cell SystolicCore0/mem2serial_transfer_pc/pmatrix[2][4][2]_i_2. This is not good design practice and will likely impact performance. For SLICE registers, for example, use the CE pin to control the loading of data.
Related violations: <none>

PDRC-153#164 Warning
Gated clock check  
Net SystolicCore0/mem2serial_transfer_pc/pmatrix[2][4][3]_i_2_n_2 is a gated clock net sourced by a combinational pin SystolicCore0/mem2serial_transfer_pc/pmatrix[2][4][3]_i_2/O, cell SystolicCore0/mem2serial_transfer_pc/pmatrix[2][4][3]_i_2. This is not good design practice and will likely impact performance. For SLICE registers, for example, use the CE pin to control the loading of data.
Related violations: <none>

PDRC-153#165 Warning
Gated clock check  
Net SystolicCore0/mem2serial_transfer_pc/pmatrix[2][4][4]_i_2_n_2 is a gated clock net sourced by a combinational pin SystolicCore0/mem2serial_transfer_pc/pmatrix[2][4][4]_i_2/O, cell SystolicCore0/mem2serial_transfer_pc/pmatrix[2][4][4]_i_2. This is not good design practice and will likely impact performance. For SLICE registers, for example, use the CE pin to control the loading of data.
Related violations: <none>

PDRC-153#166 Warning
Gated clock check  
Net SystolicCore0/mem2serial_transfer_pc/pmatrix[2][4][5]_i_2_n_2 is a gated clock net sourced by a combinational pin SystolicCore0/mem2serial_transfer_pc/pmatrix[2][4][5]_i_2/O, cell SystolicCore0/mem2serial_transfer_pc/pmatrix[2][4][5]_i_2. This is not good design practice and will likely impact performance. For SLICE registers, for example, use the CE pin to control the loading of data.
Related violations: <none>

PDRC-153#167 Warning
Gated clock check  
Net SystolicCore0/mem2serial_transfer_pc/pmatrix[2][4][6]_i_2_n_2 is a gated clock net sourced by a combinational pin SystolicCore0/mem2serial_transfer_pc/pmatrix[2][4][6]_i_2/O, cell SystolicCore0/mem2serial_transfer_pc/pmatrix[2][4][6]_i_2. This is not good design practice and will likely impact performance. For SLICE registers, for example, use the CE pin to control the loading of data.
Related violations: <none>

PDRC-153#168 Warning
Gated clock check  
Net SystolicCore0/mem2serial_transfer_pc/pmatrix[2][4][7]_i_2_n_2 is a gated clock net sourced by a combinational pin SystolicCore0/mem2serial_transfer_pc/pmatrix[2][4][7]_i_2/O, cell SystolicCore0/mem2serial_transfer_pc/pmatrix[2][4][7]_i_2. This is not good design practice and will likely impact performance. For SLICE registers, for example, use the CE pin to control the loading of data.
Related violations: <none>

PDRC-153#169 Warning
Gated clock check  
Net SystolicCore0/mem2serial_transfer_pc/pmatrix[2][5][0]_i_2_n_2 is a gated clock net sourced by a combinational pin SystolicCore0/mem2serial_transfer_pc/pmatrix[2][5][0]_i_2/O, cell SystolicCore0/mem2serial_transfer_pc/pmatrix[2][5][0]_i_2. This is not good design practice and will likely impact performance. For SLICE registers, for example, use the CE pin to control the loading of data.
Related violations: <none>

PDRC-153#170 Warning
Gated clock check  
Net SystolicCore0/mem2serial_transfer_pc/pmatrix[2][5][1]_i_2_n_2 is a gated clock net sourced by a combinational pin SystolicCore0/mem2serial_transfer_pc/pmatrix[2][5][1]_i_2/O, cell SystolicCore0/mem2serial_transfer_pc/pmatrix[2][5][1]_i_2. This is not good design practice and will likely impact performance. For SLICE registers, for example, use the CE pin to control the loading of data.
Related violations: <none>

PDRC-153#171 Warning
Gated clock check  
Net SystolicCore0/mem2serial_transfer_pc/pmatrix[2][5][2]_i_2_n_2 is a gated clock net sourced by a combinational pin SystolicCore0/mem2serial_transfer_pc/pmatrix[2][5][2]_i_2/O, cell SystolicCore0/mem2serial_transfer_pc/pmatrix[2][5][2]_i_2. This is not good design practice and will likely impact performance. For SLICE registers, for example, use the CE pin to control the loading of data.
Related violations: <none>

PDRC-153#172 Warning
Gated clock check  
Net SystolicCore0/mem2serial_transfer_pc/pmatrix[2][5][3]_i_2_n_2 is a gated clock net sourced by a combinational pin SystolicCore0/mem2serial_transfer_pc/pmatrix[2][5][3]_i_2/O, cell SystolicCore0/mem2serial_transfer_pc/pmatrix[2][5][3]_i_2. This is not good design practice and will likely impact performance. For SLICE registers, for example, use the CE pin to control the loading of data.
Related violations: <none>

PDRC-153#173 Warning
Gated clock check  
Net SystolicCore0/mem2serial_transfer_pc/pmatrix[2][5][4]_i_2_n_2 is a gated clock net sourced by a combinational pin SystolicCore0/mem2serial_transfer_pc/pmatrix[2][5][4]_i_2/O, cell SystolicCore0/mem2serial_transfer_pc/pmatrix[2][5][4]_i_2. This is not good design practice and will likely impact performance. For SLICE registers, for example, use the CE pin to control the loading of data.
Related violations: <none>

PDRC-153#174 Warning
Gated clock check  
Net SystolicCore0/mem2serial_transfer_pc/pmatrix[2][5][5]_i_2_n_2 is a gated clock net sourced by a combinational pin SystolicCore0/mem2serial_transfer_pc/pmatrix[2][5][5]_i_2/O, cell SystolicCore0/mem2serial_transfer_pc/pmatrix[2][5][5]_i_2. This is not good design practice and will likely impact performance. For SLICE registers, for example, use the CE pin to control the loading of data.
Related violations: <none>

PDRC-153#175 Warning
Gated clock check  
Net SystolicCore0/mem2serial_transfer_pc/pmatrix[2][5][6]_i_2_n_2 is a gated clock net sourced by a combinational pin SystolicCore0/mem2serial_transfer_pc/pmatrix[2][5][6]_i_2/O, cell SystolicCore0/mem2serial_transfer_pc/pmatrix[2][5][6]_i_2. This is not good design practice and will likely impact performance. For SLICE registers, for example, use the CE pin to control the loading of data.
Related violations: <none>

PDRC-153#176 Warning
Gated clock check  
Net SystolicCore0/mem2serial_transfer_pc/pmatrix[2][5][7]_i_2_n_2 is a gated clock net sourced by a combinational pin SystolicCore0/mem2serial_transfer_pc/pmatrix[2][5][7]_i_2/O, cell SystolicCore0/mem2serial_transfer_pc/pmatrix[2][5][7]_i_2. This is not good design practice and will likely impact performance. For SLICE registers, for example, use the CE pin to control the loading of data.
Related violations: <none>

PDRC-153#177 Warning
Gated clock check  
Net SystolicCore0/mem2serial_transfer_pc/pmatrix[2][6][0]_i_2_n_2 is a gated clock net sourced by a combinational pin SystolicCore0/mem2serial_transfer_pc/pmatrix[2][6][0]_i_2/O, cell SystolicCore0/mem2serial_transfer_pc/pmatrix[2][6][0]_i_2. This is not good design practice and will likely impact performance. For SLICE registers, for example, use the CE pin to control the loading of data.
Related violations: <none>

PDRC-153#178 Warning
Gated clock check  
Net SystolicCore0/mem2serial_transfer_pc/pmatrix[2][6][1]_i_2_n_2 is a gated clock net sourced by a combinational pin SystolicCore0/mem2serial_transfer_pc/pmatrix[2][6][1]_i_2/O, cell SystolicCore0/mem2serial_transfer_pc/pmatrix[2][6][1]_i_2. This is not good design practice and will likely impact performance. For SLICE registers, for example, use the CE pin to control the loading of data.
Related violations: <none>

PDRC-153#179 Warning
Gated clock check  
Net SystolicCore0/mem2serial_transfer_pc/pmatrix[2][6][2]_i_2_n_2 is a gated clock net sourced by a combinational pin SystolicCore0/mem2serial_transfer_pc/pmatrix[2][6][2]_i_2/O, cell SystolicCore0/mem2serial_transfer_pc/pmatrix[2][6][2]_i_2. This is not good design practice and will likely impact performance. For SLICE registers, for example, use the CE pin to control the loading of data.
Related violations: <none>

PDRC-153#180 Warning
Gated clock check  
Net SystolicCore0/mem2serial_transfer_pc/pmatrix[2][6][3]_i_2_n_2 is a gated clock net sourced by a combinational pin SystolicCore0/mem2serial_transfer_pc/pmatrix[2][6][3]_i_2/O, cell SystolicCore0/mem2serial_transfer_pc/pmatrix[2][6][3]_i_2. This is not good design practice and will likely impact performance. For SLICE registers, for example, use the CE pin to control the loading of data.
Related violations: <none>

PDRC-153#181 Warning
Gated clock check  
Net SystolicCore0/mem2serial_transfer_pc/pmatrix[2][6][4]_i_2_n_2 is a gated clock net sourced by a combinational pin SystolicCore0/mem2serial_transfer_pc/pmatrix[2][6][4]_i_2/O, cell SystolicCore0/mem2serial_transfer_pc/pmatrix[2][6][4]_i_2. This is not good design practice and will likely impact performance. For SLICE registers, for example, use the CE pin to control the loading of data.
Related violations: <none>

PDRC-153#182 Warning
Gated clock check  
Net SystolicCore0/mem2serial_transfer_pc/pmatrix[2][6][5]_i_2_n_2 is a gated clock net sourced by a combinational pin SystolicCore0/mem2serial_transfer_pc/pmatrix[2][6][5]_i_2/O, cell SystolicCore0/mem2serial_transfer_pc/pmatrix[2][6][5]_i_2. This is not good design practice and will likely impact performance. For SLICE registers, for example, use the CE pin to control the loading of data.
Related violations: <none>

PDRC-153#183 Warning
Gated clock check  
Net SystolicCore0/mem2serial_transfer_pc/pmatrix[2][6][6]_i_2_n_2 is a gated clock net sourced by a combinational pin SystolicCore0/mem2serial_transfer_pc/pmatrix[2][6][6]_i_2/O, cell SystolicCore0/mem2serial_transfer_pc/pmatrix[2][6][6]_i_2. This is not good design practice and will likely impact performance. For SLICE registers, for example, use the CE pin to control the loading of data.
Related violations: <none>

PDRC-153#184 Warning
Gated clock check  
Net SystolicCore0/mem2serial_transfer_pc/pmatrix[2][6][7]_i_2_n_2 is a gated clock net sourced by a combinational pin SystolicCore0/mem2serial_transfer_pc/pmatrix[2][6][7]_i_2/O, cell SystolicCore0/mem2serial_transfer_pc/pmatrix[2][6][7]_i_2. This is not good design practice and will likely impact performance. For SLICE registers, for example, use the CE pin to control the loading of data.
Related violations: <none>

PDRC-153#185 Warning
Gated clock check  
Net SystolicCore0/mem2serial_transfer_pc/pmatrix[2][7][0]_i_2_n_2 is a gated clock net sourced by a combinational pin SystolicCore0/mem2serial_transfer_pc/pmatrix[2][7][0]_i_2/O, cell SystolicCore0/mem2serial_transfer_pc/pmatrix[2][7][0]_i_2. This is not good design practice and will likely impact performance. For SLICE registers, for example, use the CE pin to control the loading of data.
Related violations: <none>

PDRC-153#186 Warning
Gated clock check  
Net SystolicCore0/mem2serial_transfer_pc/pmatrix[2][7][1]_i_2_n_2 is a gated clock net sourced by a combinational pin SystolicCore0/mem2serial_transfer_pc/pmatrix[2][7][1]_i_2/O, cell SystolicCore0/mem2serial_transfer_pc/pmatrix[2][7][1]_i_2. This is not good design practice and will likely impact performance. For SLICE registers, for example, use the CE pin to control the loading of data.
Related violations: <none>

PDRC-153#187 Warning
Gated clock check  
Net SystolicCore0/mem2serial_transfer_pc/pmatrix[2][7][2]_i_2_n_2 is a gated clock net sourced by a combinational pin SystolicCore0/mem2serial_transfer_pc/pmatrix[2][7][2]_i_2/O, cell SystolicCore0/mem2serial_transfer_pc/pmatrix[2][7][2]_i_2. This is not good design practice and will likely impact performance. For SLICE registers, for example, use the CE pin to control the loading of data.
Related violations: <none>

PDRC-153#188 Warning
Gated clock check  
Net SystolicCore0/mem2serial_transfer_pc/pmatrix[2][7][3]_i_2_n_2 is a gated clock net sourced by a combinational pin SystolicCore0/mem2serial_transfer_pc/pmatrix[2][7][3]_i_2/O, cell SystolicCore0/mem2serial_transfer_pc/pmatrix[2][7][3]_i_2. This is not good design practice and will likely impact performance. For SLICE registers, for example, use the CE pin to control the loading of data.
Related violations: <none>

PDRC-153#189 Warning
Gated clock check  
Net SystolicCore0/mem2serial_transfer_pc/pmatrix[2][7][4]_i_2_n_2 is a gated clock net sourced by a combinational pin SystolicCore0/mem2serial_transfer_pc/pmatrix[2][7][4]_i_2/O, cell SystolicCore0/mem2serial_transfer_pc/pmatrix[2][7][4]_i_2. This is not good design practice and will likely impact performance. For SLICE registers, for example, use the CE pin to control the loading of data.
Related violations: <none>

PDRC-153#190 Warning
Gated clock check  
Net SystolicCore0/mem2serial_transfer_pc/pmatrix[2][7][5]_i_2_n_2 is a gated clock net sourced by a combinational pin SystolicCore0/mem2serial_transfer_pc/pmatrix[2][7][5]_i_2/O, cell SystolicCore0/mem2serial_transfer_pc/pmatrix[2][7][5]_i_2. This is not good design practice and will likely impact performance. For SLICE registers, for example, use the CE pin to control the loading of data.
Related violations: <none>

PDRC-153#191 Warning
Gated clock check  
Net SystolicCore0/mem2serial_transfer_pc/pmatrix[2][7][6]_i_2_n_2 is a gated clock net sourced by a combinational pin SystolicCore0/mem2serial_transfer_pc/pmatrix[2][7][6]_i_2/O, cell SystolicCore0/mem2serial_transfer_pc/pmatrix[2][7][6]_i_2. This is not good design practice and will likely impact performance. For SLICE registers, for example, use the CE pin to control the loading of data.
Related violations: <none>

PDRC-153#192 Warning
Gated clock check  
Net SystolicCore0/mem2serial_transfer_pc/pmatrix[2][7][7]_i_2_n_2 is a gated clock net sourced by a combinational pin SystolicCore0/mem2serial_transfer_pc/pmatrix[2][7][7]_i_2/O, cell SystolicCore0/mem2serial_transfer_pc/pmatrix[2][7][7]_i_2. This is not good design practice and will likely impact performance. For SLICE registers, for example, use the CE pin to control the loading of data.
Related violations: <none>

PDRC-153#193 Warning
Gated clock check  
Net SystolicCore0/mem2serial_transfer_pc/pmatrix[3][0][0]_i_2_n_2 is a gated clock net sourced by a combinational pin SystolicCore0/mem2serial_transfer_pc/pmatrix[3][0][0]_i_2/O, cell SystolicCore0/mem2serial_transfer_pc/pmatrix[3][0][0]_i_2. This is not good design practice and will likely impact performance. For SLICE registers, for example, use the CE pin to control the loading of data.
Related violations: <none>

PDRC-153#194 Warning
Gated clock check  
Net SystolicCore0/mem2serial_transfer_pc/pmatrix[3][0][1]_i_2_n_2 is a gated clock net sourced by a combinational pin SystolicCore0/mem2serial_transfer_pc/pmatrix[3][0][1]_i_2/O, cell SystolicCore0/mem2serial_transfer_pc/pmatrix[3][0][1]_i_2. This is not good design practice and will likely impact performance. For SLICE registers, for example, use the CE pin to control the loading of data.
Related violations: <none>

PDRC-153#195 Warning
Gated clock check  
Net SystolicCore0/mem2serial_transfer_pc/pmatrix[3][0][2]_i_2_n_2 is a gated clock net sourced by a combinational pin SystolicCore0/mem2serial_transfer_pc/pmatrix[3][0][2]_i_2/O, cell SystolicCore0/mem2serial_transfer_pc/pmatrix[3][0][2]_i_2. This is not good design practice and will likely impact performance. For SLICE registers, for example, use the CE pin to control the loading of data.
Related violations: <none>

PDRC-153#196 Warning
Gated clock check  
Net SystolicCore0/mem2serial_transfer_pc/pmatrix[3][0][3]_i_2_n_2 is a gated clock net sourced by a combinational pin SystolicCore0/mem2serial_transfer_pc/pmatrix[3][0][3]_i_2/O, cell SystolicCore0/mem2serial_transfer_pc/pmatrix[3][0][3]_i_2. This is not good design practice and will likely impact performance. For SLICE registers, for example, use the CE pin to control the loading of data.
Related violations: <none>

PDRC-153#197 Warning
Gated clock check  
Net SystolicCore0/mem2serial_transfer_pc/pmatrix[3][0][4]_i_2_n_2 is a gated clock net sourced by a combinational pin SystolicCore0/mem2serial_transfer_pc/pmatrix[3][0][4]_i_2/O, cell SystolicCore0/mem2serial_transfer_pc/pmatrix[3][0][4]_i_2. This is not good design practice and will likely impact performance. For SLICE registers, for example, use the CE pin to control the loading of data.
Related violations: <none>

PDRC-153#198 Warning
Gated clock check  
Net SystolicCore0/mem2serial_transfer_pc/pmatrix[3][0][5]_i_2_n_2 is a gated clock net sourced by a combinational pin SystolicCore0/mem2serial_transfer_pc/pmatrix[3][0][5]_i_2/O, cell SystolicCore0/mem2serial_transfer_pc/pmatrix[3][0][5]_i_2. This is not good design practice and will likely impact performance. For SLICE registers, for example, use the CE pin to control the loading of data.
Related violations: <none>

PDRC-153#199 Warning
Gated clock check  
Net SystolicCore0/mem2serial_transfer_pc/pmatrix[3][0][6]_i_2_n_2 is a gated clock net sourced by a combinational pin SystolicCore0/mem2serial_transfer_pc/pmatrix[3][0][6]_i_2/O, cell SystolicCore0/mem2serial_transfer_pc/pmatrix[3][0][6]_i_2. This is not good design practice and will likely impact performance. For SLICE registers, for example, use the CE pin to control the loading of data.
Related violations: <none>

PDRC-153#200 Warning
Gated clock check  
Net SystolicCore0/mem2serial_transfer_pc/pmatrix[3][0][7]_i_2_n_2 is a gated clock net sourced by a combinational pin SystolicCore0/mem2serial_transfer_pc/pmatrix[3][0][7]_i_2/O, cell SystolicCore0/mem2serial_transfer_pc/pmatrix[3][0][7]_i_2. This is not good design practice and will likely impact performance. For SLICE registers, for example, use the CE pin to control the loading of data.
Related violations: <none>

PDRC-153#201 Warning
Gated clock check  
Net SystolicCore0/mem2serial_transfer_pc/pmatrix[3][1][0]_i_2_n_2 is a gated clock net sourced by a combinational pin SystolicCore0/mem2serial_transfer_pc/pmatrix[3][1][0]_i_2/O, cell SystolicCore0/mem2serial_transfer_pc/pmatrix[3][1][0]_i_2. This is not good design practice and will likely impact performance. For SLICE registers, for example, use the CE pin to control the loading of data.
Related violations: <none>

PDRC-153#202 Warning
Gated clock check  
Net SystolicCore0/mem2serial_transfer_pc/pmatrix[3][1][1]_i_2_n_2 is a gated clock net sourced by a combinational pin SystolicCore0/mem2serial_transfer_pc/pmatrix[3][1][1]_i_2/O, cell SystolicCore0/mem2serial_transfer_pc/pmatrix[3][1][1]_i_2. This is not good design practice and will likely impact performance. For SLICE registers, for example, use the CE pin to control the loading of data.
Related violations: <none>

PDRC-153#203 Warning
Gated clock check  
Net SystolicCore0/mem2serial_transfer_pc/pmatrix[3][1][2]_i_2_n_2 is a gated clock net sourced by a combinational pin SystolicCore0/mem2serial_transfer_pc/pmatrix[3][1][2]_i_2/O, cell SystolicCore0/mem2serial_transfer_pc/pmatrix[3][1][2]_i_2. This is not good design practice and will likely impact performance. For SLICE registers, for example, use the CE pin to control the loading of data.
Related violations: <none>

PDRC-153#204 Warning
Gated clock check  
Net SystolicCore0/mem2serial_transfer_pc/pmatrix[3][1][3]_i_2_n_2 is a gated clock net sourced by a combinational pin SystolicCore0/mem2serial_transfer_pc/pmatrix[3][1][3]_i_2/O, cell SystolicCore0/mem2serial_transfer_pc/pmatrix[3][1][3]_i_2. This is not good design practice and will likely impact performance. For SLICE registers, for example, use the CE pin to control the loading of data.
Related violations: <none>

PDRC-153#205 Warning
Gated clock check  
Net SystolicCore0/mem2serial_transfer_pc/pmatrix[3][1][4]_i_2_n_2 is a gated clock net sourced by a combinational pin SystolicCore0/mem2serial_transfer_pc/pmatrix[3][1][4]_i_2/O, cell SystolicCore0/mem2serial_transfer_pc/pmatrix[3][1][4]_i_2. This is not good design practice and will likely impact performance. For SLICE registers, for example, use the CE pin to control the loading of data.
Related violations: <none>

PDRC-153#206 Warning
Gated clock check  
Net SystolicCore0/mem2serial_transfer_pc/pmatrix[3][1][5]_i_2_n_2 is a gated clock net sourced by a combinational pin SystolicCore0/mem2serial_transfer_pc/pmatrix[3][1][5]_i_2/O, cell SystolicCore0/mem2serial_transfer_pc/pmatrix[3][1][5]_i_2. This is not good design practice and will likely impact performance. For SLICE registers, for example, use the CE pin to control the loading of data.
Related violations: <none>

PDRC-153#207 Warning
Gated clock check  
Net SystolicCore0/mem2serial_transfer_pc/pmatrix[3][1][6]_i_2_n_2 is a gated clock net sourced by a combinational pin SystolicCore0/mem2serial_transfer_pc/pmatrix[3][1][6]_i_2/O, cell SystolicCore0/mem2serial_transfer_pc/pmatrix[3][1][6]_i_2. This is not good design practice and will likely impact performance. For SLICE registers, for example, use the CE pin to control the loading of data.
Related violations: <none>

PDRC-153#208 Warning
Gated clock check  
Net SystolicCore0/mem2serial_transfer_pc/pmatrix[3][1][7]_i_2_n_2 is a gated clock net sourced by a combinational pin SystolicCore0/mem2serial_transfer_pc/pmatrix[3][1][7]_i_2/O, cell SystolicCore0/mem2serial_transfer_pc/pmatrix[3][1][7]_i_2. This is not good design practice and will likely impact performance. For SLICE registers, for example, use the CE pin to control the loading of data.
Related violations: <none>

PDRC-153#209 Warning
Gated clock check  
Net SystolicCore0/mem2serial_transfer_pc/pmatrix[3][2][0]_i_2_n_2 is a gated clock net sourced by a combinational pin SystolicCore0/mem2serial_transfer_pc/pmatrix[3][2][0]_i_2/O, cell SystolicCore0/mem2serial_transfer_pc/pmatrix[3][2][0]_i_2. This is not good design practice and will likely impact performance. For SLICE registers, for example, use the CE pin to control the loading of data.
Related violations: <none>

PDRC-153#210 Warning
Gated clock check  
Net SystolicCore0/mem2serial_transfer_pc/pmatrix[3][2][1]_i_2_n_2 is a gated clock net sourced by a combinational pin SystolicCore0/mem2serial_transfer_pc/pmatrix[3][2][1]_i_2/O, cell SystolicCore0/mem2serial_transfer_pc/pmatrix[3][2][1]_i_2. This is not good design practice and will likely impact performance. For SLICE registers, for example, use the CE pin to control the loading of data.
Related violations: <none>

PDRC-153#211 Warning
Gated clock check  
Net SystolicCore0/mem2serial_transfer_pc/pmatrix[3][2][2]_i_2_n_2 is a gated clock net sourced by a combinational pin SystolicCore0/mem2serial_transfer_pc/pmatrix[3][2][2]_i_2/O, cell SystolicCore0/mem2serial_transfer_pc/pmatrix[3][2][2]_i_2. This is not good design practice and will likely impact performance. For SLICE registers, for example, use the CE pin to control the loading of data.
Related violations: <none>

PDRC-153#212 Warning
Gated clock check  
Net SystolicCore0/mem2serial_transfer_pc/pmatrix[3][2][3]_i_2_n_2 is a gated clock net sourced by a combinational pin SystolicCore0/mem2serial_transfer_pc/pmatrix[3][2][3]_i_2/O, cell SystolicCore0/mem2serial_transfer_pc/pmatrix[3][2][3]_i_2. This is not good design practice and will likely impact performance. For SLICE registers, for example, use the CE pin to control the loading of data.
Related violations: <none>

PDRC-153#213 Warning
Gated clock check  
Net SystolicCore0/mem2serial_transfer_pc/pmatrix[3][2][4]_i_2_n_2 is a gated clock net sourced by a combinational pin SystolicCore0/mem2serial_transfer_pc/pmatrix[3][2][4]_i_2/O, cell SystolicCore0/mem2serial_transfer_pc/pmatrix[3][2][4]_i_2. This is not good design practice and will likely impact performance. For SLICE registers, for example, use the CE pin to control the loading of data.
Related violations: <none>

PDRC-153#214 Warning
Gated clock check  
Net SystolicCore0/mem2serial_transfer_pc/pmatrix[3][2][5]_i_2_n_2 is a gated clock net sourced by a combinational pin SystolicCore0/mem2serial_transfer_pc/pmatrix[3][2][5]_i_2/O, cell SystolicCore0/mem2serial_transfer_pc/pmatrix[3][2][5]_i_2. This is not good design practice and will likely impact performance. For SLICE registers, for example, use the CE pin to control the loading of data.
Related violations: <none>

PDRC-153#215 Warning
Gated clock check  
Net SystolicCore0/mem2serial_transfer_pc/pmatrix[3][2][6]_i_2_n_2 is a gated clock net sourced by a combinational pin SystolicCore0/mem2serial_transfer_pc/pmatrix[3][2][6]_i_2/O, cell SystolicCore0/mem2serial_transfer_pc/pmatrix[3][2][6]_i_2. This is not good design practice and will likely impact performance. For SLICE registers, for example, use the CE pin to control the loading of data.
Related violations: <none>

PDRC-153#216 Warning
Gated clock check  
Net SystolicCore0/mem2serial_transfer_pc/pmatrix[3][2][7]_i_2_n_2 is a gated clock net sourced by a combinational pin SystolicCore0/mem2serial_transfer_pc/pmatrix[3][2][7]_i_2/O, cell SystolicCore0/mem2serial_transfer_pc/pmatrix[3][2][7]_i_2. This is not good design practice and will likely impact performance. For SLICE registers, for example, use the CE pin to control the loading of data.
Related violations: <none>

PDRC-153#217 Warning
Gated clock check  
Net SystolicCore0/mem2serial_transfer_pc/pmatrix[3][3][0]_i_2_n_2 is a gated clock net sourced by a combinational pin SystolicCore0/mem2serial_transfer_pc/pmatrix[3][3][0]_i_2/O, cell SystolicCore0/mem2serial_transfer_pc/pmatrix[3][3][0]_i_2. This is not good design practice and will likely impact performance. For SLICE registers, for example, use the CE pin to control the loading of data.
Related violations: <none>

PDRC-153#218 Warning
Gated clock check  
Net SystolicCore0/mem2serial_transfer_pc/pmatrix[3][3][1]_i_2_n_2 is a gated clock net sourced by a combinational pin SystolicCore0/mem2serial_transfer_pc/pmatrix[3][3][1]_i_2/O, cell SystolicCore0/mem2serial_transfer_pc/pmatrix[3][3][1]_i_2. This is not good design practice and will likely impact performance. For SLICE registers, for example, use the CE pin to control the loading of data.
Related violations: <none>

PDRC-153#219 Warning
Gated clock check  
Net SystolicCore0/mem2serial_transfer_pc/pmatrix[3][3][2]_i_2_n_2 is a gated clock net sourced by a combinational pin SystolicCore0/mem2serial_transfer_pc/pmatrix[3][3][2]_i_2/O, cell SystolicCore0/mem2serial_transfer_pc/pmatrix[3][3][2]_i_2. This is not good design practice and will likely impact performance. For SLICE registers, for example, use the CE pin to control the loading of data.
Related violations: <none>

PDRC-153#220 Warning
Gated clock check  
Net SystolicCore0/mem2serial_transfer_pc/pmatrix[3][3][3]_i_2_n_2 is a gated clock net sourced by a combinational pin SystolicCore0/mem2serial_transfer_pc/pmatrix[3][3][3]_i_2/O, cell SystolicCore0/mem2serial_transfer_pc/pmatrix[3][3][3]_i_2. This is not good design practice and will likely impact performance. For SLICE registers, for example, use the CE pin to control the loading of data.
Related violations: <none>

PDRC-153#221 Warning
Gated clock check  
Net SystolicCore0/mem2serial_transfer_pc/pmatrix[3][3][4]_i_2_n_2 is a gated clock net sourced by a combinational pin SystolicCore0/mem2serial_transfer_pc/pmatrix[3][3][4]_i_2/O, cell SystolicCore0/mem2serial_transfer_pc/pmatrix[3][3][4]_i_2. This is not good design practice and will likely impact performance. For SLICE registers, for example, use the CE pin to control the loading of data.
Related violations: <none>

PDRC-153#222 Warning
Gated clock check  
Net SystolicCore0/mem2serial_transfer_pc/pmatrix[3][3][5]_i_2_n_2 is a gated clock net sourced by a combinational pin SystolicCore0/mem2serial_transfer_pc/pmatrix[3][3][5]_i_2/O, cell SystolicCore0/mem2serial_transfer_pc/pmatrix[3][3][5]_i_2. This is not good design practice and will likely impact performance. For SLICE registers, for example, use the CE pin to control the loading of data.
Related violations: <none>

PDRC-153#223 Warning
Gated clock check  
Net SystolicCore0/mem2serial_transfer_pc/pmatrix[3][3][6]_i_2_n_2 is a gated clock net sourced by a combinational pin SystolicCore0/mem2serial_transfer_pc/pmatrix[3][3][6]_i_2/O, cell SystolicCore0/mem2serial_transfer_pc/pmatrix[3][3][6]_i_2. This is not good design practice and will likely impact performance. For SLICE registers, for example, use the CE pin to control the loading of data.
Related violations: <none>

PDRC-153#224 Warning
Gated clock check  
Net SystolicCore0/mem2serial_transfer_pc/pmatrix[3][3][7]_i_2_n_2 is a gated clock net sourced by a combinational pin SystolicCore0/mem2serial_transfer_pc/pmatrix[3][3][7]_i_2/O, cell SystolicCore0/mem2serial_transfer_pc/pmatrix[3][3][7]_i_2. This is not good design practice and will likely impact performance. For SLICE registers, for example, use the CE pin to control the loading of data.
Related violations: <none>

PDRC-153#225 Warning
Gated clock check  
Net SystolicCore0/mem2serial_transfer_pc/pmatrix[3][4][0]_i_2_n_2 is a gated clock net sourced by a combinational pin SystolicCore0/mem2serial_transfer_pc/pmatrix[3][4][0]_i_2/O, cell SystolicCore0/mem2serial_transfer_pc/pmatrix[3][4][0]_i_2. This is not good design practice and will likely impact performance. For SLICE registers, for example, use the CE pin to control the loading of data.
Related violations: <none>

PDRC-153#226 Warning
Gated clock check  
Net SystolicCore0/mem2serial_transfer_pc/pmatrix[3][4][1]_i_2_n_2 is a gated clock net sourced by a combinational pin SystolicCore0/mem2serial_transfer_pc/pmatrix[3][4][1]_i_2/O, cell SystolicCore0/mem2serial_transfer_pc/pmatrix[3][4][1]_i_2. This is not good design practice and will likely impact performance. For SLICE registers, for example, use the CE pin to control the loading of data.
Related violations: <none>

PDRC-153#227 Warning
Gated clock check  
Net SystolicCore0/mem2serial_transfer_pc/pmatrix[3][4][2]_i_2_n_2 is a gated clock net sourced by a combinational pin SystolicCore0/mem2serial_transfer_pc/pmatrix[3][4][2]_i_2/O, cell SystolicCore0/mem2serial_transfer_pc/pmatrix[3][4][2]_i_2. This is not good design practice and will likely impact performance. For SLICE registers, for example, use the CE pin to control the loading of data.
Related violations: <none>

PDRC-153#228 Warning
Gated clock check  
Net SystolicCore0/mem2serial_transfer_pc/pmatrix[3][4][3]_i_2_n_2 is a gated clock net sourced by a combinational pin SystolicCore0/mem2serial_transfer_pc/pmatrix[3][4][3]_i_2/O, cell SystolicCore0/mem2serial_transfer_pc/pmatrix[3][4][3]_i_2. This is not good design practice and will likely impact performance. For SLICE registers, for example, use the CE pin to control the loading of data.
Related violations: <none>

PDRC-153#229 Warning
Gated clock check  
Net SystolicCore0/mem2serial_transfer_pc/pmatrix[3][4][4]_i_2_n_2 is a gated clock net sourced by a combinational pin SystolicCore0/mem2serial_transfer_pc/pmatrix[3][4][4]_i_2/O, cell SystolicCore0/mem2serial_transfer_pc/pmatrix[3][4][4]_i_2. This is not good design practice and will likely impact performance. For SLICE registers, for example, use the CE pin to control the loading of data.
Related violations: <none>

PDRC-153#230 Warning
Gated clock check  
Net SystolicCore0/mem2serial_transfer_pc/pmatrix[3][4][5]_i_2_n_2 is a gated clock net sourced by a combinational pin SystolicCore0/mem2serial_transfer_pc/pmatrix[3][4][5]_i_2/O, cell SystolicCore0/mem2serial_transfer_pc/pmatrix[3][4][5]_i_2. This is not good design practice and will likely impact performance. For SLICE registers, for example, use the CE pin to control the loading of data.
Related violations: <none>

PDRC-153#231 Warning
Gated clock check  
Net SystolicCore0/mem2serial_transfer_pc/pmatrix[3][4][6]_i_2_n_2 is a gated clock net sourced by a combinational pin SystolicCore0/mem2serial_transfer_pc/pmatrix[3][4][6]_i_2/O, cell SystolicCore0/mem2serial_transfer_pc/pmatrix[3][4][6]_i_2. This is not good design practice and will likely impact performance. For SLICE registers, for example, use the CE pin to control the loading of data.
Related violations: <none>

PDRC-153#232 Warning
Gated clock check  
Net SystolicCore0/mem2serial_transfer_pc/pmatrix[3][4][7]_i_2_n_2 is a gated clock net sourced by a combinational pin SystolicCore0/mem2serial_transfer_pc/pmatrix[3][4][7]_i_2/O, cell SystolicCore0/mem2serial_transfer_pc/pmatrix[3][4][7]_i_2. This is not good design practice and will likely impact performance. For SLICE registers, for example, use the CE pin to control the loading of data.
Related violations: <none>

PDRC-153#233 Warning
Gated clock check  
Net SystolicCore0/mem2serial_transfer_pc/pmatrix[3][5][0]_i_2_n_2 is a gated clock net sourced by a combinational pin SystolicCore0/mem2serial_transfer_pc/pmatrix[3][5][0]_i_2/O, cell SystolicCore0/mem2serial_transfer_pc/pmatrix[3][5][0]_i_2. This is not good design practice and will likely impact performance. For SLICE registers, for example, use the CE pin to control the loading of data.
Related violations: <none>

PDRC-153#234 Warning
Gated clock check  
Net SystolicCore0/mem2serial_transfer_pc/pmatrix[3][5][1]_i_2_n_2 is a gated clock net sourced by a combinational pin SystolicCore0/mem2serial_transfer_pc/pmatrix[3][5][1]_i_2/O, cell SystolicCore0/mem2serial_transfer_pc/pmatrix[3][5][1]_i_2. This is not good design practice and will likely impact performance. For SLICE registers, for example, use the CE pin to control the loading of data.
Related violations: <none>

PDRC-153#235 Warning
Gated clock check  
Net SystolicCore0/mem2serial_transfer_pc/pmatrix[3][5][2]_i_2_n_2 is a gated clock net sourced by a combinational pin SystolicCore0/mem2serial_transfer_pc/pmatrix[3][5][2]_i_2/O, cell SystolicCore0/mem2serial_transfer_pc/pmatrix[3][5][2]_i_2. This is not good design practice and will likely impact performance. For SLICE registers, for example, use the CE pin to control the loading of data.
Related violations: <none>

PDRC-153#236 Warning
Gated clock check  
Net SystolicCore0/mem2serial_transfer_pc/pmatrix[3][5][3]_i_2_n_2 is a gated clock net sourced by a combinational pin SystolicCore0/mem2serial_transfer_pc/pmatrix[3][5][3]_i_2/O, cell SystolicCore0/mem2serial_transfer_pc/pmatrix[3][5][3]_i_2. This is not good design practice and will likely impact performance. For SLICE registers, for example, use the CE pin to control the loading of data.
Related violations: <none>

PDRC-153#237 Warning
Gated clock check  
Net SystolicCore0/mem2serial_transfer_pc/pmatrix[3][5][4]_i_2_n_2 is a gated clock net sourced by a combinational pin SystolicCore0/mem2serial_transfer_pc/pmatrix[3][5][4]_i_2/O, cell SystolicCore0/mem2serial_transfer_pc/pmatrix[3][5][4]_i_2. This is not good design practice and will likely impact performance. For SLICE registers, for example, use the CE pin to control the loading of data.
Related violations: <none>

PDRC-153#238 Warning
Gated clock check  
Net SystolicCore0/mem2serial_transfer_pc/pmatrix[3][5][5]_i_2_n_2 is a gated clock net sourced by a combinational pin SystolicCore0/mem2serial_transfer_pc/pmatrix[3][5][5]_i_2/O, cell SystolicCore0/mem2serial_transfer_pc/pmatrix[3][5][5]_i_2. This is not good design practice and will likely impact performance. For SLICE registers, for example, use the CE pin to control the loading of data.
Related violations: <none>

PDRC-153#239 Warning
Gated clock check  
Net SystolicCore0/mem2serial_transfer_pc/pmatrix[3][5][6]_i_2_n_2 is a gated clock net sourced by a combinational pin SystolicCore0/mem2serial_transfer_pc/pmatrix[3][5][6]_i_2/O, cell SystolicCore0/mem2serial_transfer_pc/pmatrix[3][5][6]_i_2. This is not good design practice and will likely impact performance. For SLICE registers, for example, use the CE pin to control the loading of data.
Related violations: <none>

PDRC-153#240 Warning
Gated clock check  
Net SystolicCore0/mem2serial_transfer_pc/pmatrix[3][5][7]_i_2_n_2 is a gated clock net sourced by a combinational pin SystolicCore0/mem2serial_transfer_pc/pmatrix[3][5][7]_i_2/O, cell SystolicCore0/mem2serial_transfer_pc/pmatrix[3][5][7]_i_2. This is not good design practice and will likely impact performance. For SLICE registers, for example, use the CE pin to control the loading of data.
Related violations: <none>

PDRC-153#241 Warning
Gated clock check  
Net SystolicCore0/mem2serial_transfer_pc/pmatrix[3][6][0]_i_2_n_2 is a gated clock net sourced by a combinational pin SystolicCore0/mem2serial_transfer_pc/pmatrix[3][6][0]_i_2/O, cell SystolicCore0/mem2serial_transfer_pc/pmatrix[3][6][0]_i_2. This is not good design practice and will likely impact performance. For SLICE registers, for example, use the CE pin to control the loading of data.
Related violations: <none>

PDRC-153#242 Warning
Gated clock check  
Net SystolicCore0/mem2serial_transfer_pc/pmatrix[3][6][1]_i_2_n_2 is a gated clock net sourced by a combinational pin SystolicCore0/mem2serial_transfer_pc/pmatrix[3][6][1]_i_2/O, cell SystolicCore0/mem2serial_transfer_pc/pmatrix[3][6][1]_i_2. This is not good design practice and will likely impact performance. For SLICE registers, for example, use the CE pin to control the loading of data.
Related violations: <none>

PDRC-153#243 Warning
Gated clock check  
Net SystolicCore0/mem2serial_transfer_pc/pmatrix[3][6][2]_i_2_n_2 is a gated clock net sourced by a combinational pin SystolicCore0/mem2serial_transfer_pc/pmatrix[3][6][2]_i_2/O, cell SystolicCore0/mem2serial_transfer_pc/pmatrix[3][6][2]_i_2. This is not good design practice and will likely impact performance. For SLICE registers, for example, use the CE pin to control the loading of data.
Related violations: <none>

PDRC-153#244 Warning
Gated clock check  
Net SystolicCore0/mem2serial_transfer_pc/pmatrix[3][6][3]_i_2_n_2 is a gated clock net sourced by a combinational pin SystolicCore0/mem2serial_transfer_pc/pmatrix[3][6][3]_i_2/O, cell SystolicCore0/mem2serial_transfer_pc/pmatrix[3][6][3]_i_2. This is not good design practice and will likely impact performance. For SLICE registers, for example, use the CE pin to control the loading of data.
Related violations: <none>

PDRC-153#245 Warning
Gated clock check  
Net SystolicCore0/mem2serial_transfer_pc/pmatrix[3][6][4]_i_2_n_2 is a gated clock net sourced by a combinational pin SystolicCore0/mem2serial_transfer_pc/pmatrix[3][6][4]_i_2/O, cell SystolicCore0/mem2serial_transfer_pc/pmatrix[3][6][4]_i_2. This is not good design practice and will likely impact performance. For SLICE registers, for example, use the CE pin to control the loading of data.
Related violations: <none>

PDRC-153#246 Warning
Gated clock check  
Net SystolicCore0/mem2serial_transfer_pc/pmatrix[3][6][5]_i_2_n_2 is a gated clock net sourced by a combinational pin SystolicCore0/mem2serial_transfer_pc/pmatrix[3][6][5]_i_2/O, cell SystolicCore0/mem2serial_transfer_pc/pmatrix[3][6][5]_i_2. This is not good design practice and will likely impact performance. For SLICE registers, for example, use the CE pin to control the loading of data.
Related violations: <none>

PDRC-153#247 Warning
Gated clock check  
Net SystolicCore0/mem2serial_transfer_pc/pmatrix[3][6][6]_i_2_n_2 is a gated clock net sourced by a combinational pin SystolicCore0/mem2serial_transfer_pc/pmatrix[3][6][6]_i_2/O, cell SystolicCore0/mem2serial_transfer_pc/pmatrix[3][6][6]_i_2. This is not good design practice and will likely impact performance. For SLICE registers, for example, use the CE pin to control the loading of data.
Related violations: <none>

PDRC-153#248 Warning
Gated clock check  
Net SystolicCore0/mem2serial_transfer_pc/pmatrix[3][6][7]_i_2_n_2 is a gated clock net sourced by a combinational pin SystolicCore0/mem2serial_transfer_pc/pmatrix[3][6][7]_i_2/O, cell SystolicCore0/mem2serial_transfer_pc/pmatrix[3][6][7]_i_2. This is not good design practice and will likely impact performance. For SLICE registers, for example, use the CE pin to control the loading of data.
Related violations: <none>

PDRC-153#249 Warning
Gated clock check  
Net SystolicCore0/mem2serial_transfer_pc/pmatrix[3][7][0]_i_2_n_2 is a gated clock net sourced by a combinational pin SystolicCore0/mem2serial_transfer_pc/pmatrix[3][7][0]_i_2/O, cell SystolicCore0/mem2serial_transfer_pc/pmatrix[3][7][0]_i_2. This is not good design practice and will likely impact performance. For SLICE registers, for example, use the CE pin to control the loading of data.
Related violations: <none>

PDRC-153#250 Warning
Gated clock check  
Net SystolicCore0/mem2serial_transfer_pc/pmatrix[3][7][1]_i_2_n_2 is a gated clock net sourced by a combinational pin SystolicCore0/mem2serial_transfer_pc/pmatrix[3][7][1]_i_2/O, cell SystolicCore0/mem2serial_transfer_pc/pmatrix[3][7][1]_i_2. This is not good design practice and will likely impact performance. For SLICE registers, for example, use the CE pin to control the loading of data.
Related violations: <none>

PDRC-153#251 Warning
Gated clock check  
Net SystolicCore0/mem2serial_transfer_pc/pmatrix[3][7][2]_i_2_n_2 is a gated clock net sourced by a combinational pin SystolicCore0/mem2serial_transfer_pc/pmatrix[3][7][2]_i_2/O, cell SystolicCore0/mem2serial_transfer_pc/pmatrix[3][7][2]_i_2. This is not good design practice and will likely impact performance. For SLICE registers, for example, use the CE pin to control the loading of data.
Related violations: <none>

PDRC-153#252 Warning
Gated clock check  
Net SystolicCore0/mem2serial_transfer_pc/pmatrix[3][7][3]_i_2_n_2 is a gated clock net sourced by a combinational pin SystolicCore0/mem2serial_transfer_pc/pmatrix[3][7][3]_i_2/O, cell SystolicCore0/mem2serial_transfer_pc/pmatrix[3][7][3]_i_2. This is not good design practice and will likely impact performance. For SLICE registers, for example, use the CE pin to control the loading of data.
Related violations: <none>

PDRC-153#253 Warning
Gated clock check  
Net SystolicCore0/mem2serial_transfer_pc/pmatrix[3][7][4]_i_2_n_2 is a gated clock net sourced by a combinational pin SystolicCore0/mem2serial_transfer_pc/pmatrix[3][7][4]_i_2/O, cell SystolicCore0/mem2serial_transfer_pc/pmatrix[3][7][4]_i_2. This is not good design practice and will likely impact performance. For SLICE registers, for example, use the CE pin to control the loading of data.
Related violations: <none>

PDRC-153#254 Warning
Gated clock check  
Net SystolicCore0/mem2serial_transfer_pc/pmatrix[3][7][5]_i_2_n_2 is a gated clock net sourced by a combinational pin SystolicCore0/mem2serial_transfer_pc/pmatrix[3][7][5]_i_2/O, cell SystolicCore0/mem2serial_transfer_pc/pmatrix[3][7][5]_i_2. This is not good design practice and will likely impact performance. For SLICE registers, for example, use the CE pin to control the loading of data.
Related violations: <none>

PDRC-153#255 Warning
Gated clock check  
Net SystolicCore0/mem2serial_transfer_pc/pmatrix[3][7][6]_i_2_n_2 is a gated clock net sourced by a combinational pin SystolicCore0/mem2serial_transfer_pc/pmatrix[3][7][6]_i_2/O, cell SystolicCore0/mem2serial_transfer_pc/pmatrix[3][7][6]_i_2. This is not good design practice and will likely impact performance. For SLICE registers, for example, use the CE pin to control the loading of data.
Related violations: <none>

PDRC-153#256 Warning
Gated clock check  
Net SystolicCore0/mem2serial_transfer_pc/pmatrix[3][7][7]_i_2_n_2 is a gated clock net sourced by a combinational pin SystolicCore0/mem2serial_transfer_pc/pmatrix[3][7][7]_i_2/O, cell SystolicCore0/mem2serial_transfer_pc/pmatrix[3][7][7]_i_2. This is not good design practice and will likely impact performance. For SLICE registers, for example, use the CE pin to control the loading of data.
Related violations: <none>

PDRC-153#257 Warning
Gated clock check  
Net SystolicCore0/mem2serial_transfer_pc/pmatrix[4][0][0]_i_2_n_2 is a gated clock net sourced by a combinational pin SystolicCore0/mem2serial_transfer_pc/pmatrix[4][0][0]_i_2/O, cell SystolicCore0/mem2serial_transfer_pc/pmatrix[4][0][0]_i_2. This is not good design practice and will likely impact performance. For SLICE registers, for example, use the CE pin to control the loading of data.
Related violations: <none>

PDRC-153#258 Warning
Gated clock check  
Net SystolicCore0/mem2serial_transfer_pc/pmatrix[4][0][1]_i_2_n_2 is a gated clock net sourced by a combinational pin SystolicCore0/mem2serial_transfer_pc/pmatrix[4][0][1]_i_2/O, cell SystolicCore0/mem2serial_transfer_pc/pmatrix[4][0][1]_i_2. This is not good design practice and will likely impact performance. For SLICE registers, for example, use the CE pin to control the loading of data.
Related violations: <none>

PDRC-153#259 Warning
Gated clock check  
Net SystolicCore0/mem2serial_transfer_pc/pmatrix[4][0][2]_i_2_n_2 is a gated clock net sourced by a combinational pin SystolicCore0/mem2serial_transfer_pc/pmatrix[4][0][2]_i_2/O, cell SystolicCore0/mem2serial_transfer_pc/pmatrix[4][0][2]_i_2. This is not good design practice and will likely impact performance. For SLICE registers, for example, use the CE pin to control the loading of data.
Related violations: <none>

PDRC-153#260 Warning
Gated clock check  
Net SystolicCore0/mem2serial_transfer_pc/pmatrix[4][0][3]_i_2_n_2 is a gated clock net sourced by a combinational pin SystolicCore0/mem2serial_transfer_pc/pmatrix[4][0][3]_i_2/O, cell SystolicCore0/mem2serial_transfer_pc/pmatrix[4][0][3]_i_2. This is not good design practice and will likely impact performance. For SLICE registers, for example, use the CE pin to control the loading of data.
Related violations: <none>

PDRC-153#261 Warning
Gated clock check  
Net SystolicCore0/mem2serial_transfer_pc/pmatrix[4][0][4]_i_2_n_2 is a gated clock net sourced by a combinational pin SystolicCore0/mem2serial_transfer_pc/pmatrix[4][0][4]_i_2/O, cell SystolicCore0/mem2serial_transfer_pc/pmatrix[4][0][4]_i_2. This is not good design practice and will likely impact performance. For SLICE registers, for example, use the CE pin to control the loading of data.
Related violations: <none>

PDRC-153#262 Warning
Gated clock check  
Net SystolicCore0/mem2serial_transfer_pc/pmatrix[4][0][5]_i_2_n_2 is a gated clock net sourced by a combinational pin SystolicCore0/mem2serial_transfer_pc/pmatrix[4][0][5]_i_2/O, cell SystolicCore0/mem2serial_transfer_pc/pmatrix[4][0][5]_i_2. This is not good design practice and will likely impact performance. For SLICE registers, for example, use the CE pin to control the loading of data.
Related violations: <none>

PDRC-153#263 Warning
Gated clock check  
Net SystolicCore0/mem2serial_transfer_pc/pmatrix[4][0][6]_i_2_n_2 is a gated clock net sourced by a combinational pin SystolicCore0/mem2serial_transfer_pc/pmatrix[4][0][6]_i_2/O, cell SystolicCore0/mem2serial_transfer_pc/pmatrix[4][0][6]_i_2. This is not good design practice and will likely impact performance. For SLICE registers, for example, use the CE pin to control the loading of data.
Related violations: <none>

PDRC-153#264 Warning
Gated clock check  
Net SystolicCore0/mem2serial_transfer_pc/pmatrix[4][0][7]_i_2_n_2 is a gated clock net sourced by a combinational pin SystolicCore0/mem2serial_transfer_pc/pmatrix[4][0][7]_i_2/O, cell SystolicCore0/mem2serial_transfer_pc/pmatrix[4][0][7]_i_2. This is not good design practice and will likely impact performance. For SLICE registers, for example, use the CE pin to control the loading of data.
Related violations: <none>

PDRC-153#265 Warning
Gated clock check  
Net SystolicCore0/mem2serial_transfer_pc/pmatrix[4][1][0]_i_2_n_2 is a gated clock net sourced by a combinational pin SystolicCore0/mem2serial_transfer_pc/pmatrix[4][1][0]_i_2/O, cell SystolicCore0/mem2serial_transfer_pc/pmatrix[4][1][0]_i_2. This is not good design practice and will likely impact performance. For SLICE registers, for example, use the CE pin to control the loading of data.
Related violations: <none>

PDRC-153#266 Warning
Gated clock check  
Net SystolicCore0/mem2serial_transfer_pc/pmatrix[4][1][1]_i_2_n_2 is a gated clock net sourced by a combinational pin SystolicCore0/mem2serial_transfer_pc/pmatrix[4][1][1]_i_2/O, cell SystolicCore0/mem2serial_transfer_pc/pmatrix[4][1][1]_i_2. This is not good design practice and will likely impact performance. For SLICE registers, for example, use the CE pin to control the loading of data.
Related violations: <none>

PDRC-153#267 Warning
Gated clock check  
Net SystolicCore0/mem2serial_transfer_pc/pmatrix[4][1][2]_i_2_n_2 is a gated clock net sourced by a combinational pin SystolicCore0/mem2serial_transfer_pc/pmatrix[4][1][2]_i_2/O, cell SystolicCore0/mem2serial_transfer_pc/pmatrix[4][1][2]_i_2. This is not good design practice and will likely impact performance. For SLICE registers, for example, use the CE pin to control the loading of data.
Related violations: <none>

PDRC-153#268 Warning
Gated clock check  
Net SystolicCore0/mem2serial_transfer_pc/pmatrix[4][1][3]_i_2_n_2 is a gated clock net sourced by a combinational pin SystolicCore0/mem2serial_transfer_pc/pmatrix[4][1][3]_i_2/O, cell SystolicCore0/mem2serial_transfer_pc/pmatrix[4][1][3]_i_2. This is not good design practice and will likely impact performance. For SLICE registers, for example, use the CE pin to control the loading of data.
Related violations: <none>

PDRC-153#269 Warning
Gated clock check  
Net SystolicCore0/mem2serial_transfer_pc/pmatrix[4][1][4]_i_2_n_2 is a gated clock net sourced by a combinational pin SystolicCore0/mem2serial_transfer_pc/pmatrix[4][1][4]_i_2/O, cell SystolicCore0/mem2serial_transfer_pc/pmatrix[4][1][4]_i_2. This is not good design practice and will likely impact performance. For SLICE registers, for example, use the CE pin to control the loading of data.
Related violations: <none>

PDRC-153#270 Warning
Gated clock check  
Net SystolicCore0/mem2serial_transfer_pc/pmatrix[4][1][5]_i_2_n_2 is a gated clock net sourced by a combinational pin SystolicCore0/mem2serial_transfer_pc/pmatrix[4][1][5]_i_2/O, cell SystolicCore0/mem2serial_transfer_pc/pmatrix[4][1][5]_i_2. This is not good design practice and will likely impact performance. For SLICE registers, for example, use the CE pin to control the loading of data.
Related violations: <none>

PDRC-153#271 Warning
Gated clock check  
Net SystolicCore0/mem2serial_transfer_pc/pmatrix[4][1][6]_i_2_n_2 is a gated clock net sourced by a combinational pin SystolicCore0/mem2serial_transfer_pc/pmatrix[4][1][6]_i_2/O, cell SystolicCore0/mem2serial_transfer_pc/pmatrix[4][1][6]_i_2. This is not good design practice and will likely impact performance. For SLICE registers, for example, use the CE pin to control the loading of data.
Related violations: <none>

PDRC-153#272 Warning
Gated clock check  
Net SystolicCore0/mem2serial_transfer_pc/pmatrix[4][1][7]_i_2_n_2 is a gated clock net sourced by a combinational pin SystolicCore0/mem2serial_transfer_pc/pmatrix[4][1][7]_i_2/O, cell SystolicCore0/mem2serial_transfer_pc/pmatrix[4][1][7]_i_2. This is not good design practice and will likely impact performance. For SLICE registers, for example, use the CE pin to control the loading of data.
Related violations: <none>

PDRC-153#273 Warning
Gated clock check  
Net SystolicCore0/mem2serial_transfer_pc/pmatrix[4][2][0]_i_2_n_2 is a gated clock net sourced by a combinational pin SystolicCore0/mem2serial_transfer_pc/pmatrix[4][2][0]_i_2/O, cell SystolicCore0/mem2serial_transfer_pc/pmatrix[4][2][0]_i_2. This is not good design practice and will likely impact performance. For SLICE registers, for example, use the CE pin to control the loading of data.
Related violations: <none>

PDRC-153#274 Warning
Gated clock check  
Net SystolicCore0/mem2serial_transfer_pc/pmatrix[4][2][1]_i_2_n_2 is a gated clock net sourced by a combinational pin SystolicCore0/mem2serial_transfer_pc/pmatrix[4][2][1]_i_2/O, cell SystolicCore0/mem2serial_transfer_pc/pmatrix[4][2][1]_i_2. This is not good design practice and will likely impact performance. For SLICE registers, for example, use the CE pin to control the loading of data.
Related violations: <none>

PDRC-153#275 Warning
Gated clock check  
Net SystolicCore0/mem2serial_transfer_pc/pmatrix[4][2][2]_i_2_n_2 is a gated clock net sourced by a combinational pin SystolicCore0/mem2serial_transfer_pc/pmatrix[4][2][2]_i_2/O, cell SystolicCore0/mem2serial_transfer_pc/pmatrix[4][2][2]_i_2. This is not good design practice and will likely impact performance. For SLICE registers, for example, use the CE pin to control the loading of data.
Related violations: <none>

PDRC-153#276 Warning
Gated clock check  
Net SystolicCore0/mem2serial_transfer_pc/pmatrix[4][2][3]_i_2_n_2 is a gated clock net sourced by a combinational pin SystolicCore0/mem2serial_transfer_pc/pmatrix[4][2][3]_i_2/O, cell SystolicCore0/mem2serial_transfer_pc/pmatrix[4][2][3]_i_2. This is not good design practice and will likely impact performance. For SLICE registers, for example, use the CE pin to control the loading of data.
Related violations: <none>

PDRC-153#277 Warning
Gated clock check  
Net SystolicCore0/mem2serial_transfer_pc/pmatrix[4][2][4]_i_2_n_2 is a gated clock net sourced by a combinational pin SystolicCore0/mem2serial_transfer_pc/pmatrix[4][2][4]_i_2/O, cell SystolicCore0/mem2serial_transfer_pc/pmatrix[4][2][4]_i_2. This is not good design practice and will likely impact performance. For SLICE registers, for example, use the CE pin to control the loading of data.
Related violations: <none>

PDRC-153#278 Warning
Gated clock check  
Net SystolicCore0/mem2serial_transfer_pc/pmatrix[4][2][5]_i_2_n_2 is a gated clock net sourced by a combinational pin SystolicCore0/mem2serial_transfer_pc/pmatrix[4][2][5]_i_2/O, cell SystolicCore0/mem2serial_transfer_pc/pmatrix[4][2][5]_i_2. This is not good design practice and will likely impact performance. For SLICE registers, for example, use the CE pin to control the loading of data.
Related violations: <none>

PDRC-153#279 Warning
Gated clock check  
Net SystolicCore0/mem2serial_transfer_pc/pmatrix[4][2][6]_i_2_n_2 is a gated clock net sourced by a combinational pin SystolicCore0/mem2serial_transfer_pc/pmatrix[4][2][6]_i_2/O, cell SystolicCore0/mem2serial_transfer_pc/pmatrix[4][2][6]_i_2. This is not good design practice and will likely impact performance. For SLICE registers, for example, use the CE pin to control the loading of data.
Related violations: <none>

PDRC-153#280 Warning
Gated clock check  
Net SystolicCore0/mem2serial_transfer_pc/pmatrix[4][2][7]_i_2_n_2 is a gated clock net sourced by a combinational pin SystolicCore0/mem2serial_transfer_pc/pmatrix[4][2][7]_i_2/O, cell SystolicCore0/mem2serial_transfer_pc/pmatrix[4][2][7]_i_2. This is not good design practice and will likely impact performance. For SLICE registers, for example, use the CE pin to control the loading of data.
Related violations: <none>

PDRC-153#281 Warning
Gated clock check  
Net SystolicCore0/mem2serial_transfer_pc/pmatrix[4][3][0]_i_2_n_2 is a gated clock net sourced by a combinational pin SystolicCore0/mem2serial_transfer_pc/pmatrix[4][3][0]_i_2/O, cell SystolicCore0/mem2serial_transfer_pc/pmatrix[4][3][0]_i_2. This is not good design practice and will likely impact performance. For SLICE registers, for example, use the CE pin to control the loading of data.
Related violations: <none>

PDRC-153#282 Warning
Gated clock check  
Net SystolicCore0/mem2serial_transfer_pc/pmatrix[4][3][1]_i_2_n_2 is a gated clock net sourced by a combinational pin SystolicCore0/mem2serial_transfer_pc/pmatrix[4][3][1]_i_2/O, cell SystolicCore0/mem2serial_transfer_pc/pmatrix[4][3][1]_i_2. This is not good design practice and will likely impact performance. For SLICE registers, for example, use the CE pin to control the loading of data.
Related violations: <none>

PDRC-153#283 Warning
Gated clock check  
Net SystolicCore0/mem2serial_transfer_pc/pmatrix[4][3][2]_i_2_n_2 is a gated clock net sourced by a combinational pin SystolicCore0/mem2serial_transfer_pc/pmatrix[4][3][2]_i_2/O, cell SystolicCore0/mem2serial_transfer_pc/pmatrix[4][3][2]_i_2. This is not good design practice and will likely impact performance. For SLICE registers, for example, use the CE pin to control the loading of data.
Related violations: <none>

PDRC-153#284 Warning
Gated clock check  
Net SystolicCore0/mem2serial_transfer_pc/pmatrix[4][3][3]_i_2_n_2 is a gated clock net sourced by a combinational pin SystolicCore0/mem2serial_transfer_pc/pmatrix[4][3][3]_i_2/O, cell SystolicCore0/mem2serial_transfer_pc/pmatrix[4][3][3]_i_2. This is not good design practice and will likely impact performance. For SLICE registers, for example, use the CE pin to control the loading of data.
Related violations: <none>

PDRC-153#285 Warning
Gated clock check  
Net SystolicCore0/mem2serial_transfer_pc/pmatrix[4][3][4]_i_2_n_2 is a gated clock net sourced by a combinational pin SystolicCore0/mem2serial_transfer_pc/pmatrix[4][3][4]_i_2/O, cell SystolicCore0/mem2serial_transfer_pc/pmatrix[4][3][4]_i_2. This is not good design practice and will likely impact performance. For SLICE registers, for example, use the CE pin to control the loading of data.
Related violations: <none>

PDRC-153#286 Warning
Gated clock check  
Net SystolicCore0/mem2serial_transfer_pc/pmatrix[4][3][5]_i_2_n_2 is a gated clock net sourced by a combinational pin SystolicCore0/mem2serial_transfer_pc/pmatrix[4][3][5]_i_2/O, cell SystolicCore0/mem2serial_transfer_pc/pmatrix[4][3][5]_i_2. This is not good design practice and will likely impact performance. For SLICE registers, for example, use the CE pin to control the loading of data.
Related violations: <none>

PDRC-153#287 Warning
Gated clock check  
Net SystolicCore0/mem2serial_transfer_pc/pmatrix[4][3][6]_i_2_n_2 is a gated clock net sourced by a combinational pin SystolicCore0/mem2serial_transfer_pc/pmatrix[4][3][6]_i_2/O, cell SystolicCore0/mem2serial_transfer_pc/pmatrix[4][3][6]_i_2. This is not good design practice and will likely impact performance. For SLICE registers, for example, use the CE pin to control the loading of data.
Related violations: <none>

PDRC-153#288 Warning
Gated clock check  
Net SystolicCore0/mem2serial_transfer_pc/pmatrix[4][3][7]_i_2_n_2 is a gated clock net sourced by a combinational pin SystolicCore0/mem2serial_transfer_pc/pmatrix[4][3][7]_i_2/O, cell SystolicCore0/mem2serial_transfer_pc/pmatrix[4][3][7]_i_2. This is not good design practice and will likely impact performance. For SLICE registers, for example, use the CE pin to control the loading of data.
Related violations: <none>

PDRC-153#289 Warning
Gated clock check  
Net SystolicCore0/mem2serial_transfer_pc/pmatrix[4][4][0]_i_2_n_2 is a gated clock net sourced by a combinational pin SystolicCore0/mem2serial_transfer_pc/pmatrix[4][4][0]_i_2/O, cell SystolicCore0/mem2serial_transfer_pc/pmatrix[4][4][0]_i_2. This is not good design practice and will likely impact performance. For SLICE registers, for example, use the CE pin to control the loading of data.
Related violations: <none>

PDRC-153#290 Warning
Gated clock check  
Net SystolicCore0/mem2serial_transfer_pc/pmatrix[4][4][1]_i_2_n_2 is a gated clock net sourced by a combinational pin SystolicCore0/mem2serial_transfer_pc/pmatrix[4][4][1]_i_2/O, cell SystolicCore0/mem2serial_transfer_pc/pmatrix[4][4][1]_i_2. This is not good design practice and will likely impact performance. For SLICE registers, for example, use the CE pin to control the loading of data.
Related violations: <none>

PDRC-153#291 Warning
Gated clock check  
Net SystolicCore0/mem2serial_transfer_pc/pmatrix[4][4][2]_i_2_n_2 is a gated clock net sourced by a combinational pin SystolicCore0/mem2serial_transfer_pc/pmatrix[4][4][2]_i_2/O, cell SystolicCore0/mem2serial_transfer_pc/pmatrix[4][4][2]_i_2. This is not good design practice and will likely impact performance. For SLICE registers, for example, use the CE pin to control the loading of data.
Related violations: <none>

PDRC-153#292 Warning
Gated clock check  
Net SystolicCore0/mem2serial_transfer_pc/pmatrix[4][4][3]_i_2_n_2 is a gated clock net sourced by a combinational pin SystolicCore0/mem2serial_transfer_pc/pmatrix[4][4][3]_i_2/O, cell SystolicCore0/mem2serial_transfer_pc/pmatrix[4][4][3]_i_2. This is not good design practice and will likely impact performance. For SLICE registers, for example, use the CE pin to control the loading of data.
Related violations: <none>

PDRC-153#293 Warning
Gated clock check  
Net SystolicCore0/mem2serial_transfer_pc/pmatrix[4][4][4]_i_2_n_2 is a gated clock net sourced by a combinational pin SystolicCore0/mem2serial_transfer_pc/pmatrix[4][4][4]_i_2/O, cell SystolicCore0/mem2serial_transfer_pc/pmatrix[4][4][4]_i_2. This is not good design practice and will likely impact performance. For SLICE registers, for example, use the CE pin to control the loading of data.
Related violations: <none>

PDRC-153#294 Warning
Gated clock check  
Net SystolicCore0/mem2serial_transfer_pc/pmatrix[4][4][5]_i_2_n_2 is a gated clock net sourced by a combinational pin SystolicCore0/mem2serial_transfer_pc/pmatrix[4][4][5]_i_2/O, cell SystolicCore0/mem2serial_transfer_pc/pmatrix[4][4][5]_i_2. This is not good design practice and will likely impact performance. For SLICE registers, for example, use the CE pin to control the loading of data.
Related violations: <none>

PDRC-153#295 Warning
Gated clock check  
Net SystolicCore0/mem2serial_transfer_pc/pmatrix[4][4][6]_i_2_n_2 is a gated clock net sourced by a combinational pin SystolicCore0/mem2serial_transfer_pc/pmatrix[4][4][6]_i_2/O, cell SystolicCore0/mem2serial_transfer_pc/pmatrix[4][4][6]_i_2. This is not good design practice and will likely impact performance. For SLICE registers, for example, use the CE pin to control the loading of data.
Related violations: <none>

PDRC-153#296 Warning
Gated clock check  
Net SystolicCore0/mem2serial_transfer_pc/pmatrix[4][4][7]_i_2_n_2 is a gated clock net sourced by a combinational pin SystolicCore0/mem2serial_transfer_pc/pmatrix[4][4][7]_i_2/O, cell SystolicCore0/mem2serial_transfer_pc/pmatrix[4][4][7]_i_2. This is not good design practice and will likely impact performance. For SLICE registers, for example, use the CE pin to control the loading of data.
Related violations: <none>

PDRC-153#297 Warning
Gated clock check  
Net SystolicCore0/mem2serial_transfer_pc/pmatrix[4][5][0]_i_2_n_2 is a gated clock net sourced by a combinational pin SystolicCore0/mem2serial_transfer_pc/pmatrix[4][5][0]_i_2/O, cell SystolicCore0/mem2serial_transfer_pc/pmatrix[4][5][0]_i_2. This is not good design practice and will likely impact performance. For SLICE registers, for example, use the CE pin to control the loading of data.
Related violations: <none>

PDRC-153#298 Warning
Gated clock check  
Net SystolicCore0/mem2serial_transfer_pc/pmatrix[4][5][1]_i_2_n_2 is a gated clock net sourced by a combinational pin SystolicCore0/mem2serial_transfer_pc/pmatrix[4][5][1]_i_2/O, cell SystolicCore0/mem2serial_transfer_pc/pmatrix[4][5][1]_i_2. This is not good design practice and will likely impact performance. For SLICE registers, for example, use the CE pin to control the loading of data.
Related violations: <none>

PDRC-153#299 Warning
Gated clock check  
Net SystolicCore0/mem2serial_transfer_pc/pmatrix[4][5][2]_i_2_n_2 is a gated clock net sourced by a combinational pin SystolicCore0/mem2serial_transfer_pc/pmatrix[4][5][2]_i_2/O, cell SystolicCore0/mem2serial_transfer_pc/pmatrix[4][5][2]_i_2. This is not good design practice and will likely impact performance. For SLICE registers, for example, use the CE pin to control the loading of data.
Related violations: <none>

PDRC-153#300 Warning
Gated clock check  
Net SystolicCore0/mem2serial_transfer_pc/pmatrix[4][5][3]_i_2_n_2 is a gated clock net sourced by a combinational pin SystolicCore0/mem2serial_transfer_pc/pmatrix[4][5][3]_i_2/O, cell SystolicCore0/mem2serial_transfer_pc/pmatrix[4][5][3]_i_2. This is not good design practice and will likely impact performance. For SLICE registers, for example, use the CE pin to control the loading of data.
Related violations: <none>

PDRC-153#301 Warning
Gated clock check  
Net SystolicCore0/mem2serial_transfer_pc/pmatrix[4][5][4]_i_2_n_2 is a gated clock net sourced by a combinational pin SystolicCore0/mem2serial_transfer_pc/pmatrix[4][5][4]_i_2/O, cell SystolicCore0/mem2serial_transfer_pc/pmatrix[4][5][4]_i_2. This is not good design practice and will likely impact performance. For SLICE registers, for example, use the CE pin to control the loading of data.
Related violations: <none>

PDRC-153#302 Warning
Gated clock check  
Net SystolicCore0/mem2serial_transfer_pc/pmatrix[4][5][5]_i_2_n_2 is a gated clock net sourced by a combinational pin SystolicCore0/mem2serial_transfer_pc/pmatrix[4][5][5]_i_2/O, cell SystolicCore0/mem2serial_transfer_pc/pmatrix[4][5][5]_i_2. This is not good design practice and will likely impact performance. For SLICE registers, for example, use the CE pin to control the loading of data.
Related violations: <none>

PDRC-153#303 Warning
Gated clock check  
Net SystolicCore0/mem2serial_transfer_pc/pmatrix[4][5][6]_i_2_n_2 is a gated clock net sourced by a combinational pin SystolicCore0/mem2serial_transfer_pc/pmatrix[4][5][6]_i_2/O, cell SystolicCore0/mem2serial_transfer_pc/pmatrix[4][5][6]_i_2. This is not good design practice and will likely impact performance. For SLICE registers, for example, use the CE pin to control the loading of data.
Related violations: <none>

PDRC-153#304 Warning
Gated clock check  
Net SystolicCore0/mem2serial_transfer_pc/pmatrix[4][5][7]_i_2_n_2 is a gated clock net sourced by a combinational pin SystolicCore0/mem2serial_transfer_pc/pmatrix[4][5][7]_i_2/O, cell SystolicCore0/mem2serial_transfer_pc/pmatrix[4][5][7]_i_2. This is not good design practice and will likely impact performance. For SLICE registers, for example, use the CE pin to control the loading of data.
Related violations: <none>

PDRC-153#305 Warning
Gated clock check  
Net SystolicCore0/mem2serial_transfer_pc/pmatrix[4][6][0]_i_2_n_2 is a gated clock net sourced by a combinational pin SystolicCore0/mem2serial_transfer_pc/pmatrix[4][6][0]_i_2/O, cell SystolicCore0/mem2serial_transfer_pc/pmatrix[4][6][0]_i_2. This is not good design practice and will likely impact performance. For SLICE registers, for example, use the CE pin to control the loading of data.
Related violations: <none>

PDRC-153#306 Warning
Gated clock check  
Net SystolicCore0/mem2serial_transfer_pc/pmatrix[4][6][1]_i_2_n_2 is a gated clock net sourced by a combinational pin SystolicCore0/mem2serial_transfer_pc/pmatrix[4][6][1]_i_2/O, cell SystolicCore0/mem2serial_transfer_pc/pmatrix[4][6][1]_i_2. This is not good design practice and will likely impact performance. For SLICE registers, for example, use the CE pin to control the loading of data.
Related violations: <none>

PDRC-153#307 Warning
Gated clock check  
Net SystolicCore0/mem2serial_transfer_pc/pmatrix[4][6][2]_i_2_n_2 is a gated clock net sourced by a combinational pin SystolicCore0/mem2serial_transfer_pc/pmatrix[4][6][2]_i_2/O, cell SystolicCore0/mem2serial_transfer_pc/pmatrix[4][6][2]_i_2. This is not good design practice and will likely impact performance. For SLICE registers, for example, use the CE pin to control the loading of data.
Related violations: <none>

PDRC-153#308 Warning
Gated clock check  
Net SystolicCore0/mem2serial_transfer_pc/pmatrix[4][6][3]_i_2_n_2 is a gated clock net sourced by a combinational pin SystolicCore0/mem2serial_transfer_pc/pmatrix[4][6][3]_i_2/O, cell SystolicCore0/mem2serial_transfer_pc/pmatrix[4][6][3]_i_2. This is not good design practice and will likely impact performance. For SLICE registers, for example, use the CE pin to control the loading of data.
Related violations: <none>

PDRC-153#309 Warning
Gated clock check  
Net SystolicCore0/mem2serial_transfer_pc/pmatrix[4][6][4]_i_2_n_2 is a gated clock net sourced by a combinational pin SystolicCore0/mem2serial_transfer_pc/pmatrix[4][6][4]_i_2/O, cell SystolicCore0/mem2serial_transfer_pc/pmatrix[4][6][4]_i_2. This is not good design practice and will likely impact performance. For SLICE registers, for example, use the CE pin to control the loading of data.
Related violations: <none>

PDRC-153#310 Warning
Gated clock check  
Net SystolicCore0/mem2serial_transfer_pc/pmatrix[4][6][5]_i_2_n_2 is a gated clock net sourced by a combinational pin SystolicCore0/mem2serial_transfer_pc/pmatrix[4][6][5]_i_2/O, cell SystolicCore0/mem2serial_transfer_pc/pmatrix[4][6][5]_i_2. This is not good design practice and will likely impact performance. For SLICE registers, for example, use the CE pin to control the loading of data.
Related violations: <none>

PDRC-153#311 Warning
Gated clock check  
Net SystolicCore0/mem2serial_transfer_pc/pmatrix[4][6][6]_i_2_n_2 is a gated clock net sourced by a combinational pin SystolicCore0/mem2serial_transfer_pc/pmatrix[4][6][6]_i_2/O, cell SystolicCore0/mem2serial_transfer_pc/pmatrix[4][6][6]_i_2. This is not good design practice and will likely impact performance. For SLICE registers, for example, use the CE pin to control the loading of data.
Related violations: <none>

PDRC-153#312 Warning
Gated clock check  
Net SystolicCore0/mem2serial_transfer_pc/pmatrix[4][6][7]_i_2_n_2 is a gated clock net sourced by a combinational pin SystolicCore0/mem2serial_transfer_pc/pmatrix[4][6][7]_i_2/O, cell SystolicCore0/mem2serial_transfer_pc/pmatrix[4][6][7]_i_2. This is not good design practice and will likely impact performance. For SLICE registers, for example, use the CE pin to control the loading of data.
Related violations: <none>

PDRC-153#313 Warning
Gated clock check  
Net SystolicCore0/mem2serial_transfer_pc/pmatrix[4][7][0]_i_2_n_2 is a gated clock net sourced by a combinational pin SystolicCore0/mem2serial_transfer_pc/pmatrix[4][7][0]_i_2/O, cell SystolicCore0/mem2serial_transfer_pc/pmatrix[4][7][0]_i_2. This is not good design practice and will likely impact performance. For SLICE registers, for example, use the CE pin to control the loading of data.
Related violations: <none>

PDRC-153#314 Warning
Gated clock check  
Net SystolicCore0/mem2serial_transfer_pc/pmatrix[4][7][1]_i_2_n_2 is a gated clock net sourced by a combinational pin SystolicCore0/mem2serial_transfer_pc/pmatrix[4][7][1]_i_2/O, cell SystolicCore0/mem2serial_transfer_pc/pmatrix[4][7][1]_i_2. This is not good design practice and will likely impact performance. For SLICE registers, for example, use the CE pin to control the loading of data.
Related violations: <none>

PDRC-153#315 Warning
Gated clock check  
Net SystolicCore0/mem2serial_transfer_pc/pmatrix[4][7][2]_i_2_n_2 is a gated clock net sourced by a combinational pin SystolicCore0/mem2serial_transfer_pc/pmatrix[4][7][2]_i_2/O, cell SystolicCore0/mem2serial_transfer_pc/pmatrix[4][7][2]_i_2. This is not good design practice and will likely impact performance. For SLICE registers, for example, use the CE pin to control the loading of data.
Related violations: <none>

PDRC-153#316 Warning
Gated clock check  
Net SystolicCore0/mem2serial_transfer_pc/pmatrix[4][7][3]_i_2_n_2 is a gated clock net sourced by a combinational pin SystolicCore0/mem2serial_transfer_pc/pmatrix[4][7][3]_i_2/O, cell SystolicCore0/mem2serial_transfer_pc/pmatrix[4][7][3]_i_2. This is not good design practice and will likely impact performance. For SLICE registers, for example, use the CE pin to control the loading of data.
Related violations: <none>

PDRC-153#317 Warning
Gated clock check  
Net SystolicCore0/mem2serial_transfer_pc/pmatrix[4][7][4]_i_2_n_2 is a gated clock net sourced by a combinational pin SystolicCore0/mem2serial_transfer_pc/pmatrix[4][7][4]_i_2/O, cell SystolicCore0/mem2serial_transfer_pc/pmatrix[4][7][4]_i_2. This is not good design practice and will likely impact performance. For SLICE registers, for example, use the CE pin to control the loading of data.
Related violations: <none>

PDRC-153#318 Warning
Gated clock check  
Net SystolicCore0/mem2serial_transfer_pc/pmatrix[4][7][5]_i_2_n_2 is a gated clock net sourced by a combinational pin SystolicCore0/mem2serial_transfer_pc/pmatrix[4][7][5]_i_2/O, cell SystolicCore0/mem2serial_transfer_pc/pmatrix[4][7][5]_i_2. This is not good design practice and will likely impact performance. For SLICE registers, for example, use the CE pin to control the loading of data.
Related violations: <none>

PDRC-153#319 Warning
Gated clock check  
Net SystolicCore0/mem2serial_transfer_pc/pmatrix[4][7][6]_i_2_n_2 is a gated clock net sourced by a combinational pin SystolicCore0/mem2serial_transfer_pc/pmatrix[4][7][6]_i_2/O, cell SystolicCore0/mem2serial_transfer_pc/pmatrix[4][7][6]_i_2. This is not good design practice and will likely impact performance. For SLICE registers, for example, use the CE pin to control the loading of data.
Related violations: <none>

PDRC-153#320 Warning
Gated clock check  
Net SystolicCore0/mem2serial_transfer_pc/pmatrix[4][7][7]_i_2_n_2 is a gated clock net sourced by a combinational pin SystolicCore0/mem2serial_transfer_pc/pmatrix[4][7][7]_i_2/O, cell SystolicCore0/mem2serial_transfer_pc/pmatrix[4][7][7]_i_2. This is not good design practice and will likely impact performance. For SLICE registers, for example, use the CE pin to control the loading of data.
Related violations: <none>

PDRC-153#321 Warning
Gated clock check  
Net SystolicCore0/mem2serial_transfer_pc/pmatrix[5][0][0]_i_2_n_2 is a gated clock net sourced by a combinational pin SystolicCore0/mem2serial_transfer_pc/pmatrix[5][0][0]_i_2/O, cell SystolicCore0/mem2serial_transfer_pc/pmatrix[5][0][0]_i_2. This is not good design practice and will likely impact performance. For SLICE registers, for example, use the CE pin to control the loading of data.
Related violations: <none>

PDRC-153#322 Warning
Gated clock check  
Net SystolicCore0/mem2serial_transfer_pc/pmatrix[5][0][1]_i_2_n_2 is a gated clock net sourced by a combinational pin SystolicCore0/mem2serial_transfer_pc/pmatrix[5][0][1]_i_2/O, cell SystolicCore0/mem2serial_transfer_pc/pmatrix[5][0][1]_i_2. This is not good design practice and will likely impact performance. For SLICE registers, for example, use the CE pin to control the loading of data.
Related violations: <none>

PDRC-153#323 Warning
Gated clock check  
Net SystolicCore0/mem2serial_transfer_pc/pmatrix[5][0][2]_i_2_n_2 is a gated clock net sourced by a combinational pin SystolicCore0/mem2serial_transfer_pc/pmatrix[5][0][2]_i_2/O, cell SystolicCore0/mem2serial_transfer_pc/pmatrix[5][0][2]_i_2. This is not good design practice and will likely impact performance. For SLICE registers, for example, use the CE pin to control the loading of data.
Related violations: <none>

PDRC-153#324 Warning
Gated clock check  
Net SystolicCore0/mem2serial_transfer_pc/pmatrix[5][0][3]_i_2_n_2 is a gated clock net sourced by a combinational pin SystolicCore0/mem2serial_transfer_pc/pmatrix[5][0][3]_i_2/O, cell SystolicCore0/mem2serial_transfer_pc/pmatrix[5][0][3]_i_2. This is not good design practice and will likely impact performance. For SLICE registers, for example, use the CE pin to control the loading of data.
Related violations: <none>

PDRC-153#325 Warning
Gated clock check  
Net SystolicCore0/mem2serial_transfer_pc/pmatrix[5][0][4]_i_2_n_2 is a gated clock net sourced by a combinational pin SystolicCore0/mem2serial_transfer_pc/pmatrix[5][0][4]_i_2/O, cell SystolicCore0/mem2serial_transfer_pc/pmatrix[5][0][4]_i_2. This is not good design practice and will likely impact performance. For SLICE registers, for example, use the CE pin to control the loading of data.
Related violations: <none>

PDRC-153#326 Warning
Gated clock check  
Net SystolicCore0/mem2serial_transfer_pc/pmatrix[5][0][5]_i_2_n_2 is a gated clock net sourced by a combinational pin SystolicCore0/mem2serial_transfer_pc/pmatrix[5][0][5]_i_2/O, cell SystolicCore0/mem2serial_transfer_pc/pmatrix[5][0][5]_i_2. This is not good design practice and will likely impact performance. For SLICE registers, for example, use the CE pin to control the loading of data.
Related violations: <none>

PDRC-153#327 Warning
Gated clock check  
Net SystolicCore0/mem2serial_transfer_pc/pmatrix[5][0][6]_i_2_n_2 is a gated clock net sourced by a combinational pin SystolicCore0/mem2serial_transfer_pc/pmatrix[5][0][6]_i_2/O, cell SystolicCore0/mem2serial_transfer_pc/pmatrix[5][0][6]_i_2. This is not good design practice and will likely impact performance. For SLICE registers, for example, use the CE pin to control the loading of data.
Related violations: <none>

PDRC-153#328 Warning
Gated clock check  
Net SystolicCore0/mem2serial_transfer_pc/pmatrix[5][0][7]_i_2_n_2 is a gated clock net sourced by a combinational pin SystolicCore0/mem2serial_transfer_pc/pmatrix[5][0][7]_i_2/O, cell SystolicCore0/mem2serial_transfer_pc/pmatrix[5][0][7]_i_2. This is not good design practice and will likely impact performance. For SLICE registers, for example, use the CE pin to control the loading of data.
Related violations: <none>

PDRC-153#329 Warning
Gated clock check  
Net SystolicCore0/mem2serial_transfer_pc/pmatrix[5][1][0]_i_2_n_2 is a gated clock net sourced by a combinational pin SystolicCore0/mem2serial_transfer_pc/pmatrix[5][1][0]_i_2/O, cell SystolicCore0/mem2serial_transfer_pc/pmatrix[5][1][0]_i_2. This is not good design practice and will likely impact performance. For SLICE registers, for example, use the CE pin to control the loading of data.
Related violations: <none>

PDRC-153#330 Warning
Gated clock check  
Net SystolicCore0/mem2serial_transfer_pc/pmatrix[5][1][1]_i_2_n_2 is a gated clock net sourced by a combinational pin SystolicCore0/mem2serial_transfer_pc/pmatrix[5][1][1]_i_2/O, cell SystolicCore0/mem2serial_transfer_pc/pmatrix[5][1][1]_i_2. This is not good design practice and will likely impact performance. For SLICE registers, for example, use the CE pin to control the loading of data.
Related violations: <none>

PDRC-153#331 Warning
Gated clock check  
Net SystolicCore0/mem2serial_transfer_pc/pmatrix[5][1][2]_i_2_n_2 is a gated clock net sourced by a combinational pin SystolicCore0/mem2serial_transfer_pc/pmatrix[5][1][2]_i_2/O, cell SystolicCore0/mem2serial_transfer_pc/pmatrix[5][1][2]_i_2. This is not good design practice and will likely impact performance. For SLICE registers, for example, use the CE pin to control the loading of data.
Related violations: <none>

PDRC-153#332 Warning
Gated clock check  
Net SystolicCore0/mem2serial_transfer_pc/pmatrix[5][1][3]_i_2_n_2 is a gated clock net sourced by a combinational pin SystolicCore0/mem2serial_transfer_pc/pmatrix[5][1][3]_i_2/O, cell SystolicCore0/mem2serial_transfer_pc/pmatrix[5][1][3]_i_2. This is not good design practice and will likely impact performance. For SLICE registers, for example, use the CE pin to control the loading of data.
Related violations: <none>

PDRC-153#333 Warning
Gated clock check  
Net SystolicCore0/mem2serial_transfer_pc/pmatrix[5][1][4]_i_2_n_2 is a gated clock net sourced by a combinational pin SystolicCore0/mem2serial_transfer_pc/pmatrix[5][1][4]_i_2/O, cell SystolicCore0/mem2serial_transfer_pc/pmatrix[5][1][4]_i_2. This is not good design practice and will likely impact performance. For SLICE registers, for example, use the CE pin to control the loading of data.
Related violations: <none>

PDRC-153#334 Warning
Gated clock check  
Net SystolicCore0/mem2serial_transfer_pc/pmatrix[5][1][5]_i_2_n_2 is a gated clock net sourced by a combinational pin SystolicCore0/mem2serial_transfer_pc/pmatrix[5][1][5]_i_2/O, cell SystolicCore0/mem2serial_transfer_pc/pmatrix[5][1][5]_i_2. This is not good design practice and will likely impact performance. For SLICE registers, for example, use the CE pin to control the loading of data.
Related violations: <none>

PDRC-153#335 Warning
Gated clock check  
Net SystolicCore0/mem2serial_transfer_pc/pmatrix[5][1][6]_i_2_n_2 is a gated clock net sourced by a combinational pin SystolicCore0/mem2serial_transfer_pc/pmatrix[5][1][6]_i_2/O, cell SystolicCore0/mem2serial_transfer_pc/pmatrix[5][1][6]_i_2. This is not good design practice and will likely impact performance. For SLICE registers, for example, use the CE pin to control the loading of data.
Related violations: <none>

PDRC-153#336 Warning
Gated clock check  
Net SystolicCore0/mem2serial_transfer_pc/pmatrix[5][1][7]_i_2_n_2 is a gated clock net sourced by a combinational pin SystolicCore0/mem2serial_transfer_pc/pmatrix[5][1][7]_i_2/O, cell SystolicCore0/mem2serial_transfer_pc/pmatrix[5][1][7]_i_2. This is not good design practice and will likely impact performance. For SLICE registers, for example, use the CE pin to control the loading of data.
Related violations: <none>

PDRC-153#337 Warning
Gated clock check  
Net SystolicCore0/mem2serial_transfer_pc/pmatrix[5][2][0]_i_2_n_2 is a gated clock net sourced by a combinational pin SystolicCore0/mem2serial_transfer_pc/pmatrix[5][2][0]_i_2/O, cell SystolicCore0/mem2serial_transfer_pc/pmatrix[5][2][0]_i_2. This is not good design practice and will likely impact performance. For SLICE registers, for example, use the CE pin to control the loading of data.
Related violations: <none>

PDRC-153#338 Warning
Gated clock check  
Net SystolicCore0/mem2serial_transfer_pc/pmatrix[5][2][1]_i_2_n_2 is a gated clock net sourced by a combinational pin SystolicCore0/mem2serial_transfer_pc/pmatrix[5][2][1]_i_2/O, cell SystolicCore0/mem2serial_transfer_pc/pmatrix[5][2][1]_i_2. This is not good design practice and will likely impact performance. For SLICE registers, for example, use the CE pin to control the loading of data.
Related violations: <none>

PDRC-153#339 Warning
Gated clock check  
Net SystolicCore0/mem2serial_transfer_pc/pmatrix[5][2][2]_i_2_n_2 is a gated clock net sourced by a combinational pin SystolicCore0/mem2serial_transfer_pc/pmatrix[5][2][2]_i_2/O, cell SystolicCore0/mem2serial_transfer_pc/pmatrix[5][2][2]_i_2. This is not good design practice and will likely impact performance. For SLICE registers, for example, use the CE pin to control the loading of data.
Related violations: <none>

PDRC-153#340 Warning
Gated clock check  
Net SystolicCore0/mem2serial_transfer_pc/pmatrix[5][2][3]_i_2_n_2 is a gated clock net sourced by a combinational pin SystolicCore0/mem2serial_transfer_pc/pmatrix[5][2][3]_i_2/O, cell SystolicCore0/mem2serial_transfer_pc/pmatrix[5][2][3]_i_2. This is not good design practice and will likely impact performance. For SLICE registers, for example, use the CE pin to control the loading of data.
Related violations: <none>

PDRC-153#341 Warning
Gated clock check  
Net SystolicCore0/mem2serial_transfer_pc/pmatrix[5][2][4]_i_2_n_2 is a gated clock net sourced by a combinational pin SystolicCore0/mem2serial_transfer_pc/pmatrix[5][2][4]_i_2/O, cell SystolicCore0/mem2serial_transfer_pc/pmatrix[5][2][4]_i_2. This is not good design practice and will likely impact performance. For SLICE registers, for example, use the CE pin to control the loading of data.
Related violations: <none>

PDRC-153#342 Warning
Gated clock check  
Net SystolicCore0/mem2serial_transfer_pc/pmatrix[5][2][5]_i_2_n_2 is a gated clock net sourced by a combinational pin SystolicCore0/mem2serial_transfer_pc/pmatrix[5][2][5]_i_2/O, cell SystolicCore0/mem2serial_transfer_pc/pmatrix[5][2][5]_i_2. This is not good design practice and will likely impact performance. For SLICE registers, for example, use the CE pin to control the loading of data.
Related violations: <none>

PDRC-153#343 Warning
Gated clock check  
Net SystolicCore0/mem2serial_transfer_pc/pmatrix[5][2][6]_i_2_n_2 is a gated clock net sourced by a combinational pin SystolicCore0/mem2serial_transfer_pc/pmatrix[5][2][6]_i_2/O, cell SystolicCore0/mem2serial_transfer_pc/pmatrix[5][2][6]_i_2. This is not good design practice and will likely impact performance. For SLICE registers, for example, use the CE pin to control the loading of data.
Related violations: <none>

PDRC-153#344 Warning
Gated clock check  
Net SystolicCore0/mem2serial_transfer_pc/pmatrix[5][2][7]_i_2_n_2 is a gated clock net sourced by a combinational pin SystolicCore0/mem2serial_transfer_pc/pmatrix[5][2][7]_i_2/O, cell SystolicCore0/mem2serial_transfer_pc/pmatrix[5][2][7]_i_2. This is not good design practice and will likely impact performance. For SLICE registers, for example, use the CE pin to control the loading of data.
Related violations: <none>

PDRC-153#345 Warning
Gated clock check  
Net SystolicCore0/mem2serial_transfer_pc/pmatrix[5][3][0]_i_2_n_2 is a gated clock net sourced by a combinational pin SystolicCore0/mem2serial_transfer_pc/pmatrix[5][3][0]_i_2/O, cell SystolicCore0/mem2serial_transfer_pc/pmatrix[5][3][0]_i_2. This is not good design practice and will likely impact performance. For SLICE registers, for example, use the CE pin to control the loading of data.
Related violations: <none>

PDRC-153#346 Warning
Gated clock check  
Net SystolicCore0/mem2serial_transfer_pc/pmatrix[5][3][1]_i_2_n_2 is a gated clock net sourced by a combinational pin SystolicCore0/mem2serial_transfer_pc/pmatrix[5][3][1]_i_2/O, cell SystolicCore0/mem2serial_transfer_pc/pmatrix[5][3][1]_i_2. This is not good design practice and will likely impact performance. For SLICE registers, for example, use the CE pin to control the loading of data.
Related violations: <none>

PDRC-153#347 Warning
Gated clock check  
Net SystolicCore0/mem2serial_transfer_pc/pmatrix[5][3][2]_i_2_n_2 is a gated clock net sourced by a combinational pin SystolicCore0/mem2serial_transfer_pc/pmatrix[5][3][2]_i_2/O, cell SystolicCore0/mem2serial_transfer_pc/pmatrix[5][3][2]_i_2. This is not good design practice and will likely impact performance. For SLICE registers, for example, use the CE pin to control the loading of data.
Related violations: <none>

PDRC-153#348 Warning
Gated clock check  
Net SystolicCore0/mem2serial_transfer_pc/pmatrix[5][3][3]_i_2_n_2 is a gated clock net sourced by a combinational pin SystolicCore0/mem2serial_transfer_pc/pmatrix[5][3][3]_i_2/O, cell SystolicCore0/mem2serial_transfer_pc/pmatrix[5][3][3]_i_2. This is not good design practice and will likely impact performance. For SLICE registers, for example, use the CE pin to control the loading of data.
Related violations: <none>

PDRC-153#349 Warning
Gated clock check  
Net SystolicCore0/mem2serial_transfer_pc/pmatrix[5][3][4]_i_2_n_2 is a gated clock net sourced by a combinational pin SystolicCore0/mem2serial_transfer_pc/pmatrix[5][3][4]_i_2/O, cell SystolicCore0/mem2serial_transfer_pc/pmatrix[5][3][4]_i_2. This is not good design practice and will likely impact performance. For SLICE registers, for example, use the CE pin to control the loading of data.
Related violations: <none>

PDRC-153#350 Warning
Gated clock check  
Net SystolicCore0/mem2serial_transfer_pc/pmatrix[5][3][5]_i_2_n_2 is a gated clock net sourced by a combinational pin SystolicCore0/mem2serial_transfer_pc/pmatrix[5][3][5]_i_2/O, cell SystolicCore0/mem2serial_transfer_pc/pmatrix[5][3][5]_i_2. This is not good design practice and will likely impact performance. For SLICE registers, for example, use the CE pin to control the loading of data.
Related violations: <none>

PDRC-153#351 Warning
Gated clock check  
Net SystolicCore0/mem2serial_transfer_pc/pmatrix[5][3][6]_i_2_n_2 is a gated clock net sourced by a combinational pin SystolicCore0/mem2serial_transfer_pc/pmatrix[5][3][6]_i_2/O, cell SystolicCore0/mem2serial_transfer_pc/pmatrix[5][3][6]_i_2. This is not good design practice and will likely impact performance. For SLICE registers, for example, use the CE pin to control the loading of data.
Related violations: <none>

PDRC-153#352 Warning
Gated clock check  
Net SystolicCore0/mem2serial_transfer_pc/pmatrix[5][3][7]_i_2_n_2 is a gated clock net sourced by a combinational pin SystolicCore0/mem2serial_transfer_pc/pmatrix[5][3][7]_i_2/O, cell SystolicCore0/mem2serial_transfer_pc/pmatrix[5][3][7]_i_2. This is not good design practice and will likely impact performance. For SLICE registers, for example, use the CE pin to control the loading of data.
Related violations: <none>

PDRC-153#353 Warning
Gated clock check  
Net SystolicCore0/mem2serial_transfer_pc/pmatrix[5][4][0]_i_2_n_2 is a gated clock net sourced by a combinational pin SystolicCore0/mem2serial_transfer_pc/pmatrix[5][4][0]_i_2/O, cell SystolicCore0/mem2serial_transfer_pc/pmatrix[5][4][0]_i_2. This is not good design practice and will likely impact performance. For SLICE registers, for example, use the CE pin to control the loading of data.
Related violations: <none>

PDRC-153#354 Warning
Gated clock check  
Net SystolicCore0/mem2serial_transfer_pc/pmatrix[5][4][1]_i_2_n_2 is a gated clock net sourced by a combinational pin SystolicCore0/mem2serial_transfer_pc/pmatrix[5][4][1]_i_2/O, cell SystolicCore0/mem2serial_transfer_pc/pmatrix[5][4][1]_i_2. This is not good design practice and will likely impact performance. For SLICE registers, for example, use the CE pin to control the loading of data.
Related violations: <none>

PDRC-153#355 Warning
Gated clock check  
Net SystolicCore0/mem2serial_transfer_pc/pmatrix[5][4][2]_i_2_n_2 is a gated clock net sourced by a combinational pin SystolicCore0/mem2serial_transfer_pc/pmatrix[5][4][2]_i_2/O, cell SystolicCore0/mem2serial_transfer_pc/pmatrix[5][4][2]_i_2. This is not good design practice and will likely impact performance. For SLICE registers, for example, use the CE pin to control the loading of data.
Related violations: <none>

PDRC-153#356 Warning
Gated clock check  
Net SystolicCore0/mem2serial_transfer_pc/pmatrix[5][4][3]_i_2_n_2 is a gated clock net sourced by a combinational pin SystolicCore0/mem2serial_transfer_pc/pmatrix[5][4][3]_i_2/O, cell SystolicCore0/mem2serial_transfer_pc/pmatrix[5][4][3]_i_2. This is not good design practice and will likely impact performance. For SLICE registers, for example, use the CE pin to control the loading of data.
Related violations: <none>

PDRC-153#357 Warning
Gated clock check  
Net SystolicCore0/mem2serial_transfer_pc/pmatrix[5][4][4]_i_2_n_2 is a gated clock net sourced by a combinational pin SystolicCore0/mem2serial_transfer_pc/pmatrix[5][4][4]_i_2/O, cell SystolicCore0/mem2serial_transfer_pc/pmatrix[5][4][4]_i_2. This is not good design practice and will likely impact performance. For SLICE registers, for example, use the CE pin to control the loading of data.
Related violations: <none>

PDRC-153#358 Warning
Gated clock check  
Net SystolicCore0/mem2serial_transfer_pc/pmatrix[5][4][5]_i_2_n_2 is a gated clock net sourced by a combinational pin SystolicCore0/mem2serial_transfer_pc/pmatrix[5][4][5]_i_2/O, cell SystolicCore0/mem2serial_transfer_pc/pmatrix[5][4][5]_i_2. This is not good design practice and will likely impact performance. For SLICE registers, for example, use the CE pin to control the loading of data.
Related violations: <none>

PDRC-153#359 Warning
Gated clock check  
Net SystolicCore0/mem2serial_transfer_pc/pmatrix[5][4][6]_i_2_n_2 is a gated clock net sourced by a combinational pin SystolicCore0/mem2serial_transfer_pc/pmatrix[5][4][6]_i_2/O, cell SystolicCore0/mem2serial_transfer_pc/pmatrix[5][4][6]_i_2. This is not good design practice and will likely impact performance. For SLICE registers, for example, use the CE pin to control the loading of data.
Related violations: <none>

PDRC-153#360 Warning
Gated clock check  
Net SystolicCore0/mem2serial_transfer_pc/pmatrix[5][4][7]_i_2_n_2 is a gated clock net sourced by a combinational pin SystolicCore0/mem2serial_transfer_pc/pmatrix[5][4][7]_i_2/O, cell SystolicCore0/mem2serial_transfer_pc/pmatrix[5][4][7]_i_2. This is not good design practice and will likely impact performance. For SLICE registers, for example, use the CE pin to control the loading of data.
Related violations: <none>

PDRC-153#361 Warning
Gated clock check  
Net SystolicCore0/mem2serial_transfer_pc/pmatrix[5][5][0]_i_2_n_2 is a gated clock net sourced by a combinational pin SystolicCore0/mem2serial_transfer_pc/pmatrix[5][5][0]_i_2/O, cell SystolicCore0/mem2serial_transfer_pc/pmatrix[5][5][0]_i_2. This is not good design practice and will likely impact performance. For SLICE registers, for example, use the CE pin to control the loading of data.
Related violations: <none>

PDRC-153#362 Warning
Gated clock check  
Net SystolicCore0/mem2serial_transfer_pc/pmatrix[5][5][1]_i_2_n_2 is a gated clock net sourced by a combinational pin SystolicCore0/mem2serial_transfer_pc/pmatrix[5][5][1]_i_2/O, cell SystolicCore0/mem2serial_transfer_pc/pmatrix[5][5][1]_i_2. This is not good design practice and will likely impact performance. For SLICE registers, for example, use the CE pin to control the loading of data.
Related violations: <none>

PDRC-153#363 Warning
Gated clock check  
Net SystolicCore0/mem2serial_transfer_pc/pmatrix[5][5][2]_i_2_n_2 is a gated clock net sourced by a combinational pin SystolicCore0/mem2serial_transfer_pc/pmatrix[5][5][2]_i_2/O, cell SystolicCore0/mem2serial_transfer_pc/pmatrix[5][5][2]_i_2. This is not good design practice and will likely impact performance. For SLICE registers, for example, use the CE pin to control the loading of data.
Related violations: <none>

PDRC-153#364 Warning
Gated clock check  
Net SystolicCore0/mem2serial_transfer_pc/pmatrix[5][5][3]_i_2_n_2 is a gated clock net sourced by a combinational pin SystolicCore0/mem2serial_transfer_pc/pmatrix[5][5][3]_i_2/O, cell SystolicCore0/mem2serial_transfer_pc/pmatrix[5][5][3]_i_2. This is not good design practice and will likely impact performance. For SLICE registers, for example, use the CE pin to control the loading of data.
Related violations: <none>

PDRC-153#365 Warning
Gated clock check  
Net SystolicCore0/mem2serial_transfer_pc/pmatrix[5][5][4]_i_2_n_2 is a gated clock net sourced by a combinational pin SystolicCore0/mem2serial_transfer_pc/pmatrix[5][5][4]_i_2/O, cell SystolicCore0/mem2serial_transfer_pc/pmatrix[5][5][4]_i_2. This is not good design practice and will likely impact performance. For SLICE registers, for example, use the CE pin to control the loading of data.
Related violations: <none>

PDRC-153#366 Warning
Gated clock check  
Net SystolicCore0/mem2serial_transfer_pc/pmatrix[5][5][5]_i_2_n_2 is a gated clock net sourced by a combinational pin SystolicCore0/mem2serial_transfer_pc/pmatrix[5][5][5]_i_2/O, cell SystolicCore0/mem2serial_transfer_pc/pmatrix[5][5][5]_i_2. This is not good design practice and will likely impact performance. For SLICE registers, for example, use the CE pin to control the loading of data.
Related violations: <none>

PDRC-153#367 Warning
Gated clock check  
Net SystolicCore0/mem2serial_transfer_pc/pmatrix[5][5][6]_i_2_n_2 is a gated clock net sourced by a combinational pin SystolicCore0/mem2serial_transfer_pc/pmatrix[5][5][6]_i_2/O, cell SystolicCore0/mem2serial_transfer_pc/pmatrix[5][5][6]_i_2. This is not good design practice and will likely impact performance. For SLICE registers, for example, use the CE pin to control the loading of data.
Related violations: <none>

PDRC-153#368 Warning
Gated clock check  
Net SystolicCore0/mem2serial_transfer_pc/pmatrix[5][5][7]_i_2_n_2 is a gated clock net sourced by a combinational pin SystolicCore0/mem2serial_transfer_pc/pmatrix[5][5][7]_i_2/O, cell SystolicCore0/mem2serial_transfer_pc/pmatrix[5][5][7]_i_2. This is not good design practice and will likely impact performance. For SLICE registers, for example, use the CE pin to control the loading of data.
Related violations: <none>

PDRC-153#369 Warning
Gated clock check  
Net SystolicCore0/mem2serial_transfer_pc/pmatrix[5][6][0]_i_2_n_2 is a gated clock net sourced by a combinational pin SystolicCore0/mem2serial_transfer_pc/pmatrix[5][6][0]_i_2/O, cell SystolicCore0/mem2serial_transfer_pc/pmatrix[5][6][0]_i_2. This is not good design practice and will likely impact performance. For SLICE registers, for example, use the CE pin to control the loading of data.
Related violations: <none>

PDRC-153#370 Warning
Gated clock check  
Net SystolicCore0/mem2serial_transfer_pc/pmatrix[5][6][1]_i_2_n_2 is a gated clock net sourced by a combinational pin SystolicCore0/mem2serial_transfer_pc/pmatrix[5][6][1]_i_2/O, cell SystolicCore0/mem2serial_transfer_pc/pmatrix[5][6][1]_i_2. This is not good design practice and will likely impact performance. For SLICE registers, for example, use the CE pin to control the loading of data.
Related violations: <none>

PDRC-153#371 Warning
Gated clock check  
Net SystolicCore0/mem2serial_transfer_pc/pmatrix[5][6][2]_i_2_n_2 is a gated clock net sourced by a combinational pin SystolicCore0/mem2serial_transfer_pc/pmatrix[5][6][2]_i_2/O, cell SystolicCore0/mem2serial_transfer_pc/pmatrix[5][6][2]_i_2. This is not good design practice and will likely impact performance. For SLICE registers, for example, use the CE pin to control the loading of data.
Related violations: <none>

PDRC-153#372 Warning
Gated clock check  
Net SystolicCore0/mem2serial_transfer_pc/pmatrix[5][6][3]_i_2_n_2 is a gated clock net sourced by a combinational pin SystolicCore0/mem2serial_transfer_pc/pmatrix[5][6][3]_i_2/O, cell SystolicCore0/mem2serial_transfer_pc/pmatrix[5][6][3]_i_2. This is not good design practice and will likely impact performance. For SLICE registers, for example, use the CE pin to control the loading of data.
Related violations: <none>

PDRC-153#373 Warning
Gated clock check  
Net SystolicCore0/mem2serial_transfer_pc/pmatrix[5][6][4]_i_2_n_2 is a gated clock net sourced by a combinational pin SystolicCore0/mem2serial_transfer_pc/pmatrix[5][6][4]_i_2/O, cell SystolicCore0/mem2serial_transfer_pc/pmatrix[5][6][4]_i_2. This is not good design practice and will likely impact performance. For SLICE registers, for example, use the CE pin to control the loading of data.
Related violations: <none>

PDRC-153#374 Warning
Gated clock check  
Net SystolicCore0/mem2serial_transfer_pc/pmatrix[5][6][5]_i_2_n_2 is a gated clock net sourced by a combinational pin SystolicCore0/mem2serial_transfer_pc/pmatrix[5][6][5]_i_2/O, cell SystolicCore0/mem2serial_transfer_pc/pmatrix[5][6][5]_i_2. This is not good design practice and will likely impact performance. For SLICE registers, for example, use the CE pin to control the loading of data.
Related violations: <none>

PDRC-153#375 Warning
Gated clock check  
Net SystolicCore0/mem2serial_transfer_pc/pmatrix[5][6][6]_i_2_n_2 is a gated clock net sourced by a combinational pin SystolicCore0/mem2serial_transfer_pc/pmatrix[5][6][6]_i_2/O, cell SystolicCore0/mem2serial_transfer_pc/pmatrix[5][6][6]_i_2. This is not good design practice and will likely impact performance. For SLICE registers, for example, use the CE pin to control the loading of data.
Related violations: <none>

PDRC-153#376 Warning
Gated clock check  
Net SystolicCore0/mem2serial_transfer_pc/pmatrix[5][6][7]_i_2_n_2 is a gated clock net sourced by a combinational pin SystolicCore0/mem2serial_transfer_pc/pmatrix[5][6][7]_i_2/O, cell SystolicCore0/mem2serial_transfer_pc/pmatrix[5][6][7]_i_2. This is not good design practice and will likely impact performance. For SLICE registers, for example, use the CE pin to control the loading of data.
Related violations: <none>

PDRC-153#377 Warning
Gated clock check  
Net SystolicCore0/mem2serial_transfer_pc/pmatrix[5][7][0]_i_2_n_2 is a gated clock net sourced by a combinational pin SystolicCore0/mem2serial_transfer_pc/pmatrix[5][7][0]_i_2/O, cell SystolicCore0/mem2serial_transfer_pc/pmatrix[5][7][0]_i_2. This is not good design practice and will likely impact performance. For SLICE registers, for example, use the CE pin to control the loading of data.
Related violations: <none>

PDRC-153#378 Warning
Gated clock check  
Net SystolicCore0/mem2serial_transfer_pc/pmatrix[5][7][1]_i_2_n_2 is a gated clock net sourced by a combinational pin SystolicCore0/mem2serial_transfer_pc/pmatrix[5][7][1]_i_2/O, cell SystolicCore0/mem2serial_transfer_pc/pmatrix[5][7][1]_i_2. This is not good design practice and will likely impact performance. For SLICE registers, for example, use the CE pin to control the loading of data.
Related violations: <none>

PDRC-153#379 Warning
Gated clock check  
Net SystolicCore0/mem2serial_transfer_pc/pmatrix[5][7][2]_i_2_n_2 is a gated clock net sourced by a combinational pin SystolicCore0/mem2serial_transfer_pc/pmatrix[5][7][2]_i_2/O, cell SystolicCore0/mem2serial_transfer_pc/pmatrix[5][7][2]_i_2. This is not good design practice and will likely impact performance. For SLICE registers, for example, use the CE pin to control the loading of data.
Related violations: <none>

PDRC-153#380 Warning
Gated clock check  
Net SystolicCore0/mem2serial_transfer_pc/pmatrix[5][7][3]_i_2_n_2 is a gated clock net sourced by a combinational pin SystolicCore0/mem2serial_transfer_pc/pmatrix[5][7][3]_i_2/O, cell SystolicCore0/mem2serial_transfer_pc/pmatrix[5][7][3]_i_2. This is not good design practice and will likely impact performance. For SLICE registers, for example, use the CE pin to control the loading of data.
Related violations: <none>

PDRC-153#381 Warning
Gated clock check  
Net SystolicCore0/mem2serial_transfer_pc/pmatrix[5][7][4]_i_2_n_2 is a gated clock net sourced by a combinational pin SystolicCore0/mem2serial_transfer_pc/pmatrix[5][7][4]_i_2/O, cell SystolicCore0/mem2serial_transfer_pc/pmatrix[5][7][4]_i_2. This is not good design practice and will likely impact performance. For SLICE registers, for example, use the CE pin to control the loading of data.
Related violations: <none>

PDRC-153#382 Warning
Gated clock check  
Net SystolicCore0/mem2serial_transfer_pc/pmatrix[5][7][5]_i_2_n_2 is a gated clock net sourced by a combinational pin SystolicCore0/mem2serial_transfer_pc/pmatrix[5][7][5]_i_2/O, cell SystolicCore0/mem2serial_transfer_pc/pmatrix[5][7][5]_i_2. This is not good design practice and will likely impact performance. For SLICE registers, for example, use the CE pin to control the loading of data.
Related violations: <none>

PDRC-153#383 Warning
Gated clock check  
Net SystolicCore0/mem2serial_transfer_pc/pmatrix[5][7][6]_i_2_n_2 is a gated clock net sourced by a combinational pin SystolicCore0/mem2serial_transfer_pc/pmatrix[5][7][6]_i_2/O, cell SystolicCore0/mem2serial_transfer_pc/pmatrix[5][7][6]_i_2. This is not good design practice and will likely impact performance. For SLICE registers, for example, use the CE pin to control the loading of data.
Related violations: <none>

PDRC-153#384 Warning
Gated clock check  
Net SystolicCore0/mem2serial_transfer_pc/pmatrix[5][7][7]_i_2_n_2 is a gated clock net sourced by a combinational pin SystolicCore0/mem2serial_transfer_pc/pmatrix[5][7][7]_i_2/O, cell SystolicCore0/mem2serial_transfer_pc/pmatrix[5][7][7]_i_2. This is not good design practice and will likely impact performance. For SLICE registers, for example, use the CE pin to control the loading of data.
Related violations: <none>

PDRC-153#385 Warning
Gated clock check  
Net SystolicCore0/mem2serial_transfer_pc/pmatrix[6][0][0]_i_2_n_2 is a gated clock net sourced by a combinational pin SystolicCore0/mem2serial_transfer_pc/pmatrix[6][0][0]_i_2/O, cell SystolicCore0/mem2serial_transfer_pc/pmatrix[6][0][0]_i_2. This is not good design practice and will likely impact performance. For SLICE registers, for example, use the CE pin to control the loading of data.
Related violations: <none>

PDRC-153#386 Warning
Gated clock check  
Net SystolicCore0/mem2serial_transfer_pc/pmatrix[6][0][1]_i_2_n_2 is a gated clock net sourced by a combinational pin SystolicCore0/mem2serial_transfer_pc/pmatrix[6][0][1]_i_2/O, cell SystolicCore0/mem2serial_transfer_pc/pmatrix[6][0][1]_i_2. This is not good design practice and will likely impact performance. For SLICE registers, for example, use the CE pin to control the loading of data.
Related violations: <none>

PDRC-153#387 Warning
Gated clock check  
Net SystolicCore0/mem2serial_transfer_pc/pmatrix[6][0][2]_i_2_n_2 is a gated clock net sourced by a combinational pin SystolicCore0/mem2serial_transfer_pc/pmatrix[6][0][2]_i_2/O, cell SystolicCore0/mem2serial_transfer_pc/pmatrix[6][0][2]_i_2. This is not good design practice and will likely impact performance. For SLICE registers, for example, use the CE pin to control the loading of data.
Related violations: <none>

PDRC-153#388 Warning
Gated clock check  
Net SystolicCore0/mem2serial_transfer_pc/pmatrix[6][0][3]_i_2_n_2 is a gated clock net sourced by a combinational pin SystolicCore0/mem2serial_transfer_pc/pmatrix[6][0][3]_i_2/O, cell SystolicCore0/mem2serial_transfer_pc/pmatrix[6][0][3]_i_2. This is not good design practice and will likely impact performance. For SLICE registers, for example, use the CE pin to control the loading of data.
Related violations: <none>

PDRC-153#389 Warning
Gated clock check  
Net SystolicCore0/mem2serial_transfer_pc/pmatrix[6][0][4]_i_2_n_2 is a gated clock net sourced by a combinational pin SystolicCore0/mem2serial_transfer_pc/pmatrix[6][0][4]_i_2/O, cell SystolicCore0/mem2serial_transfer_pc/pmatrix[6][0][4]_i_2. This is not good design practice and will likely impact performance. For SLICE registers, for example, use the CE pin to control the loading of data.
Related violations: <none>

PDRC-153#390 Warning
Gated clock check  
Net SystolicCore0/mem2serial_transfer_pc/pmatrix[6][0][5]_i_2_n_2 is a gated clock net sourced by a combinational pin SystolicCore0/mem2serial_transfer_pc/pmatrix[6][0][5]_i_2/O, cell SystolicCore0/mem2serial_transfer_pc/pmatrix[6][0][5]_i_2. This is not good design practice and will likely impact performance. For SLICE registers, for example, use the CE pin to control the loading of data.
Related violations: <none>

PDRC-153#391 Warning
Gated clock check  
Net SystolicCore0/mem2serial_transfer_pc/pmatrix[6][0][6]_i_2_n_2 is a gated clock net sourced by a combinational pin SystolicCore0/mem2serial_transfer_pc/pmatrix[6][0][6]_i_2/O, cell SystolicCore0/mem2serial_transfer_pc/pmatrix[6][0][6]_i_2. This is not good design practice and will likely impact performance. For SLICE registers, for example, use the CE pin to control the loading of data.
Related violations: <none>

PDRC-153#392 Warning
Gated clock check  
Net SystolicCore0/mem2serial_transfer_pc/pmatrix[6][0][7]_i_2_n_2 is a gated clock net sourced by a combinational pin SystolicCore0/mem2serial_transfer_pc/pmatrix[6][0][7]_i_2/O, cell SystolicCore0/mem2serial_transfer_pc/pmatrix[6][0][7]_i_2. This is not good design practice and will likely impact performance. For SLICE registers, for example, use the CE pin to control the loading of data.
Related violations: <none>

PDRC-153#393 Warning
Gated clock check  
Net SystolicCore0/mem2serial_transfer_pc/pmatrix[6][1][0]_i_2_n_2 is a gated clock net sourced by a combinational pin SystolicCore0/mem2serial_transfer_pc/pmatrix[6][1][0]_i_2/O, cell SystolicCore0/mem2serial_transfer_pc/pmatrix[6][1][0]_i_2. This is not good design practice and will likely impact performance. For SLICE registers, for example, use the CE pin to control the loading of data.
Related violations: <none>

PDRC-153#394 Warning
Gated clock check  
Net SystolicCore0/mem2serial_transfer_pc/pmatrix[6][1][1]_i_2_n_2 is a gated clock net sourced by a combinational pin SystolicCore0/mem2serial_transfer_pc/pmatrix[6][1][1]_i_2/O, cell SystolicCore0/mem2serial_transfer_pc/pmatrix[6][1][1]_i_2. This is not good design practice and will likely impact performance. For SLICE registers, for example, use the CE pin to control the loading of data.
Related violations: <none>

PDRC-153#395 Warning
Gated clock check  
Net SystolicCore0/mem2serial_transfer_pc/pmatrix[6][1][2]_i_2_n_2 is a gated clock net sourced by a combinational pin SystolicCore0/mem2serial_transfer_pc/pmatrix[6][1][2]_i_2/O, cell SystolicCore0/mem2serial_transfer_pc/pmatrix[6][1][2]_i_2. This is not good design practice and will likely impact performance. For SLICE registers, for example, use the CE pin to control the loading of data.
Related violations: <none>

PDRC-153#396 Warning
Gated clock check  
Net SystolicCore0/mem2serial_transfer_pc/pmatrix[6][1][3]_i_2_n_2 is a gated clock net sourced by a combinational pin SystolicCore0/mem2serial_transfer_pc/pmatrix[6][1][3]_i_2/O, cell SystolicCore0/mem2serial_transfer_pc/pmatrix[6][1][3]_i_2. This is not good design practice and will likely impact performance. For SLICE registers, for example, use the CE pin to control the loading of data.
Related violations: <none>

PDRC-153#397 Warning
Gated clock check  
Net SystolicCore0/mem2serial_transfer_pc/pmatrix[6][1][4]_i_2_n_2 is a gated clock net sourced by a combinational pin SystolicCore0/mem2serial_transfer_pc/pmatrix[6][1][4]_i_2/O, cell SystolicCore0/mem2serial_transfer_pc/pmatrix[6][1][4]_i_2. This is not good design practice and will likely impact performance. For SLICE registers, for example, use the CE pin to control the loading of data.
Related violations: <none>

PDRC-153#398 Warning
Gated clock check  
Net SystolicCore0/mem2serial_transfer_pc/pmatrix[6][1][5]_i_2_n_2 is a gated clock net sourced by a combinational pin SystolicCore0/mem2serial_transfer_pc/pmatrix[6][1][5]_i_2/O, cell SystolicCore0/mem2serial_transfer_pc/pmatrix[6][1][5]_i_2. This is not good design practice and will likely impact performance. For SLICE registers, for example, use the CE pin to control the loading of data.
Related violations: <none>

PDRC-153#399 Warning
Gated clock check  
Net SystolicCore0/mem2serial_transfer_pc/pmatrix[6][1][6]_i_2_n_2 is a gated clock net sourced by a combinational pin SystolicCore0/mem2serial_transfer_pc/pmatrix[6][1][6]_i_2/O, cell SystolicCore0/mem2serial_transfer_pc/pmatrix[6][1][6]_i_2. This is not good design practice and will likely impact performance. For SLICE registers, for example, use the CE pin to control the loading of data.
Related violations: <none>

PDRC-153#400 Warning
Gated clock check  
Net SystolicCore0/mem2serial_transfer_pc/pmatrix[6][1][7]_i_2_n_2 is a gated clock net sourced by a combinational pin SystolicCore0/mem2serial_transfer_pc/pmatrix[6][1][7]_i_2/O, cell SystolicCore0/mem2serial_transfer_pc/pmatrix[6][1][7]_i_2. This is not good design practice and will likely impact performance. For SLICE registers, for example, use the CE pin to control the loading of data.
Related violations: <none>

PDRC-153#401 Warning
Gated clock check  
Net SystolicCore0/mem2serial_transfer_pc/pmatrix[6][2][0]_i_2_n_2 is a gated clock net sourced by a combinational pin SystolicCore0/mem2serial_transfer_pc/pmatrix[6][2][0]_i_2/O, cell SystolicCore0/mem2serial_transfer_pc/pmatrix[6][2][0]_i_2. This is not good design practice and will likely impact performance. For SLICE registers, for example, use the CE pin to control the loading of data.
Related violations: <none>

PDRC-153#402 Warning
Gated clock check  
Net SystolicCore0/mem2serial_transfer_pc/pmatrix[6][2][1]_i_2_n_2 is a gated clock net sourced by a combinational pin SystolicCore0/mem2serial_transfer_pc/pmatrix[6][2][1]_i_2/O, cell SystolicCore0/mem2serial_transfer_pc/pmatrix[6][2][1]_i_2. This is not good design practice and will likely impact performance. For SLICE registers, for example, use the CE pin to control the loading of data.
Related violations: <none>

PDRC-153#403 Warning
Gated clock check  
Net SystolicCore0/mem2serial_transfer_pc/pmatrix[6][2][2]_i_2_n_2 is a gated clock net sourced by a combinational pin SystolicCore0/mem2serial_transfer_pc/pmatrix[6][2][2]_i_2/O, cell SystolicCore0/mem2serial_transfer_pc/pmatrix[6][2][2]_i_2. This is not good design practice and will likely impact performance. For SLICE registers, for example, use the CE pin to control the loading of data.
Related violations: <none>

PDRC-153#404 Warning
Gated clock check  
Net SystolicCore0/mem2serial_transfer_pc/pmatrix[6][2][3]_i_2_n_2 is a gated clock net sourced by a combinational pin SystolicCore0/mem2serial_transfer_pc/pmatrix[6][2][3]_i_2/O, cell SystolicCore0/mem2serial_transfer_pc/pmatrix[6][2][3]_i_2. This is not good design practice and will likely impact performance. For SLICE registers, for example, use the CE pin to control the loading of data.
Related violations: <none>

PDRC-153#405 Warning
Gated clock check  
Net SystolicCore0/mem2serial_transfer_pc/pmatrix[6][2][4]_i_2_n_2 is a gated clock net sourced by a combinational pin SystolicCore0/mem2serial_transfer_pc/pmatrix[6][2][4]_i_2/O, cell SystolicCore0/mem2serial_transfer_pc/pmatrix[6][2][4]_i_2. This is not good design practice and will likely impact performance. For SLICE registers, for example, use the CE pin to control the loading of data.
Related violations: <none>

PDRC-153#406 Warning
Gated clock check  
Net SystolicCore0/mem2serial_transfer_pc/pmatrix[6][2][5]_i_2_n_2 is a gated clock net sourced by a combinational pin SystolicCore0/mem2serial_transfer_pc/pmatrix[6][2][5]_i_2/O, cell SystolicCore0/mem2serial_transfer_pc/pmatrix[6][2][5]_i_2. This is not good design practice and will likely impact performance. For SLICE registers, for example, use the CE pin to control the loading of data.
Related violations: <none>

PDRC-153#407 Warning
Gated clock check  
Net SystolicCore0/mem2serial_transfer_pc/pmatrix[6][2][6]_i_2_n_2 is a gated clock net sourced by a combinational pin SystolicCore0/mem2serial_transfer_pc/pmatrix[6][2][6]_i_2/O, cell SystolicCore0/mem2serial_transfer_pc/pmatrix[6][2][6]_i_2. This is not good design practice and will likely impact performance. For SLICE registers, for example, use the CE pin to control the loading of data.
Related violations: <none>

PDRC-153#408 Warning
Gated clock check  
Net SystolicCore0/mem2serial_transfer_pc/pmatrix[6][2][7]_i_2_n_2 is a gated clock net sourced by a combinational pin SystolicCore0/mem2serial_transfer_pc/pmatrix[6][2][7]_i_2/O, cell SystolicCore0/mem2serial_transfer_pc/pmatrix[6][2][7]_i_2. This is not good design practice and will likely impact performance. For SLICE registers, for example, use the CE pin to control the loading of data.
Related violations: <none>

PDRC-153#409 Warning
Gated clock check  
Net SystolicCore0/mem2serial_transfer_pc/pmatrix[6][3][0]_i_2_n_2 is a gated clock net sourced by a combinational pin SystolicCore0/mem2serial_transfer_pc/pmatrix[6][3][0]_i_2/O, cell SystolicCore0/mem2serial_transfer_pc/pmatrix[6][3][0]_i_2. This is not good design practice and will likely impact performance. For SLICE registers, for example, use the CE pin to control the loading of data.
Related violations: <none>

PDRC-153#410 Warning
Gated clock check  
Net SystolicCore0/mem2serial_transfer_pc/pmatrix[6][3][1]_i_2_n_2 is a gated clock net sourced by a combinational pin SystolicCore0/mem2serial_transfer_pc/pmatrix[6][3][1]_i_2/O, cell SystolicCore0/mem2serial_transfer_pc/pmatrix[6][3][1]_i_2. This is not good design practice and will likely impact performance. For SLICE registers, for example, use the CE pin to control the loading of data.
Related violations: <none>

PDRC-153#411 Warning
Gated clock check  
Net SystolicCore0/mem2serial_transfer_pc/pmatrix[6][3][2]_i_2_n_2 is a gated clock net sourced by a combinational pin SystolicCore0/mem2serial_transfer_pc/pmatrix[6][3][2]_i_2/O, cell SystolicCore0/mem2serial_transfer_pc/pmatrix[6][3][2]_i_2. This is not good design practice and will likely impact performance. For SLICE registers, for example, use the CE pin to control the loading of data.
Related violations: <none>

PDRC-153#412 Warning
Gated clock check  
Net SystolicCore0/mem2serial_transfer_pc/pmatrix[6][3][3]_i_2_n_2 is a gated clock net sourced by a combinational pin SystolicCore0/mem2serial_transfer_pc/pmatrix[6][3][3]_i_2/O, cell SystolicCore0/mem2serial_transfer_pc/pmatrix[6][3][3]_i_2. This is not good design practice and will likely impact performance. For SLICE registers, for example, use the CE pin to control the loading of data.
Related violations: <none>

PDRC-153#413 Warning
Gated clock check  
Net SystolicCore0/mem2serial_transfer_pc/pmatrix[6][3][4]_i_2_n_2 is a gated clock net sourced by a combinational pin SystolicCore0/mem2serial_transfer_pc/pmatrix[6][3][4]_i_2/O, cell SystolicCore0/mem2serial_transfer_pc/pmatrix[6][3][4]_i_2. This is not good design practice and will likely impact performance. For SLICE registers, for example, use the CE pin to control the loading of data.
Related violations: <none>

PDRC-153#414 Warning
Gated clock check  
Net SystolicCore0/mem2serial_transfer_pc/pmatrix[6][3][5]_i_2_n_2 is a gated clock net sourced by a combinational pin SystolicCore0/mem2serial_transfer_pc/pmatrix[6][3][5]_i_2/O, cell SystolicCore0/mem2serial_transfer_pc/pmatrix[6][3][5]_i_2. This is not good design practice and will likely impact performance. For SLICE registers, for example, use the CE pin to control the loading of data.
Related violations: <none>

PDRC-153#415 Warning
Gated clock check  
Net SystolicCore0/mem2serial_transfer_pc/pmatrix[6][3][6]_i_2_n_2 is a gated clock net sourced by a combinational pin SystolicCore0/mem2serial_transfer_pc/pmatrix[6][3][6]_i_2/O, cell SystolicCore0/mem2serial_transfer_pc/pmatrix[6][3][6]_i_2. This is not good design practice and will likely impact performance. For SLICE registers, for example, use the CE pin to control the loading of data.
Related violations: <none>

PDRC-153#416 Warning
Gated clock check  
Net SystolicCore0/mem2serial_transfer_pc/pmatrix[6][3][7]_i_2_n_2 is a gated clock net sourced by a combinational pin SystolicCore0/mem2serial_transfer_pc/pmatrix[6][3][7]_i_2/O, cell SystolicCore0/mem2serial_transfer_pc/pmatrix[6][3][7]_i_2. This is not good design practice and will likely impact performance. For SLICE registers, for example, use the CE pin to control the loading of data.
Related violations: <none>

PDRC-153#417 Warning
Gated clock check  
Net SystolicCore0/mem2serial_transfer_pc/pmatrix[6][4][0]_i_2_n_2 is a gated clock net sourced by a combinational pin SystolicCore0/mem2serial_transfer_pc/pmatrix[6][4][0]_i_2/O, cell SystolicCore0/mem2serial_transfer_pc/pmatrix[6][4][0]_i_2. This is not good design practice and will likely impact performance. For SLICE registers, for example, use the CE pin to control the loading of data.
Related violations: <none>

PDRC-153#418 Warning
Gated clock check  
Net SystolicCore0/mem2serial_transfer_pc/pmatrix[6][4][1]_i_2_n_2 is a gated clock net sourced by a combinational pin SystolicCore0/mem2serial_transfer_pc/pmatrix[6][4][1]_i_2/O, cell SystolicCore0/mem2serial_transfer_pc/pmatrix[6][4][1]_i_2. This is not good design practice and will likely impact performance. For SLICE registers, for example, use the CE pin to control the loading of data.
Related violations: <none>

PDRC-153#419 Warning
Gated clock check  
Net SystolicCore0/mem2serial_transfer_pc/pmatrix[6][4][2]_i_2_n_2 is a gated clock net sourced by a combinational pin SystolicCore0/mem2serial_transfer_pc/pmatrix[6][4][2]_i_2/O, cell SystolicCore0/mem2serial_transfer_pc/pmatrix[6][4][2]_i_2. This is not good design practice and will likely impact performance. For SLICE registers, for example, use the CE pin to control the loading of data.
Related violations: <none>

PDRC-153#420 Warning
Gated clock check  
Net SystolicCore0/mem2serial_transfer_pc/pmatrix[6][4][3]_i_2_n_2 is a gated clock net sourced by a combinational pin SystolicCore0/mem2serial_transfer_pc/pmatrix[6][4][3]_i_2/O, cell SystolicCore0/mem2serial_transfer_pc/pmatrix[6][4][3]_i_2. This is not good design practice and will likely impact performance. For SLICE registers, for example, use the CE pin to control the loading of data.
Related violations: <none>

PDRC-153#421 Warning
Gated clock check  
Net SystolicCore0/mem2serial_transfer_pc/pmatrix[6][4][4]_i_2_n_2 is a gated clock net sourced by a combinational pin SystolicCore0/mem2serial_transfer_pc/pmatrix[6][4][4]_i_2/O, cell SystolicCore0/mem2serial_transfer_pc/pmatrix[6][4][4]_i_2. This is not good design practice and will likely impact performance. For SLICE registers, for example, use the CE pin to control the loading of data.
Related violations: <none>

PDRC-153#422 Warning
Gated clock check  
Net SystolicCore0/mem2serial_transfer_pc/pmatrix[6][4][5]_i_2_n_2 is a gated clock net sourced by a combinational pin SystolicCore0/mem2serial_transfer_pc/pmatrix[6][4][5]_i_2/O, cell SystolicCore0/mem2serial_transfer_pc/pmatrix[6][4][5]_i_2. This is not good design practice and will likely impact performance. For SLICE registers, for example, use the CE pin to control the loading of data.
Related violations: <none>

PDRC-153#423 Warning
Gated clock check  
Net SystolicCore0/mem2serial_transfer_pc/pmatrix[6][4][6]_i_2_n_2 is a gated clock net sourced by a combinational pin SystolicCore0/mem2serial_transfer_pc/pmatrix[6][4][6]_i_2/O, cell SystolicCore0/mem2serial_transfer_pc/pmatrix[6][4][6]_i_2. This is not good design practice and will likely impact performance. For SLICE registers, for example, use the CE pin to control the loading of data.
Related violations: <none>

PDRC-153#424 Warning
Gated clock check  
Net SystolicCore0/mem2serial_transfer_pc/pmatrix[6][4][7]_i_2_n_2 is a gated clock net sourced by a combinational pin SystolicCore0/mem2serial_transfer_pc/pmatrix[6][4][7]_i_2/O, cell SystolicCore0/mem2serial_transfer_pc/pmatrix[6][4][7]_i_2. This is not good design practice and will likely impact performance. For SLICE registers, for example, use the CE pin to control the loading of data.
Related violations: <none>

PDRC-153#425 Warning
Gated clock check  
Net SystolicCore0/mem2serial_transfer_pc/pmatrix[6][5][0]_i_2_n_2 is a gated clock net sourced by a combinational pin SystolicCore0/mem2serial_transfer_pc/pmatrix[6][5][0]_i_2/O, cell SystolicCore0/mem2serial_transfer_pc/pmatrix[6][5][0]_i_2. This is not good design practice and will likely impact performance. For SLICE registers, for example, use the CE pin to control the loading of data.
Related violations: <none>

PDRC-153#426 Warning
Gated clock check  
Net SystolicCore0/mem2serial_transfer_pc/pmatrix[6][5][1]_i_2_n_2 is a gated clock net sourced by a combinational pin SystolicCore0/mem2serial_transfer_pc/pmatrix[6][5][1]_i_2/O, cell SystolicCore0/mem2serial_transfer_pc/pmatrix[6][5][1]_i_2. This is not good design practice and will likely impact performance. For SLICE registers, for example, use the CE pin to control the loading of data.
Related violations: <none>

PDRC-153#427 Warning
Gated clock check  
Net SystolicCore0/mem2serial_transfer_pc/pmatrix[6][5][2]_i_2_n_2 is a gated clock net sourced by a combinational pin SystolicCore0/mem2serial_transfer_pc/pmatrix[6][5][2]_i_2/O, cell SystolicCore0/mem2serial_transfer_pc/pmatrix[6][5][2]_i_2. This is not good design practice and will likely impact performance. For SLICE registers, for example, use the CE pin to control the loading of data.
Related violations: <none>

PDRC-153#428 Warning
Gated clock check  
Net SystolicCore0/mem2serial_transfer_pc/pmatrix[6][5][3]_i_2_n_2 is a gated clock net sourced by a combinational pin SystolicCore0/mem2serial_transfer_pc/pmatrix[6][5][3]_i_2/O, cell SystolicCore0/mem2serial_transfer_pc/pmatrix[6][5][3]_i_2. This is not good design practice and will likely impact performance. For SLICE registers, for example, use the CE pin to control the loading of data.
Related violations: <none>

PDRC-153#429 Warning
Gated clock check  
Net SystolicCore0/mem2serial_transfer_pc/pmatrix[6][5][4]_i_2_n_2 is a gated clock net sourced by a combinational pin SystolicCore0/mem2serial_transfer_pc/pmatrix[6][5][4]_i_2/O, cell SystolicCore0/mem2serial_transfer_pc/pmatrix[6][5][4]_i_2. This is not good design practice and will likely impact performance. For SLICE registers, for example, use the CE pin to control the loading of data.
Related violations: <none>

PDRC-153#430 Warning
Gated clock check  
Net SystolicCore0/mem2serial_transfer_pc/pmatrix[6][5][5]_i_2_n_2 is a gated clock net sourced by a combinational pin SystolicCore0/mem2serial_transfer_pc/pmatrix[6][5][5]_i_2/O, cell SystolicCore0/mem2serial_transfer_pc/pmatrix[6][5][5]_i_2. This is not good design practice and will likely impact performance. For SLICE registers, for example, use the CE pin to control the loading of data.
Related violations: <none>

PDRC-153#431 Warning
Gated clock check  
Net SystolicCore0/mem2serial_transfer_pc/pmatrix[6][5][6]_i_2_n_2 is a gated clock net sourced by a combinational pin SystolicCore0/mem2serial_transfer_pc/pmatrix[6][5][6]_i_2/O, cell SystolicCore0/mem2serial_transfer_pc/pmatrix[6][5][6]_i_2. This is not good design practice and will likely impact performance. For SLICE registers, for example, use the CE pin to control the loading of data.
Related violations: <none>

PDRC-153#432 Warning
Gated clock check  
Net SystolicCore0/mem2serial_transfer_pc/pmatrix[6][5][7]_i_2_n_2 is a gated clock net sourced by a combinational pin SystolicCore0/mem2serial_transfer_pc/pmatrix[6][5][7]_i_2/O, cell SystolicCore0/mem2serial_transfer_pc/pmatrix[6][5][7]_i_2. This is not good design practice and will likely impact performance. For SLICE registers, for example, use the CE pin to control the loading of data.
Related violations: <none>

PDRC-153#433 Warning
Gated clock check  
Net SystolicCore0/mem2serial_transfer_pc/pmatrix[6][6][0]_i_2_n_2 is a gated clock net sourced by a combinational pin SystolicCore0/mem2serial_transfer_pc/pmatrix[6][6][0]_i_2/O, cell SystolicCore0/mem2serial_transfer_pc/pmatrix[6][6][0]_i_2. This is not good design practice and will likely impact performance. For SLICE registers, for example, use the CE pin to control the loading of data.
Related violations: <none>

PDRC-153#434 Warning
Gated clock check  
Net SystolicCore0/mem2serial_transfer_pc/pmatrix[6][6][1]_i_2_n_2 is a gated clock net sourced by a combinational pin SystolicCore0/mem2serial_transfer_pc/pmatrix[6][6][1]_i_2/O, cell SystolicCore0/mem2serial_transfer_pc/pmatrix[6][6][1]_i_2. This is not good design practice and will likely impact performance. For SLICE registers, for example, use the CE pin to control the loading of data.
Related violations: <none>

PDRC-153#435 Warning
Gated clock check  
Net SystolicCore0/mem2serial_transfer_pc/pmatrix[6][6][2]_i_2_n_2 is a gated clock net sourced by a combinational pin SystolicCore0/mem2serial_transfer_pc/pmatrix[6][6][2]_i_2/O, cell SystolicCore0/mem2serial_transfer_pc/pmatrix[6][6][2]_i_2. This is not good design practice and will likely impact performance. For SLICE registers, for example, use the CE pin to control the loading of data.
Related violations: <none>

PDRC-153#436 Warning
Gated clock check  
Net SystolicCore0/mem2serial_transfer_pc/pmatrix[6][6][3]_i_2_n_2 is a gated clock net sourced by a combinational pin SystolicCore0/mem2serial_transfer_pc/pmatrix[6][6][3]_i_2/O, cell SystolicCore0/mem2serial_transfer_pc/pmatrix[6][6][3]_i_2. This is not good design practice and will likely impact performance. For SLICE registers, for example, use the CE pin to control the loading of data.
Related violations: <none>

PDRC-153#437 Warning
Gated clock check  
Net SystolicCore0/mem2serial_transfer_pc/pmatrix[6][6][4]_i_2_n_2 is a gated clock net sourced by a combinational pin SystolicCore0/mem2serial_transfer_pc/pmatrix[6][6][4]_i_2/O, cell SystolicCore0/mem2serial_transfer_pc/pmatrix[6][6][4]_i_2. This is not good design practice and will likely impact performance. For SLICE registers, for example, use the CE pin to control the loading of data.
Related violations: <none>

PDRC-153#438 Warning
Gated clock check  
Net SystolicCore0/mem2serial_transfer_pc/pmatrix[6][6][5]_i_2_n_2 is a gated clock net sourced by a combinational pin SystolicCore0/mem2serial_transfer_pc/pmatrix[6][6][5]_i_2/O, cell SystolicCore0/mem2serial_transfer_pc/pmatrix[6][6][5]_i_2. This is not good design practice and will likely impact performance. For SLICE registers, for example, use the CE pin to control the loading of data.
Related violations: <none>

PDRC-153#439 Warning
Gated clock check  
Net SystolicCore0/mem2serial_transfer_pc/pmatrix[6][6][6]_i_2_n_2 is a gated clock net sourced by a combinational pin SystolicCore0/mem2serial_transfer_pc/pmatrix[6][6][6]_i_2/O, cell SystolicCore0/mem2serial_transfer_pc/pmatrix[6][6][6]_i_2. This is not good design practice and will likely impact performance. For SLICE registers, for example, use the CE pin to control the loading of data.
Related violations: <none>

PDRC-153#440 Warning
Gated clock check  
Net SystolicCore0/mem2serial_transfer_pc/pmatrix[6][6][7]_i_2_n_2 is a gated clock net sourced by a combinational pin SystolicCore0/mem2serial_transfer_pc/pmatrix[6][6][7]_i_2/O, cell SystolicCore0/mem2serial_transfer_pc/pmatrix[6][6][7]_i_2. This is not good design practice and will likely impact performance. For SLICE registers, for example, use the CE pin to control the loading of data.
Related violations: <none>

PDRC-153#441 Warning
Gated clock check  
Net SystolicCore0/mem2serial_transfer_pc/pmatrix[6][7][0]_i_2_n_2 is a gated clock net sourced by a combinational pin SystolicCore0/mem2serial_transfer_pc/pmatrix[6][7][0]_i_2/O, cell SystolicCore0/mem2serial_transfer_pc/pmatrix[6][7][0]_i_2. This is not good design practice and will likely impact performance. For SLICE registers, for example, use the CE pin to control the loading of data.
Related violations: <none>

PDRC-153#442 Warning
Gated clock check  
Net SystolicCore0/mem2serial_transfer_pc/pmatrix[6][7][1]_i_2_n_2 is a gated clock net sourced by a combinational pin SystolicCore0/mem2serial_transfer_pc/pmatrix[6][7][1]_i_2/O, cell SystolicCore0/mem2serial_transfer_pc/pmatrix[6][7][1]_i_2. This is not good design practice and will likely impact performance. For SLICE registers, for example, use the CE pin to control the loading of data.
Related violations: <none>

PDRC-153#443 Warning
Gated clock check  
Net SystolicCore0/mem2serial_transfer_pc/pmatrix[6][7][2]_i_2_n_2 is a gated clock net sourced by a combinational pin SystolicCore0/mem2serial_transfer_pc/pmatrix[6][7][2]_i_2/O, cell SystolicCore0/mem2serial_transfer_pc/pmatrix[6][7][2]_i_2. This is not good design practice and will likely impact performance. For SLICE registers, for example, use the CE pin to control the loading of data.
Related violations: <none>

PDRC-153#444 Warning
Gated clock check  
Net SystolicCore0/mem2serial_transfer_pc/pmatrix[6][7][3]_i_2_n_2 is a gated clock net sourced by a combinational pin SystolicCore0/mem2serial_transfer_pc/pmatrix[6][7][3]_i_2/O, cell SystolicCore0/mem2serial_transfer_pc/pmatrix[6][7][3]_i_2. This is not good design practice and will likely impact performance. For SLICE registers, for example, use the CE pin to control the loading of data.
Related violations: <none>

PDRC-153#445 Warning
Gated clock check  
Net SystolicCore0/mem2serial_transfer_pc/pmatrix[6][7][4]_i_2_n_2 is a gated clock net sourced by a combinational pin SystolicCore0/mem2serial_transfer_pc/pmatrix[6][7][4]_i_2/O, cell SystolicCore0/mem2serial_transfer_pc/pmatrix[6][7][4]_i_2. This is not good design practice and will likely impact performance. For SLICE registers, for example, use the CE pin to control the loading of data.
Related violations: <none>

PDRC-153#446 Warning
Gated clock check  
Net SystolicCore0/mem2serial_transfer_pc/pmatrix[6][7][5]_i_2_n_2 is a gated clock net sourced by a combinational pin SystolicCore0/mem2serial_transfer_pc/pmatrix[6][7][5]_i_2/O, cell SystolicCore0/mem2serial_transfer_pc/pmatrix[6][7][5]_i_2. This is not good design practice and will likely impact performance. For SLICE registers, for example, use the CE pin to control the loading of data.
Related violations: <none>

PDRC-153#447 Warning
Gated clock check  
Net SystolicCore0/mem2serial_transfer_pc/pmatrix[6][7][6]_i_2_n_2 is a gated clock net sourced by a combinational pin SystolicCore0/mem2serial_transfer_pc/pmatrix[6][7][6]_i_2/O, cell SystolicCore0/mem2serial_transfer_pc/pmatrix[6][7][6]_i_2. This is not good design practice and will likely impact performance. For SLICE registers, for example, use the CE pin to control the loading of data.
Related violations: <none>

PDRC-153#448 Warning
Gated clock check  
Net SystolicCore0/mem2serial_transfer_pc/pmatrix[6][7][7]_i_2_n_2 is a gated clock net sourced by a combinational pin SystolicCore0/mem2serial_transfer_pc/pmatrix[6][7][7]_i_2/O, cell SystolicCore0/mem2serial_transfer_pc/pmatrix[6][7][7]_i_2. This is not good design practice and will likely impact performance. For SLICE registers, for example, use the CE pin to control the loading of data.
Related violations: <none>

PDRC-153#449 Warning
Gated clock check  
Net SystolicCore0/mem2serial_transfer_pc/pmatrix[7][0][0]_i_2_n_2 is a gated clock net sourced by a combinational pin SystolicCore0/mem2serial_transfer_pc/pmatrix[7][0][0]_i_2/O, cell SystolicCore0/mem2serial_transfer_pc/pmatrix[7][0][0]_i_2. This is not good design practice and will likely impact performance. For SLICE registers, for example, use the CE pin to control the loading of data.
Related violations: <none>

PDRC-153#450 Warning
Gated clock check  
Net SystolicCore0/mem2serial_transfer_pc/pmatrix[7][0][1]_i_2_n_2 is a gated clock net sourced by a combinational pin SystolicCore0/mem2serial_transfer_pc/pmatrix[7][0][1]_i_2/O, cell SystolicCore0/mem2serial_transfer_pc/pmatrix[7][0][1]_i_2. This is not good design practice and will likely impact performance. For SLICE registers, for example, use the CE pin to control the loading of data.
Related violations: <none>

PDRC-153#451 Warning
Gated clock check  
Net SystolicCore0/mem2serial_transfer_pc/pmatrix[7][0][2]_i_2_n_2 is a gated clock net sourced by a combinational pin SystolicCore0/mem2serial_transfer_pc/pmatrix[7][0][2]_i_2/O, cell SystolicCore0/mem2serial_transfer_pc/pmatrix[7][0][2]_i_2. This is not good design practice and will likely impact performance. For SLICE registers, for example, use the CE pin to control the loading of data.
Related violations: <none>

PDRC-153#452 Warning
Gated clock check  
Net SystolicCore0/mem2serial_transfer_pc/pmatrix[7][0][3]_i_2_n_2 is a gated clock net sourced by a combinational pin SystolicCore0/mem2serial_transfer_pc/pmatrix[7][0][3]_i_2/O, cell SystolicCore0/mem2serial_transfer_pc/pmatrix[7][0][3]_i_2. This is not good design practice and will likely impact performance. For SLICE registers, for example, use the CE pin to control the loading of data.
Related violations: <none>

PDRC-153#453 Warning
Gated clock check  
Net SystolicCore0/mem2serial_transfer_pc/pmatrix[7][0][4]_i_2_n_2 is a gated clock net sourced by a combinational pin SystolicCore0/mem2serial_transfer_pc/pmatrix[7][0][4]_i_2/O, cell SystolicCore0/mem2serial_transfer_pc/pmatrix[7][0][4]_i_2. This is not good design practice and will likely impact performance. For SLICE registers, for example, use the CE pin to control the loading of data.
Related violations: <none>

PDRC-153#454 Warning
Gated clock check  
Net SystolicCore0/mem2serial_transfer_pc/pmatrix[7][0][5]_i_2_n_2 is a gated clock net sourced by a combinational pin SystolicCore0/mem2serial_transfer_pc/pmatrix[7][0][5]_i_2/O, cell SystolicCore0/mem2serial_transfer_pc/pmatrix[7][0][5]_i_2. This is not good design practice and will likely impact performance. For SLICE registers, for example, use the CE pin to control the loading of data.
Related violations: <none>

PDRC-153#455 Warning
Gated clock check  
Net SystolicCore0/mem2serial_transfer_pc/pmatrix[7][0][6]_i_2_n_2 is a gated clock net sourced by a combinational pin SystolicCore0/mem2serial_transfer_pc/pmatrix[7][0][6]_i_2/O, cell SystolicCore0/mem2serial_transfer_pc/pmatrix[7][0][6]_i_2. This is not good design practice and will likely impact performance. For SLICE registers, for example, use the CE pin to control the loading of data.
Related violations: <none>

PDRC-153#456 Warning
Gated clock check  
Net SystolicCore0/mem2serial_transfer_pc/pmatrix[7][0][7]_i_2_n_2 is a gated clock net sourced by a combinational pin SystolicCore0/mem2serial_transfer_pc/pmatrix[7][0][7]_i_2/O, cell SystolicCore0/mem2serial_transfer_pc/pmatrix[7][0][7]_i_2. This is not good design practice and will likely impact performance. For SLICE registers, for example, use the CE pin to control the loading of data.
Related violations: <none>

PDRC-153#457 Warning
Gated clock check  
Net SystolicCore0/mem2serial_transfer_pc/pmatrix[7][1][0]_i_2_n_2 is a gated clock net sourced by a combinational pin SystolicCore0/mem2serial_transfer_pc/pmatrix[7][1][0]_i_2/O, cell SystolicCore0/mem2serial_transfer_pc/pmatrix[7][1][0]_i_2. This is not good design practice and will likely impact performance. For SLICE registers, for example, use the CE pin to control the loading of data.
Related violations: <none>

PDRC-153#458 Warning
Gated clock check  
Net SystolicCore0/mem2serial_transfer_pc/pmatrix[7][1][1]_i_2_n_2 is a gated clock net sourced by a combinational pin SystolicCore0/mem2serial_transfer_pc/pmatrix[7][1][1]_i_2/O, cell SystolicCore0/mem2serial_transfer_pc/pmatrix[7][1][1]_i_2. This is not good design practice and will likely impact performance. For SLICE registers, for example, use the CE pin to control the loading of data.
Related violations: <none>

PDRC-153#459 Warning
Gated clock check  
Net SystolicCore0/mem2serial_transfer_pc/pmatrix[7][1][2]_i_2_n_2 is a gated clock net sourced by a combinational pin SystolicCore0/mem2serial_transfer_pc/pmatrix[7][1][2]_i_2/O, cell SystolicCore0/mem2serial_transfer_pc/pmatrix[7][1][2]_i_2. This is not good design practice and will likely impact performance. For SLICE registers, for example, use the CE pin to control the loading of data.
Related violations: <none>

PDRC-153#460 Warning
Gated clock check  
Net SystolicCore0/mem2serial_transfer_pc/pmatrix[7][1][3]_i_2_n_2 is a gated clock net sourced by a combinational pin SystolicCore0/mem2serial_transfer_pc/pmatrix[7][1][3]_i_2/O, cell SystolicCore0/mem2serial_transfer_pc/pmatrix[7][1][3]_i_2. This is not good design practice and will likely impact performance. For SLICE registers, for example, use the CE pin to control the loading of data.
Related violations: <none>

PDRC-153#461 Warning
Gated clock check  
Net SystolicCore0/mem2serial_transfer_pc/pmatrix[7][1][4]_i_2_n_2 is a gated clock net sourced by a combinational pin SystolicCore0/mem2serial_transfer_pc/pmatrix[7][1][4]_i_2/O, cell SystolicCore0/mem2serial_transfer_pc/pmatrix[7][1][4]_i_2. This is not good design practice and will likely impact performance. For SLICE registers, for example, use the CE pin to control the loading of data.
Related violations: <none>

PDRC-153#462 Warning
Gated clock check  
Net SystolicCore0/mem2serial_transfer_pc/pmatrix[7][1][5]_i_2_n_2 is a gated clock net sourced by a combinational pin SystolicCore0/mem2serial_transfer_pc/pmatrix[7][1][5]_i_2/O, cell SystolicCore0/mem2serial_transfer_pc/pmatrix[7][1][5]_i_2. This is not good design practice and will likely impact performance. For SLICE registers, for example, use the CE pin to control the loading of data.
Related violations: <none>

PDRC-153#463 Warning
Gated clock check  
Net SystolicCore0/mem2serial_transfer_pc/pmatrix[7][1][6]_i_2_n_2 is a gated clock net sourced by a combinational pin SystolicCore0/mem2serial_transfer_pc/pmatrix[7][1][6]_i_2/O, cell SystolicCore0/mem2serial_transfer_pc/pmatrix[7][1][6]_i_2. This is not good design practice and will likely impact performance. For SLICE registers, for example, use the CE pin to control the loading of data.
Related violations: <none>

PDRC-153#464 Warning
Gated clock check  
Net SystolicCore0/mem2serial_transfer_pc/pmatrix[7][1][7]_i_2_n_2 is a gated clock net sourced by a combinational pin SystolicCore0/mem2serial_transfer_pc/pmatrix[7][1][7]_i_2/O, cell SystolicCore0/mem2serial_transfer_pc/pmatrix[7][1][7]_i_2. This is not good design practice and will likely impact performance. For SLICE registers, for example, use the CE pin to control the loading of data.
Related violations: <none>

PDRC-153#465 Warning
Gated clock check  
Net SystolicCore0/mem2serial_transfer_pc/pmatrix[7][2][0]_i_2_n_2 is a gated clock net sourced by a combinational pin SystolicCore0/mem2serial_transfer_pc/pmatrix[7][2][0]_i_2/O, cell SystolicCore0/mem2serial_transfer_pc/pmatrix[7][2][0]_i_2. This is not good design practice and will likely impact performance. For SLICE registers, for example, use the CE pin to control the loading of data.
Related violations: <none>

PDRC-153#466 Warning
Gated clock check  
Net SystolicCore0/mem2serial_transfer_pc/pmatrix[7][2][1]_i_2_n_2 is a gated clock net sourced by a combinational pin SystolicCore0/mem2serial_transfer_pc/pmatrix[7][2][1]_i_2/O, cell SystolicCore0/mem2serial_transfer_pc/pmatrix[7][2][1]_i_2. This is not good design practice and will likely impact performance. For SLICE registers, for example, use the CE pin to control the loading of data.
Related violations: <none>

PDRC-153#467 Warning
Gated clock check  
Net SystolicCore0/mem2serial_transfer_pc/pmatrix[7][2][2]_i_2_n_2 is a gated clock net sourced by a combinational pin SystolicCore0/mem2serial_transfer_pc/pmatrix[7][2][2]_i_2/O, cell SystolicCore0/mem2serial_transfer_pc/pmatrix[7][2][2]_i_2. This is not good design practice and will likely impact performance. For SLICE registers, for example, use the CE pin to control the loading of data.
Related violations: <none>

PDRC-153#468 Warning
Gated clock check  
Net SystolicCore0/mem2serial_transfer_pc/pmatrix[7][2][3]_i_2_n_2 is a gated clock net sourced by a combinational pin SystolicCore0/mem2serial_transfer_pc/pmatrix[7][2][3]_i_2/O, cell SystolicCore0/mem2serial_transfer_pc/pmatrix[7][2][3]_i_2. This is not good design practice and will likely impact performance. For SLICE registers, for example, use the CE pin to control the loading of data.
Related violations: <none>

PDRC-153#469 Warning
Gated clock check  
Net SystolicCore0/mem2serial_transfer_pc/pmatrix[7][2][4]_i_2_n_2 is a gated clock net sourced by a combinational pin SystolicCore0/mem2serial_transfer_pc/pmatrix[7][2][4]_i_2/O, cell SystolicCore0/mem2serial_transfer_pc/pmatrix[7][2][4]_i_2. This is not good design practice and will likely impact performance. For SLICE registers, for example, use the CE pin to control the loading of data.
Related violations: <none>

PDRC-153#470 Warning
Gated clock check  
Net SystolicCore0/mem2serial_transfer_pc/pmatrix[7][2][5]_i_2_n_2 is a gated clock net sourced by a combinational pin SystolicCore0/mem2serial_transfer_pc/pmatrix[7][2][5]_i_2/O, cell SystolicCore0/mem2serial_transfer_pc/pmatrix[7][2][5]_i_2. This is not good design practice and will likely impact performance. For SLICE registers, for example, use the CE pin to control the loading of data.
Related violations: <none>

PDRC-153#471 Warning
Gated clock check  
Net SystolicCore0/mem2serial_transfer_pc/pmatrix[7][2][6]_i_2_n_2 is a gated clock net sourced by a combinational pin SystolicCore0/mem2serial_transfer_pc/pmatrix[7][2][6]_i_2/O, cell SystolicCore0/mem2serial_transfer_pc/pmatrix[7][2][6]_i_2. This is not good design practice and will likely impact performance. For SLICE registers, for example, use the CE pin to control the loading of data.
Related violations: <none>

PDRC-153#472 Warning
Gated clock check  
Net SystolicCore0/mem2serial_transfer_pc/pmatrix[7][2][7]_i_2_n_2 is a gated clock net sourced by a combinational pin SystolicCore0/mem2serial_transfer_pc/pmatrix[7][2][7]_i_2/O, cell SystolicCore0/mem2serial_transfer_pc/pmatrix[7][2][7]_i_2. This is not good design practice and will likely impact performance. For SLICE registers, for example, use the CE pin to control the loading of data.
Related violations: <none>

PDRC-153#473 Warning
Gated clock check  
Net SystolicCore0/mem2serial_transfer_pc/pmatrix[7][3][0]_i_2_n_2 is a gated clock net sourced by a combinational pin SystolicCore0/mem2serial_transfer_pc/pmatrix[7][3][0]_i_2/O, cell SystolicCore0/mem2serial_transfer_pc/pmatrix[7][3][0]_i_2. This is not good design practice and will likely impact performance. For SLICE registers, for example, use the CE pin to control the loading of data.
Related violations: <none>

PDRC-153#474 Warning
Gated clock check  
Net SystolicCore0/mem2serial_transfer_pc/pmatrix[7][3][1]_i_2_n_2 is a gated clock net sourced by a combinational pin SystolicCore0/mem2serial_transfer_pc/pmatrix[7][3][1]_i_2/O, cell SystolicCore0/mem2serial_transfer_pc/pmatrix[7][3][1]_i_2. This is not good design practice and will likely impact performance. For SLICE registers, for example, use the CE pin to control the loading of data.
Related violations: <none>

PDRC-153#475 Warning
Gated clock check  
Net SystolicCore0/mem2serial_transfer_pc/pmatrix[7][3][2]_i_2_n_2 is a gated clock net sourced by a combinational pin SystolicCore0/mem2serial_transfer_pc/pmatrix[7][3][2]_i_2/O, cell SystolicCore0/mem2serial_transfer_pc/pmatrix[7][3][2]_i_2. This is not good design practice and will likely impact performance. For SLICE registers, for example, use the CE pin to control the loading of data.
Related violations: <none>

PDRC-153#476 Warning
Gated clock check  
Net SystolicCore0/mem2serial_transfer_pc/pmatrix[7][3][3]_i_2_n_2 is a gated clock net sourced by a combinational pin SystolicCore0/mem2serial_transfer_pc/pmatrix[7][3][3]_i_2/O, cell SystolicCore0/mem2serial_transfer_pc/pmatrix[7][3][3]_i_2. This is not good design practice and will likely impact performance. For SLICE registers, for example, use the CE pin to control the loading of data.
Related violations: <none>

PDRC-153#477 Warning
Gated clock check  
Net SystolicCore0/mem2serial_transfer_pc/pmatrix[7][3][4]_i_2_n_2 is a gated clock net sourced by a combinational pin SystolicCore0/mem2serial_transfer_pc/pmatrix[7][3][4]_i_2/O, cell SystolicCore0/mem2serial_transfer_pc/pmatrix[7][3][4]_i_2. This is not good design practice and will likely impact performance. For SLICE registers, for example, use the CE pin to control the loading of data.
Related violations: <none>

PDRC-153#478 Warning
Gated clock check  
Net SystolicCore0/mem2serial_transfer_pc/pmatrix[7][3][5]_i_2_n_2 is a gated clock net sourced by a combinational pin SystolicCore0/mem2serial_transfer_pc/pmatrix[7][3][5]_i_2/O, cell SystolicCore0/mem2serial_transfer_pc/pmatrix[7][3][5]_i_2. This is not good design practice and will likely impact performance. For SLICE registers, for example, use the CE pin to control the loading of data.
Related violations: <none>

PDRC-153#479 Warning
Gated clock check  
Net SystolicCore0/mem2serial_transfer_pc/pmatrix[7][3][6]_i_2_n_2 is a gated clock net sourced by a combinational pin SystolicCore0/mem2serial_transfer_pc/pmatrix[7][3][6]_i_2/O, cell SystolicCore0/mem2serial_transfer_pc/pmatrix[7][3][6]_i_2. This is not good design practice and will likely impact performance. For SLICE registers, for example, use the CE pin to control the loading of data.
Related violations: <none>

PDRC-153#480 Warning
Gated clock check  
Net SystolicCore0/mem2serial_transfer_pc/pmatrix[7][3][7]_i_2_n_2 is a gated clock net sourced by a combinational pin SystolicCore0/mem2serial_transfer_pc/pmatrix[7][3][7]_i_2/O, cell SystolicCore0/mem2serial_transfer_pc/pmatrix[7][3][7]_i_2. This is not good design practice and will likely impact performance. For SLICE registers, for example, use the CE pin to control the loading of data.
Related violations: <none>

PDRC-153#481 Warning
Gated clock check  
Net SystolicCore0/mem2serial_transfer_pc/pmatrix[7][4][0]_i_2_n_2 is a gated clock net sourced by a combinational pin SystolicCore0/mem2serial_transfer_pc/pmatrix[7][4][0]_i_2/O, cell SystolicCore0/mem2serial_transfer_pc/pmatrix[7][4][0]_i_2. This is not good design practice and will likely impact performance. For SLICE registers, for example, use the CE pin to control the loading of data.
Related violations: <none>

PDRC-153#482 Warning
Gated clock check  
Net SystolicCore0/mem2serial_transfer_pc/pmatrix[7][4][1]_i_2_n_2 is a gated clock net sourced by a combinational pin SystolicCore0/mem2serial_transfer_pc/pmatrix[7][4][1]_i_2/O, cell SystolicCore0/mem2serial_transfer_pc/pmatrix[7][4][1]_i_2. This is not good design practice and will likely impact performance. For SLICE registers, for example, use the CE pin to control the loading of data.
Related violations: <none>

PDRC-153#483 Warning
Gated clock check  
Net SystolicCore0/mem2serial_transfer_pc/pmatrix[7][4][2]_i_2_n_2 is a gated clock net sourced by a combinational pin SystolicCore0/mem2serial_transfer_pc/pmatrix[7][4][2]_i_2/O, cell SystolicCore0/mem2serial_transfer_pc/pmatrix[7][4][2]_i_2. This is not good design practice and will likely impact performance. For SLICE registers, for example, use the CE pin to control the loading of data.
Related violations: <none>

PDRC-153#484 Warning
Gated clock check  
Net SystolicCore0/mem2serial_transfer_pc/pmatrix[7][4][3]_i_2_n_2 is a gated clock net sourced by a combinational pin SystolicCore0/mem2serial_transfer_pc/pmatrix[7][4][3]_i_2/O, cell SystolicCore0/mem2serial_transfer_pc/pmatrix[7][4][3]_i_2. This is not good design practice and will likely impact performance. For SLICE registers, for example, use the CE pin to control the loading of data.
Related violations: <none>

PDRC-153#485 Warning
Gated clock check  
Net SystolicCore0/mem2serial_transfer_pc/pmatrix[7][4][4]_i_2_n_2 is a gated clock net sourced by a combinational pin SystolicCore0/mem2serial_transfer_pc/pmatrix[7][4][4]_i_2/O, cell SystolicCore0/mem2serial_transfer_pc/pmatrix[7][4][4]_i_2. This is not good design practice and will likely impact performance. For SLICE registers, for example, use the CE pin to control the loading of data.
Related violations: <none>

PDRC-153#486 Warning
Gated clock check  
Net SystolicCore0/mem2serial_transfer_pc/pmatrix[7][4][5]_i_2_n_2 is a gated clock net sourced by a combinational pin SystolicCore0/mem2serial_transfer_pc/pmatrix[7][4][5]_i_2/O, cell SystolicCore0/mem2serial_transfer_pc/pmatrix[7][4][5]_i_2. This is not good design practice and will likely impact performance. For SLICE registers, for example, use the CE pin to control the loading of data.
Related violations: <none>

PDRC-153#487 Warning
Gated clock check  
Net SystolicCore0/mem2serial_transfer_pc/pmatrix[7][4][6]_i_2_n_2 is a gated clock net sourced by a combinational pin SystolicCore0/mem2serial_transfer_pc/pmatrix[7][4][6]_i_2/O, cell SystolicCore0/mem2serial_transfer_pc/pmatrix[7][4][6]_i_2. This is not good design practice and will likely impact performance. For SLICE registers, for example, use the CE pin to control the loading of data.
Related violations: <none>

PDRC-153#488 Warning
Gated clock check  
Net SystolicCore0/mem2serial_transfer_pc/pmatrix[7][4][7]_i_2_n_2 is a gated clock net sourced by a combinational pin SystolicCore0/mem2serial_transfer_pc/pmatrix[7][4][7]_i_2/O, cell SystolicCore0/mem2serial_transfer_pc/pmatrix[7][4][7]_i_2. This is not good design practice and will likely impact performance. For SLICE registers, for example, use the CE pin to control the loading of data.
Related violations: <none>

PDRC-153#489 Warning
Gated clock check  
Net SystolicCore0/mem2serial_transfer_pc/pmatrix[7][5][0]_i_2_n_2 is a gated clock net sourced by a combinational pin SystolicCore0/mem2serial_transfer_pc/pmatrix[7][5][0]_i_2/O, cell SystolicCore0/mem2serial_transfer_pc/pmatrix[7][5][0]_i_2. This is not good design practice and will likely impact performance. For SLICE registers, for example, use the CE pin to control the loading of data.
Related violations: <none>

PDRC-153#490 Warning
Gated clock check  
Net SystolicCore0/mem2serial_transfer_pc/pmatrix[7][5][1]_i_2_n_2 is a gated clock net sourced by a combinational pin SystolicCore0/mem2serial_transfer_pc/pmatrix[7][5][1]_i_2/O, cell SystolicCore0/mem2serial_transfer_pc/pmatrix[7][5][1]_i_2. This is not good design practice and will likely impact performance. For SLICE registers, for example, use the CE pin to control the loading of data.
Related violations: <none>

PDRC-153#491 Warning
Gated clock check  
Net SystolicCore0/mem2serial_transfer_pc/pmatrix[7][5][2]_i_2_n_2 is a gated clock net sourced by a combinational pin SystolicCore0/mem2serial_transfer_pc/pmatrix[7][5][2]_i_2/O, cell SystolicCore0/mem2serial_transfer_pc/pmatrix[7][5][2]_i_2. This is not good design practice and will likely impact performance. For SLICE registers, for example, use the CE pin to control the loading of data.
Related violations: <none>

PDRC-153#492 Warning
Gated clock check  
Net SystolicCore0/mem2serial_transfer_pc/pmatrix[7][5][3]_i_2_n_2 is a gated clock net sourced by a combinational pin SystolicCore0/mem2serial_transfer_pc/pmatrix[7][5][3]_i_2/O, cell SystolicCore0/mem2serial_transfer_pc/pmatrix[7][5][3]_i_2. This is not good design practice and will likely impact performance. For SLICE registers, for example, use the CE pin to control the loading of data.
Related violations: <none>

PDRC-153#493 Warning
Gated clock check  
Net SystolicCore0/mem2serial_transfer_pc/pmatrix[7][5][4]_i_2_n_2 is a gated clock net sourced by a combinational pin SystolicCore0/mem2serial_transfer_pc/pmatrix[7][5][4]_i_2/O, cell SystolicCore0/mem2serial_transfer_pc/pmatrix[7][5][4]_i_2. This is not good design practice and will likely impact performance. For SLICE registers, for example, use the CE pin to control the loading of data.
Related violations: <none>

PDRC-153#494 Warning
Gated clock check  
Net SystolicCore0/mem2serial_transfer_pc/pmatrix[7][5][5]_i_2_n_2 is a gated clock net sourced by a combinational pin SystolicCore0/mem2serial_transfer_pc/pmatrix[7][5][5]_i_2/O, cell SystolicCore0/mem2serial_transfer_pc/pmatrix[7][5][5]_i_2. This is not good design practice and will likely impact performance. For SLICE registers, for example, use the CE pin to control the loading of data.
Related violations: <none>

PDRC-153#495 Warning
Gated clock check  
Net SystolicCore0/mem2serial_transfer_pc/pmatrix[7][5][6]_i_2_n_2 is a gated clock net sourced by a combinational pin SystolicCore0/mem2serial_transfer_pc/pmatrix[7][5][6]_i_2/O, cell SystolicCore0/mem2serial_transfer_pc/pmatrix[7][5][6]_i_2. This is not good design practice and will likely impact performance. For SLICE registers, for example, use the CE pin to control the loading of data.
Related violations: <none>

PDRC-153#496 Warning
Gated clock check  
Net SystolicCore0/mem2serial_transfer_pc/pmatrix[7][5][7]_i_2_n_2 is a gated clock net sourced by a combinational pin SystolicCore0/mem2serial_transfer_pc/pmatrix[7][5][7]_i_2/O, cell SystolicCore0/mem2serial_transfer_pc/pmatrix[7][5][7]_i_2. This is not good design practice and will likely impact performance. For SLICE registers, for example, use the CE pin to control the loading of data.
Related violations: <none>

PDRC-153#497 Warning
Gated clock check  
Net SystolicCore0/mem2serial_transfer_pc/pmatrix[7][6][0]_i_2_n_2 is a gated clock net sourced by a combinational pin SystolicCore0/mem2serial_transfer_pc/pmatrix[7][6][0]_i_2/O, cell SystolicCore0/mem2serial_transfer_pc/pmatrix[7][6][0]_i_2. This is not good design practice and will likely impact performance. For SLICE registers, for example, use the CE pin to control the loading of data.
Related violations: <none>

PDRC-153#498 Warning
Gated clock check  
Net SystolicCore0/mem2serial_transfer_pc/pmatrix[7][6][1]_i_2_n_2 is a gated clock net sourced by a combinational pin SystolicCore0/mem2serial_transfer_pc/pmatrix[7][6][1]_i_2/O, cell SystolicCore0/mem2serial_transfer_pc/pmatrix[7][6][1]_i_2. This is not good design practice and will likely impact performance. For SLICE registers, for example, use the CE pin to control the loading of data.
Related violations: <none>

PDRC-153#499 Warning
Gated clock check  
Net SystolicCore0/mem2serial_transfer_pc/pmatrix[7][6][2]_i_2_n_2 is a gated clock net sourced by a combinational pin SystolicCore0/mem2serial_transfer_pc/pmatrix[7][6][2]_i_2/O, cell SystolicCore0/mem2serial_transfer_pc/pmatrix[7][6][2]_i_2. This is not good design practice and will likely impact performance. For SLICE registers, for example, use the CE pin to control the loading of data.
Related violations: <none>

PDRC-153#500 Warning
Gated clock check  
Net SystolicCore0/mem2serial_transfer_pc/pmatrix[7][6][3]_i_2_n_2 is a gated clock net sourced by a combinational pin SystolicCore0/mem2serial_transfer_pc/pmatrix[7][6][3]_i_2/O, cell SystolicCore0/mem2serial_transfer_pc/pmatrix[7][6][3]_i_2. This is not good design practice and will likely impact performance. For SLICE registers, for example, use the CE pin to control the loading of data.
Related violations: <none>

PDRC-153#501 Warning
Gated clock check  
Net SystolicCore0/mem2serial_transfer_pc/pmatrix[7][6][4]_i_2_n_2 is a gated clock net sourced by a combinational pin SystolicCore0/mem2serial_transfer_pc/pmatrix[7][6][4]_i_2/O, cell SystolicCore0/mem2serial_transfer_pc/pmatrix[7][6][4]_i_2. This is not good design practice and will likely impact performance. For SLICE registers, for example, use the CE pin to control the loading of data.
Related violations: <none>

PDRC-153#502 Warning
Gated clock check  
Net SystolicCore0/mem2serial_transfer_pc/pmatrix[7][6][5]_i_2_n_2 is a gated clock net sourced by a combinational pin SystolicCore0/mem2serial_transfer_pc/pmatrix[7][6][5]_i_2/O, cell SystolicCore0/mem2serial_transfer_pc/pmatrix[7][6][5]_i_2. This is not good design practice and will likely impact performance. For SLICE registers, for example, use the CE pin to control the loading of data.
Related violations: <none>

PDRC-153#503 Warning
Gated clock check  
Net SystolicCore0/mem2serial_transfer_pc/pmatrix[7][6][6]_i_2_n_2 is a gated clock net sourced by a combinational pin SystolicCore0/mem2serial_transfer_pc/pmatrix[7][6][6]_i_2/O, cell SystolicCore0/mem2serial_transfer_pc/pmatrix[7][6][6]_i_2. This is not good design practice and will likely impact performance. For SLICE registers, for example, use the CE pin to control the loading of data.
Related violations: <none>

PDRC-153#504 Warning
Gated clock check  
Net SystolicCore0/mem2serial_transfer_pc/pmatrix[7][6][7]_i_2_n_2 is a gated clock net sourced by a combinational pin SystolicCore0/mem2serial_transfer_pc/pmatrix[7][6][7]_i_2/O, cell SystolicCore0/mem2serial_transfer_pc/pmatrix[7][6][7]_i_2. This is not good design practice and will likely impact performance. For SLICE registers, for example, use the CE pin to control the loading of data.
Related violations: <none>

PDRC-153#505 Warning
Gated clock check  
Net SystolicCore0/mem2serial_transfer_pc/pmatrix[7][7][0]_i_2_n_2 is a gated clock net sourced by a combinational pin SystolicCore0/mem2serial_transfer_pc/pmatrix[7][7][0]_i_2/O, cell SystolicCore0/mem2serial_transfer_pc/pmatrix[7][7][0]_i_2. This is not good design practice and will likely impact performance. For SLICE registers, for example, use the CE pin to control the loading of data.
Related violations: <none>

PDRC-153#506 Warning
Gated clock check  
Net SystolicCore0/mem2serial_transfer_pc/pmatrix[7][7][1]_i_2_n_2 is a gated clock net sourced by a combinational pin SystolicCore0/mem2serial_transfer_pc/pmatrix[7][7][1]_i_2/O, cell SystolicCore0/mem2serial_transfer_pc/pmatrix[7][7][1]_i_2. This is not good design practice and will likely impact performance. For SLICE registers, for example, use the CE pin to control the loading of data.
Related violations: <none>

PDRC-153#507 Warning
Gated clock check  
Net SystolicCore0/mem2serial_transfer_pc/pmatrix[7][7][2]_i_2_n_2 is a gated clock net sourced by a combinational pin SystolicCore0/mem2serial_transfer_pc/pmatrix[7][7][2]_i_2/O, cell SystolicCore0/mem2serial_transfer_pc/pmatrix[7][7][2]_i_2. This is not good design practice and will likely impact performance. For SLICE registers, for example, use the CE pin to control the loading of data.
Related violations: <none>

PDRC-153#508 Warning
Gated clock check  
Net SystolicCore0/mem2serial_transfer_pc/pmatrix[7][7][3]_i_2_n_2 is a gated clock net sourced by a combinational pin SystolicCore0/mem2serial_transfer_pc/pmatrix[7][7][3]_i_2/O, cell SystolicCore0/mem2serial_transfer_pc/pmatrix[7][7][3]_i_2. This is not good design practice and will likely impact performance. For SLICE registers, for example, use the CE pin to control the loading of data.
Related violations: <none>

PDRC-153#509 Warning
Gated clock check  
Net SystolicCore0/mem2serial_transfer_pc/pmatrix[7][7][4]_i_2_n_2 is a gated clock net sourced by a combinational pin SystolicCore0/mem2serial_transfer_pc/pmatrix[7][7][4]_i_2/O, cell SystolicCore0/mem2serial_transfer_pc/pmatrix[7][7][4]_i_2. This is not good design practice and will likely impact performance. For SLICE registers, for example, use the CE pin to control the loading of data.
Related violations: <none>

PDRC-153#510 Warning
Gated clock check  
Net SystolicCore0/mem2serial_transfer_pc/pmatrix[7][7][5]_i_2_n_2 is a gated clock net sourced by a combinational pin SystolicCore0/mem2serial_transfer_pc/pmatrix[7][7][5]_i_2/O, cell SystolicCore0/mem2serial_transfer_pc/pmatrix[7][7][5]_i_2. This is not good design practice and will likely impact performance. For SLICE registers, for example, use the CE pin to control the loading of data.
Related violations: <none>

PDRC-153#511 Warning
Gated clock check  
Net SystolicCore0/mem2serial_transfer_pc/pmatrix[7][7][6]_i_2_n_2 is a gated clock net sourced by a combinational pin SystolicCore0/mem2serial_transfer_pc/pmatrix[7][7][6]_i_2/O, cell SystolicCore0/mem2serial_transfer_pc/pmatrix[7][7][6]_i_2. This is not good design practice and will likely impact performance. For SLICE registers, for example, use the CE pin to control the loading of data.
Related violations: <none>

PDRC-153#512 Warning
Gated clock check  
Net SystolicCore0/mem2serial_transfer_pc/pmatrix[7][7][7]_i_2_n_2 is a gated clock net sourced by a combinational pin SystolicCore0/mem2serial_transfer_pc/pmatrix[7][7][7]_i_2/O, cell SystolicCore0/mem2serial_transfer_pc/pmatrix[7][7][7]_i_2. This is not good design practice and will likely impact performance. For SLICE registers, for example, use the CE pin to control the loading of data.
Related violations: <none>

PDRC-153#513 Warning
Gated clock check  
Net SystolicCore0/systolicControlUnit_Global/serial2mem_opa_rw_reg_i_2_n_2 is a gated clock net sourced by a combinational pin SystolicCore0/systolicControlUnit_Global/serial2mem_opa_rw_reg_i_2/O, cell SystolicCore0/systolicControlUnit_Global/serial2mem_opa_rw_reg_i_2. This is not good design practice and will likely impact performance. For SLICE registers, for example, use the CE pin to control the loading of data.
Related violations: <none>

PLIO-3#1 Warning
Placement Constraints Check for IO constraints  
Partially locked IO Bus is found. Following components of the IO Bus btn[3:0] are not locked:  btn[3] btn[2] btn[1]
Related violations: <none>

REQP-1839#1 Warning
RAMB36 async control check  
The RAMB36E1 SystolicCore0/serial2mem_opA/ram/U0/inst_blk_mem_gen/gnbram.gnativebmg.native_blk_mem_gen/valid.cstr/ramloop[0].ram.r/prim_noinit.ram/DEVICE_7SERIES.NO_BMM_INFO.SDP.WIDE_PRIM36_NO_ECC.ram has an input control pin SystolicCore0/serial2mem_opA/ram/U0/inst_blk_mem_gen/gnbram.gnativebmg.native_blk_mem_gen/valid.cstr/ramloop[0].ram.r/prim_noinit.ram/DEVICE_7SERIES.NO_BMM_INFO.SDP.WIDE_PRIM36_NO_ECC.ram/ADDRARDADDR[6] (net: SystolicCore0/serial2mem_opA/ram/U0/inst_blk_mem_gen/gnbram.gnativebmg.native_blk_mem_gen/valid.cstr/ramloop[0].ram.r/prim_noinit.ram/addrb[0]) which is driven by a register (SystolicCore0/serial2mem_opA/cnt_reg[0]) that has an active asychronous set or reset. This may cause corruption of the memory contents and/or read values when the set/reset is asserted and is not analyzed by the default static timing analysis. It is suggested to eliminate the use of a set/reset to registers driving this RAMB pin or else use a synchronous reset in which the assertion of the reset is timed by default.
Related violations: <none>

REQP-1839#2 Warning
RAMB36 async control check  
The RAMB36E1 SystolicCore0/serial2mem_opA/ram/U0/inst_blk_mem_gen/gnbram.gnativebmg.native_blk_mem_gen/valid.cstr/ramloop[0].ram.r/prim_noinit.ram/DEVICE_7SERIES.NO_BMM_INFO.SDP.WIDE_PRIM36_NO_ECC.ram has an input control pin SystolicCore0/serial2mem_opA/ram/U0/inst_blk_mem_gen/gnbram.gnativebmg.native_blk_mem_gen/valid.cstr/ramloop[0].ram.r/prim_noinit.ram/DEVICE_7SERIES.NO_BMM_INFO.SDP.WIDE_PRIM36_NO_ECC.ram/ADDRARDADDR[7] (net: SystolicCore0/serial2mem_opA/ram/U0/inst_blk_mem_gen/gnbram.gnativebmg.native_blk_mem_gen/valid.cstr/ramloop[0].ram.r/prim_noinit.ram/addrb[1]) which is driven by a register (SystolicCore0/serial2mem_opA/cnt_reg[1]) that has an active asychronous set or reset. This may cause corruption of the memory contents and/or read values when the set/reset is asserted and is not analyzed by the default static timing analysis. It is suggested to eliminate the use of a set/reset to registers driving this RAMB pin or else use a synchronous reset in which the assertion of the reset is timed by default.
Related violations: <none>

REQP-1839#3 Warning
RAMB36 async control check  
The RAMB36E1 SystolicCore0/serial2mem_opA/ram/U0/inst_blk_mem_gen/gnbram.gnativebmg.native_blk_mem_gen/valid.cstr/ramloop[0].ram.r/prim_noinit.ram/DEVICE_7SERIES.NO_BMM_INFO.SDP.WIDE_PRIM36_NO_ECC.ram has an input control pin SystolicCore0/serial2mem_opA/ram/U0/inst_blk_mem_gen/gnbram.gnativebmg.native_blk_mem_gen/valid.cstr/ramloop[0].ram.r/prim_noinit.ram/DEVICE_7SERIES.NO_BMM_INFO.SDP.WIDE_PRIM36_NO_ECC.ram/ADDRARDADDR[8] (net: SystolicCore0/serial2mem_opA/ram/U0/inst_blk_mem_gen/gnbram.gnativebmg.native_blk_mem_gen/valid.cstr/ramloop[0].ram.r/prim_noinit.ram/addrb[2]) which is driven by a register (SystolicCore0/serial2mem_opA/cnt_reg[2]) that has an active asychronous set or reset. This may cause corruption of the memory contents and/or read values when the set/reset is asserted and is not analyzed by the default static timing analysis. It is suggested to eliminate the use of a set/reset to registers driving this RAMB pin or else use a synchronous reset in which the assertion of the reset is timed by default.
Related violations: <none>

REQP-1839#4 Warning
RAMB36 async control check  
The RAMB36E1 SystolicCore0/serial2mem_opA/ram/U0/inst_blk_mem_gen/gnbram.gnativebmg.native_blk_mem_gen/valid.cstr/ramloop[0].ram.r/prim_noinit.ram/DEVICE_7SERIES.NO_BMM_INFO.SDP.WIDE_PRIM36_NO_ECC.ram has an input control pin SystolicCore0/serial2mem_opA/ram/U0/inst_blk_mem_gen/gnbram.gnativebmg.native_blk_mem_gen/valid.cstr/ramloop[0].ram.r/prim_noinit.ram/DEVICE_7SERIES.NO_BMM_INFO.SDP.WIDE_PRIM36_NO_ECC.ram/ADDRARDADDR[9] (net: SystolicCore0/serial2mem_opA/ram/U0/inst_blk_mem_gen/gnbram.gnativebmg.native_blk_mem_gen/valid.cstr/ramloop[0].ram.r/prim_noinit.ram/addrb[3]) which is driven by a register (SystolicCore0/serial2mem_opA/cnt_reg[3]) that has an active asychronous set or reset. This may cause corruption of the memory contents and/or read values when the set/reset is asserted and is not analyzed by the default static timing analysis. It is suggested to eliminate the use of a set/reset to registers driving this RAMB pin or else use a synchronous reset in which the assertion of the reset is timed by default.
Related violations: <none>

REQP-1839#5 Warning
RAMB36 async control check  
The RAMB36E1 SystolicCore0/serial2mem_opA/ram/U0/inst_blk_mem_gen/gnbram.gnativebmg.native_blk_mem_gen/valid.cstr/ramloop[0].ram.r/prim_noinit.ram/DEVICE_7SERIES.NO_BMM_INFO.SDP.WIDE_PRIM36_NO_ECC.ram has an input control pin SystolicCore0/serial2mem_opA/ram/U0/inst_blk_mem_gen/gnbram.gnativebmg.native_blk_mem_gen/valid.cstr/ramloop[0].ram.r/prim_noinit.ram/DEVICE_7SERIES.NO_BMM_INFO.SDP.WIDE_PRIM36_NO_ECC.ram/ADDRBWRADDR[6] (net: SystolicCore0/serial2mem_opA/ram/U0/inst_blk_mem_gen/gnbram.gnativebmg.native_blk_mem_gen/valid.cstr/ramloop[0].ram.r/prim_noinit.ram/addra[0]) which is driven by a register (SystolicCore0/serial2mem_opA/cnt_reg[0]) that has an active asychronous set or reset. This may cause corruption of the memory contents and/or read values when the set/reset is asserted and is not analyzed by the default static timing analysis. It is suggested to eliminate the use of a set/reset to registers driving this RAMB pin or else use a synchronous reset in which the assertion of the reset is timed by default.
Related violations: <none>

REQP-1839#6 Warning
RAMB36 async control check  
The RAMB36E1 SystolicCore0/serial2mem_opA/ram/U0/inst_blk_mem_gen/gnbram.gnativebmg.native_blk_mem_gen/valid.cstr/ramloop[0].ram.r/prim_noinit.ram/DEVICE_7SERIES.NO_BMM_INFO.SDP.WIDE_PRIM36_NO_ECC.ram has an input control pin SystolicCore0/serial2mem_opA/ram/U0/inst_blk_mem_gen/gnbram.gnativebmg.native_blk_mem_gen/valid.cstr/ramloop[0].ram.r/prim_noinit.ram/DEVICE_7SERIES.NO_BMM_INFO.SDP.WIDE_PRIM36_NO_ECC.ram/ADDRBWRADDR[7] (net: SystolicCore0/serial2mem_opA/ram/U0/inst_blk_mem_gen/gnbram.gnativebmg.native_blk_mem_gen/valid.cstr/ramloop[0].ram.r/prim_noinit.ram/addra[1]) which is driven by a register (SystolicCore0/serial2mem_opA/cnt_reg[1]) that has an active asychronous set or reset. This may cause corruption of the memory contents and/or read values when the set/reset is asserted and is not analyzed by the default static timing analysis. It is suggested to eliminate the use of a set/reset to registers driving this RAMB pin or else use a synchronous reset in which the assertion of the reset is timed by default.
Related violations: <none>

REQP-1839#7 Warning
RAMB36 async control check  
The RAMB36E1 SystolicCore0/serial2mem_opA/ram/U0/inst_blk_mem_gen/gnbram.gnativebmg.native_blk_mem_gen/valid.cstr/ramloop[0].ram.r/prim_noinit.ram/DEVICE_7SERIES.NO_BMM_INFO.SDP.WIDE_PRIM36_NO_ECC.ram has an input control pin SystolicCore0/serial2mem_opA/ram/U0/inst_blk_mem_gen/gnbram.gnativebmg.native_blk_mem_gen/valid.cstr/ramloop[0].ram.r/prim_noinit.ram/DEVICE_7SERIES.NO_BMM_INFO.SDP.WIDE_PRIM36_NO_ECC.ram/ADDRBWRADDR[8] (net: SystolicCore0/serial2mem_opA/ram/U0/inst_blk_mem_gen/gnbram.gnativebmg.native_blk_mem_gen/valid.cstr/ramloop[0].ram.r/prim_noinit.ram/addra[2]) which is driven by a register (SystolicCore0/serial2mem_opA/cnt_reg[2]) that has an active asychronous set or reset. This may cause corruption of the memory contents and/or read values when the set/reset is asserted and is not analyzed by the default static timing analysis. It is suggested to eliminate the use of a set/reset to registers driving this RAMB pin or else use a synchronous reset in which the assertion of the reset is timed by default.
Related violations: <none>

REQP-1839#8 Warning
RAMB36 async control check  
The RAMB36E1 SystolicCore0/serial2mem_opA/ram/U0/inst_blk_mem_gen/gnbram.gnativebmg.native_blk_mem_gen/valid.cstr/ramloop[0].ram.r/prim_noinit.ram/DEVICE_7SERIES.NO_BMM_INFO.SDP.WIDE_PRIM36_NO_ECC.ram has an input control pin SystolicCore0/serial2mem_opA/ram/U0/inst_blk_mem_gen/gnbram.gnativebmg.native_blk_mem_gen/valid.cstr/ramloop[0].ram.r/prim_noinit.ram/DEVICE_7SERIES.NO_BMM_INFO.SDP.WIDE_PRIM36_NO_ECC.ram/ADDRBWRADDR[9] (net: SystolicCore0/serial2mem_opA/ram/U0/inst_blk_mem_gen/gnbram.gnativebmg.native_blk_mem_gen/valid.cstr/ramloop[0].ram.r/prim_noinit.ram/addra[3]) which is driven by a register (SystolicCore0/serial2mem_opA/cnt_reg[3]) that has an active asychronous set or reset. This may cause corruption of the memory contents and/or read values when the set/reset is asserted and is not analyzed by the default static timing analysis. It is suggested to eliminate the use of a set/reset to registers driving this RAMB pin or else use a synchronous reset in which the assertion of the reset is timed by default.
Related violations: <none>

REQP-1839#9 Warning
RAMB36 async control check  
The RAMB36E1 SystolicCore0/serial2mem_opA/ram/U0/inst_blk_mem_gen/gnbram.gnativebmg.native_blk_mem_gen/valid.cstr/ramloop[0].ram.r/prim_noinit.ram/DEVICE_7SERIES.NO_BMM_INFO.SDP.WIDE_PRIM36_NO_ECC.ram has an input control pin SystolicCore0/serial2mem_opA/ram/U0/inst_blk_mem_gen/gnbram.gnativebmg.native_blk_mem_gen/valid.cstr/ramloop[0].ram.r/prim_noinit.ram/DEVICE_7SERIES.NO_BMM_INFO.SDP.WIDE_PRIM36_NO_ECC.ram/ENBWREN (net: SystolicCore0/serial2mem_opA/ram/U0/inst_blk_mem_gen/gnbram.gnativebmg.native_blk_mem_gen/valid.cstr/ramloop[0].ram.r/prim_noinit.ram/ENA_I) which is driven by a register (SystolicCore0/systolicControlUnit_Global/fsm_unit_control_reg[0]) that has an active asychronous set or reset. This may cause corruption of the memory contents and/or read values when the set/reset is asserted and is not analyzed by the default static timing analysis. It is suggested to eliminate the use of a set/reset to registers driving this RAMB pin or else use a synchronous reset in which the assertion of the reset is timed by default.
Related violations: <none>

REQP-1839#10 Warning
RAMB36 async control check  
The RAMB36E1 SystolicCore0/serial2mem_opA/ram/U0/inst_blk_mem_gen/gnbram.gnativebmg.native_blk_mem_gen/valid.cstr/ramloop[0].ram.r/prim_noinit.ram/DEVICE_7SERIES.NO_BMM_INFO.SDP.WIDE_PRIM36_NO_ECC.ram has an input control pin SystolicCore0/serial2mem_opA/ram/U0/inst_blk_mem_gen/gnbram.gnativebmg.native_blk_mem_gen/valid.cstr/ramloop[0].ram.r/prim_noinit.ram/DEVICE_7SERIES.NO_BMM_INFO.SDP.WIDE_PRIM36_NO_ECC.ram/ENBWREN (net: SystolicCore0/serial2mem_opA/ram/U0/inst_blk_mem_gen/gnbram.gnativebmg.native_blk_mem_gen/valid.cstr/ramloop[0].ram.r/prim_noinit.ram/ENA_I) which is driven by a register (SystolicCore0/systolicControlUnit_Global/fsm_unit_control_reg[1]) that has an active asychronous set or reset. This may cause corruption of the memory contents and/or read values when the set/reset is asserted and is not analyzed by the default static timing analysis. It is suggested to eliminate the use of a set/reset to registers driving this RAMB pin or else use a synchronous reset in which the assertion of the reset is timed by default.
Related violations: <none>

REQP-1839#11 Warning
RAMB36 async control check  
The RAMB36E1 SystolicCore0/serial2mem_opA/ram/U0/inst_blk_mem_gen/gnbram.gnativebmg.native_blk_mem_gen/valid.cstr/ramloop[0].ram.r/prim_noinit.ram/DEVICE_7SERIES.NO_BMM_INFO.SDP.WIDE_PRIM36_NO_ECC.ram has an input control pin SystolicCore0/serial2mem_opA/ram/U0/inst_blk_mem_gen/gnbram.gnativebmg.native_blk_mem_gen/valid.cstr/ramloop[0].ram.r/prim_noinit.ram/DEVICE_7SERIES.NO_BMM_INFO.SDP.WIDE_PRIM36_NO_ECC.ram/ENBWREN (net: SystolicCore0/serial2mem_opA/ram/U0/inst_blk_mem_gen/gnbram.gnativebmg.native_blk_mem_gen/valid.cstr/ramloop[0].ram.r/prim_noinit.ram/ENA_I) which is driven by a register (SystolicCore0/systolicControlUnit_Global/fsm_unit_control_reg[2]) that has an active asychronous set or reset. This may cause corruption of the memory contents and/or read values when the set/reset is asserted and is not analyzed by the default static timing analysis. It is suggested to eliminate the use of a set/reset to registers driving this RAMB pin or else use a synchronous reset in which the assertion of the reset is timed by default.
Related violations: <none>

REQP-1839#12 Warning
RAMB36 async control check  
The RAMB36E1 SystolicCore0/serial2mem_opB/ram/U0/inst_blk_mem_gen/gnbram.gnativebmg.native_blk_mem_gen/valid.cstr/ramloop[0].ram.r/prim_noinit.ram/DEVICE_7SERIES.NO_BMM_INFO.SDP.WIDE_PRIM36_NO_ECC.ram has an input control pin SystolicCore0/serial2mem_opB/ram/U0/inst_blk_mem_gen/gnbram.gnativebmg.native_blk_mem_gen/valid.cstr/ramloop[0].ram.r/prim_noinit.ram/DEVICE_7SERIES.NO_BMM_INFO.SDP.WIDE_PRIM36_NO_ECC.ram/ADDRARDADDR[6] (net: SystolicCore0/serial2mem_opB/ram/U0/inst_blk_mem_gen/gnbram.gnativebmg.native_blk_mem_gen/valid.cstr/ramloop[0].ram.r/prim_noinit.ram/addrb[0]) which is driven by a register (SystolicCore0/serial2mem_opB/cnt_reg[0]) that has an active asychronous set or reset. This may cause corruption of the memory contents and/or read values when the set/reset is asserted and is not analyzed by the default static timing analysis. It is suggested to eliminate the use of a set/reset to registers driving this RAMB pin or else use a synchronous reset in which the assertion of the reset is timed by default.
Related violations: <none>

REQP-1839#13 Warning
RAMB36 async control check  
The RAMB36E1 SystolicCore0/serial2mem_opB/ram/U0/inst_blk_mem_gen/gnbram.gnativebmg.native_blk_mem_gen/valid.cstr/ramloop[0].ram.r/prim_noinit.ram/DEVICE_7SERIES.NO_BMM_INFO.SDP.WIDE_PRIM36_NO_ECC.ram has an input control pin SystolicCore0/serial2mem_opB/ram/U0/inst_blk_mem_gen/gnbram.gnativebmg.native_blk_mem_gen/valid.cstr/ramloop[0].ram.r/prim_noinit.ram/DEVICE_7SERIES.NO_BMM_INFO.SDP.WIDE_PRIM36_NO_ECC.ram/ADDRARDADDR[7] (net: SystolicCore0/serial2mem_opB/ram/U0/inst_blk_mem_gen/gnbram.gnativebmg.native_blk_mem_gen/valid.cstr/ramloop[0].ram.r/prim_noinit.ram/addrb[1]) which is driven by a register (SystolicCore0/serial2mem_opB/cnt_reg[1]) that has an active asychronous set or reset. This may cause corruption of the memory contents and/or read values when the set/reset is asserted and is not analyzed by the default static timing analysis. It is suggested to eliminate the use of a set/reset to registers driving this RAMB pin or else use a synchronous reset in which the assertion of the reset is timed by default.
Related violations: <none>

REQP-1839#14 Warning
RAMB36 async control check  
The RAMB36E1 SystolicCore0/serial2mem_opB/ram/U0/inst_blk_mem_gen/gnbram.gnativebmg.native_blk_mem_gen/valid.cstr/ramloop[0].ram.r/prim_noinit.ram/DEVICE_7SERIES.NO_BMM_INFO.SDP.WIDE_PRIM36_NO_ECC.ram has an input control pin SystolicCore0/serial2mem_opB/ram/U0/inst_blk_mem_gen/gnbram.gnativebmg.native_blk_mem_gen/valid.cstr/ramloop[0].ram.r/prim_noinit.ram/DEVICE_7SERIES.NO_BMM_INFO.SDP.WIDE_PRIM36_NO_ECC.ram/ADDRARDADDR[8] (net: SystolicCore0/serial2mem_opB/ram/U0/inst_blk_mem_gen/gnbram.gnativebmg.native_blk_mem_gen/valid.cstr/ramloop[0].ram.r/prim_noinit.ram/addrb[2]) which is driven by a register (SystolicCore0/serial2mem_opB/cnt_reg[2]) that has an active asychronous set or reset. This may cause corruption of the memory contents and/or read values when the set/reset is asserted and is not analyzed by the default static timing analysis. It is suggested to eliminate the use of a set/reset to registers driving this RAMB pin or else use a synchronous reset in which the assertion of the reset is timed by default.
Related violations: <none>

REQP-1839#15 Warning
RAMB36 async control check  
The RAMB36E1 SystolicCore0/serial2mem_opB/ram/U0/inst_blk_mem_gen/gnbram.gnativebmg.native_blk_mem_gen/valid.cstr/ramloop[0].ram.r/prim_noinit.ram/DEVICE_7SERIES.NO_BMM_INFO.SDP.WIDE_PRIM36_NO_ECC.ram has an input control pin SystolicCore0/serial2mem_opB/ram/U0/inst_blk_mem_gen/gnbram.gnativebmg.native_blk_mem_gen/valid.cstr/ramloop[0].ram.r/prim_noinit.ram/DEVICE_7SERIES.NO_BMM_INFO.SDP.WIDE_PRIM36_NO_ECC.ram/ADDRARDADDR[9] (net: SystolicCore0/serial2mem_opB/ram/U0/inst_blk_mem_gen/gnbram.gnativebmg.native_blk_mem_gen/valid.cstr/ramloop[0].ram.r/prim_noinit.ram/addrb[3]) which is driven by a register (SystolicCore0/serial2mem_opB/cnt_reg[3]) that has an active asychronous set or reset. This may cause corruption of the memory contents and/or read values when the set/reset is asserted and is not analyzed by the default static timing analysis. It is suggested to eliminate the use of a set/reset to registers driving this RAMB pin or else use a synchronous reset in which the assertion of the reset is timed by default.
Related violations: <none>

REQP-1839#16 Warning
RAMB36 async control check  
The RAMB36E1 SystolicCore0/serial2mem_opB/ram/U0/inst_blk_mem_gen/gnbram.gnativebmg.native_blk_mem_gen/valid.cstr/ramloop[0].ram.r/prim_noinit.ram/DEVICE_7SERIES.NO_BMM_INFO.SDP.WIDE_PRIM36_NO_ECC.ram has an input control pin SystolicCore0/serial2mem_opB/ram/U0/inst_blk_mem_gen/gnbram.gnativebmg.native_blk_mem_gen/valid.cstr/ramloop[0].ram.r/prim_noinit.ram/DEVICE_7SERIES.NO_BMM_INFO.SDP.WIDE_PRIM36_NO_ECC.ram/ADDRBWRADDR[6] (net: SystolicCore0/serial2mem_opB/ram/U0/inst_blk_mem_gen/gnbram.gnativebmg.native_blk_mem_gen/valid.cstr/ramloop[0].ram.r/prim_noinit.ram/addra[0]) which is driven by a register (SystolicCore0/serial2mem_opB/cnt_reg[0]) that has an active asychronous set or reset. This may cause corruption of the memory contents and/or read values when the set/reset is asserted and is not analyzed by the default static timing analysis. It is suggested to eliminate the use of a set/reset to registers driving this RAMB pin or else use a synchronous reset in which the assertion of the reset is timed by default.
Related violations: <none>

REQP-1839#17 Warning
RAMB36 async control check  
The RAMB36E1 SystolicCore0/serial2mem_opB/ram/U0/inst_blk_mem_gen/gnbram.gnativebmg.native_blk_mem_gen/valid.cstr/ramloop[0].ram.r/prim_noinit.ram/DEVICE_7SERIES.NO_BMM_INFO.SDP.WIDE_PRIM36_NO_ECC.ram has an input control pin SystolicCore0/serial2mem_opB/ram/U0/inst_blk_mem_gen/gnbram.gnativebmg.native_blk_mem_gen/valid.cstr/ramloop[0].ram.r/prim_noinit.ram/DEVICE_7SERIES.NO_BMM_INFO.SDP.WIDE_PRIM36_NO_ECC.ram/ADDRBWRADDR[7] (net: SystolicCore0/serial2mem_opB/ram/U0/inst_blk_mem_gen/gnbram.gnativebmg.native_blk_mem_gen/valid.cstr/ramloop[0].ram.r/prim_noinit.ram/addra[1]) which is driven by a register (SystolicCore0/serial2mem_opB/cnt_reg[1]) that has an active asychronous set or reset. This may cause corruption of the memory contents and/or read values when the set/reset is asserted and is not analyzed by the default static timing analysis. It is suggested to eliminate the use of a set/reset to registers driving this RAMB pin or else use a synchronous reset in which the assertion of the reset is timed by default.
Related violations: <none>

REQP-1839#18 Warning
RAMB36 async control check  
The RAMB36E1 SystolicCore0/serial2mem_opB/ram/U0/inst_blk_mem_gen/gnbram.gnativebmg.native_blk_mem_gen/valid.cstr/ramloop[0].ram.r/prim_noinit.ram/DEVICE_7SERIES.NO_BMM_INFO.SDP.WIDE_PRIM36_NO_ECC.ram has an input control pin SystolicCore0/serial2mem_opB/ram/U0/inst_blk_mem_gen/gnbram.gnativebmg.native_blk_mem_gen/valid.cstr/ramloop[0].ram.r/prim_noinit.ram/DEVICE_7SERIES.NO_BMM_INFO.SDP.WIDE_PRIM36_NO_ECC.ram/ADDRBWRADDR[8] (net: SystolicCore0/serial2mem_opB/ram/U0/inst_blk_mem_gen/gnbram.gnativebmg.native_blk_mem_gen/valid.cstr/ramloop[0].ram.r/prim_noinit.ram/addra[2]) which is driven by a register (SystolicCore0/serial2mem_opB/cnt_reg[2]) that has an active asychronous set or reset. This may cause corruption of the memory contents and/or read values when the set/reset is asserted and is not analyzed by the default static timing analysis. It is suggested to eliminate the use of a set/reset to registers driving this RAMB pin or else use a synchronous reset in which the assertion of the reset is timed by default.
Related violations: <none>

REQP-1839#19 Warning
RAMB36 async control check  
The RAMB36E1 SystolicCore0/serial2mem_opB/ram/U0/inst_blk_mem_gen/gnbram.gnativebmg.native_blk_mem_gen/valid.cstr/ramloop[0].ram.r/prim_noinit.ram/DEVICE_7SERIES.NO_BMM_INFO.SDP.WIDE_PRIM36_NO_ECC.ram has an input control pin SystolicCore0/serial2mem_opB/ram/U0/inst_blk_mem_gen/gnbram.gnativebmg.native_blk_mem_gen/valid.cstr/ramloop[0].ram.r/prim_noinit.ram/DEVICE_7SERIES.NO_BMM_INFO.SDP.WIDE_PRIM36_NO_ECC.ram/ADDRBWRADDR[9] (net: SystolicCore0/serial2mem_opB/ram/U0/inst_blk_mem_gen/gnbram.gnativebmg.native_blk_mem_gen/valid.cstr/ramloop[0].ram.r/prim_noinit.ram/addra[3]) which is driven by a register (SystolicCore0/serial2mem_opB/cnt_reg[3]) that has an active asychronous set or reset. This may cause corruption of the memory contents and/or read values when the set/reset is asserted and is not analyzed by the default static timing analysis. It is suggested to eliminate the use of a set/reset to registers driving this RAMB pin or else use a synchronous reset in which the assertion of the reset is timed by default.
Related violations: <none>

REQP-1839#20 Warning
RAMB36 async control check  
The RAMB36E1 SystolicCore0/serial2mem_opB/ram/U0/inst_blk_mem_gen/gnbram.gnativebmg.native_blk_mem_gen/valid.cstr/ramloop[0].ram.r/prim_noinit.ram/DEVICE_7SERIES.NO_BMM_INFO.SDP.WIDE_PRIM36_NO_ECC.ram has an input control pin SystolicCore0/serial2mem_opB/ram/U0/inst_blk_mem_gen/gnbram.gnativebmg.native_blk_mem_gen/valid.cstr/ramloop[0].ram.r/prim_noinit.ram/DEVICE_7SERIES.NO_BMM_INFO.SDP.WIDE_PRIM36_NO_ECC.ram/ENBWREN (net: SystolicCore0/serial2mem_opB/ram/U0/inst_blk_mem_gen/gnbram.gnativebmg.native_blk_mem_gen/valid.cstr/ramloop[0].ram.r/prim_noinit.ram/ENA_I) which is driven by a register (SystolicCore0/systolicControlUnit_Global/fsm_unit_control_reg[0]) that has an active asychronous set or reset. This may cause corruption of the memory contents and/or read values when the set/reset is asserted and is not analyzed by the default static timing analysis. It is suggested to eliminate the use of a set/reset to registers driving this RAMB pin or else use a synchronous reset in which the assertion of the reset is timed by default.
Related violations: <none>

RTSTAT-10#1 Warning
No routable loads  
36 net(s) have no routable loads. The problem bus(es) and/or net(s) are dbg_hub/inst/BSCANID.u_xsdbm_id/CORE_XSDB.UUT_MASTER/U_ICON_INTERFACE/U_CMD1/ctl_reg_en_2[1],
dbg_hub/inst/BSCANID.u_xsdbm_id/CORE_XSDB.UUT_MASTER/U_ICON_INTERFACE/U_CMD6_RD/U_RD_FIFO/SUBCORE_FIFO.xsdbm_v3_0_5_rdfifo_inst/inst_fifo_gen/gconvfifo.rf/grf.rf/gntv_or_sync_fifo.gl0.rd/gr1.gr1_int.rfwft/aempty_fwft_i,
dbg_hub/inst/BSCANID.u_xsdbm_id/CORE_XSDB.UUT_MASTER/U_ICON_INTERFACE/U_CMD6_RD/U_RD_FIFO/SUBCORE_FIFO.xsdbm_v3_0_5_rdfifo_inst/inst_fifo_gen/gconvfifo.rf/grf.rf/gntv_or_sync_fifo.gl0.rd/gras.rsts/ram_empty_i,
dbg_hub/inst/BSCANID.u_xsdbm_id/CORE_XSDB.UUT_MASTER/U_ICON_INTERFACE/U_CMD6_RD/U_RD_FIFO/SUBCORE_FIFO.xsdbm_v3_0_5_rdfifo_inst/inst_fifo_gen/gconvfifo.rf/grf.rf/gntv_or_sync_fifo.gl0.wr/gwhf.whf/overflow,
dbg_hub/inst/BSCANID.u_xsdbm_id/CORE_XSDB.UUT_MASTER/U_ICON_INTERFACE/U_CMD6_RD/U_RD_FIFO/SUBCORE_FIFO.xsdbm_v3_0_5_rdfifo_inst/inst_fifo_gen/gconvfifo.rf/grf.rf/rstblk/ngwrdrst.grst.wr_rst_reg[2],
dbg_hub/inst/BSCANID.u_xsdbm_id/CORE_XSDB.UUT_MASTER/U_ICON_INTERFACE/U_CMD6_WR/U_WR_FIFO/SUBCORE_FIFO.xsdbm_v3_0_5_wrfifo_inst/inst_fifo_gen/gconvfifo.rf/grf.rf/gntv_or_sync_fifo.gl0.wr/gwas.wsts/ram_full_i,
dbg_hub/inst/BSCANID.u_xsdbm_id/CORE_XSDB.UUT_MASTER/U_ICON_INTERFACE/U_CMD6_WR/U_WR_FIFO/SUBCORE_FIFO.xsdbm_v3_0_5_wrfifo_inst/inst_fifo_gen/gconvfifo.rf/grf.rf/gntv_or_sync_fifo.gl0.wr/gwhf.whf/overflow,
dbg_hub/inst/BSCANID.u_xsdbm_id/CORE_XSDB.UUT_MASTER/U_ICON_INTERFACE/U_CMD6_WR/U_WR_FIFO/SUBCORE_FIFO.xsdbm_v3_0_5_wrfifo_inst/inst_fifo_gen/gconvfifo.rf/grf.rf/rstblk/ngwrdrst.grst.rd_rst_reg[0],
dbg_hub/inst/BSCANID.u_xsdbm_id/CORE_XSDB.UUT_MASTER/U_ICON_INTERFACE/U_CMD6_WR/U_WR_FIFO/SUBCORE_FIFO.xsdbm_v3_0_5_wrfifo_inst/inst_fifo_gen/gconvfifo.rf/grf.rf/rstblk/ngwrdrst.grst.wr_rst_reg[2],
dbg_hub/inst/BSCANID.u_xsdbm_id/CORE_XSDB.UUT_MASTER/U_ICON_INTERFACE/U_CMD7_CTL/ctl_reg[2:0],
dbg_hub/inst/BSCANID.u_xsdbm_id/CORE_XSDB.UUT_MASTER/U_ICON_INTERFACE/U_CMD7_CTL/ctl_reg_en_2[1],
dbg_hub/inst/BSCANID.u_xsdbm_id/SWITCH_N_EXT_BSCAN.bscan_inst/TMS,
dbg_hub/inst/BSCANID.u_xsdbm_id/SWITCH_N_EXT_BSCAN.bscan_switch/m_bscan_capture[0],
dbg_hub/inst/BSCANID.u_xsdbm_id/SWITCH_N_EXT_BSCAN.bscan_switch/m_bscan_drck[0],
dbg_hub/inst/BSCANID.u_xsdbm_id/SWITCH_N_EXT_BSCAN.bscan_switch/m_bscan_runtest[0]
 (the first 15 of 34 listed nets/buses).
Related violations: <none>


