
*** Running vivado
    with args -log ila_3.vds -m64 -product Vivado -mode batch -messageDb vivado.pb -notrace -source ila_3.tcl


****** Vivado v2025.2 (64-bit)
  **** SW Build 6299465 on Fri Nov 14 12:34:56 MST 2025
  **** IP Build 6300035 on Fri Nov 14 10:48:45 MST 2025
  **** SharedData Build 6298862 on Thu Nov 13 04:50:51 MST 2025
  **** Start of session at: Wed Feb 25 03:37:17 2026
    ** Copyright 1986-2022 Xilinx, Inc. All Rights Reserved.
    ** Copyright 2022-2025 Advanced Micro Devices, Inc. All Rights Reserved.

source ila_3.tcl -notrace
Command: synth_design -top ila_3 -part xczu7ev-ffvc1156-2-e -incremental_mode off -mode out_of_context
Starting synth_design
Attempting to get a license for feature 'Synthesis' and/or device 'xczu7ev'
INFO: [Common 17-349] Got license for feature 'Synthesis' and/or device 'xczu7ev'
INFO: [Device 21-403] Loading part xczu7ev-ffvc1156-2-e
INFO: [Synth 8-7079] Multithreading enabled for synth_design using a maximum of 7 processes.
INFO: [Synth 8-7078] Launching helper process for spawning children vivado processes
INFO: [Synth 8-7075] Helper process launched with PID 4117291
---------------------------------------------------------------------------------
Starting RTL Elaboration : Time (s): cpu = 00:00:04 ; elapsed = 00:00:05 . Memory (MB): peak = 3179.426 ; gain = 147.688 ; free physical = 7603 ; free virtual = 24190
---------------------------------------------------------------------------------
INFO: [Synth 8-11241] undeclared symbol 'tms_int', assumed default net type 'wire' [/home/xmen/Videos/RustDesk/SystolicCore/SystolicCore_Metricas/Zynq_Systolic_Core_AXI_FIFO_Stream_Reboot/Zynq_Systolic_Core_AXI_FIFO_Stream_Reboot.srcs/sources_1/ip/ila_3/hdl/verilog/xsdbm_v3_0_5_bs_core_ext.vh:30]
INFO: [Synth 8-11241] undeclared symbol 'runtest_int', assumed default net type 'wire' [/home/xmen/Videos/RustDesk/SystolicCore/SystolicCore_Metricas/Zynq_Systolic_Core_AXI_FIFO_Stream_Reboot/Zynq_Systolic_Core_AXI_FIFO_Stream_Reboot.srcs/sources_1/ip/ila_3/hdl/verilog/xsdbm_v3_0_5_bs_core_ext.vh:32]
INFO: [Synth 8-11241] undeclared symbol 'tms_int', assumed default net type 'wire' [/home/xmen/Videos/RustDesk/SystolicCore/SystolicCore_Metricas/Zynq_Systolic_Core_AXI_FIFO_Stream_Reboot/Zynq_Systolic_Core_AXI_FIFO_Stream_Reboot.srcs/sources_1/ip/ila_3/hdl/verilog/xsdbm_v3_0_5_bs_core_ext.vh:69]
INFO: [Synth 8-11241] undeclared symbol 'runtest_int', assumed default net type 'wire' [/home/xmen/Videos/RustDesk/SystolicCore/SystolicCore_Metricas/Zynq_Systolic_Core_AXI_FIFO_Stream_Reboot/Zynq_Systolic_Core_AXI_FIFO_Stream_Reboot.srcs/sources_1/ip/ila_3/hdl/verilog/xsdbm_v3_0_5_bs_core_ext.vh:71]
INFO: [Synth 8-11241] undeclared symbol 'tms_int', assumed default net type 'wire' [/home/xmen/Videos/RustDesk/SystolicCore/SystolicCore_Metricas/Zynq_Systolic_Core_AXI_FIFO_Stream_Reboot/Zynq_Systolic_Core_AXI_FIFO_Stream_Reboot.srcs/sources_1/ip/ila_3/hdl/verilog/xsdbm_v3_0_5_bs_core_ext.vh:109]
INFO: [Synth 8-11241] undeclared symbol 'runtest_int', assumed default net type 'wire' [/home/xmen/Videos/RustDesk/SystolicCore/SystolicCore_Metricas/Zynq_Systolic_Core_AXI_FIFO_Stream_Reboot/Zynq_Systolic_Core_AXI_FIFO_Stream_Reboot.srcs/sources_1/ip/ila_3/hdl/verilog/xsdbm_v3_0_5_bs_core_ext.vh:111]
INFO: [Synth 8-11241] undeclared symbol 'tms_int', assumed default net type 'wire' [/home/xmen/Videos/RustDesk/SystolicCore/SystolicCore_Metricas/Zynq_Systolic_Core_AXI_FIFO_Stream_Reboot/Zynq_Systolic_Core_AXI_FIFO_Stream_Reboot.srcs/sources_1/ip/ila_3/hdl/verilog/xsdbm_v3_0_5_bs_core_ext.vh:150]
INFO: [Synth 8-11241] undeclared symbol 'runtest_int', assumed default net type 'wire' [/home/xmen/Videos/RustDesk/SystolicCore/SystolicCore_Metricas/Zynq_Systolic_Core_AXI_FIFO_Stream_Reboot/Zynq_Systolic_Core_AXI_FIFO_Stream_Reboot.srcs/sources_1/ip/ila_3/hdl/verilog/xsdbm_v3_0_5_bs_core_ext.vh:152]
INFO: [Synth 8-11241] undeclared symbol 'tms_int', assumed default net type 'wire' [/home/xmen/Videos/RustDesk/SystolicCore/SystolicCore_Metricas/Zynq_Systolic_Core_AXI_FIFO_Stream_Reboot/Zynq_Systolic_Core_AXI_FIFO_Stream_Reboot.srcs/sources_1/ip/ila_3/hdl/verilog/xsdbm_v3_0_5_bs_core_ext.vh:192]
INFO: [Synth 8-11241] undeclared symbol 'runtest_int', assumed default net type 'wire' [/home/xmen/Videos/RustDesk/SystolicCore/SystolicCore_Metricas/Zynq_Systolic_Core_AXI_FIFO_Stream_Reboot/Zynq_Systolic_Core_AXI_FIFO_Stream_Reboot.srcs/sources_1/ip/ila_3/hdl/verilog/xsdbm_v3_0_5_bs_core_ext.vh:194]
INFO: [Synth 8-11241] undeclared symbol 'tms_int', assumed default net type 'wire' [/home/xmen/Videos/RustDesk/SystolicCore/SystolicCore_Metricas/Zynq_Systolic_Core_AXI_FIFO_Stream_Reboot/Zynq_Systolic_Core_AXI_FIFO_Stream_Reboot.srcs/sources_1/ip/ila_3/hdl/verilog/xsdbm_v3_0_5_bs_core_ext.vh:235]
INFO: [Synth 8-11241] undeclared symbol 'runtest_int', assumed default net type 'wire' [/home/xmen/Videos/RustDesk/SystolicCore/SystolicCore_Metricas/Zynq_Systolic_Core_AXI_FIFO_Stream_Reboot/Zynq_Systolic_Core_AXI_FIFO_Stream_Reboot.srcs/sources_1/ip/ila_3/hdl/verilog/xsdbm_v3_0_5_bs_core_ext.vh:237]
INFO: [Synth 8-11241] undeclared symbol 'tms_int', assumed default net type 'wire' [/home/xmen/Videos/RustDesk/SystolicCore/SystolicCore_Metricas/Zynq_Systolic_Core_AXI_FIFO_Stream_Reboot/Zynq_Systolic_Core_AXI_FIFO_Stream_Reboot.srcs/sources_1/ip/ila_3/hdl/verilog/xsdbm_v3_0_5_bs_core_ext.vh:279]
INFO: [Synth 8-11241] undeclared symbol 'runtest_int', assumed default net type 'wire' [/home/xmen/Videos/RustDesk/SystolicCore/SystolicCore_Metricas/Zynq_Systolic_Core_AXI_FIFO_Stream_Reboot/Zynq_Systolic_Core_AXI_FIFO_Stream_Reboot.srcs/sources_1/ip/ila_3/hdl/verilog/xsdbm_v3_0_5_bs_core_ext.vh:281]
INFO: [Synth 8-11241] undeclared symbol 'tms_int', assumed default net type 'wire' [/home/xmen/Videos/RustDesk/SystolicCore/SystolicCore_Metricas/Zynq_Systolic_Core_AXI_FIFO_Stream_Reboot/Zynq_Systolic_Core_AXI_FIFO_Stream_Reboot.srcs/sources_1/ip/ila_3/hdl/verilog/xsdbm_v3_0_5_bs_core_ext.vh:324]
INFO: [Synth 8-11241] undeclared symbol 'runtest_int', assumed default net type 'wire' [/home/xmen/Videos/RustDesk/SystolicCore/SystolicCore_Metricas/Zynq_Systolic_Core_AXI_FIFO_Stream_Reboot/Zynq_Systolic_Core_AXI_FIFO_Stream_Reboot.srcs/sources_1/ip/ila_3/hdl/verilog/xsdbm_v3_0_5_bs_core_ext.vh:326]
INFO: [Synth 8-11241] undeclared symbol 'tms_int', assumed default net type 'wire' [/home/xmen/Videos/RustDesk/SystolicCore/SystolicCore_Metricas/Zynq_Systolic_Core_AXI_FIFO_Stream_Reboot/Zynq_Systolic_Core_AXI_FIFO_Stream_Reboot.srcs/sources_1/ip/ila_3/hdl/verilog/xsdbm_v3_0_5_bs_core_ext.vh:370]
INFO: [Synth 8-11241] undeclared symbol 'runtest_int', assumed default net type 'wire' [/home/xmen/Videos/RustDesk/SystolicCore/SystolicCore_Metricas/Zynq_Systolic_Core_AXI_FIFO_Stream_Reboot/Zynq_Systolic_Core_AXI_FIFO_Stream_Reboot.srcs/sources_1/ip/ila_3/hdl/verilog/xsdbm_v3_0_5_bs_core_ext.vh:372]
INFO: [Synth 8-11241] undeclared symbol 'tms_int', assumed default net type 'wire' [/home/xmen/Videos/RustDesk/SystolicCore/SystolicCore_Metricas/Zynq_Systolic_Core_AXI_FIFO_Stream_Reboot/Zynq_Systolic_Core_AXI_FIFO_Stream_Reboot.srcs/sources_1/ip/ila_3/hdl/verilog/xsdbm_v3_0_5_bs_core_ext.vh:417]
INFO: [Synth 8-11241] undeclared symbol 'runtest_int', assumed default net type 'wire' [/home/xmen/Videos/RustDesk/SystolicCore/SystolicCore_Metricas/Zynq_Systolic_Core_AXI_FIFO_Stream_Reboot/Zynq_Systolic_Core_AXI_FIFO_Stream_Reboot.srcs/sources_1/ip/ila_3/hdl/verilog/xsdbm_v3_0_5_bs_core_ext.vh:419]
INFO: [Synth 8-11241] undeclared symbol 'tms_int', assumed default net type 'wire' [/home/xmen/Videos/RustDesk/SystolicCore/SystolicCore_Metricas/Zynq_Systolic_Core_AXI_FIFO_Stream_Reboot/Zynq_Systolic_Core_AXI_FIFO_Stream_Reboot.srcs/sources_1/ip/ila_3/hdl/verilog/xsdbm_v3_0_5_bs_core_ext.vh:465]
INFO: [Synth 8-11241] undeclared symbol 'runtest_int', assumed default net type 'wire' [/home/xmen/Videos/RustDesk/SystolicCore/SystolicCore_Metricas/Zynq_Systolic_Core_AXI_FIFO_Stream_Reboot/Zynq_Systolic_Core_AXI_FIFO_Stream_Reboot.srcs/sources_1/ip/ila_3/hdl/verilog/xsdbm_v3_0_5_bs_core_ext.vh:467]
INFO: [Synth 8-11241] undeclared symbol 'tms_int', assumed default net type 'wire' [/home/xmen/Videos/RustDesk/SystolicCore/SystolicCore_Metricas/Zynq_Systolic_Core_AXI_FIFO_Stream_Reboot/Zynq_Systolic_Core_AXI_FIFO_Stream_Reboot.srcs/sources_1/ip/ila_3/hdl/verilog/xsdbm_v3_0_5_bs_core_ext.vh:514]
INFO: [Synth 8-11241] undeclared symbol 'runtest_int', assumed default net type 'wire' [/home/xmen/Videos/RustDesk/SystolicCore/SystolicCore_Metricas/Zynq_Systolic_Core_AXI_FIFO_Stream_Reboot/Zynq_Systolic_Core_AXI_FIFO_Stream_Reboot.srcs/sources_1/ip/ila_3/hdl/verilog/xsdbm_v3_0_5_bs_core_ext.vh:516]
INFO: [Synth 8-11241] undeclared symbol 'tms_int', assumed default net type 'wire' [/home/xmen/Videos/RustDesk/SystolicCore/SystolicCore_Metricas/Zynq_Systolic_Core_AXI_FIFO_Stream_Reboot/Zynq_Systolic_Core_AXI_FIFO_Stream_Reboot.srcs/sources_1/ip/ila_3/hdl/verilog/xsdbm_v3_0_5_bs_core_ext.vh:564]
INFO: [Synth 8-11241] undeclared symbol 'runtest_int', assumed default net type 'wire' [/home/xmen/Videos/RustDesk/SystolicCore/SystolicCore_Metricas/Zynq_Systolic_Core_AXI_FIFO_Stream_Reboot/Zynq_Systolic_Core_AXI_FIFO_Stream_Reboot.srcs/sources_1/ip/ila_3/hdl/verilog/xsdbm_v3_0_5_bs_core_ext.vh:566]
INFO: [Synth 8-11241] undeclared symbol 'tms_int', assumed default net type 'wire' [/home/xmen/Videos/RustDesk/SystolicCore/SystolicCore_Metricas/Zynq_Systolic_Core_AXI_FIFO_Stream_Reboot/Zynq_Systolic_Core_AXI_FIFO_Stream_Reboot.srcs/sources_1/ip/ila_3/hdl/verilog/xsdbm_v3_0_5_bs_core_ext.vh:615]
INFO: [Synth 8-11241] undeclared symbol 'runtest_int', assumed default net type 'wire' [/home/xmen/Videos/RustDesk/SystolicCore/SystolicCore_Metricas/Zynq_Systolic_Core_AXI_FIFO_Stream_Reboot/Zynq_Systolic_Core_AXI_FIFO_Stream_Reboot.srcs/sources_1/ip/ila_3/hdl/verilog/xsdbm_v3_0_5_bs_core_ext.vh:617]
INFO: [Synth 8-11241] undeclared symbol 'tms_int', assumed default net type 'wire' [/home/xmen/Videos/RustDesk/SystolicCore/SystolicCore_Metricas/Zynq_Systolic_Core_AXI_FIFO_Stream_Reboot/Zynq_Systolic_Core_AXI_FIFO_Stream_Reboot.srcs/sources_1/ip/ila_3/hdl/verilog/xsdbm_v3_0_5_bs_core.vh:30]
INFO: [Synth 8-11241] undeclared symbol 'runtest_int', assumed default net type 'wire' [/home/xmen/Videos/RustDesk/SystolicCore/SystolicCore_Metricas/Zynq_Systolic_Core_AXI_FIFO_Stream_Reboot/Zynq_Systolic_Core_AXI_FIFO_Stream_Reboot.srcs/sources_1/ip/ila_3/hdl/verilog/xsdbm_v3_0_5_bs_core.vh:32]
INFO: [Synth 8-11241] undeclared symbol 'tms_int', assumed default net type 'wire' [/home/xmen/Videos/RustDesk/SystolicCore/SystolicCore_Metricas/Zynq_Systolic_Core_AXI_FIFO_Stream_Reboot/Zynq_Systolic_Core_AXI_FIFO_Stream_Reboot.srcs/sources_1/ip/ila_3/hdl/verilog/xsdbm_v3_0_5_bs_core.vh:69]
INFO: [Synth 8-11241] undeclared symbol 'runtest_int', assumed default net type 'wire' [/home/xmen/Videos/RustDesk/SystolicCore/SystolicCore_Metricas/Zynq_Systolic_Core_AXI_FIFO_Stream_Reboot/Zynq_Systolic_Core_AXI_FIFO_Stream_Reboot.srcs/sources_1/ip/ila_3/hdl/verilog/xsdbm_v3_0_5_bs_core.vh:71]
INFO: [Synth 8-11241] undeclared symbol 'tms_int', assumed default net type 'wire' [/home/xmen/Videos/RustDesk/SystolicCore/SystolicCore_Metricas/Zynq_Systolic_Core_AXI_FIFO_Stream_Reboot/Zynq_Systolic_Core_AXI_FIFO_Stream_Reboot.srcs/sources_1/ip/ila_3/hdl/verilog/xsdbm_v3_0_5_bs_core.vh:109]
INFO: [Synth 8-11241] undeclared symbol 'runtest_int', assumed default net type 'wire' [/home/xmen/Videos/RustDesk/SystolicCore/SystolicCore_Metricas/Zynq_Systolic_Core_AXI_FIFO_Stream_Reboot/Zynq_Systolic_Core_AXI_FIFO_Stream_Reboot.srcs/sources_1/ip/ila_3/hdl/verilog/xsdbm_v3_0_5_bs_core.vh:111]
INFO: [Synth 8-11241] undeclared symbol 'tms_int', assumed default net type 'wire' [/home/xmen/Videos/RustDesk/SystolicCore/SystolicCore_Metricas/Zynq_Systolic_Core_AXI_FIFO_Stream_Reboot/Zynq_Systolic_Core_AXI_FIFO_Stream_Reboot.srcs/sources_1/ip/ila_3/hdl/verilog/xsdbm_v3_0_5_bs_core.vh:150]
INFO: [Synth 8-11241] undeclared symbol 'runtest_int', assumed default net type 'wire' [/home/xmen/Videos/RustDesk/SystolicCore/SystolicCore_Metricas/Zynq_Systolic_Core_AXI_FIFO_Stream_Reboot/Zynq_Systolic_Core_AXI_FIFO_Stream_Reboot.srcs/sources_1/ip/ila_3/hdl/verilog/xsdbm_v3_0_5_bs_core.vh:152]
INFO: [Synth 8-11241] undeclared symbol 'tms_int', assumed default net type 'wire' [/home/xmen/Videos/RustDesk/SystolicCore/SystolicCore_Metricas/Zynq_Systolic_Core_AXI_FIFO_Stream_Reboot/Zynq_Systolic_Core_AXI_FIFO_Stream_Reboot.srcs/sources_1/ip/ila_3/hdl/verilog/xsdbm_v3_0_5_bs_core.vh:192]
INFO: [Synth 8-11241] undeclared symbol 'runtest_int', assumed default net type 'wire' [/home/xmen/Videos/RustDesk/SystolicCore/SystolicCore_Metricas/Zynq_Systolic_Core_AXI_FIFO_Stream_Reboot/Zynq_Systolic_Core_AXI_FIFO_Stream_Reboot.srcs/sources_1/ip/ila_3/hdl/verilog/xsdbm_v3_0_5_bs_core.vh:194]
INFO: [Synth 8-11241] undeclared symbol 'tms_int', assumed default net type 'wire' [/home/xmen/Videos/RustDesk/SystolicCore/SystolicCore_Metricas/Zynq_Systolic_Core_AXI_FIFO_Stream_Reboot/Zynq_Systolic_Core_AXI_FIFO_Stream_Reboot.srcs/sources_1/ip/ila_3/hdl/verilog/xsdbm_v3_0_5_bs_core.vh:235]
INFO: [Synth 8-11241] undeclared symbol 'runtest_int', assumed default net type 'wire' [/home/xmen/Videos/RustDesk/SystolicCore/SystolicCore_Metricas/Zynq_Systolic_Core_AXI_FIFO_Stream_Reboot/Zynq_Systolic_Core_AXI_FIFO_Stream_Reboot.srcs/sources_1/ip/ila_3/hdl/verilog/xsdbm_v3_0_5_bs_core.vh:237]
INFO: [Synth 8-11241] undeclared symbol 'tms_int', assumed default net type 'wire' [/home/xmen/Videos/RustDesk/SystolicCore/SystolicCore_Metricas/Zynq_Systolic_Core_AXI_FIFO_Stream_Reboot/Zynq_Systolic_Core_AXI_FIFO_Stream_Reboot.srcs/sources_1/ip/ila_3/hdl/verilog/xsdbm_v3_0_5_bs_core.vh:279]
INFO: [Synth 8-11241] undeclared symbol 'runtest_int', assumed default net type 'wire' [/home/xmen/Videos/RustDesk/SystolicCore/SystolicCore_Metricas/Zynq_Systolic_Core_AXI_FIFO_Stream_Reboot/Zynq_Systolic_Core_AXI_FIFO_Stream_Reboot.srcs/sources_1/ip/ila_3/hdl/verilog/xsdbm_v3_0_5_bs_core.vh:281]
INFO: [Synth 8-11241] undeclared symbol 'tms_int', assumed default net type 'wire' [/home/xmen/Videos/RustDesk/SystolicCore/SystolicCore_Metricas/Zynq_Systolic_Core_AXI_FIFO_Stream_Reboot/Zynq_Systolic_Core_AXI_FIFO_Stream_Reboot.srcs/sources_1/ip/ila_3/hdl/verilog/xsdbm_v3_0_5_bs_core.vh:324]
INFO: [Synth 8-11241] undeclared symbol 'runtest_int', assumed default net type 'wire' [/home/xmen/Videos/RustDesk/SystolicCore/SystolicCore_Metricas/Zynq_Systolic_Core_AXI_FIFO_Stream_Reboot/Zynq_Systolic_Core_AXI_FIFO_Stream_Reboot.srcs/sources_1/ip/ila_3/hdl/verilog/xsdbm_v3_0_5_bs_core.vh:326]
INFO: [Synth 8-11241] undeclared symbol 'tms_int', assumed default net type 'wire' [/home/xmen/Videos/RustDesk/SystolicCore/SystolicCore_Metricas/Zynq_Systolic_Core_AXI_FIFO_Stream_Reboot/Zynq_Systolic_Core_AXI_FIFO_Stream_Reboot.srcs/sources_1/ip/ila_3/hdl/verilog/xsdbm_v3_0_5_bs_core.vh:370]
INFO: [Synth 8-11241] undeclared symbol 'runtest_int', assumed default net type 'wire' [/home/xmen/Videos/RustDesk/SystolicCore/SystolicCore_Metricas/Zynq_Systolic_Core_AXI_FIFO_Stream_Reboot/Zynq_Systolic_Core_AXI_FIFO_Stream_Reboot.srcs/sources_1/ip/ila_3/hdl/verilog/xsdbm_v3_0_5_bs_core.vh:372]
INFO: [Synth 8-11241] undeclared symbol 'tms_int', assumed default net type 'wire' [/home/xmen/Videos/RustDesk/SystolicCore/SystolicCore_Metricas/Zynq_Systolic_Core_AXI_FIFO_Stream_Reboot/Zynq_Systolic_Core_AXI_FIFO_Stream_Reboot.srcs/sources_1/ip/ila_3/hdl/verilog/xsdbm_v3_0_5_bs_core.vh:417]
INFO: [Synth 8-11241] undeclared symbol 'runtest_int', assumed default net type 'wire' [/home/xmen/Videos/RustDesk/SystolicCore/SystolicCore_Metricas/Zynq_Systolic_Core_AXI_FIFO_Stream_Reboot/Zynq_Systolic_Core_AXI_FIFO_Stream_Reboot.srcs/sources_1/ip/ila_3/hdl/verilog/xsdbm_v3_0_5_bs_core.vh:419]
INFO: [Synth 8-11241] undeclared symbol 'tms_int', assumed default net type 'wire' [/home/xmen/Videos/RustDesk/SystolicCore/SystolicCore_Metricas/Zynq_Systolic_Core_AXI_FIFO_Stream_Reboot/Zynq_Systolic_Core_AXI_FIFO_Stream_Reboot.srcs/sources_1/ip/ila_3/hdl/verilog/xsdbm_v3_0_5_bs_core.vh:465]
INFO: [Synth 8-11241] undeclared symbol 'runtest_int', assumed default net type 'wire' [/home/xmen/Videos/RustDesk/SystolicCore/SystolicCore_Metricas/Zynq_Systolic_Core_AXI_FIFO_Stream_Reboot/Zynq_Systolic_Core_AXI_FIFO_Stream_Reboot.srcs/sources_1/ip/ila_3/hdl/verilog/xsdbm_v3_0_5_bs_core.vh:467]
INFO: [Synth 8-11241] undeclared symbol 'tms_int', assumed default net type 'wire' [/home/xmen/Videos/RustDesk/SystolicCore/SystolicCore_Metricas/Zynq_Systolic_Core_AXI_FIFO_Stream_Reboot/Zynq_Systolic_Core_AXI_FIFO_Stream_Reboot.srcs/sources_1/ip/ila_3/hdl/verilog/xsdbm_v3_0_5_bs_core.vh:514]
INFO: [Synth 8-11241] undeclared symbol 'runtest_int', assumed default net type 'wire' [/home/xmen/Videos/RustDesk/SystolicCore/SystolicCore_Metricas/Zynq_Systolic_Core_AXI_FIFO_Stream_Reboot/Zynq_Systolic_Core_AXI_FIFO_Stream_Reboot.srcs/sources_1/ip/ila_3/hdl/verilog/xsdbm_v3_0_5_bs_core.vh:516]
INFO: [Synth 8-11241] undeclared symbol 'tms_int', assumed default net type 'wire' [/home/xmen/Videos/RustDesk/SystolicCore/SystolicCore_Metricas/Zynq_Systolic_Core_AXI_FIFO_Stream_Reboot/Zynq_Systolic_Core_AXI_FIFO_Stream_Reboot.srcs/sources_1/ip/ila_3/hdl/verilog/xsdbm_v3_0_5_bs_core.vh:564]
INFO: [Synth 8-11241] undeclared symbol 'runtest_int', assumed default net type 'wire' [/home/xmen/Videos/RustDesk/SystolicCore/SystolicCore_Metricas/Zynq_Systolic_Core_AXI_FIFO_Stream_Reboot/Zynq_Systolic_Core_AXI_FIFO_Stream_Reboot.srcs/sources_1/ip/ila_3/hdl/verilog/xsdbm_v3_0_5_bs_core.vh:566]
INFO: [Synth 8-11241] undeclared symbol 'tms_int', assumed default net type 'wire' [/home/xmen/Videos/RustDesk/SystolicCore/SystolicCore_Metricas/Zynq_Systolic_Core_AXI_FIFO_Stream_Reboot/Zynq_Systolic_Core_AXI_FIFO_Stream_Reboot.srcs/sources_1/ip/ila_3/hdl/verilog/xsdbm_v3_0_5_bs_core.vh:615]
INFO: [Synth 8-11241] undeclared symbol 'runtest_int', assumed default net type 'wire' [/home/xmen/Videos/RustDesk/SystolicCore/SystolicCore_Metricas/Zynq_Systolic_Core_AXI_FIFO_Stream_Reboot/Zynq_Systolic_Core_AXI_FIFO_Stream_Reboot.srcs/sources_1/ip/ila_3/hdl/verilog/xsdbm_v3_0_5_bs_core.vh:617]
INFO: [Synth 8-11241] undeclared symbol 'tms_int', assumed default net type 'wire' [/home/xmen/Videos/RustDesk/SystolicCore/SystolicCore_Metricas/Zynq_Systolic_Core_AXI_FIFO_Stream_Reboot/Zynq_Systolic_Core_AXI_FIFO_Stream_Reboot.srcs/sources_1/ip/ila_3/hdl/verilog/xsdbm_v3_0_5_bs_core_vec.vh:30]
INFO: [Synth 8-11241] undeclared symbol 'runtest_int', assumed default net type 'wire' [/home/xmen/Videos/RustDesk/SystolicCore/SystolicCore_Metricas/Zynq_Systolic_Core_AXI_FIFO_Stream_Reboot/Zynq_Systolic_Core_AXI_FIFO_Stream_Reboot.srcs/sources_1/ip/ila_3/hdl/verilog/xsdbm_v3_0_5_bs_core_vec.vh:32]
INFO: [Synth 8-11241] undeclared symbol 'tms_int', assumed default net type 'wire' [/home/xmen/Videos/RustDesk/SystolicCore/SystolicCore_Metricas/Zynq_Systolic_Core_AXI_FIFO_Stream_Reboot/Zynq_Systolic_Core_AXI_FIFO_Stream_Reboot.srcs/sources_1/ip/ila_3/hdl/verilog/xsdbm_v3_0_5_bs_core_vec.vh:65]
INFO: [Synth 8-11241] undeclared symbol 'runtest_int', assumed default net type 'wire' [/home/xmen/Videos/RustDesk/SystolicCore/SystolicCore_Metricas/Zynq_Systolic_Core_AXI_FIFO_Stream_Reboot/Zynq_Systolic_Core_AXI_FIFO_Stream_Reboot.srcs/sources_1/ip/ila_3/hdl/verilog/xsdbm_v3_0_5_bs_core_vec.vh:67]
INFO: [Synth 8-11241] undeclared symbol 'tms_int', assumed default net type 'wire' [/home/xmen/Videos/RustDesk/SystolicCore/SystolicCore_Metricas/Zynq_Systolic_Core_AXI_FIFO_Stream_Reboot/Zynq_Systolic_Core_AXI_FIFO_Stream_Reboot.srcs/sources_1/ip/ila_3/hdl/verilog/xsdbm_v3_0_5_bs_core_vec.vh:100]
INFO: [Synth 8-11241] undeclared symbol 'runtest_int', assumed default net type 'wire' [/home/xmen/Videos/RustDesk/SystolicCore/SystolicCore_Metricas/Zynq_Systolic_Core_AXI_FIFO_Stream_Reboot/Zynq_Systolic_Core_AXI_FIFO_Stream_Reboot.srcs/sources_1/ip/ila_3/hdl/verilog/xsdbm_v3_0_5_bs_core_vec.vh:102]
INFO: [Synth 8-11241] undeclared symbol 'tms_int', assumed default net type 'wire' [/home/xmen/Videos/RustDesk/SystolicCore/SystolicCore_Metricas/Zynq_Systolic_Core_AXI_FIFO_Stream_Reboot/Zynq_Systolic_Core_AXI_FIFO_Stream_Reboot.srcs/sources_1/ip/ila_3/hdl/verilog/xsdbm_v3_0_5_bs_core_vec.vh:135]
INFO: [Synth 8-11241] undeclared symbol 'runtest_int', assumed default net type 'wire' [/home/xmen/Videos/RustDesk/SystolicCore/SystolicCore_Metricas/Zynq_Systolic_Core_AXI_FIFO_Stream_Reboot/Zynq_Systolic_Core_AXI_FIFO_Stream_Reboot.srcs/sources_1/ip/ila_3/hdl/verilog/xsdbm_v3_0_5_bs_core_vec.vh:137]
INFO: [Synth 8-11241] undeclared symbol 'tms_int', assumed default net type 'wire' [/home/xmen/Videos/RustDesk/SystolicCore/SystolicCore_Metricas/Zynq_Systolic_Core_AXI_FIFO_Stream_Reboot/Zynq_Systolic_Core_AXI_FIFO_Stream_Reboot.srcs/sources_1/ip/ila_3/hdl/verilog/xsdbm_v3_0_5_bs_core_vec.vh:170]
INFO: [Synth 8-11241] undeclared symbol 'runtest_int', assumed default net type 'wire' [/home/xmen/Videos/RustDesk/SystolicCore/SystolicCore_Metricas/Zynq_Systolic_Core_AXI_FIFO_Stream_Reboot/Zynq_Systolic_Core_AXI_FIFO_Stream_Reboot.srcs/sources_1/ip/ila_3/hdl/verilog/xsdbm_v3_0_5_bs_core_vec.vh:172]
INFO: [Synth 8-11241] undeclared symbol 'tms_int', assumed default net type 'wire' [/home/xmen/Videos/RustDesk/SystolicCore/SystolicCore_Metricas/Zynq_Systolic_Core_AXI_FIFO_Stream_Reboot/Zynq_Systolic_Core_AXI_FIFO_Stream_Reboot.srcs/sources_1/ip/ila_3/hdl/verilog/xsdbm_v3_0_5_bs_core_vec.vh:205]
INFO: [Synth 8-11241] undeclared symbol 'runtest_int', assumed default net type 'wire' [/home/xmen/Videos/RustDesk/SystolicCore/SystolicCore_Metricas/Zynq_Systolic_Core_AXI_FIFO_Stream_Reboot/Zynq_Systolic_Core_AXI_FIFO_Stream_Reboot.srcs/sources_1/ip/ila_3/hdl/verilog/xsdbm_v3_0_5_bs_core_vec.vh:207]
INFO: [Synth 8-11241] undeclared symbol 'tms_int', assumed default net type 'wire' [/home/xmen/Videos/RustDesk/SystolicCore/SystolicCore_Metricas/Zynq_Systolic_Core_AXI_FIFO_Stream_Reboot/Zynq_Systolic_Core_AXI_FIFO_Stream_Reboot.srcs/sources_1/ip/ila_3/hdl/verilog/xsdbm_v3_0_5_bs_core_vec.vh:240]
INFO: [Synth 8-11241] undeclared symbol 'runtest_int', assumed default net type 'wire' [/home/xmen/Videos/RustDesk/SystolicCore/SystolicCore_Metricas/Zynq_Systolic_Core_AXI_FIFO_Stream_Reboot/Zynq_Systolic_Core_AXI_FIFO_Stream_Reboot.srcs/sources_1/ip/ila_3/hdl/verilog/xsdbm_v3_0_5_bs_core_vec.vh:242]
INFO: [Synth 8-11241] undeclared symbol 'tms_int', assumed default net type 'wire' [/home/xmen/Videos/RustDesk/SystolicCore/SystolicCore_Metricas/Zynq_Systolic_Core_AXI_FIFO_Stream_Reboot/Zynq_Systolic_Core_AXI_FIFO_Stream_Reboot.srcs/sources_1/ip/ila_3/hdl/verilog/xsdbm_v3_0_5_bs_core_vec.vh:275]
INFO: [Synth 8-11241] undeclared symbol 'runtest_int', assumed default net type 'wire' [/home/xmen/Videos/RustDesk/SystolicCore/SystolicCore_Metricas/Zynq_Systolic_Core_AXI_FIFO_Stream_Reboot/Zynq_Systolic_Core_AXI_FIFO_Stream_Reboot.srcs/sources_1/ip/ila_3/hdl/verilog/xsdbm_v3_0_5_bs_core_vec.vh:277]
INFO: [Synth 8-11241] undeclared symbol 'tms_int', assumed default net type 'wire' [/home/xmen/Videos/RustDesk/SystolicCore/SystolicCore_Metricas/Zynq_Systolic_Core_AXI_FIFO_Stream_Reboot/Zynq_Systolic_Core_AXI_FIFO_Stream_Reboot.srcs/sources_1/ip/ila_3/hdl/verilog/xsdbm_v3_0_5_bs_core_vec.vh:310]
INFO: [Synth 8-11241] undeclared symbol 'runtest_int', assumed default net type 'wire' [/home/xmen/Videos/RustDesk/SystolicCore/SystolicCore_Metricas/Zynq_Systolic_Core_AXI_FIFO_Stream_Reboot/Zynq_Systolic_Core_AXI_FIFO_Stream_Reboot.srcs/sources_1/ip/ila_3/hdl/verilog/xsdbm_v3_0_5_bs_core_vec.vh:312]
INFO: [Synth 8-11241] undeclared symbol 'tms_int', assumed default net type 'wire' [/home/xmen/Videos/RustDesk/SystolicCore/SystolicCore_Metricas/Zynq_Systolic_Core_AXI_FIFO_Stream_Reboot/Zynq_Systolic_Core_AXI_FIFO_Stream_Reboot.srcs/sources_1/ip/ila_3/hdl/verilog/xsdbm_v3_0_5_bs_core_vec.vh:345]
INFO: [Synth 8-11241] undeclared symbol 'runtest_int', assumed default net type 'wire' [/home/xmen/Videos/RustDesk/SystolicCore/SystolicCore_Metricas/Zynq_Systolic_Core_AXI_FIFO_Stream_Reboot/Zynq_Systolic_Core_AXI_FIFO_Stream_Reboot.srcs/sources_1/ip/ila_3/hdl/verilog/xsdbm_v3_0_5_bs_core_vec.vh:347]
INFO: [Synth 8-11241] undeclared symbol 'tms_int', assumed default net type 'wire' [/home/xmen/Videos/RustDesk/SystolicCore/SystolicCore_Metricas/Zynq_Systolic_Core_AXI_FIFO_Stream_Reboot/Zynq_Systolic_Core_AXI_FIFO_Stream_Reboot.srcs/sources_1/ip/ila_3/hdl/verilog/xsdbm_v3_0_5_bs_core_vec.vh:380]
INFO: [Synth 8-11241] undeclared symbol 'runtest_int', assumed default net type 'wire' [/home/xmen/Videos/RustDesk/SystolicCore/SystolicCore_Metricas/Zynq_Systolic_Core_AXI_FIFO_Stream_Reboot/Zynq_Systolic_Core_AXI_FIFO_Stream_Reboot.srcs/sources_1/ip/ila_3/hdl/verilog/xsdbm_v3_0_5_bs_core_vec.vh:382]
INFO: [Synth 8-11241] undeclared symbol 'tms_int', assumed default net type 'wire' [/home/xmen/Videos/RustDesk/SystolicCore/SystolicCore_Metricas/Zynq_Systolic_Core_AXI_FIFO_Stream_Reboot/Zynq_Systolic_Core_AXI_FIFO_Stream_Reboot.srcs/sources_1/ip/ila_3/hdl/verilog/xsdbm_v3_0_5_bs_core_vec.vh:415]
INFO: [Synth 8-11241] undeclared symbol 'runtest_int', assumed default net type 'wire' [/home/xmen/Videos/RustDesk/SystolicCore/SystolicCore_Metricas/Zynq_Systolic_Core_AXI_FIFO_Stream_Reboot/Zynq_Systolic_Core_AXI_FIFO_Stream_Reboot.srcs/sources_1/ip/ila_3/hdl/verilog/xsdbm_v3_0_5_bs_core_vec.vh:417]
INFO: [Synth 8-11241] undeclared symbol 'tms_int', assumed default net type 'wire' [/home/xmen/Videos/RustDesk/SystolicCore/SystolicCore_Metricas/Zynq_Systolic_Core_AXI_FIFO_Stream_Reboot/Zynq_Systolic_Core_AXI_FIFO_Stream_Reboot.srcs/sources_1/ip/ila_3/hdl/verilog/xsdbm_v3_0_5_bs_core_vec.vh:450]
INFO: [Synth 8-11241] undeclared symbol 'runtest_int', assumed default net type 'wire' [/home/xmen/Videos/RustDesk/SystolicCore/SystolicCore_Metricas/Zynq_Systolic_Core_AXI_FIFO_Stream_Reboot/Zynq_Systolic_Core_AXI_FIFO_Stream_Reboot.srcs/sources_1/ip/ila_3/hdl/verilog/xsdbm_v3_0_5_bs_core_vec.vh:452]
INFO: [Synth 8-11241] undeclared symbol 'tms_int', assumed default net type 'wire' [/home/xmen/Videos/RustDesk/SystolicCore/SystolicCore_Metricas/Zynq_Systolic_Core_AXI_FIFO_Stream_Reboot/Zynq_Systolic_Core_AXI_FIFO_Stream_Reboot.srcs/sources_1/ip/ila_3/hdl/verilog/xsdbm_v3_0_5_bs_core_vec.vh:485]
INFO: [Synth 8-11241] undeclared symbol 'runtest_int', assumed default net type 'wire' [/home/xmen/Videos/RustDesk/SystolicCore/SystolicCore_Metricas/Zynq_Systolic_Core_AXI_FIFO_Stream_Reboot/Zynq_Systolic_Core_AXI_FIFO_Stream_Reboot.srcs/sources_1/ip/ila_3/hdl/verilog/xsdbm_v3_0_5_bs_core_vec.vh:487]
INFO: [Synth 8-11241] undeclared symbol 'tms_int', assumed default net type 'wire' [/home/xmen/Videos/RustDesk/SystolicCore/SystolicCore_Metricas/Zynq_Systolic_Core_AXI_FIFO_Stream_Reboot/Zynq_Systolic_Core_AXI_FIFO_Stream_Reboot.srcs/sources_1/ip/ila_3/hdl/verilog/xsdbm_v3_0_5_bs_core_vec.vh:30]
INFO: [Synth 8-11241] undeclared symbol 'runtest_int', assumed default net type 'wire' [/home/xmen/Videos/RustDesk/SystolicCore/SystolicCore_Metricas/Zynq_Systolic_Core_AXI_FIFO_Stream_Reboot/Zynq_Systolic_Core_AXI_FIFO_Stream_Reboot.srcs/sources_1/ip/ila_3/hdl/verilog/xsdbm_v3_0_5_bs_core_vec.vh:32]
INFO: [Synth 8-11241] undeclared symbol 'tms_int', assumed default net type 'wire' [/home/xmen/Videos/RustDesk/SystolicCore/SystolicCore_Metricas/Zynq_Systolic_Core_AXI_FIFO_Stream_Reboot/Zynq_Systolic_Core_AXI_FIFO_Stream_Reboot.srcs/sources_1/ip/ila_3/hdl/verilog/xsdbm_v3_0_5_bs_core_vec.vh:65]
INFO: [Synth 8-11241] undeclared symbol 'runtest_int', assumed default net type 'wire' [/home/xmen/Videos/RustDesk/SystolicCore/SystolicCore_Metricas/Zynq_Systolic_Core_AXI_FIFO_Stream_Reboot/Zynq_Systolic_Core_AXI_FIFO_Stream_Reboot.srcs/sources_1/ip/ila_3/hdl/verilog/xsdbm_v3_0_5_bs_core_vec.vh:67]
INFO: [Synth 8-11241] undeclared symbol 'tms_int', assumed default net type 'wire' [/home/xmen/Videos/RustDesk/SystolicCore/SystolicCore_Metricas/Zynq_Systolic_Core_AXI_FIFO_Stream_Reboot/Zynq_Systolic_Core_AXI_FIFO_Stream_Reboot.srcs/sources_1/ip/ila_3/hdl/verilog/xsdbm_v3_0_5_bs_core_vec.vh:100]
INFO: [Synth 8-11241] undeclared symbol 'runtest_int', assumed default net type 'wire' [/home/xmen/Videos/RustDesk/SystolicCore/SystolicCore_Metricas/Zynq_Systolic_Core_AXI_FIFO_Stream_Reboot/Zynq_Systolic_Core_AXI_FIFO_Stream_Reboot.srcs/sources_1/ip/ila_3/hdl/verilog/xsdbm_v3_0_5_bs_core_vec.vh:102]
INFO: [Synth 8-11241] undeclared symbol 'tms_int', assumed default net type 'wire' [/home/xmen/Videos/RustDesk/SystolicCore/SystolicCore_Metricas/Zynq_Systolic_Core_AXI_FIFO_Stream_Reboot/Zynq_Systolic_Core_AXI_FIFO_Stream_Reboot.srcs/sources_1/ip/ila_3/hdl/verilog/xsdbm_v3_0_5_bs_core_vec.vh:135]
INFO: [Synth 8-11241] undeclared symbol 'runtest_int', assumed default net type 'wire' [/home/xmen/Videos/RustDesk/SystolicCore/SystolicCore_Metricas/Zynq_Systolic_Core_AXI_FIFO_Stream_Reboot/Zynq_Systolic_Core_AXI_FIFO_Stream_Reboot.srcs/sources_1/ip/ila_3/hdl/verilog/xsdbm_v3_0_5_bs_core_vec.vh:137]
INFO: [Synth 8-11241] undeclared symbol 'tms_int', assumed default net type 'wire' [/home/xmen/Videos/RustDesk/SystolicCore/SystolicCore_Metricas/Zynq_Systolic_Core_AXI_FIFO_Stream_Reboot/Zynq_Systolic_Core_AXI_FIFO_Stream_Reboot.srcs/sources_1/ip/ila_3/hdl/verilog/xsdbm_v3_0_5_bs_core_vec.vh:170]
INFO: [Synth 8-11241] undeclared symbol 'runtest_int', assumed default net type 'wire' [/home/xmen/Videos/RustDesk/SystolicCore/SystolicCore_Metricas/Zynq_Systolic_Core_AXI_FIFO_Stream_Reboot/Zynq_Systolic_Core_AXI_FIFO_Stream_Reboot.srcs/sources_1/ip/ila_3/hdl/verilog/xsdbm_v3_0_5_bs_core_vec.vh:172]
INFO: [Synth 8-11241] undeclared symbol 'tms_int', assumed default net type 'wire' [/home/xmen/Videos/RustDesk/SystolicCore/SystolicCore_Metricas/Zynq_Systolic_Core_AXI_FIFO_Stream_Reboot/Zynq_Systolic_Core_AXI_FIFO_Stream_Reboot.srcs/sources_1/ip/ila_3/hdl/verilog/xsdbm_v3_0_5_bs_core_vec.vh:205]
INFO: [Synth 8-11241] undeclared symbol 'runtest_int', assumed default net type 'wire' [/home/xmen/Videos/RustDesk/SystolicCore/SystolicCore_Metricas/Zynq_Systolic_Core_AXI_FIFO_Stream_Reboot/Zynq_Systolic_Core_AXI_FIFO_Stream_Reboot.srcs/sources_1/ip/ila_3/hdl/verilog/xsdbm_v3_0_5_bs_core_vec.vh:207]
INFO: [Synth 8-11241] undeclared symbol 'tms_int', assumed default net type 'wire' [/home/xmen/Videos/RustDesk/SystolicCore/SystolicCore_Metricas/Zynq_Systolic_Core_AXI_FIFO_Stream_Reboot/Zynq_Systolic_Core_AXI_FIFO_Stream_Reboot.srcs/sources_1/ip/ila_3/hdl/verilog/xsdbm_v3_0_5_bs_core_vec.vh:240]
INFO: [Synth 8-11241] undeclared symbol 'runtest_int', assumed default net type 'wire' [/home/xmen/Videos/RustDesk/SystolicCore/SystolicCore_Metricas/Zynq_Systolic_Core_AXI_FIFO_Stream_Reboot/Zynq_Systolic_Core_AXI_FIFO_Stream_Reboot.srcs/sources_1/ip/ila_3/hdl/verilog/xsdbm_v3_0_5_bs_core_vec.vh:242]
INFO: [Synth 8-11241] undeclared symbol 'tms_int', assumed default net type 'wire' [/home/xmen/Videos/RustDesk/SystolicCore/SystolicCore_Metricas/Zynq_Systolic_Core_AXI_FIFO_Stream_Reboot/Zynq_Systolic_Core_AXI_FIFO_Stream_Reboot.srcs/sources_1/ip/ila_3/hdl/verilog/xsdbm_v3_0_5_bs_core_vec.vh:275]
INFO: [Synth 8-11241] undeclared symbol 'runtest_int', assumed default net type 'wire' [/home/xmen/Videos/RustDesk/SystolicCore/SystolicCore_Metricas/Zynq_Systolic_Core_AXI_FIFO_Stream_Reboot/Zynq_Systolic_Core_AXI_FIFO_Stream_Reboot.srcs/sources_1/ip/ila_3/hdl/verilog/xsdbm_v3_0_5_bs_core_vec.vh:277]
INFO: [Common 17-14] Message 'Synth 8-11241' appears 100 times and further instances of the messages will be disabled. Use the Tcl command set_msg_config to change the current settings.
INFO: [Synth 8-6157] synthesizing module 'ila_3' [/home/xmen/Videos/RustDesk/SystolicCore/SystolicCore_Metricas/Zynq_Systolic_Core_AXI_FIFO_Stream_Reboot/Zynq_Systolic_Core_AXI_FIFO_Stream_Reboot.srcs/sources_1/ip/ila_3/synth/ila_3.v:48]
INFO: [Synth 8-6157] synthesizing module 'CFGLUT5' [/home/xmen/Music/2025.2/Vivado/scripts/rt/data/unisim_comp.v:3131]
INFO: [Synth 8-6155] done synthesizing module 'CFGLUT5' (0#1) [/home/xmen/Music/2025.2/Vivado/scripts/rt/data/unisim_comp.v:3131]
INFO: [Synth 8-6157] synthesizing module 'CARRY4' [/home/xmen/Music/2025.2/Vivado/scripts/rt/data/unisim_comp.v:3094]
INFO: [Synth 8-6155] done synthesizing module 'CARRY4' (0#1) [/home/xmen/Music/2025.2/Vivado/scripts/rt/data/unisim_comp.v:3094]
INFO: [Synth 8-6157] synthesizing module 'SRLC32E' [/home/xmen/Music/2025.2/Vivado/scripts/rt/data/unisim_comp.v:165484]
INFO: [Synth 8-6155] done synthesizing module 'SRLC32E' (0#1) [/home/xmen/Music/2025.2/Vivado/scripts/rt/data/unisim_comp.v:165484]
INFO: [Synth 8-6157] synthesizing module 'SRL16E' [/home/xmen/Music/2025.2/Vivado/scripts/rt/data/unisim_comp.v:165334]
INFO: [Synth 8-6155] done synthesizing module 'SRL16E' (0#1) [/home/xmen/Music/2025.2/Vivado/scripts/rt/data/unisim_comp.v:165334]
INFO: [Synth 8-6157] synthesizing module 'SRLC16E' [/home/xmen/Music/2025.2/Vivado/scripts/rt/data/unisim_comp.v:165423]
INFO: [Synth 8-6155] done synthesizing module 'SRLC16E' (0#1) [/home/xmen/Music/2025.2/Vivado/scripts/rt/data/unisim_comp.v:165423]
INFO: [Synth 8-6157] synthesizing module 'FDRE' [/home/xmen/Music/2025.2/Vivado/scripts/rt/data/unisim_comp.v:49396]
INFO: [Synth 8-6155] done synthesizing module 'FDRE' (0#1) [/home/xmen/Music/2025.2/Vivado/scripts/rt/data/unisim_comp.v:49396]
INFO: [Synth 8-7071] port 'clk_nobuf' of module 'ila_v6_2_19_ila' is unconnected for instance 'inst' [/home/xmen/Videos/RustDesk/SystolicCore/SystolicCore_Metricas/Zynq_Systolic_Core_AXI_FIFO_Stream_Reboot/Zynq_Systolic_Core_AXI_FIFO_Stream_Reboot.srcs/sources_1/ip/ila_3/synth/ila_3.v:3283]
INFO: [Synth 8-7071] port 'clkdiv_out' of module 'ila_v6_2_19_ila' is unconnected for instance 'inst' [/home/xmen/Videos/RustDesk/SystolicCore/SystolicCore_Metricas/Zynq_Systolic_Core_AXI_FIFO_Stream_Reboot/Zynq_Systolic_Core_AXI_FIFO_Stream_Reboot.srcs/sources_1/ip/ila_3/synth/ila_3.v:3283]
INFO: [Synth 8-7071] port 'trig_in' of module 'ila_v6_2_19_ila' is unconnected for instance 'inst' [/home/xmen/Videos/RustDesk/SystolicCore/SystolicCore_Metricas/Zynq_Systolic_Core_AXI_FIFO_Stream_Reboot/Zynq_Systolic_Core_AXI_FIFO_Stream_Reboot.srcs/sources_1/ip/ila_3/synth/ila_3.v:3283]
INFO: [Synth 8-7071] port 'trig_in_ack' of module 'ila_v6_2_19_ila' is unconnected for instance 'inst' [/home/xmen/Videos/RustDesk/SystolicCore/SystolicCore_Metricas/Zynq_Systolic_Core_AXI_FIFO_Stream_Reboot/Zynq_Systolic_Core_AXI_FIFO_Stream_Reboot.srcs/sources_1/ip/ila_3/synth/ila_3.v:3283]
INFO: [Synth 8-7071] port 'trig_out' of module 'ila_v6_2_19_ila' is unconnected for instance 'inst' [/home/xmen/Videos/RustDesk/SystolicCore/SystolicCore_Metricas/Zynq_Systolic_Core_AXI_FIFO_Stream_Reboot/Zynq_Systolic_Core_AXI_FIFO_Stream_Reboot.srcs/sources_1/ip/ila_3/synth/ila_3.v:3283]
INFO: [Synth 8-7071] port 'trig_out_ack' of module 'ila_v6_2_19_ila' is unconnected for instance 'inst' [/home/xmen/Videos/RustDesk/SystolicCore/SystolicCore_Metricas/Zynq_Systolic_Core_AXI_FIFO_Stream_Reboot/Zynq_Systolic_Core_AXI_FIFO_Stream_Reboot.srcs/sources_1/ip/ila_3/synth/ila_3.v:3283]
INFO: [Synth 8-7023] instance 'inst' of module 'ila_v6_2_19_ila' has 1033 connections declared, but only 1027 given [/home/xmen/Videos/RustDesk/SystolicCore/SystolicCore_Metricas/Zynq_Systolic_Core_AXI_FIFO_Stream_Reboot/Zynq_Systolic_Core_AXI_FIFO_Stream_Reboot.srcs/sources_1/ip/ila_3/synth/ila_3.v:3283]
INFO: [Synth 8-6155] done synthesizing module 'ila_3' (0#1) [/home/xmen/Videos/RustDesk/SystolicCore/SystolicCore_Metricas/Zynq_Systolic_Core_AXI_FIFO_Stream_Reboot/Zynq_Systolic_Core_AXI_FIFO_Stream_Reboot.srcs/sources_1/ip/ila_3/synth/ila_3.v:48]
INFO: [Synth 8-3848] Net sl_iport0 in module/entity ila_3 does not have driver. [/home/xmen/Videos/RustDesk/SystolicCore/SystolicCore_Metricas/Zynq_Systolic_Core_AXI_FIFO_Stream_Reboot/Zynq_Systolic_Core_AXI_FIFO_Stream_Reboot.srcs/sources_1/ip/ila_3/synth/ila_3.v:172]
INFO: [Synth 8-7129] Port CLKB in module blk_mem_gen_v8_4_12_blk_mem_output_block is either unconnected or has no load
INFO: [Synth 8-7129] Port DOUTA_I[461] in module blk_mem_gen_v8_4_12_blk_mem_output_block is either unconnected or has no load
INFO: [Synth 8-7129] Port DOUTA_I[460] in module blk_mem_gen_v8_4_12_blk_mem_output_block is either unconnected or has no load
INFO: [Synth 8-7129] Port DOUTA_I[459] in module blk_mem_gen_v8_4_12_blk_mem_output_block is either unconnected or has no load
INFO: [Synth 8-7129] Port DOUTA_I[458] in module blk_mem_gen_v8_4_12_blk_mem_output_block is either unconnected or has no load
INFO: [Synth 8-7129] Port DOUTA_I[457] in module blk_mem_gen_v8_4_12_blk_mem_output_block is either unconnected or has no load
INFO: [Synth 8-7129] Port DOUTA_I[456] in module blk_mem_gen_v8_4_12_blk_mem_output_block is either unconnected or has no load
INFO: [Synth 8-7129] Port DOUTA_I[455] in module blk_mem_gen_v8_4_12_blk_mem_output_block is either unconnected or has no load
INFO: [Synth 8-7129] Port DOUTA_I[454] in module blk_mem_gen_v8_4_12_blk_mem_output_block is either unconnected or has no load
INFO: [Synth 8-7129] Port DOUTA_I[453] in module blk_mem_gen_v8_4_12_blk_mem_output_block is either unconnected or has no load
INFO: [Synth 8-7129] Port DOUTA_I[452] in module blk_mem_gen_v8_4_12_blk_mem_output_block is either unconnected or has no load
INFO: [Synth 8-7129] Port DOUTA_I[451] in module blk_mem_gen_v8_4_12_blk_mem_output_block is either unconnected or has no load
INFO: [Synth 8-7129] Port DOUTA_I[450] in module blk_mem_gen_v8_4_12_blk_mem_output_block is either unconnected or has no load
INFO: [Synth 8-7129] Port DOUTA_I[449] in module blk_mem_gen_v8_4_12_blk_mem_output_block is either unconnected or has no load
INFO: [Synth 8-7129] Port DOUTA_I[448] in module blk_mem_gen_v8_4_12_blk_mem_output_block is either unconnected or has no load
INFO: [Synth 8-7129] Port DOUTA_I[447] in module blk_mem_gen_v8_4_12_blk_mem_output_block is either unconnected or has no load
INFO: [Synth 8-7129] Port DOUTA_I[446] in module blk_mem_gen_v8_4_12_blk_mem_output_block is either unconnected or has no load
INFO: [Synth 8-7129] Port DOUTA_I[445] in module blk_mem_gen_v8_4_12_blk_mem_output_block is either unconnected or has no load
INFO: [Synth 8-7129] Port DOUTA_I[444] in module blk_mem_gen_v8_4_12_blk_mem_output_block is either unconnected or has no load
INFO: [Synth 8-7129] Port DOUTA_I[443] in module blk_mem_gen_v8_4_12_blk_mem_output_block is either unconnected or has no load
INFO: [Synth 8-7129] Port DOUTA_I[442] in module blk_mem_gen_v8_4_12_blk_mem_output_block is either unconnected or has no load
INFO: [Synth 8-7129] Port DOUTA_I[441] in module blk_mem_gen_v8_4_12_blk_mem_output_block is either unconnected or has no load
INFO: [Synth 8-7129] Port DOUTA_I[440] in module blk_mem_gen_v8_4_12_blk_mem_output_block is either unconnected or has no load
INFO: [Synth 8-7129] Port DOUTA_I[439] in module blk_mem_gen_v8_4_12_blk_mem_output_block is either unconnected or has no load
INFO: [Synth 8-7129] Port DOUTA_I[438] in module blk_mem_gen_v8_4_12_blk_mem_output_block is either unconnected or has no load
INFO: [Synth 8-7129] Port DOUTA_I[437] in module blk_mem_gen_v8_4_12_blk_mem_output_block is either unconnected or has no load
INFO: [Synth 8-7129] Port DOUTA_I[436] in module blk_mem_gen_v8_4_12_blk_mem_output_block is either unconnected or has no load
INFO: [Synth 8-7129] Port DOUTA_I[435] in module blk_mem_gen_v8_4_12_blk_mem_output_block is either unconnected or has no load
INFO: [Synth 8-7129] Port DOUTA_I[434] in module blk_mem_gen_v8_4_12_blk_mem_output_block is either unconnected or has no load
INFO: [Synth 8-7129] Port DOUTA_I[433] in module blk_mem_gen_v8_4_12_blk_mem_output_block is either unconnected or has no load
INFO: [Synth 8-7129] Port DOUTA_I[432] in module blk_mem_gen_v8_4_12_blk_mem_output_block is either unconnected or has no load
INFO: [Synth 8-7129] Port DOUTA_I[431] in module blk_mem_gen_v8_4_12_blk_mem_output_block is either unconnected or has no load
INFO: [Synth 8-7129] Port DOUTA_I[430] in module blk_mem_gen_v8_4_12_blk_mem_output_block is either unconnected or has no load
INFO: [Synth 8-7129] Port DOUTA_I[429] in module blk_mem_gen_v8_4_12_blk_mem_output_block is either unconnected or has no load
INFO: [Synth 8-7129] Port DOUTA_I[428] in module blk_mem_gen_v8_4_12_blk_mem_output_block is either unconnected or has no load
INFO: [Synth 8-7129] Port DOUTA_I[427] in module blk_mem_gen_v8_4_12_blk_mem_output_block is either unconnected or has no load
INFO: [Synth 8-7129] Port DOUTA_I[426] in module blk_mem_gen_v8_4_12_blk_mem_output_block is either unconnected or has no load
INFO: [Synth 8-7129] Port DOUTA_I[425] in module blk_mem_gen_v8_4_12_blk_mem_output_block is either unconnected or has no load
INFO: [Synth 8-7129] Port DOUTA_I[424] in module blk_mem_gen_v8_4_12_blk_mem_output_block is either unconnected or has no load
INFO: [Synth 8-7129] Port DOUTA_I[423] in module blk_mem_gen_v8_4_12_blk_mem_output_block is either unconnected or has no load
INFO: [Synth 8-7129] Port DOUTA_I[422] in module blk_mem_gen_v8_4_12_blk_mem_output_block is either unconnected or has no load
INFO: [Synth 8-7129] Port DOUTA_I[421] in module blk_mem_gen_v8_4_12_blk_mem_output_block is either unconnected or has no load
INFO: [Synth 8-7129] Port DOUTA_I[420] in module blk_mem_gen_v8_4_12_blk_mem_output_block is either unconnected or has no load
INFO: [Synth 8-7129] Port DOUTA_I[419] in module blk_mem_gen_v8_4_12_blk_mem_output_block is either unconnected or has no load
INFO: [Synth 8-7129] Port DOUTA_I[418] in module blk_mem_gen_v8_4_12_blk_mem_output_block is either unconnected or has no load
INFO: [Synth 8-7129] Port DOUTA_I[417] in module blk_mem_gen_v8_4_12_blk_mem_output_block is either unconnected or has no load
INFO: [Synth 8-7129] Port DOUTA_I[416] in module blk_mem_gen_v8_4_12_blk_mem_output_block is either unconnected or has no load
INFO: [Synth 8-7129] Port DOUTA_I[415] in module blk_mem_gen_v8_4_12_blk_mem_output_block is either unconnected or has no load
INFO: [Synth 8-7129] Port DOUTA_I[414] in module blk_mem_gen_v8_4_12_blk_mem_output_block is either unconnected or has no load
INFO: [Synth 8-7129] Port DOUTA_I[413] in module blk_mem_gen_v8_4_12_blk_mem_output_block is either unconnected or has no load
INFO: [Synth 8-7129] Port DOUTA_I[412] in module blk_mem_gen_v8_4_12_blk_mem_output_block is either unconnected or has no load
INFO: [Synth 8-7129] Port DOUTA_I[411] in module blk_mem_gen_v8_4_12_blk_mem_output_block is either unconnected or has no load
INFO: [Synth 8-7129] Port DOUTA_I[410] in module blk_mem_gen_v8_4_12_blk_mem_output_block is either unconnected or has no load
INFO: [Synth 8-7129] Port DOUTA_I[409] in module blk_mem_gen_v8_4_12_blk_mem_output_block is either unconnected or has no load
INFO: [Synth 8-7129] Port DOUTA_I[408] in module blk_mem_gen_v8_4_12_blk_mem_output_block is either unconnected or has no load
INFO: [Synth 8-7129] Port DOUTA_I[407] in module blk_mem_gen_v8_4_12_blk_mem_output_block is either unconnected or has no load
INFO: [Synth 8-7129] Port DOUTA_I[406] in module blk_mem_gen_v8_4_12_blk_mem_output_block is either unconnected or has no load
INFO: [Synth 8-7129] Port DOUTA_I[405] in module blk_mem_gen_v8_4_12_blk_mem_output_block is either unconnected or has no load
INFO: [Synth 8-7129] Port DOUTA_I[404] in module blk_mem_gen_v8_4_12_blk_mem_output_block is either unconnected or has no load
INFO: [Synth 8-7129] Port DOUTA_I[403] in module blk_mem_gen_v8_4_12_blk_mem_output_block is either unconnected or has no load
INFO: [Synth 8-7129] Port DOUTA_I[402] in module blk_mem_gen_v8_4_12_blk_mem_output_block is either unconnected or has no load
INFO: [Synth 8-7129] Port DOUTA_I[401] in module blk_mem_gen_v8_4_12_blk_mem_output_block is either unconnected or has no load
INFO: [Synth 8-7129] Port DOUTA_I[400] in module blk_mem_gen_v8_4_12_blk_mem_output_block is either unconnected or has no load
INFO: [Synth 8-7129] Port DOUTA_I[399] in module blk_mem_gen_v8_4_12_blk_mem_output_block is either unconnected or has no load
INFO: [Synth 8-7129] Port DOUTA_I[398] in module blk_mem_gen_v8_4_12_blk_mem_output_block is either unconnected or has no load
INFO: [Synth 8-7129] Port DOUTA_I[397] in module blk_mem_gen_v8_4_12_blk_mem_output_block is either unconnected or has no load
INFO: [Synth 8-7129] Port DOUTA_I[396] in module blk_mem_gen_v8_4_12_blk_mem_output_block is either unconnected or has no load
INFO: [Synth 8-7129] Port DOUTA_I[395] in module blk_mem_gen_v8_4_12_blk_mem_output_block is either unconnected or has no load
INFO: [Synth 8-7129] Port DOUTA_I[394] in module blk_mem_gen_v8_4_12_blk_mem_output_block is either unconnected or has no load
INFO: [Synth 8-7129] Port DOUTA_I[393] in module blk_mem_gen_v8_4_12_blk_mem_output_block is either unconnected or has no load
INFO: [Synth 8-7129] Port DOUTA_I[392] in module blk_mem_gen_v8_4_12_blk_mem_output_block is either unconnected or has no load
INFO: [Synth 8-7129] Port DOUTA_I[391] in module blk_mem_gen_v8_4_12_blk_mem_output_block is either unconnected or has no load
INFO: [Synth 8-7129] Port DOUTA_I[390] in module blk_mem_gen_v8_4_12_blk_mem_output_block is either unconnected or has no load
INFO: [Synth 8-7129] Port DOUTA_I[389] in module blk_mem_gen_v8_4_12_blk_mem_output_block is either unconnected or has no load
INFO: [Synth 8-7129] Port DOUTA_I[388] in module blk_mem_gen_v8_4_12_blk_mem_output_block is either unconnected or has no load
INFO: [Synth 8-7129] Port DOUTA_I[387] in module blk_mem_gen_v8_4_12_blk_mem_output_block is either unconnected or has no load
INFO: [Synth 8-7129] Port DOUTA_I[386] in module blk_mem_gen_v8_4_12_blk_mem_output_block is either unconnected or has no load
INFO: [Synth 8-7129] Port DOUTA_I[385] in module blk_mem_gen_v8_4_12_blk_mem_output_block is either unconnected or has no load
INFO: [Synth 8-7129] Port DOUTA_I[384] in module blk_mem_gen_v8_4_12_blk_mem_output_block is either unconnected or has no load
INFO: [Synth 8-7129] Port DOUTA_I[383] in module blk_mem_gen_v8_4_12_blk_mem_output_block is either unconnected or has no load
INFO: [Synth 8-7129] Port DOUTA_I[382] in module blk_mem_gen_v8_4_12_blk_mem_output_block is either unconnected or has no load
INFO: [Synth 8-7129] Port DOUTA_I[381] in module blk_mem_gen_v8_4_12_blk_mem_output_block is either unconnected or has no load
INFO: [Synth 8-7129] Port DOUTA_I[380] in module blk_mem_gen_v8_4_12_blk_mem_output_block is either unconnected or has no load
INFO: [Synth 8-7129] Port DOUTA_I[379] in module blk_mem_gen_v8_4_12_blk_mem_output_block is either unconnected or has no load
INFO: [Synth 8-7129] Port DOUTA_I[378] in module blk_mem_gen_v8_4_12_blk_mem_output_block is either unconnected or has no load
INFO: [Synth 8-7129] Port DOUTA_I[377] in module blk_mem_gen_v8_4_12_blk_mem_output_block is either unconnected or has no load
INFO: [Synth 8-7129] Port DOUTA_I[376] in module blk_mem_gen_v8_4_12_blk_mem_output_block is either unconnected or has no load
INFO: [Synth 8-7129] Port DOUTA_I[375] in module blk_mem_gen_v8_4_12_blk_mem_output_block is either unconnected or has no load
INFO: [Synth 8-7129] Port DOUTA_I[374] in module blk_mem_gen_v8_4_12_blk_mem_output_block is either unconnected or has no load
INFO: [Synth 8-7129] Port DOUTA_I[373] in module blk_mem_gen_v8_4_12_blk_mem_output_block is either unconnected or has no load
INFO: [Synth 8-7129] Port DOUTA_I[372] in module blk_mem_gen_v8_4_12_blk_mem_output_block is either unconnected or has no load
INFO: [Synth 8-7129] Port DOUTA_I[371] in module blk_mem_gen_v8_4_12_blk_mem_output_block is either unconnected or has no load
INFO: [Synth 8-7129] Port DOUTA_I[370] in module blk_mem_gen_v8_4_12_blk_mem_output_block is either unconnected or has no load
INFO: [Synth 8-7129] Port DOUTA_I[369] in module blk_mem_gen_v8_4_12_blk_mem_output_block is either unconnected or has no load
INFO: [Synth 8-7129] Port DOUTA_I[368] in module blk_mem_gen_v8_4_12_blk_mem_output_block is either unconnected or has no load
INFO: [Synth 8-7129] Port DOUTA_I[367] in module blk_mem_gen_v8_4_12_blk_mem_output_block is either unconnected or has no load
INFO: [Synth 8-7129] Port DOUTA_I[366] in module blk_mem_gen_v8_4_12_blk_mem_output_block is either unconnected or has no load
INFO: [Synth 8-7129] Port DOUTA_I[365] in module blk_mem_gen_v8_4_12_blk_mem_output_block is either unconnected or has no load
INFO: [Synth 8-7129] Port DOUTA_I[364] in module blk_mem_gen_v8_4_12_blk_mem_output_block is either unconnected or has no load
INFO: [Synth 8-7129] Port DOUTA_I[363] in module blk_mem_gen_v8_4_12_blk_mem_output_block is either unconnected or has no load
INFO: [Common 17-14] Message 'Synth 8-7129' appears 100 times and further instances of the messages will be disabled. Use the Tcl command set_msg_config to change the current settings.
---------------------------------------------------------------------------------
Finished RTL Elaboration : Time (s): cpu = 00:00:14 ; elapsed = 00:00:16 . Memory (MB): peak = 3638.566 ; gain = 606.828 ; free physical = 7122 ; free virtual = 23713
---------------------------------------------------------------------------------
---------------------------------------------------------------------------------
Start Handling Custom Attributes
---------------------------------------------------------------------------------
---------------------------------------------------------------------------------
Finished Handling Custom Attributes : Time (s): cpu = 00:00:14 ; elapsed = 00:00:16 . Memory (MB): peak = 3638.566 ; gain = 606.828 ; free physical = 7122 ; free virtual = 23713
---------------------------------------------------------------------------------
---------------------------------------------------------------------------------
Finished RTL Optimization Phase 1 : Time (s): cpu = 00:00:14 ; elapsed = 00:00:16 . Memory (MB): peak = 3638.566 ; gain = 606.828 ; free physical = 7122 ; free virtual = 23713
---------------------------------------------------------------------------------
Netlist sorting complete. Time (s): cpu = 00:00:00.11 ; elapsed = 00:00:00.11 . Memory (MB): peak = 3638.566 ; gain = 0.000 ; free physical = 7046 ; free virtual = 23638
INFO: [Netlist 29-17] Analyzing 484 Unisim elements for replacement
INFO: [Netlist 29-28] Unisim Transformation completed in 0 CPU seconds
INFO: [Project 1-570] Preparing netlist for logic optimization

Processing XDC Constraints
Initializing timing engine
Parsing XDC File [/home/xmen/Videos/RustDesk/SystolicCore/SystolicCore_Metricas/Zynq_Systolic_Core_AXI_FIFO_Stream_Reboot/Zynq_Systolic_Core_AXI_FIFO_Stream_Reboot.srcs/sources_1/ip/ila_3/ila_3_ooc.xdc] for cell 'inst'
Finished Parsing XDC File [/home/xmen/Videos/RustDesk/SystolicCore/SystolicCore_Metricas/Zynq_Systolic_Core_AXI_FIFO_Stream_Reboot/Zynq_Systolic_Core_AXI_FIFO_Stream_Reboot.srcs/sources_1/ip/ila_3/ila_3_ooc.xdc] for cell 'inst'
Parsing XDC File [/home/xmen/Videos/RustDesk/SystolicCore/SystolicCore_Metricas/Zynq_Systolic_Core_AXI_FIFO_Stream_Reboot/Zynq_Systolic_Core_AXI_FIFO_Stream_Reboot.srcs/sources_1/ip/ila_3/ila_v6_2/constraints/ila.xdc] for cell 'inst'
Finished Parsing XDC File [/home/xmen/Videos/RustDesk/SystolicCore/SystolicCore_Metricas/Zynq_Systolic_Core_AXI_FIFO_Stream_Reboot/Zynq_Systolic_Core_AXI_FIFO_Stream_Reboot.srcs/sources_1/ip/ila_3/ila_v6_2/constraints/ila.xdc] for cell 'inst'
INFO: [Project 1-236] Implementation specific constraints were found while reading constraint file [/home/xmen/Videos/RustDesk/SystolicCore/SystolicCore_Metricas/Zynq_Systolic_Core_AXI_FIFO_Stream_Reboot/Zynq_Systolic_Core_AXI_FIFO_Stream_Reboot.srcs/sources_1/ip/ila_3/ila_v6_2/constraints/ila.xdc]. These constraints will be ignored for synthesis but will be used in implementation. Impacted constraints are listed in the file [.Xil/ila_3_propImpl.xdc].
Resolution: To avoid this warning, move constraints listed in [.Xil/ila_3_propImpl.xdc] to another XDC file and exclude this new file from synthesis with the used_in_synthesis property (File Properties dialog in GUI) and re-run elaboration/synthesis.
Parsing XDC File [/home/xmen/Videos/RustDesk/SystolicCore/SystolicCore_Metricas/Zynq_Systolic_Core_AXI_FIFO_Stream_Reboot/Zynq_Systolic_Core_AXI_FIFO_Stream_Reboot.runs/ila_3_synth_1/dont_touch.xdc]
Finished Parsing XDC File [/home/xmen/Videos/RustDesk/SystolicCore/SystolicCore_Metricas/Zynq_Systolic_Core_AXI_FIFO_Stream_Reboot/Zynq_Systolic_Core_AXI_FIFO_Stream_Reboot.runs/ila_3_synth_1/dont_touch.xdc]
Completed Processing XDC Constraints

Netlist sorting complete. Time (s): cpu = 00:00:00 ; elapsed = 00:00:00.01 . Memory (MB): peak = 3678.586 ; gain = 0.000 ; free physical = 7114 ; free virtual = 23706
INFO: [Project 1-111] Unisim Transformation Summary:
  A total of 362 instances were transformed.
  CFGLUT5 => CFGLUT5 (SRL16E, SRLC32E): 320 instances
  CFGLUT5 => SRLC32E: 42 instances

Constraint Validation Runtime : Time (s): cpu = 00:00:00.1 ; elapsed = 00:00:00.09 . Memory (MB): peak = 3678.621 ; gain = 0.000 ; free physical = 7116 ; free virtual = 23708
INFO: [Designutils 20-5008] Incremental synthesis strategy off
---------------------------------------------------------------------------------
Finished Constraint Validation : Time (s): cpu = 00:00:24 ; elapsed = 00:00:25 . Memory (MB): peak = 3678.621 ; gain = 646.883 ; free physical = 7126 ; free virtual = 23720
---------------------------------------------------------------------------------
---------------------------------------------------------------------------------
Start Loading Part and Timing Information
---------------------------------------------------------------------------------
Loading part: xczu7ev-ffvc1156-2-e
INFO: [Synth 8-6742] Reading net delay rules and data
---------------------------------------------------------------------------------
Finished Loading Part and Timing Information : Time (s): cpu = 00:00:24 ; elapsed = 00:00:25 . Memory (MB): peak = 3686.590 ; gain = 654.852 ; free physical = 7126 ; free virtual = 23720
---------------------------------------------------------------------------------
---------------------------------------------------------------------------------
Start Applying 'set_property' XDC Constraints
---------------------------------------------------------------------------------
---------------------------------------------------------------------------------
Finished applying 'set_property' XDC Constraints : Time (s): cpu = 00:00:24 ; elapsed = 00:00:25 . Memory (MB): peak = 3686.590 ; gain = 654.852 ; free physical = 7096 ; free virtual = 23690
---------------------------------------------------------------------------------
INFO: [Synth 8-802] inferred FSM for state register 'current_state_reg' in module 'xsdbs_v1_0_5_reg_p2s'
INFO: [Synth 8-802] inferred FSM for state register 'current_state_reg' in module 'xsdbs_v1_0_5_reg_p2s__parameterized0'
INFO: [Synth 8-802] inferred FSM for state register 'current_state_reg' in module 'xsdbs_v1_0_5_reg_p2s__parameterized1'
INFO: [Synth 8-802] inferred FSM for state register 'current_state_reg' in module 'xsdbs_v1_0_5_reg_p2s__parameterized2'
INFO: [Synth 8-802] inferred FSM for state register 'current_state_reg' in module 'xsdbs_v1_0_5_reg_p2s__parameterized3'
INFO: [Synth 8-802] inferred FSM for state register 'current_state_reg' in module 'xsdbs_v1_0_5_reg_p2s__parameterized4'
INFO: [Synth 8-802] inferred FSM for state register 'current_state_reg' in module 'xsdbs_v1_0_5_reg_p2s__parameterized5'
INFO: [Synth 8-802] inferred FSM for state register 'current_state_reg' in module 'xsdbs_v1_0_5_reg_p2s__parameterized6'
INFO: [Synth 8-802] inferred FSM for state register 'current_state_reg' in module 'xsdbs_v1_0_5_reg_p2s__parameterized7'
INFO: [Synth 8-802] inferred FSM for state register 'current_state_reg' in module 'xsdbs_v1_0_5_reg_p2s__parameterized8'
INFO: [Synth 8-802] inferred FSM for state register 'current_state_reg' in module 'xsdbs_v1_0_5_reg_p2s__parameterized9'
INFO: [Synth 8-802] inferred FSM for state register 'current_state_reg' in module 'xsdbs_v1_0_5_reg_p2s__parameterized10'
INFO: [Synth 8-802] inferred FSM for state register 'current_state_reg' in module 'xsdbs_v1_0_5_reg_p2s__parameterized11'
INFO: [Synth 8-802] inferred FSM for state register 'current_state_reg' in module 'xsdbs_v1_0_5_reg_p2s__parameterized12'
INFO: [Synth 8-802] inferred FSM for state register 'current_state_reg' in module 'xsdbs_v1_0_5_reg_p2s__parameterized13'
INFO: [Synth 8-802] inferred FSM for state register 'current_state_reg' in module 'xsdbs_v1_0_5_reg_p2s__parameterized14'
INFO: [Synth 8-802] inferred FSM for state register 'current_state_reg' in module 'xsdbs_v1_0_5_reg_p2s__parameterized15'
INFO: [Synth 8-802] inferred FSM for state register 'current_state_reg' in module 'xsdbs_v1_0_5_reg_p2s__parameterized16'
INFO: [Synth 8-802] inferred FSM for state register 'current_state_reg' in module 'xsdbs_v1_0_5_reg_p2s__parameterized17'
INFO: [Synth 8-802] inferred FSM for state register 'current_state_reg' in module 'xsdbs_v1_0_5_reg_p2s__parameterized18'
INFO: [Synth 8-802] inferred FSM for state register 'current_state_reg' in module 'xsdbs_v1_0_5_reg_p2s__parameterized19'
INFO: [Synth 8-802] inferred FSM for state register 'current_state_reg' in module 'xsdbs_v1_0_5_reg_p2s__parameterized20'
INFO: [Synth 8-802] inferred FSM for state register 'current_state_reg' in module 'xsdbs_v1_0_5_reg_p2s__parameterized21'
INFO: [Synth 8-802] inferred FSM for state register 'current_state_reg' in module 'xsdbs_v1_0_5_reg_p2s__parameterized22'
INFO: [Synth 8-802] inferred FSM for state register 'current_state_reg' in module 'xsdbs_v1_0_5_reg_p2s__parameterized23'
INFO: [Synth 8-802] inferred FSM for state register 'current_state_reg' in module 'xsdbs_v1_0_5_reg_p2s__parameterized24'
INFO: [Synth 8-802] inferred FSM for state register 'current_state_reg' in module 'xsdbs_v1_0_5_reg_p2s__parameterized25'
INFO: [Synth 8-802] inferred FSM for state register 'current_state_reg' in module 'xsdbs_v1_0_5_reg_p2s__parameterized26'
INFO: [Synth 8-802] inferred FSM for state register 'current_state_reg' in module 'xsdbs_v1_0_5_reg_p2s__parameterized27'
INFO: [Synth 8-802] inferred FSM for state register 'current_state_reg' in module 'xsdbs_v1_0_5_reg_p2s__parameterized28'
INFO: [Synth 8-802] inferred FSM for state register 'current_state_reg' in module 'xsdbs_v1_0_5_reg_p2s__parameterized29'
INFO: [Synth 8-802] inferred FSM for state register 'current_state_reg' in module 'xsdbs_v1_0_5_reg_p2s__parameterized30'
INFO: [Synth 8-802] inferred FSM for state register 'current_state_reg' in module 'xsdbs_v1_0_5_reg_p2s__parameterized31'
INFO: [Synth 8-802] inferred FSM for state register 'current_state_reg' in module 'xsdbs_v1_0_5_reg_p2s__parameterized32'
INFO: [Synth 8-802] inferred FSM for state register 'current_state_reg' in module 'xsdbs_v1_0_5_reg_p2s__parameterized33'
INFO: [Synth 8-802] inferred FSM for state register 'current_state_reg' in module 'xsdbs_v1_0_5_reg_p2s__parameterized34'
INFO: [Synth 8-802] inferred FSM for state register 'current_state_reg' in module 'xsdbs_v1_0_5_reg_p2s__parameterized35'
INFO: [Synth 8-802] inferred FSM for state register 'current_state_reg' in module 'xsdbs_v1_0_5_reg_p2s__parameterized36'
INFO: [Synth 8-802] inferred FSM for state register 'current_state_reg' in module 'xsdbs_v1_0_5_reg_p2s__parameterized37'
INFO: [Synth 8-802] inferred FSM for state register 'current_state_reg' in module 'xsdbs_v1_0_5_reg_p2s__parameterized38'
INFO: [Synth 8-802] inferred FSM for state register 'current_state_reg' in module 'ltlib_v1_0_3_generic_memrd'
---------------------------------------------------------------------------------------------------
                   State |                     New Encoding |                Previous Encoding 
---------------------------------------------------------------------------------------------------
                    IDLE |                             0001 |                             0001
                     REG |                             0010 |                             0010
                     P2S |                             0100 |                             0100
                     S2P |                             1000 |                             1000
---------------------------------------------------------------------------------------------------
INFO: [Synth 8-3354] encoded FSM with state register 'current_state_reg' using encoding 'one-hot' in module 'xsdbs_v1_0_5_reg_p2s'
---------------------------------------------------------------------------------------------------
                   State |                     New Encoding |                Previous Encoding 
---------------------------------------------------------------------------------------------------
                    IDLE |                             0001 |                             0001
                     REG |                             0010 |                             0010
                     P2S |                             0100 |                             0100
                     S2P |                             1000 |                             1000
---------------------------------------------------------------------------------------------------
INFO: [Synth 8-3354] encoded FSM with state register 'current_state_reg' using encoding 'one-hot' in module 'xsdbs_v1_0_5_reg_p2s__parameterized0'
---------------------------------------------------------------------------------------------------
                   State |                     New Encoding |                Previous Encoding 
---------------------------------------------------------------------------------------------------
                    IDLE |                             0001 |                             0001
                     REG |                             0010 |                             0010
                     P2S |                             0100 |                             0100
                     S2P |                             1000 |                             1000
---------------------------------------------------------------------------------------------------
INFO: [Synth 8-3354] encoded FSM with state register 'current_state_reg' using encoding 'one-hot' in module 'xsdbs_v1_0_5_reg_p2s__parameterized1'
---------------------------------------------------------------------------------------------------
                   State |                     New Encoding |                Previous Encoding 
---------------------------------------------------------------------------------------------------
                    IDLE |                             0001 |                             0001
                     REG |                             0010 |                             0010
                     P2S |                             0100 |                             0100
                     S2P |                             1000 |                             1000
---------------------------------------------------------------------------------------------------
INFO: [Synth 8-3354] encoded FSM with state register 'current_state_reg' using encoding 'one-hot' in module 'xsdbs_v1_0_5_reg_p2s__parameterized2'
---------------------------------------------------------------------------------------------------
                   State |                     New Encoding |                Previous Encoding 
---------------------------------------------------------------------------------------------------
                    IDLE |                             0001 |                             0001
                     REG |                             0010 |                             0010
                     P2S |                             0100 |                             0100
                     S2P |                             1000 |                             1000
---------------------------------------------------------------------------------------------------
INFO: [Synth 8-3354] encoded FSM with state register 'current_state_reg' using encoding 'one-hot' in module 'xsdbs_v1_0_5_reg_p2s__parameterized3'
---------------------------------------------------------------------------------------------------
                   State |                     New Encoding |                Previous Encoding 
---------------------------------------------------------------------------------------------------
                    IDLE |                             0001 |                             0001
                     REG |                             0010 |                             0010
                     P2S |                             0100 |                             0100
                     S2P |                             1000 |                             1000
---------------------------------------------------------------------------------------------------
INFO: [Synth 8-3354] encoded FSM with state register 'current_state_reg' using encoding 'one-hot' in module 'xsdbs_v1_0_5_reg_p2s__parameterized4'
---------------------------------------------------------------------------------------------------
                   State |                     New Encoding |                Previous Encoding 
---------------------------------------------------------------------------------------------------
                    IDLE |                             0001 |                             0001
                     REG |                             0010 |                             0010
                     P2S |                             0100 |                             0100
                     S2P |                             1000 |                             1000
---------------------------------------------------------------------------------------------------
INFO: [Synth 8-3354] encoded FSM with state register 'current_state_reg' using encoding 'one-hot' in module 'xsdbs_v1_0_5_reg_p2s__parameterized5'
---------------------------------------------------------------------------------------------------
                   State |                     New Encoding |                Previous Encoding 
---------------------------------------------------------------------------------------------------
                    IDLE |                             0001 |                             0001
                     REG |                             0010 |                             0010
                     P2S |                             0100 |                             0100
                     S2P |                             1000 |                             1000
---------------------------------------------------------------------------------------------------
INFO: [Synth 8-3354] encoded FSM with state register 'current_state_reg' using encoding 'one-hot' in module 'xsdbs_v1_0_5_reg_p2s__parameterized6'
---------------------------------------------------------------------------------------------------
                   State |                     New Encoding |                Previous Encoding 
---------------------------------------------------------------------------------------------------
                    IDLE |                             0001 |                             0001
                     REG |                             0010 |                             0010
                     P2S |                             0100 |                             0100
                     S2P |                             1000 |                             1000
---------------------------------------------------------------------------------------------------
INFO: [Synth 8-3354] encoded FSM with state register 'current_state_reg' using encoding 'one-hot' in module 'xsdbs_v1_0_5_reg_p2s__parameterized7'
---------------------------------------------------------------------------------------------------
                   State |                     New Encoding |                Previous Encoding 
---------------------------------------------------------------------------------------------------
                    IDLE |                             0001 |                             0001
                     REG |                             0010 |                             0010
                     P2S |                             0100 |                             0100
                     S2P |                             1000 |                             1000
---------------------------------------------------------------------------------------------------
INFO: [Synth 8-3354] encoded FSM with state register 'current_state_reg' using encoding 'one-hot' in module 'xsdbs_v1_0_5_reg_p2s__parameterized8'
---------------------------------------------------------------------------------------------------
                   State |                     New Encoding |                Previous Encoding 
---------------------------------------------------------------------------------------------------
                    IDLE |                             0001 |                             0001
                     REG |                             0010 |                             0010
                     P2S |                             0100 |                             0100
                     S2P |                             1000 |                             1000
---------------------------------------------------------------------------------------------------
INFO: [Synth 8-3354] encoded FSM with state register 'current_state_reg' using encoding 'one-hot' in module 'xsdbs_v1_0_5_reg_p2s__parameterized9'
---------------------------------------------------------------------------------------------------
                   State |                     New Encoding |                Previous Encoding 
---------------------------------------------------------------------------------------------------
                    IDLE |                             0001 |                             0001
                     REG |                             0010 |                             0010
                     P2S |                             0100 |                             0100
                     S2P |                             1000 |                             1000
---------------------------------------------------------------------------------------------------
INFO: [Synth 8-3354] encoded FSM with state register 'current_state_reg' using encoding 'one-hot' in module 'xsdbs_v1_0_5_reg_p2s__parameterized10'
---------------------------------------------------------------------------------------------------
                   State |                     New Encoding |                Previous Encoding 
---------------------------------------------------------------------------------------------------
                    IDLE |                             0001 |                             0001
                     REG |                             0010 |                             0010
                     P2S |                             0100 |                             0100
                     S2P |                             1000 |                             1000
---------------------------------------------------------------------------------------------------
INFO: [Synth 8-3354] encoded FSM with state register 'current_state_reg' using encoding 'one-hot' in module 'xsdbs_v1_0_5_reg_p2s__parameterized11'
---------------------------------------------------------------------------------------------------
                   State |                     New Encoding |                Previous Encoding 
---------------------------------------------------------------------------------------------------
                    IDLE |                             0001 |                             0001
                     REG |                             0010 |                             0010
                     P2S |                             0100 |                             0100
                     S2P |                             1000 |                             1000
---------------------------------------------------------------------------------------------------
INFO: [Synth 8-3354] encoded FSM with state register 'current_state_reg' using encoding 'one-hot' in module 'xsdbs_v1_0_5_reg_p2s__parameterized12'
---------------------------------------------------------------------------------------------------
                   State |                     New Encoding |                Previous Encoding 
---------------------------------------------------------------------------------------------------
                    IDLE |                             0001 |                             0001
                     REG |                             0010 |                             0010
                     P2S |                             0100 |                             0100
                     S2P |                             1000 |                             1000
---------------------------------------------------------------------------------------------------
INFO: [Synth 8-3354] encoded FSM with state register 'current_state_reg' using encoding 'one-hot' in module 'xsdbs_v1_0_5_reg_p2s__parameterized13'
---------------------------------------------------------------------------------------------------
                   State |                     New Encoding |                Previous Encoding 
---------------------------------------------------------------------------------------------------
                    IDLE |                             0001 |                             0001
                     REG |                             0010 |                             0010
                     P2S |                             0100 |                             0100
                     S2P |                             1000 |                             1000
---------------------------------------------------------------------------------------------------
INFO: [Synth 8-3354] encoded FSM with state register 'current_state_reg' using encoding 'one-hot' in module 'xsdbs_v1_0_5_reg_p2s__parameterized14'
---------------------------------------------------------------------------------------------------
                   State |                     New Encoding |                Previous Encoding 
---------------------------------------------------------------------------------------------------
                    IDLE |                             0001 |                             0001
                     REG |                             0010 |                             0010
                     P2S |                             0100 |                             0100
                     S2P |                             1000 |                             1000
---------------------------------------------------------------------------------------------------
INFO: [Synth 8-3354] encoded FSM with state register 'current_state_reg' using encoding 'one-hot' in module 'xsdbs_v1_0_5_reg_p2s__parameterized15'
---------------------------------------------------------------------------------------------------
                   State |                     New Encoding |                Previous Encoding 
---------------------------------------------------------------------------------------------------
                    IDLE |                             0001 |                             0001
                     REG |                             0010 |                             0010
                     P2S |                             0100 |                             0100
                     S2P |                             1000 |                             1000
---------------------------------------------------------------------------------------------------
INFO: [Synth 8-3354] encoded FSM with state register 'current_state_reg' using encoding 'one-hot' in module 'xsdbs_v1_0_5_reg_p2s__parameterized16'
---------------------------------------------------------------------------------------------------
                   State |                     New Encoding |                Previous Encoding 
---------------------------------------------------------------------------------------------------
                    IDLE |                             0001 |                             0001
                     REG |                             0010 |                             0010
                     P2S |                             0100 |                             0100
                     S2P |                             1000 |                             1000
---------------------------------------------------------------------------------------------------
INFO: [Synth 8-3354] encoded FSM with state register 'current_state_reg' using encoding 'one-hot' in module 'xsdbs_v1_0_5_reg_p2s__parameterized17'
---------------------------------------------------------------------------------------------------
                   State |                     New Encoding |                Previous Encoding 
---------------------------------------------------------------------------------------------------
                    IDLE |                             0001 |                             0001
                     REG |                             0010 |                             0010
                     P2S |                             0100 |                             0100
                     S2P |                             1000 |                             1000
---------------------------------------------------------------------------------------------------
INFO: [Synth 8-3354] encoded FSM with state register 'current_state_reg' using encoding 'one-hot' in module 'xsdbs_v1_0_5_reg_p2s__parameterized18'
---------------------------------------------------------------------------------------------------
                   State |                     New Encoding |                Previous Encoding 
---------------------------------------------------------------------------------------------------
                    IDLE |                             0001 |                             0001
                     REG |                             0010 |                             0010
                     P2S |                             0100 |                             0100
                     S2P |                             1000 |                             1000
---------------------------------------------------------------------------------------------------
INFO: [Synth 8-3354] encoded FSM with state register 'current_state_reg' using encoding 'one-hot' in module 'xsdbs_v1_0_5_reg_p2s__parameterized19'
---------------------------------------------------------------------------------------------------
                   State |                     New Encoding |                Previous Encoding 
---------------------------------------------------------------------------------------------------
                    IDLE |                             0001 |                             0001
                     REG |                             0010 |                             0010
                     P2S |                             0100 |                             0100
                     S2P |                             1000 |                             1000
---------------------------------------------------------------------------------------------------
INFO: [Synth 8-3354] encoded FSM with state register 'current_state_reg' using encoding 'one-hot' in module 'xsdbs_v1_0_5_reg_p2s__parameterized20'
---------------------------------------------------------------------------------------------------
                   State |                     New Encoding |                Previous Encoding 
---------------------------------------------------------------------------------------------------
                    IDLE |                             0001 |                             0001
                     REG |                             0010 |                             0010
                     P2S |                             0100 |                             0100
                     S2P |                             1000 |                             1000
---------------------------------------------------------------------------------------------------
INFO: [Synth 8-3354] encoded FSM with state register 'current_state_reg' using encoding 'one-hot' in module 'xsdbs_v1_0_5_reg_p2s__parameterized21'
---------------------------------------------------------------------------------------------------
                   State |                     New Encoding |                Previous Encoding 
---------------------------------------------------------------------------------------------------
                    IDLE |                             0001 |                             0001
                     REG |                             0010 |                             0010
                     P2S |                             0100 |                             0100
                     S2P |                             1000 |                             1000
---------------------------------------------------------------------------------------------------
INFO: [Synth 8-3354] encoded FSM with state register 'current_state_reg' using encoding 'one-hot' in module 'xsdbs_v1_0_5_reg_p2s__parameterized22'
---------------------------------------------------------------------------------------------------
                   State |                     New Encoding |                Previous Encoding 
---------------------------------------------------------------------------------------------------
                    IDLE |                             0001 |                             0001
                     REG |                             0010 |                             0010
                     P2S |                             0100 |                             0100
                     S2P |                             1000 |                             1000
---------------------------------------------------------------------------------------------------
INFO: [Synth 8-3354] encoded FSM with state register 'current_state_reg' using encoding 'one-hot' in module 'xsdbs_v1_0_5_reg_p2s__parameterized23'
---------------------------------------------------------------------------------------------------
                   State |                     New Encoding |                Previous Encoding 
---------------------------------------------------------------------------------------------------
                    IDLE |                             0001 |                             0001
                     REG |                             0010 |                             0010
                     P2S |                             0100 |                             0100
                     S2P |                             1000 |                             1000
---------------------------------------------------------------------------------------------------
INFO: [Synth 8-3354] encoded FSM with state register 'current_state_reg' using encoding 'one-hot' in module 'xsdbs_v1_0_5_reg_p2s__parameterized24'
---------------------------------------------------------------------------------------------------
                   State |                     New Encoding |                Previous Encoding 
---------------------------------------------------------------------------------------------------
                    IDLE |                             0001 |                             0001
                     REG |                             0010 |                             0010
                     P2S |                             0100 |                             0100
                     S2P |                             1000 |                             1000
---------------------------------------------------------------------------------------------------
INFO: [Synth 8-3354] encoded FSM with state register 'current_state_reg' using encoding 'one-hot' in module 'xsdbs_v1_0_5_reg_p2s__parameterized25'
---------------------------------------------------------------------------------------------------
                   State |                     New Encoding |                Previous Encoding 
---------------------------------------------------------------------------------------------------
                    IDLE |                             0001 |                             0001
                     REG |                             0010 |                             0010
                     P2S |                             0100 |                             0100
                     S2P |                             1000 |                             1000
---------------------------------------------------------------------------------------------------
INFO: [Synth 8-3354] encoded FSM with state register 'current_state_reg' using encoding 'one-hot' in module 'xsdbs_v1_0_5_reg_p2s__parameterized26'
---------------------------------------------------------------------------------------------------
                   State |                     New Encoding |                Previous Encoding 
---------------------------------------------------------------------------------------------------
                    IDLE |                             0001 |                             0001
                     REG |                             0010 |                             0010
                     P2S |                             0100 |                             0100
                     S2P |                             1000 |                             1000
---------------------------------------------------------------------------------------------------
INFO: [Synth 8-3354] encoded FSM with state register 'current_state_reg' using encoding 'one-hot' in module 'xsdbs_v1_0_5_reg_p2s__parameterized27'
---------------------------------------------------------------------------------------------------
                   State |                     New Encoding |                Previous Encoding 
---------------------------------------------------------------------------------------------------
                    IDLE |                             0001 |                             0001
                     REG |                             0010 |                             0010
                     P2S |                             0100 |                             0100
                     S2P |                             1000 |                             1000
---------------------------------------------------------------------------------------------------
INFO: [Synth 8-3354] encoded FSM with state register 'current_state_reg' using encoding 'one-hot' in module 'xsdbs_v1_0_5_reg_p2s__parameterized28'
---------------------------------------------------------------------------------------------------
                   State |                     New Encoding |                Previous Encoding 
---------------------------------------------------------------------------------------------------
                    IDLE |                             0001 |                             0001
                     REG |                             0010 |                             0010
                     P2S |                             0100 |                             0100
                     S2P |                             1000 |                             1000
---------------------------------------------------------------------------------------------------
INFO: [Synth 8-3354] encoded FSM with state register 'current_state_reg' using encoding 'one-hot' in module 'xsdbs_v1_0_5_reg_p2s__parameterized29'
---------------------------------------------------------------------------------------------------
                   State |                     New Encoding |                Previous Encoding 
---------------------------------------------------------------------------------------------------
                    IDLE |                             0001 |                             0001
                     REG |                             0010 |                             0010
                     P2S |                             0100 |                             0100
                     S2P |                             1000 |                             1000
---------------------------------------------------------------------------------------------------
INFO: [Synth 8-3354] encoded FSM with state register 'current_state_reg' using encoding 'one-hot' in module 'xsdbs_v1_0_5_reg_p2s__parameterized30'
---------------------------------------------------------------------------------------------------
                   State |                     New Encoding |                Previous Encoding 
---------------------------------------------------------------------------------------------------
                    IDLE |                             0001 |                             0001
                     REG |                             0010 |                             0010
                     P2S |                             0100 |                             0100
                     S2P |                             1000 |                             1000
---------------------------------------------------------------------------------------------------
INFO: [Synth 8-3354] encoded FSM with state register 'current_state_reg' using encoding 'one-hot' in module 'xsdbs_v1_0_5_reg_p2s__parameterized31'
---------------------------------------------------------------------------------------------------
                   State |                     New Encoding |                Previous Encoding 
---------------------------------------------------------------------------------------------------
                    IDLE |                             0001 |                             0001
                     REG |                             0010 |                             0010
                     P2S |                             0100 |                             0100
                     S2P |                             1000 |                             1000
---------------------------------------------------------------------------------------------------
INFO: [Synth 8-3354] encoded FSM with state register 'current_state_reg' using encoding 'one-hot' in module 'xsdbs_v1_0_5_reg_p2s__parameterized32'
---------------------------------------------------------------------------------------------------
                   State |                     New Encoding |                Previous Encoding 
---------------------------------------------------------------------------------------------------
                    IDLE |                             0001 |                             0001
                     REG |                             0010 |                             0010
                     P2S |                             0100 |                             0100
                     S2P |                             1000 |                             1000
---------------------------------------------------------------------------------------------------
INFO: [Synth 8-3354] encoded FSM with state register 'current_state_reg' using encoding 'one-hot' in module 'xsdbs_v1_0_5_reg_p2s__parameterized33'
---------------------------------------------------------------------------------------------------
                   State |                     New Encoding |                Previous Encoding 
---------------------------------------------------------------------------------------------------
                    IDLE |                             0001 |                             0001
                     REG |                             0010 |                             0010
                     P2S |                             0100 |                             0100
                     S2P |                             1000 |                             1000
---------------------------------------------------------------------------------------------------
INFO: [Synth 8-3354] encoded FSM with state register 'current_state_reg' using encoding 'one-hot' in module 'xsdbs_v1_0_5_reg_p2s__parameterized34'
---------------------------------------------------------------------------------------------------
                   State |                     New Encoding |                Previous Encoding 
---------------------------------------------------------------------------------------------------
                    IDLE |                             0001 |                             0001
                     REG |                             0010 |                             0010
                     P2S |                             0100 |                             0100
                     S2P |                             1000 |                             1000
---------------------------------------------------------------------------------------------------
INFO: [Synth 8-3354] encoded FSM with state register 'current_state_reg' using encoding 'one-hot' in module 'xsdbs_v1_0_5_reg_p2s__parameterized35'
---------------------------------------------------------------------------------------------------
                   State |                     New Encoding |                Previous Encoding 
---------------------------------------------------------------------------------------------------
                    IDLE |                             0001 |                             0001
                     REG |                             0010 |                             0010
                     P2S |                             0100 |                             0100
                     S2P |                             1000 |                             1000
---------------------------------------------------------------------------------------------------
INFO: [Synth 8-3354] encoded FSM with state register 'current_state_reg' using encoding 'one-hot' in module 'xsdbs_v1_0_5_reg_p2s__parameterized36'
---------------------------------------------------------------------------------------------------
                   State |                     New Encoding |                Previous Encoding 
---------------------------------------------------------------------------------------------------
                    IDLE |                             0001 |                             0001
                     REG |                             0010 |                             0010
                     P2S |                             0100 |                             0100
                     S2P |                             1000 |                             1000
---------------------------------------------------------------------------------------------------
INFO: [Synth 8-3354] encoded FSM with state register 'current_state_reg' using encoding 'one-hot' in module 'xsdbs_v1_0_5_reg_p2s__parameterized37'
---------------------------------------------------------------------------------------------------
                   State |                     New Encoding |                Previous Encoding 
---------------------------------------------------------------------------------------------------
                    IDLE |                             0001 |                             0001
                     REG |                             0010 |                             0010
                     P2S |                             0100 |                             0100
                     S2P |                             1000 |                             1000
---------------------------------------------------------------------------------------------------
INFO: [Synth 8-3354] encoded FSM with state register 'current_state_reg' using encoding 'one-hot' in module 'xsdbs_v1_0_5_reg_p2s__parameterized38'
---------------------------------------------------------------------------------------------------
                   State |                     New Encoding |                Previous Encoding 
---------------------------------------------------------------------------------------------------
              RESET_ADDR |                          0000001 |                          0000001
            REQUEST_READ |                          0000010 |                          0000010
           WAIT_READ_ACK |                          0000100 |                          0000100
             OUTPUT_DATA |                          0001000 |                          0001000
                    IDLE |                          0010000 |                          0010000
         INCREMENT_BLOCK |                          0100000 |                          0100000
       INCREMENT_ADDRESS |                          1000000 |                          1000000
---------------------------------------------------------------------------------------------------
INFO: [Synth 8-3354] encoded FSM with state register 'current_state_reg' using encoding 'one-hot' in module 'ltlib_v1_0_3_generic_memrd'
---------------------------------------------------------------------------------
Finished RTL Optimization Phase 2 : Time (s): cpu = 00:00:25 ; elapsed = 00:00:26 . Memory (MB): peak = 3686.590 ; gain = 654.852 ; free physical = 7070 ; free virtual = 23674
---------------------------------------------------------------------------------
---------------------------------------------------------------------------------
Start RTL Component Statistics 
---------------------------------------------------------------------------------
---------------------------------------------------------------------------------
Finished RTL Component Statistics 
---------------------------------------------------------------------------------
---------------------------------------------------------------------------------
Start Part Resource Summary
---------------------------------------------------------------------------------
Part Resources:
DSPs: 1728 (col length:144)
BRAMs: 624 (col length: RAMB18 144 RAMB36 72)
---------------------------------------------------------------------------------
Finished Part Resource Summary
---------------------------------------------------------------------------------
---------------------------------------------------------------------------------
Start Cross Boundary and Area Optimization
---------------------------------------------------------------------------------
---------------------------------------------------------------------------------
Finished Cross Boundary and Area Optimization : Time (s): cpu = 00:00:36 ; elapsed = 00:00:38 . Memory (MB): peak = 3686.590 ; gain = 654.852 ; free physical = 7095 ; free virtual = 23697
---------------------------------------------------------------------------------
---------------------------------------------------------------------------------
Start Applying XDC Timing Constraints
---------------------------------------------------------------------------------
---------------------------------------------------------------------------------
Finished Applying XDC Timing Constraints : Time (s): cpu = 00:00:42 ; elapsed = 00:00:45 . Memory (MB): peak = 4076.449 ; gain = 1044.711 ; free physical = 6775 ; free virtual = 23377
---------------------------------------------------------------------------------
---------------------------------------------------------------------------------
Start Timing Optimization
---------------------------------------------------------------------------------
---------------------------------------------------------------------------------
Finished Timing Optimization : Time (s): cpu = 00:00:43 ; elapsed = 00:00:45 . Memory (MB): peak = 4115.496 ; gain = 1083.758 ; free physical = 6742 ; free virtual = 23345
---------------------------------------------------------------------------------
---------------------------------------------------------------------------------
Start Technology Mapping
---------------------------------------------------------------------------------
---------------------------------------------------------------------------------
Finished Technology Mapping : Time (s): cpu = 00:00:44 ; elapsed = 00:00:46 . Memory (MB): peak = 4123.504 ; gain = 1091.766 ; free physical = 6765 ; free virtual = 23367
---------------------------------------------------------------------------------
---------------------------------------------------------------------------------
Start IO Insertion
---------------------------------------------------------------------------------
---------------------------------------------------------------------------------
Start Flattening Before IO Insertion
---------------------------------------------------------------------------------
---------------------------------------------------------------------------------
Finished Flattening Before IO Insertion
---------------------------------------------------------------------------------
---------------------------------------------------------------------------------
Start Final Netlist Cleanup
---------------------------------------------------------------------------------
---------------------------------------------------------------------------------
Finished Final Netlist Cleanup
---------------------------------------------------------------------------------
---------------------------------------------------------------------------------
Finished IO Insertion : Time (s): cpu = 00:00:46 ; elapsed = 00:00:48 . Memory (MB): peak = 4279.316 ; gain = 1247.578 ; free physical = 6611 ; free virtual = 23214
---------------------------------------------------------------------------------
---------------------------------------------------------------------------------
Start Renaming Generated Instances
---------------------------------------------------------------------------------
---------------------------------------------------------------------------------
Finished Renaming Generated Instances : Time (s): cpu = 00:00:46 ; elapsed = 00:00:48 . Memory (MB): peak = 4279.316 ; gain = 1247.578 ; free physical = 6609 ; free virtual = 23211
---------------------------------------------------------------------------------
---------------------------------------------------------------------------------
Start Rebuilding User Hierarchy
---------------------------------------------------------------------------------
---------------------------------------------------------------------------------
Finished Rebuilding User Hierarchy : Time (s): cpu = 00:00:46 ; elapsed = 00:00:48 . Memory (MB): peak = 4279.316 ; gain = 1247.578 ; free physical = 6608 ; free virtual = 23210
---------------------------------------------------------------------------------
---------------------------------------------------------------------------------
Start Renaming Generated Ports
---------------------------------------------------------------------------------
---------------------------------------------------------------------------------
Finished Renaming Generated Ports : Time (s): cpu = 00:00:46 ; elapsed = 00:00:48 . Memory (MB): peak = 4279.316 ; gain = 1247.578 ; free physical = 6607 ; free virtual = 23209
---------------------------------------------------------------------------------
---------------------------------------------------------------------------------
Start Handling Custom Attributes
---------------------------------------------------------------------------------
---------------------------------------------------------------------------------
Finished Handling Custom Attributes : Time (s): cpu = 00:00:46 ; elapsed = 00:00:49 . Memory (MB): peak = 4279.316 ; gain = 1247.578 ; free physical = 6607 ; free virtual = 23209
---------------------------------------------------------------------------------
---------------------------------------------------------------------------------
Start Renaming Generated Nets
---------------------------------------------------------------------------------
---------------------------------------------------------------------------------
Finished Renaming Generated Nets : Time (s): cpu = 00:00:46 ; elapsed = 00:00:49 . Memory (MB): peak = 4279.316 ; gain = 1247.578 ; free physical = 6607 ; free virtual = 23209
---------------------------------------------------------------------------------
---------------------------------------------------------------------------------
Start Writing Synthesis Report
---------------------------------------------------------------------------------

Report BlackBoxes: 
+-+--------------+----------+
| |BlackBox name |Instances |
+-+--------------+----------+
+-+--------------+----------+

Report Cell Usage: 
+------+---------+------+
|      |Cell     |Count |
+------+---------+------+
|1     |CARRY4   |   122|
|2     |CFGLUT5  |   362|
|3     |LUT1     |    66|
|4     |LUT2     |   640|
|5     |LUT3     |   203|
|6     |LUT4     |   811|
|7     |LUT5     |   232|
|8     |LUT6     |   693|
|9     |MUXF7    |   144|
|10    |MUXF8    |     6|
|11    |RAMB36E2 |    13|
|12    |SRL16E   |   465|
|13    |SRLC16E  |     2|
|14    |SRLC32E  |    17|
|15    |FDRE     |  4619|
|16    |FDSE     |    16|
+------+---------+------+
---------------------------------------------------------------------------------
Finished Writing Synthesis Report : Time (s): cpu = 00:00:46 ; elapsed = 00:00:49 . Memory (MB): peak = 4279.316 ; gain = 1247.578 ; free physical = 6607 ; free virtual = 23209
---------------------------------------------------------------------------------
Synthesis finished with 0 errors, 0 critical warnings and 0 warnings.
Synthesis Optimization Runtime : Time (s): cpu = 00:00:40 ; elapsed = 00:00:42 . Memory (MB): peak = 4279.316 ; gain = 1207.523 ; free physical = 6607 ; free virtual = 23209
Synthesis Optimization Complete : Time (s): cpu = 00:00:46 ; elapsed = 00:00:49 . Memory (MB): peak = 4279.316 ; gain = 1247.578 ; free physical = 6607 ; free virtual = 23209
INFO: [Project 1-571] Translating synthesized netlist
Netlist sorting complete. Time (s): cpu = 00:00:00.06 ; elapsed = 00:00:00.06 . Memory (MB): peak = 4279.316 ; gain = 0.000 ; free physical = 6767 ; free virtual = 23370
INFO: [Netlist 29-17] Analyzing 634 Unisim elements for replacement
INFO: [Netlist 29-28] Unisim Transformation completed in 0 CPU seconds
INFO: [Project 1-570] Preparing netlist for logic optimization
INFO: [Opt 31-138] Pushed 0 inverter(s) to 0 load pin(s).
Netlist sorting complete. Time (s): cpu = 00:00:00.01 ; elapsed = 00:00:00 . Memory (MB): peak = 4279.316 ; gain = 0.000 ; free physical = 6782 ; free virtual = 23386
INFO: [Project 1-111] Unisim Transformation Summary:
  A total of 425 instances were transformed.
  (CARRY4) => CARRY8: 63 instances
  CFGLUT5 => CFGLUT5 (SRL16E, SRLC32E): 320 instances
  CFGLUT5 => SRLC32E: 42 instances

Synth Design complete | Checksum: e3f2fd29
INFO: [Common 17-83] Releasing license: Synthesis
325 Infos, 0 Warnings, 0 Critical Warnings and 0 Errors encountered.
synth_design completed successfully
synth_design: Time (s): cpu = 00:00:58 ; elapsed = 00:00:59 . Memory (MB): peak = 4279.316 ; gain = 2408.242 ; free physical = 6783 ; free virtual = 23387
INFO: [Common 17-2834] synth_design peak Physical Memory [PSS] (MB): overall = 3167.735; main = 3167.735; forked = 295.181
INFO: [Common 17-2834] synth_design peak Virtual Memory [VSS] (MB): overall = 5401.289; main = 4261.660; forked = 1641.008
Write ShapeDB Complete: Time (s): cpu = 00:00:00.03 ; elapsed = 00:00:00.01 . Memory (MB): peak = 4285.668 ; gain = 0.000 ; free physical = 6783 ; free virtual = 23388
INFO: [Common 17-1381] The checkpoint '/home/xmen/Videos/RustDesk/SystolicCore/SystolicCore_Metricas/Zynq_Systolic_Core_AXI_FIFO_Stream_Reboot/Zynq_Systolic_Core_AXI_FIFO_Stream_Reboot.runs/ila_3_synth_1/ila_3.dcp' has been generated.
INFO: [Coretcl 2-1648] Added synthesis output to IP cache for IP ila_3, cache-ID = 55a4b66b72751138
INFO: [Coretcl 2-1174] Renamed 347 cell refs.
Write ShapeDB Complete: Time (s): cpu = 00:00:00.03 ; elapsed = 00:00:00.01 . Memory (MB): peak = 4285.668 ; gain = 0.000 ; free physical = 6770 ; free virtual = 23390
INFO: [Common 17-1381] The checkpoint '/home/xmen/Videos/RustDesk/SystolicCore/SystolicCore_Metricas/Zynq_Systolic_Core_AXI_FIFO_Stream_Reboot/Zynq_Systolic_Core_AXI_FIFO_Stream_Reboot.runs/ila_3_synth_1/ila_3.dcp' has been generated.
INFO: [Vivado 12-24828] Executing command : report_utilization -file ila_3_utilization_synth.rpt -pb ila_3_utilization_synth.pb
INFO: [Common 17-206] Exiting Vivado at Wed Feb 25 03:38:23 2026...
