INFO: [VRFC 10-2263] Analyzing Verilog file "/home/xmen/Videos/RustDesk/SystolicCore/SystolicCore/Zynq_Systolic_Core_AXI_FIFO_Stream/Zynq_Systolic_Core_AXI_FIFO_Stream.sim/sim_1/synth/func/xsim/tb_func_synth.v" into library xil_defaultlib
INFO: [VRFC 10-311] analyzing module dbg_hub_CV
INFO: [VRFC 10-311] analyzing module SystolicCore
INFO: [VRFC 10-311] analyzing module SystolicCore_AXI_Stream_Systolic_0_0
INFO: [VRFC 10-311] analyzing module SystolicCore_AXI_Stream_Systolic_0_0_AXI_Stream_Systolic_Core
INFO: [VRFC 10-311] analyzing module SystolicCore_AXI_Stream_Systolic_0_0_SystolicCoreTop
INFO: [VRFC 10-311] analyzing module SystolicCore_AXI_Stream_Systolic_0_0_accumulator_cells
INFO: [VRFC 10-311] analyzing module SystolicCore_AXI_Stream_Systolic_0_0_accumulator_cells_0
INFO: [VRFC 10-311] analyzing module SystolicCore_AXI_Stream_Systolic_0_0_accumulator_cells_1
INFO: [VRFC 10-311] analyzing module SystolicCore_AXI_Stream_Systolic_0_0_accumulator_cells_10
INFO: [VRFC 10-311] analyzing module SystolicCore_AXI_Stream_Systolic_0_0_accumulator_cells_100
INFO: [VRFC 10-311] analyzing module SystolicCore_AXI_Stream_Systolic_0_0_accumulator_cells_101
INFO: [VRFC 10-311] analyzing module SystolicCore_AXI_Stream_Systolic_0_0_accumulator_cells_102
INFO: [VRFC 10-311] analyzing module SystolicCore_AXI_Stream_Systolic_0_0_accumulator_cells_103
INFO: [VRFC 10-311] analyzing module SystolicCore_AXI_Stream_Systolic_0_0_accumulator_cells_104
INFO: [VRFC 10-311] analyzing module SystolicCore_AXI_Stream_Systolic_0_0_accumulator_cells_105
INFO: [VRFC 10-311] analyzing module SystolicCore_AXI_Stream_Systolic_0_0_accumulator_cells_106
INFO: [VRFC 10-311] analyzing module SystolicCore_AXI_Stream_Systolic_0_0_accumulator_cells_107
INFO: [VRFC 10-311] analyzing module SystolicCore_AXI_Stream_Systolic_0_0_accumulator_cells_108
INFO: [VRFC 10-311] analyzing module SystolicCore_AXI_Stream_Systolic_0_0_accumulator_cells_109
INFO: [VRFC 10-311] analyzing module SystolicCore_AXI_Stream_Systolic_0_0_accumulator_cells_11
INFO: [VRFC 10-311] analyzing module SystolicCore_AXI_Stream_Systolic_0_0_accumulator_cells_110
INFO: [VRFC 10-311] analyzing module SystolicCore_AXI_Stream_Systolic_0_0_accumulator_cells_111
INFO: [VRFC 10-311] analyzing module SystolicCore_AXI_Stream_Systolic_0_0_accumulator_cells_112
INFO: [VRFC 10-311] analyzing module SystolicCore_AXI_Stream_Systolic_0_0_accumulator_cells_113
INFO: [VRFC 10-311] analyzing module SystolicCore_AXI_Stream_Systolic_0_0_accumulator_cells_114
INFO: [VRFC 10-311] analyzing module SystolicCore_AXI_Stream_Systolic_0_0_accumulator_cells_115
INFO: [VRFC 10-311] analyzing module SystolicCore_AXI_Stream_Systolic_0_0_accumulator_cells_116
INFO: [VRFC 10-311] analyzing module SystolicCore_AXI_Stream_Systolic_0_0_accumulator_cells_117
INFO: [VRFC 10-311] analyzing module SystolicCore_AXI_Stream_Systolic_0_0_accumulator_cells_118
INFO: [VRFC 10-311] analyzing module SystolicCore_AXI_Stream_Systolic_0_0_accumulator_cells_119
INFO: [VRFC 10-311] analyzing module SystolicCore_AXI_Stream_Systolic_0_0_accumulator_cells_12
INFO: [VRFC 10-311] analyzing module SystolicCore_AXI_Stream_Systolic_0_0_accumulator_cells_120
INFO: [VRFC 10-311] analyzing module SystolicCore_AXI_Stream_Systolic_0_0_accumulator_cells_121
INFO: [VRFC 10-311] analyzing module SystolicCore_AXI_Stream_Systolic_0_0_accumulator_cells_122
INFO: [VRFC 10-311] analyzing module SystolicCore_AXI_Stream_Systolic_0_0_accumulator_cells_123
INFO: [VRFC 10-311] analyzing module SystolicCore_AXI_Stream_Systolic_0_0_accumulator_cells_124
INFO: [VRFC 10-311] analyzing module SystolicCore_AXI_Stream_Systolic_0_0_accumulator_cells_125
INFO: [VRFC 10-311] analyzing module SystolicCore_AXI_Stream_Systolic_0_0_accumulator_cells_126
INFO: [VRFC 10-311] analyzing module SystolicCore_AXI_Stream_Systolic_0_0_accumulator_cells_127
INFO: [VRFC 10-311] analyzing module SystolicCore_AXI_Stream_Systolic_0_0_accumulator_cells_128
INFO: [VRFC 10-311] analyzing module SystolicCore_AXI_Stream_Systolic_0_0_accumulator_cells_129
INFO: [VRFC 10-311] analyzing module SystolicCore_AXI_Stream_Systolic_0_0_accumulator_cells_13
INFO: [VRFC 10-311] analyzing module SystolicCore_AXI_Stream_Systolic_0_0_accumulator_cells_130
INFO: [VRFC 10-311] analyzing module SystolicCore_AXI_Stream_Systolic_0_0_accumulator_cells_131
INFO: [VRFC 10-311] analyzing module SystolicCore_AXI_Stream_Systolic_0_0_accumulator_cells_132
INFO: [VRFC 10-311] analyzing module SystolicCore_AXI_Stream_Systolic_0_0_accumulator_cells_133
INFO: [VRFC 10-311] analyzing module SystolicCore_AXI_Stream_Systolic_0_0_accumulator_cells_134
INFO: [VRFC 10-311] analyzing module SystolicCore_AXI_Stream_Systolic_0_0_accumulator_cells_135
INFO: [VRFC 10-311] analyzing module SystolicCore_AXI_Stream_Systolic_0_0_accumulator_cells_136
INFO: [VRFC 10-311] analyzing module SystolicCore_AXI_Stream_Systolic_0_0_accumulator_cells_137
INFO: [VRFC 10-311] analyzing module SystolicCore_AXI_Stream_Systolic_0_0_accumulator_cells_138
INFO: [VRFC 10-311] analyzing module SystolicCore_AXI_Stream_Systolic_0_0_accumulator_cells_139
INFO: [VRFC 10-311] analyzing module SystolicCore_AXI_Stream_Systolic_0_0_accumulator_cells_14
INFO: [VRFC 10-311] analyzing module SystolicCore_AXI_Stream_Systolic_0_0_accumulator_cells_140
INFO: [VRFC 10-311] analyzing module SystolicCore_AXI_Stream_Systolic_0_0_accumulator_cells_141
INFO: [VRFC 10-311] analyzing module SystolicCore_AXI_Stream_Systolic_0_0_accumulator_cells_142
INFO: [VRFC 10-311] analyzing module SystolicCore_AXI_Stream_Systolic_0_0_accumulator_cells_143
INFO: [VRFC 10-311] analyzing module SystolicCore_AXI_Stream_Systolic_0_0_accumulator_cells_144
INFO: [VRFC 10-311] analyzing module SystolicCore_AXI_Stream_Systolic_0_0_accumulator_cells_145
INFO: [VRFC 10-311] analyzing module SystolicCore_AXI_Stream_Systolic_0_0_accumulator_cells_146
INFO: [VRFC 10-311] analyzing module SystolicCore_AXI_Stream_Systolic_0_0_accumulator_cells_147
INFO: [VRFC 10-311] analyzing module SystolicCore_AXI_Stream_Systolic_0_0_accumulator_cells_148
INFO: [VRFC 10-311] analyzing module SystolicCore_AXI_Stream_Systolic_0_0_accumulator_cells_149
INFO: [VRFC 10-311] analyzing module SystolicCore_AXI_Stream_Systolic_0_0_accumulator_cells_15
INFO: [VRFC 10-311] analyzing module SystolicCore_AXI_Stream_Systolic_0_0_accumulator_cells_150
INFO: [VRFC 10-311] analyzing module SystolicCore_AXI_Stream_Systolic_0_0_accumulator_cells_151
INFO: [VRFC 10-311] analyzing module SystolicCore_AXI_Stream_Systolic_0_0_accumulator_cells_152
INFO: [VRFC 10-311] analyzing module SystolicCore_AXI_Stream_Systolic_0_0_accumulator_cells_153
INFO: [VRFC 10-311] analyzing module SystolicCore_AXI_Stream_Systolic_0_0_accumulator_cells_154
INFO: [VRFC 10-311] analyzing module SystolicCore_AXI_Stream_Systolic_0_0_accumulator_cells_155
INFO: [VRFC 10-311] analyzing module SystolicCore_AXI_Stream_Systolic_0_0_accumulator_cells_156
INFO: [VRFC 10-311] analyzing module SystolicCore_AXI_Stream_Systolic_0_0_accumulator_cells_157
INFO: [VRFC 10-311] analyzing module SystolicCore_AXI_Stream_Systolic_0_0_accumulator_cells_158
INFO: [VRFC 10-311] analyzing module SystolicCore_AXI_Stream_Systolic_0_0_accumulator_cells_159
INFO: [VRFC 10-311] analyzing module SystolicCore_AXI_Stream_Systolic_0_0_accumulator_cells_16
INFO: [VRFC 10-311] analyzing module SystolicCore_AXI_Stream_Systolic_0_0_accumulator_cells_160
INFO: [VRFC 10-311] analyzing module SystolicCore_AXI_Stream_Systolic_0_0_accumulator_cells_161
INFO: [VRFC 10-311] analyzing module SystolicCore_AXI_Stream_Systolic_0_0_accumulator_cells_162
INFO: [VRFC 10-311] analyzing module SystolicCore_AXI_Stream_Systolic_0_0_accumulator_cells_163
INFO: [VRFC 10-311] analyzing module SystolicCore_AXI_Stream_Systolic_0_0_accumulator_cells_164
INFO: [VRFC 10-311] analyzing module SystolicCore_AXI_Stream_Systolic_0_0_accumulator_cells_165
INFO: [VRFC 10-311] analyzing module SystolicCore_AXI_Stream_Systolic_0_0_accumulator_cells_166
INFO: [VRFC 10-311] analyzing module SystolicCore_AXI_Stream_Systolic_0_0_accumulator_cells_167
INFO: [VRFC 10-311] analyzing module SystolicCore_AXI_Stream_Systolic_0_0_accumulator_cells_168
INFO: [VRFC 10-311] analyzing module SystolicCore_AXI_Stream_Systolic_0_0_accumulator_cells_169
INFO: [VRFC 10-311] analyzing module SystolicCore_AXI_Stream_Systolic_0_0_accumulator_cells_17
INFO: [VRFC 10-311] analyzing module SystolicCore_AXI_Stream_Systolic_0_0_accumulator_cells_170
INFO: [VRFC 10-311] analyzing module SystolicCore_AXI_Stream_Systolic_0_0_accumulator_cells_171
INFO: [VRFC 10-311] analyzing module SystolicCore_AXI_Stream_Systolic_0_0_accumulator_cells_172
INFO: [VRFC 10-311] analyzing module SystolicCore_AXI_Stream_Systolic_0_0_accumulator_cells_173
INFO: [VRFC 10-311] analyzing module SystolicCore_AXI_Stream_Systolic_0_0_accumulator_cells_174
INFO: [VRFC 10-311] analyzing module SystolicCore_AXI_Stream_Systolic_0_0_accumulator_cells_175
INFO: [VRFC 10-311] analyzing module SystolicCore_AXI_Stream_Systolic_0_0_accumulator_cells_176
INFO: [VRFC 10-311] analyzing module SystolicCore_AXI_Stream_Systolic_0_0_accumulator_cells_177
INFO: [VRFC 10-311] analyzing module SystolicCore_AXI_Stream_Systolic_0_0_accumulator_cells_178
INFO: [VRFC 10-311] analyzing module SystolicCore_AXI_Stream_Systolic_0_0_accumulator_cells_179
INFO: [VRFC 10-311] analyzing module SystolicCore_AXI_Stream_Systolic_0_0_accumulator_cells_18
INFO: [VRFC 10-311] analyzing module SystolicCore_AXI_Stream_Systolic_0_0_accumulator_cells_180
INFO: [VRFC 10-311] analyzing module SystolicCore_AXI_Stream_Systolic_0_0_accumulator_cells_181
INFO: [VRFC 10-311] analyzing module SystolicCore_AXI_Stream_Systolic_0_0_accumulator_cells_182
INFO: [VRFC 10-311] analyzing module SystolicCore_AXI_Stream_Systolic_0_0_accumulator_cells_183
INFO: [VRFC 10-311] analyzing module SystolicCore_AXI_Stream_Systolic_0_0_accumulator_cells_184
INFO: [VRFC 10-311] analyzing module SystolicCore_AXI_Stream_Systolic_0_0_accumulator_cells_185
INFO: [VRFC 10-311] analyzing module SystolicCore_AXI_Stream_Systolic_0_0_accumulator_cells_186
INFO: [VRFC 10-311] analyzing module SystolicCore_AXI_Stream_Systolic_0_0_accumulator_cells_187
INFO: [VRFC 10-311] analyzing module SystolicCore_AXI_Stream_Systolic_0_0_accumulator_cells_188
INFO: [VRFC 10-311] analyzing module SystolicCore_AXI_Stream_Systolic_0_0_accumulator_cells_189
INFO: [VRFC 10-311] analyzing module SystolicCore_AXI_Stream_Systolic_0_0_accumulator_cells_19
INFO: [VRFC 10-311] analyzing module SystolicCore_AXI_Stream_Systolic_0_0_accumulator_cells_190
INFO: [VRFC 10-311] analyzing module SystolicCore_AXI_Stream_Systolic_0_0_accumulator_cells_191
INFO: [VRFC 10-311] analyzing module SystolicCore_AXI_Stream_Systolic_0_0_accumulator_cells_192
INFO: [VRFC 10-311] analyzing module SystolicCore_AXI_Stream_Systolic_0_0_accumulator_cells_193
INFO: [VRFC 10-311] analyzing module SystolicCore_AXI_Stream_Systolic_0_0_accumulator_cells_194
INFO: [VRFC 10-311] analyzing module SystolicCore_AXI_Stream_Systolic_0_0_accumulator_cells_195
INFO: [VRFC 10-311] analyzing module SystolicCore_AXI_Stream_Systolic_0_0_accumulator_cells_196
INFO: [VRFC 10-311] analyzing module SystolicCore_AXI_Stream_Systolic_0_0_accumulator_cells_197
INFO: [VRFC 10-311] analyzing module SystolicCore_AXI_Stream_Systolic_0_0_accumulator_cells_198
INFO: [VRFC 10-311] analyzing module SystolicCore_AXI_Stream_Systolic_0_0_accumulator_cells_199
INFO: [VRFC 10-311] analyzing module SystolicCore_AXI_Stream_Systolic_0_0_accumulator_cells_2
INFO: [VRFC 10-311] analyzing module SystolicCore_AXI_Stream_Systolic_0_0_accumulator_cells_20
INFO: [VRFC 10-311] analyzing module SystolicCore_AXI_Stream_Systolic_0_0_accumulator_cells_200
INFO: [VRFC 10-311] analyzing module SystolicCore_AXI_Stream_Systolic_0_0_accumulator_cells_201
INFO: [VRFC 10-311] analyzing module SystolicCore_AXI_Stream_Systolic_0_0_accumulator_cells_202
INFO: [VRFC 10-311] analyzing module SystolicCore_AXI_Stream_Systolic_0_0_accumulator_cells_203
INFO: [VRFC 10-311] analyzing module SystolicCore_AXI_Stream_Systolic_0_0_accumulator_cells_204
INFO: [VRFC 10-311] analyzing module SystolicCore_AXI_Stream_Systolic_0_0_accumulator_cells_205
INFO: [VRFC 10-311] analyzing module SystolicCore_AXI_Stream_Systolic_0_0_accumulator_cells_206
INFO: [VRFC 10-311] analyzing module SystolicCore_AXI_Stream_Systolic_0_0_accumulator_cells_207
INFO: [VRFC 10-311] analyzing module SystolicCore_AXI_Stream_Systolic_0_0_accumulator_cells_208
INFO: [VRFC 10-311] analyzing module SystolicCore_AXI_Stream_Systolic_0_0_accumulator_cells_209
INFO: [VRFC 10-311] analyzing module SystolicCore_AXI_Stream_Systolic_0_0_accumulator_cells_21
INFO: [VRFC 10-311] analyzing module SystolicCore_AXI_Stream_Systolic_0_0_accumulator_cells_210
INFO: [VRFC 10-311] analyzing module SystolicCore_AXI_Stream_Systolic_0_0_accumulator_cells_211
INFO: [VRFC 10-311] analyzing module SystolicCore_AXI_Stream_Systolic_0_0_accumulator_cells_212
INFO: [VRFC 10-311] analyzing module SystolicCore_AXI_Stream_Systolic_0_0_accumulator_cells_213
INFO: [VRFC 10-311] analyzing module SystolicCore_AXI_Stream_Systolic_0_0_accumulator_cells_214
INFO: [VRFC 10-311] analyzing module SystolicCore_AXI_Stream_Systolic_0_0_accumulator_cells_215
INFO: [VRFC 10-311] analyzing module SystolicCore_AXI_Stream_Systolic_0_0_accumulator_cells_216
INFO: [VRFC 10-311] analyzing module SystolicCore_AXI_Stream_Systolic_0_0_accumulator_cells_217
INFO: [VRFC 10-311] analyzing module SystolicCore_AXI_Stream_Systolic_0_0_accumulator_cells_218
INFO: [VRFC 10-311] analyzing module SystolicCore_AXI_Stream_Systolic_0_0_accumulator_cells_219
INFO: [VRFC 10-311] analyzing module SystolicCore_AXI_Stream_Systolic_0_0_accumulator_cells_22
INFO: [VRFC 10-311] analyzing module SystolicCore_AXI_Stream_Systolic_0_0_accumulator_cells_220
INFO: [VRFC 10-311] analyzing module SystolicCore_AXI_Stream_Systolic_0_0_accumulator_cells_221
INFO: [VRFC 10-311] analyzing module SystolicCore_AXI_Stream_Systolic_0_0_accumulator_cells_222
INFO: [VRFC 10-311] analyzing module SystolicCore_AXI_Stream_Systolic_0_0_accumulator_cells_223
INFO: [VRFC 10-311] analyzing module SystolicCore_AXI_Stream_Systolic_0_0_accumulator_cells_224
INFO: [VRFC 10-311] analyzing module SystolicCore_AXI_Stream_Systolic_0_0_accumulator_cells_225
INFO: [VRFC 10-311] analyzing module SystolicCore_AXI_Stream_Systolic_0_0_accumulator_cells_226
INFO: [VRFC 10-311] analyzing module SystolicCore_AXI_Stream_Systolic_0_0_accumulator_cells_227
INFO: [VRFC 10-311] analyzing module SystolicCore_AXI_Stream_Systolic_0_0_accumulator_cells_228
INFO: [VRFC 10-311] analyzing module SystolicCore_AXI_Stream_Systolic_0_0_accumulator_cells_229
INFO: [VRFC 10-311] analyzing module SystolicCore_AXI_Stream_Systolic_0_0_accumulator_cells_23
INFO: [VRFC 10-311] analyzing module SystolicCore_AXI_Stream_Systolic_0_0_accumulator_cells_230
INFO: [VRFC 10-311] analyzing module SystolicCore_AXI_Stream_Systolic_0_0_accumulator_cells_231
INFO: [VRFC 10-311] analyzing module SystolicCore_AXI_Stream_Systolic_0_0_accumulator_cells_232
INFO: [VRFC 10-311] analyzing module SystolicCore_AXI_Stream_Systolic_0_0_accumulator_cells_233
INFO: [VRFC 10-311] analyzing module SystolicCore_AXI_Stream_Systolic_0_0_accumulator_cells_234
INFO: [VRFC 10-311] analyzing module SystolicCore_AXI_Stream_Systolic_0_0_accumulator_cells_235
INFO: [VRFC 10-311] analyzing module SystolicCore_AXI_Stream_Systolic_0_0_accumulator_cells_236
INFO: [VRFC 10-311] analyzing module SystolicCore_AXI_Stream_Systolic_0_0_accumulator_cells_237
INFO: [VRFC 10-311] analyzing module SystolicCore_AXI_Stream_Systolic_0_0_accumulator_cells_238
INFO: [VRFC 10-311] analyzing module SystolicCore_AXI_Stream_Systolic_0_0_accumulator_cells_239
INFO: [VRFC 10-311] analyzing module SystolicCore_AXI_Stream_Systolic_0_0_accumulator_cells_24
INFO: [VRFC 10-311] analyzing module SystolicCore_AXI_Stream_Systolic_0_0_accumulator_cells_240
INFO: [VRFC 10-311] analyzing module SystolicCore_AXI_Stream_Systolic_0_0_accumulator_cells_241
INFO: [VRFC 10-311] analyzing module SystolicCore_AXI_Stream_Systolic_0_0_accumulator_cells_242
INFO: [VRFC 10-311] analyzing module SystolicCore_AXI_Stream_Systolic_0_0_accumulator_cells_243
INFO: [VRFC 10-311] analyzing module SystolicCore_AXI_Stream_Systolic_0_0_accumulator_cells_244
INFO: [VRFC 10-311] analyzing module SystolicCore_AXI_Stream_Systolic_0_0_accumulator_cells_245
INFO: [VRFC 10-311] analyzing module SystolicCore_AXI_Stream_Systolic_0_0_accumulator_cells_246
INFO: [VRFC 10-311] analyzing module SystolicCore_AXI_Stream_Systolic_0_0_accumulator_cells_247
INFO: [VRFC 10-311] analyzing module SystolicCore_AXI_Stream_Systolic_0_0_accumulator_cells_248
INFO: [VRFC 10-311] analyzing module SystolicCore_AXI_Stream_Systolic_0_0_accumulator_cells_249
INFO: [VRFC 10-311] analyzing module SystolicCore_AXI_Stream_Systolic_0_0_accumulator_cells_25
INFO: [VRFC 10-311] analyzing module SystolicCore_AXI_Stream_Systolic_0_0_accumulator_cells_250
INFO: [VRFC 10-311] analyzing module SystolicCore_AXI_Stream_Systolic_0_0_accumulator_cells_251
INFO: [VRFC 10-311] analyzing module SystolicCore_AXI_Stream_Systolic_0_0_accumulator_cells_252
INFO: [VRFC 10-311] analyzing module SystolicCore_AXI_Stream_Systolic_0_0_accumulator_cells_253
INFO: [VRFC 10-311] analyzing module SystolicCore_AXI_Stream_Systolic_0_0_accumulator_cells_254
INFO: [VRFC 10-311] analyzing module SystolicCore_AXI_Stream_Systolic_0_0_accumulator_cells_26
INFO: [VRFC 10-311] analyzing module SystolicCore_AXI_Stream_Systolic_0_0_accumulator_cells_27
INFO: [VRFC 10-311] analyzing module SystolicCore_AXI_Stream_Systolic_0_0_accumulator_cells_28
INFO: [VRFC 10-311] analyzing module SystolicCore_AXI_Stream_Systolic_0_0_accumulator_cells_29
INFO: [VRFC 10-311] analyzing module SystolicCore_AXI_Stream_Systolic_0_0_accumulator_cells_3
INFO: [VRFC 10-311] analyzing module SystolicCore_AXI_Stream_Systolic_0_0_accumulator_cells_30
INFO: [VRFC 10-311] analyzing module SystolicCore_AXI_Stream_Systolic_0_0_accumulator_cells_31
INFO: [VRFC 10-311] analyzing module SystolicCore_AXI_Stream_Systolic_0_0_accumulator_cells_32
INFO: [VRFC 10-311] analyzing module SystolicCore_AXI_Stream_Systolic_0_0_accumulator_cells_33
INFO: [VRFC 10-311] analyzing module SystolicCore_AXI_Stream_Systolic_0_0_accumulator_cells_34
INFO: [VRFC 10-311] analyzing module SystolicCore_AXI_Stream_Systolic_0_0_accumulator_cells_35
INFO: [VRFC 10-311] analyzing module SystolicCore_AXI_Stream_Systolic_0_0_accumulator_cells_36
INFO: [VRFC 10-311] analyzing module SystolicCore_AXI_Stream_Systolic_0_0_accumulator_cells_37
INFO: [VRFC 10-311] analyzing module SystolicCore_AXI_Stream_Systolic_0_0_accumulator_cells_38
INFO: [VRFC 10-311] analyzing module SystolicCore_AXI_Stream_Systolic_0_0_accumulator_cells_39
INFO: [VRFC 10-311] analyzing module SystolicCore_AXI_Stream_Systolic_0_0_accumulator_cells_4
INFO: [VRFC 10-311] analyzing module SystolicCore_AXI_Stream_Systolic_0_0_accumulator_cells_40
INFO: [VRFC 10-311] analyzing module SystolicCore_AXI_Stream_Systolic_0_0_accumulator_cells_41
INFO: [VRFC 10-311] analyzing module SystolicCore_AXI_Stream_Systolic_0_0_accumulator_cells_42
INFO: [VRFC 10-311] analyzing module SystolicCore_AXI_Stream_Systolic_0_0_accumulator_cells_43
INFO: [VRFC 10-311] analyzing module SystolicCore_AXI_Stream_Systolic_0_0_accumulator_cells_44
INFO: [VRFC 10-311] analyzing module SystolicCore_AXI_Stream_Systolic_0_0_accumulator_cells_45
INFO: [VRFC 10-311] analyzing module SystolicCore_AXI_Stream_Systolic_0_0_accumulator_cells_46
INFO: [VRFC 10-311] analyzing module SystolicCore_AXI_Stream_Systolic_0_0_accumulator_cells_47
INFO: [VRFC 10-311] analyzing module SystolicCore_AXI_Stream_Systolic_0_0_accumulator_cells_48
INFO: [VRFC 10-311] analyzing module SystolicCore_AXI_Stream_Systolic_0_0_accumulator_cells_49
INFO: [VRFC 10-311] analyzing module SystolicCore_AXI_Stream_Systolic_0_0_accumulator_cells_5
INFO: [VRFC 10-311] analyzing module SystolicCore_AXI_Stream_Systolic_0_0_accumulator_cells_50
INFO: [VRFC 10-311] analyzing module SystolicCore_AXI_Stream_Systolic_0_0_accumulator_cells_51
INFO: [VRFC 10-311] analyzing module SystolicCore_AXI_Stream_Systolic_0_0_accumulator_cells_52
INFO: [VRFC 10-311] analyzing module SystolicCore_AXI_Stream_Systolic_0_0_accumulator_cells_53
INFO: [VRFC 10-311] analyzing module SystolicCore_AXI_Stream_Systolic_0_0_accumulator_cells_54
INFO: [VRFC 10-311] analyzing module SystolicCore_AXI_Stream_Systolic_0_0_accumulator_cells_55
INFO: [VRFC 10-311] analyzing module SystolicCore_AXI_Stream_Systolic_0_0_accumulator_cells_56
INFO: [VRFC 10-311] analyzing module SystolicCore_AXI_Stream_Systolic_0_0_accumulator_cells_57
INFO: [VRFC 10-311] analyzing module SystolicCore_AXI_Stream_Systolic_0_0_accumulator_cells_58
INFO: [VRFC 10-311] analyzing module SystolicCore_AXI_Stream_Systolic_0_0_accumulator_cells_59
INFO: [VRFC 10-311] analyzing module SystolicCore_AXI_Stream_Systolic_0_0_accumulator_cells_6
INFO: [VRFC 10-311] analyzing module SystolicCore_AXI_Stream_Systolic_0_0_accumulator_cells_60
INFO: [VRFC 10-311] analyzing module SystolicCore_AXI_Stream_Systolic_0_0_accumulator_cells_61
INFO: [VRFC 10-311] analyzing module SystolicCore_AXI_Stream_Systolic_0_0_accumulator_cells_62
INFO: [VRFC 10-311] analyzing module SystolicCore_AXI_Stream_Systolic_0_0_accumulator_cells_63
INFO: [VRFC 10-311] analyzing module SystolicCore_AXI_Stream_Systolic_0_0_accumulator_cells_64
INFO: [VRFC 10-311] analyzing module SystolicCore_AXI_Stream_Systolic_0_0_accumulator_cells_65
INFO: [VRFC 10-311] analyzing module SystolicCore_AXI_Stream_Systolic_0_0_accumulator_cells_66
INFO: [VRFC 10-311] analyzing module SystolicCore_AXI_Stream_Systolic_0_0_accumulator_cells_67
INFO: [VRFC 10-311] analyzing module SystolicCore_AXI_Stream_Systolic_0_0_accumulator_cells_68
INFO: [VRFC 10-311] analyzing module SystolicCore_AXI_Stream_Systolic_0_0_accumulator_cells_69
INFO: [VRFC 10-311] analyzing module SystolicCore_AXI_Stream_Systolic_0_0_accumulator_cells_7
INFO: [VRFC 10-311] analyzing module SystolicCore_AXI_Stream_Systolic_0_0_accumulator_cells_70
INFO: [VRFC 10-311] analyzing module SystolicCore_AXI_Stream_Systolic_0_0_accumulator_cells_71
INFO: [VRFC 10-311] analyzing module SystolicCore_AXI_Stream_Systolic_0_0_accumulator_cells_72
INFO: [VRFC 10-311] analyzing module SystolicCore_AXI_Stream_Systolic_0_0_accumulator_cells_73
INFO: [VRFC 10-311] analyzing module SystolicCore_AXI_Stream_Systolic_0_0_accumulator_cells_74
INFO: [VRFC 10-311] analyzing module SystolicCore_AXI_Stream_Systolic_0_0_accumulator_cells_75
INFO: [VRFC 10-311] analyzing module SystolicCore_AXI_Stream_Systolic_0_0_accumulator_cells_76
INFO: [VRFC 10-311] analyzing module SystolicCore_AXI_Stream_Systolic_0_0_accumulator_cells_77
INFO: [VRFC 10-311] analyzing module SystolicCore_AXI_Stream_Systolic_0_0_accumulator_cells_78
INFO: [VRFC 10-311] analyzing module SystolicCore_AXI_Stream_Systolic_0_0_accumulator_cells_79
INFO: [VRFC 10-311] analyzing module SystolicCore_AXI_Stream_Systolic_0_0_accumulator_cells_8
INFO: [VRFC 10-311] analyzing module SystolicCore_AXI_Stream_Systolic_0_0_accumulator_cells_80
INFO: [VRFC 10-311] analyzing module SystolicCore_AXI_Stream_Systolic_0_0_accumulator_cells_81
INFO: [VRFC 10-311] analyzing module SystolicCore_AXI_Stream_Systolic_0_0_accumulator_cells_82
INFO: [VRFC 10-311] analyzing module SystolicCore_AXI_Stream_Systolic_0_0_accumulator_cells_83
INFO: [VRFC 10-311] analyzing module SystolicCore_AXI_Stream_Systolic_0_0_accumulator_cells_84
INFO: [VRFC 10-311] analyzing module SystolicCore_AXI_Stream_Systolic_0_0_accumulator_cells_85
INFO: [VRFC 10-311] analyzing module SystolicCore_AXI_Stream_Systolic_0_0_accumulator_cells_86
INFO: [VRFC 10-311] analyzing module SystolicCore_AXI_Stream_Systolic_0_0_accumulator_cells_87
INFO: [VRFC 10-311] analyzing module SystolicCore_AXI_Stream_Systolic_0_0_accumulator_cells_88
INFO: [VRFC 10-311] analyzing module SystolicCore_AXI_Stream_Systolic_0_0_accumulator_cells_89
INFO: [VRFC 10-311] analyzing module SystolicCore_AXI_Stream_Systolic_0_0_accumulator_cells_9
INFO: [VRFC 10-311] analyzing module SystolicCore_AXI_Stream_Systolic_0_0_accumulator_cells_90
INFO: [VRFC 10-311] analyzing module SystolicCore_AXI_Stream_Systolic_0_0_accumulator_cells_91
INFO: [VRFC 10-311] analyzing module SystolicCore_AXI_Stream_Systolic_0_0_accumulator_cells_92
INFO: [VRFC 10-311] analyzing module SystolicCore_AXI_Stream_Systolic_0_0_accumulator_cells_93
INFO: [VRFC 10-311] analyzing module SystolicCore_AXI_Stream_Systolic_0_0_accumulator_cells_94
INFO: [VRFC 10-311] analyzing module SystolicCore_AXI_Stream_Systolic_0_0_accumulator_cells_95
INFO: [VRFC 10-311] analyzing module SystolicCore_AXI_Stream_Systolic_0_0_accumulator_cells_96
INFO: [VRFC 10-311] analyzing module SystolicCore_AXI_Stream_Systolic_0_0_accumulator_cells_97
INFO: [VRFC 10-311] analyzing module SystolicCore_AXI_Stream_Systolic_0_0_accumulator_cells_98
INFO: [VRFC 10-311] analyzing module SystolicCore_AXI_Stream_Systolic_0_0_accumulator_cells_99
INFO: [VRFC 10-311] analyzing module SystolicCore_AXI_Stream_Systolic_0_0_mem2seriala
INFO: [VRFC 10-311] analyzing module SystolicCore_AXI_Stream_Systolic_0_0_serial2mem
INFO: [VRFC 10-311] analyzing module SystolicCore_AXI_Stream_Systolic_0_0_serial2mem__xdcDup__1
INFO: [VRFC 10-311] analyzing module SystolicCore_AXI_Stream_Systolic_0_0_systolicControlUnitTop
INFO: [VRFC 10-311] analyzing module SystolicCore_AXI_Stream_Systolic_0_0_systolicMatrixMultiply
INFO: [VRFC 10-311] analyzing module SystolicCore_AXI_Stream_Systolic_1_0
INFO: [VRFC 10-311] analyzing module SystolicCore_AXI_Stream_Systolic_1_0_AXI_Stream_Systolic_Core
INFO: [VRFC 10-311] analyzing module SystolicCore_AXI_Stream_Systolic_1_0_SystolicCoreTop
INFO: [VRFC 10-311] analyzing module SystolicCore_AXI_Stream_Systolic_1_0_accumulator_cells
INFO: [VRFC 10-311] analyzing module SystolicCore_AXI_Stream_Systolic_1_0_accumulator_cells_0
INFO: [VRFC 10-311] analyzing module SystolicCore_AXI_Stream_Systolic_1_0_accumulator_cells_1
INFO: [VRFC 10-311] analyzing module SystolicCore_AXI_Stream_Systolic_1_0_accumulator_cells_10
INFO: [VRFC 10-311] analyzing module SystolicCore_AXI_Stream_Systolic_1_0_accumulator_cells_100
INFO: [VRFC 10-311] analyzing module SystolicCore_AXI_Stream_Systolic_1_0_accumulator_cells_101
INFO: [VRFC 10-311] analyzing module SystolicCore_AXI_Stream_Systolic_1_0_accumulator_cells_102
INFO: [VRFC 10-311] analyzing module SystolicCore_AXI_Stream_Systolic_1_0_accumulator_cells_103
INFO: [VRFC 10-311] analyzing module SystolicCore_AXI_Stream_Systolic_1_0_accumulator_cells_104
INFO: [VRFC 10-311] analyzing module SystolicCore_AXI_Stream_Systolic_1_0_accumulator_cells_105
INFO: [VRFC 10-311] analyzing module SystolicCore_AXI_Stream_Systolic_1_0_accumulator_cells_106
INFO: [VRFC 10-311] analyzing module SystolicCore_AXI_Stream_Systolic_1_0_accumulator_cells_107
INFO: [VRFC 10-311] analyzing module SystolicCore_AXI_Stream_Systolic_1_0_accumulator_cells_108
INFO: [VRFC 10-311] analyzing module SystolicCore_AXI_Stream_Systolic_1_0_accumulator_cells_109
INFO: [VRFC 10-311] analyzing module SystolicCore_AXI_Stream_Systolic_1_0_accumulator_cells_11
INFO: [VRFC 10-311] analyzing module SystolicCore_AXI_Stream_Systolic_1_0_accumulator_cells_110
INFO: [VRFC 10-311] analyzing module SystolicCore_AXI_Stream_Systolic_1_0_accumulator_cells_111
INFO: [VRFC 10-311] analyzing module SystolicCore_AXI_Stream_Systolic_1_0_accumulator_cells_112
INFO: [VRFC 10-311] analyzing module SystolicCore_AXI_Stream_Systolic_1_0_accumulator_cells_113
INFO: [VRFC 10-311] analyzing module SystolicCore_AXI_Stream_Systolic_1_0_accumulator_cells_114
INFO: [VRFC 10-311] analyzing module SystolicCore_AXI_Stream_Systolic_1_0_accumulator_cells_115
INFO: [VRFC 10-311] analyzing module SystolicCore_AXI_Stream_Systolic_1_0_accumulator_cells_116
INFO: [VRFC 10-311] analyzing module SystolicCore_AXI_Stream_Systolic_1_0_accumulator_cells_117
INFO: [VRFC 10-311] analyzing module SystolicCore_AXI_Stream_Systolic_1_0_accumulator_cells_118
INFO: [VRFC 10-311] analyzing module SystolicCore_AXI_Stream_Systolic_1_0_accumulator_cells_119
INFO: [VRFC 10-311] analyzing module SystolicCore_AXI_Stream_Systolic_1_0_accumulator_cells_12
INFO: [VRFC 10-311] analyzing module SystolicCore_AXI_Stream_Systolic_1_0_accumulator_cells_120
INFO: [VRFC 10-311] analyzing module SystolicCore_AXI_Stream_Systolic_1_0_accumulator_cells_121
INFO: [VRFC 10-311] analyzing module SystolicCore_AXI_Stream_Systolic_1_0_accumulator_cells_122
INFO: [VRFC 10-311] analyzing module SystolicCore_AXI_Stream_Systolic_1_0_accumulator_cells_123
INFO: [VRFC 10-311] analyzing module SystolicCore_AXI_Stream_Systolic_1_0_accumulator_cells_124
INFO: [VRFC 10-311] analyzing module SystolicCore_AXI_Stream_Systolic_1_0_accumulator_cells_125
INFO: [VRFC 10-311] analyzing module SystolicCore_AXI_Stream_Systolic_1_0_accumulator_cells_126
INFO: [VRFC 10-311] analyzing module SystolicCore_AXI_Stream_Systolic_1_0_accumulator_cells_127
INFO: [VRFC 10-311] analyzing module SystolicCore_AXI_Stream_Systolic_1_0_accumulator_cells_128
INFO: [VRFC 10-311] analyzing module SystolicCore_AXI_Stream_Systolic_1_0_accumulator_cells_129
INFO: [VRFC 10-311] analyzing module SystolicCore_AXI_Stream_Systolic_1_0_accumulator_cells_13
INFO: [VRFC 10-311] analyzing module SystolicCore_AXI_Stream_Systolic_1_0_accumulator_cells_130
INFO: [VRFC 10-311] analyzing module SystolicCore_AXI_Stream_Systolic_1_0_accumulator_cells_131
INFO: [VRFC 10-311] analyzing module SystolicCore_AXI_Stream_Systolic_1_0_accumulator_cells_132
INFO: [VRFC 10-311] analyzing module SystolicCore_AXI_Stream_Systolic_1_0_accumulator_cells_133
INFO: [VRFC 10-311] analyzing module SystolicCore_AXI_Stream_Systolic_1_0_accumulator_cells_134
INFO: [VRFC 10-311] analyzing module SystolicCore_AXI_Stream_Systolic_1_0_accumulator_cells_135
INFO: [VRFC 10-311] analyzing module SystolicCore_AXI_Stream_Systolic_1_0_accumulator_cells_136
INFO: [VRFC 10-311] analyzing module SystolicCore_AXI_Stream_Systolic_1_0_accumulator_cells_137
INFO: [VRFC 10-311] analyzing module SystolicCore_AXI_Stream_Systolic_1_0_accumulator_cells_138
INFO: [VRFC 10-311] analyzing module SystolicCore_AXI_Stream_Systolic_1_0_accumulator_cells_139
INFO: [VRFC 10-311] analyzing module SystolicCore_AXI_Stream_Systolic_1_0_accumulator_cells_14
INFO: [VRFC 10-311] analyzing module SystolicCore_AXI_Stream_Systolic_1_0_accumulator_cells_140
INFO: [VRFC 10-311] analyzing module SystolicCore_AXI_Stream_Systolic_1_0_accumulator_cells_141
INFO: [VRFC 10-311] analyzing module SystolicCore_AXI_Stream_Systolic_1_0_accumulator_cells_142
INFO: [VRFC 10-311] analyzing module SystolicCore_AXI_Stream_Systolic_1_0_accumulator_cells_143
INFO: [VRFC 10-311] analyzing module SystolicCore_AXI_Stream_Systolic_1_0_accumulator_cells_144
INFO: [VRFC 10-311] analyzing module SystolicCore_AXI_Stream_Systolic_1_0_accumulator_cells_145
INFO: [VRFC 10-311] analyzing module SystolicCore_AXI_Stream_Systolic_1_0_accumulator_cells_146
INFO: [VRFC 10-311] analyzing module SystolicCore_AXI_Stream_Systolic_1_0_accumulator_cells_147
INFO: [VRFC 10-311] analyzing module SystolicCore_AXI_Stream_Systolic_1_0_accumulator_cells_148
INFO: [VRFC 10-311] analyzing module SystolicCore_AXI_Stream_Systolic_1_0_accumulator_cells_149
INFO: [VRFC 10-311] analyzing module SystolicCore_AXI_Stream_Systolic_1_0_accumulator_cells_15
INFO: [VRFC 10-311] analyzing module SystolicCore_AXI_Stream_Systolic_1_0_accumulator_cells_150
INFO: [VRFC 10-311] analyzing module SystolicCore_AXI_Stream_Systolic_1_0_accumulator_cells_151
INFO: [VRFC 10-311] analyzing module SystolicCore_AXI_Stream_Systolic_1_0_accumulator_cells_152
INFO: [VRFC 10-311] analyzing module SystolicCore_AXI_Stream_Systolic_1_0_accumulator_cells_153
INFO: [VRFC 10-311] analyzing module SystolicCore_AXI_Stream_Systolic_1_0_accumulator_cells_154
INFO: [VRFC 10-311] analyzing module SystolicCore_AXI_Stream_Systolic_1_0_accumulator_cells_155
INFO: [VRFC 10-311] analyzing module SystolicCore_AXI_Stream_Systolic_1_0_accumulator_cells_156
INFO: [VRFC 10-311] analyzing module SystolicCore_AXI_Stream_Systolic_1_0_accumulator_cells_157
INFO: [VRFC 10-311] analyzing module SystolicCore_AXI_Stream_Systolic_1_0_accumulator_cells_158
INFO: [VRFC 10-311] analyzing module SystolicCore_AXI_Stream_Systolic_1_0_accumulator_cells_159
INFO: [VRFC 10-311] analyzing module SystolicCore_AXI_Stream_Systolic_1_0_accumulator_cells_16
INFO: [VRFC 10-311] analyzing module SystolicCore_AXI_Stream_Systolic_1_0_accumulator_cells_160
INFO: [VRFC 10-311] analyzing module SystolicCore_AXI_Stream_Systolic_1_0_accumulator_cells_161
INFO: [VRFC 10-311] analyzing module SystolicCore_AXI_Stream_Systolic_1_0_accumulator_cells_162
INFO: [VRFC 10-311] analyzing module SystolicCore_AXI_Stream_Systolic_1_0_accumulator_cells_163
INFO: [VRFC 10-311] analyzing module SystolicCore_AXI_Stream_Systolic_1_0_accumulator_cells_164
INFO: [VRFC 10-311] analyzing module SystolicCore_AXI_Stream_Systolic_1_0_accumulator_cells_165
INFO: [VRFC 10-311] analyzing module SystolicCore_AXI_Stream_Systolic_1_0_accumulator_cells_166
INFO: [VRFC 10-311] analyzing module SystolicCore_AXI_Stream_Systolic_1_0_accumulator_cells_167
INFO: [VRFC 10-311] analyzing module SystolicCore_AXI_Stream_Systolic_1_0_accumulator_cells_168
INFO: [VRFC 10-311] analyzing module SystolicCore_AXI_Stream_Systolic_1_0_accumulator_cells_169
INFO: [VRFC 10-311] analyzing module SystolicCore_AXI_Stream_Systolic_1_0_accumulator_cells_17
INFO: [VRFC 10-311] analyzing module SystolicCore_AXI_Stream_Systolic_1_0_accumulator_cells_170
INFO: [VRFC 10-311] analyzing module SystolicCore_AXI_Stream_Systolic_1_0_accumulator_cells_171
INFO: [VRFC 10-311] analyzing module SystolicCore_AXI_Stream_Systolic_1_0_accumulator_cells_172
INFO: [VRFC 10-311] analyzing module SystolicCore_AXI_Stream_Systolic_1_0_accumulator_cells_173
INFO: [VRFC 10-311] analyzing module SystolicCore_AXI_Stream_Systolic_1_0_accumulator_cells_174
INFO: [VRFC 10-311] analyzing module SystolicCore_AXI_Stream_Systolic_1_0_accumulator_cells_175
INFO: [VRFC 10-311] analyzing module SystolicCore_AXI_Stream_Systolic_1_0_accumulator_cells_176
INFO: [VRFC 10-311] analyzing module SystolicCore_AXI_Stream_Systolic_1_0_accumulator_cells_177
INFO: [VRFC 10-311] analyzing module SystolicCore_AXI_Stream_Systolic_1_0_accumulator_cells_178
INFO: [VRFC 10-311] analyzing module SystolicCore_AXI_Stream_Systolic_1_0_accumulator_cells_179
INFO: [VRFC 10-311] analyzing module SystolicCore_AXI_Stream_Systolic_1_0_accumulator_cells_18
INFO: [VRFC 10-311] analyzing module SystolicCore_AXI_Stream_Systolic_1_0_accumulator_cells_180
INFO: [VRFC 10-311] analyzing module SystolicCore_AXI_Stream_Systolic_1_0_accumulator_cells_181
INFO: [VRFC 10-311] analyzing module SystolicCore_AXI_Stream_Systolic_1_0_accumulator_cells_182
INFO: [VRFC 10-311] analyzing module SystolicCore_AXI_Stream_Systolic_1_0_accumulator_cells_183
INFO: [VRFC 10-311] analyzing module SystolicCore_AXI_Stream_Systolic_1_0_accumulator_cells_184
INFO: [VRFC 10-311] analyzing module SystolicCore_AXI_Stream_Systolic_1_0_accumulator_cells_185
INFO: [VRFC 10-311] analyzing module SystolicCore_AXI_Stream_Systolic_1_0_accumulator_cells_186
INFO: [VRFC 10-311] analyzing module SystolicCore_AXI_Stream_Systolic_1_0_accumulator_cells_187
INFO: [VRFC 10-311] analyzing module SystolicCore_AXI_Stream_Systolic_1_0_accumulator_cells_188
INFO: [VRFC 10-311] analyzing module SystolicCore_AXI_Stream_Systolic_1_0_accumulator_cells_189
INFO: [VRFC 10-311] analyzing module SystolicCore_AXI_Stream_Systolic_1_0_accumulator_cells_19
INFO: [VRFC 10-311] analyzing module SystolicCore_AXI_Stream_Systolic_1_0_accumulator_cells_190
INFO: [VRFC 10-311] analyzing module SystolicCore_AXI_Stream_Systolic_1_0_accumulator_cells_191
INFO: [VRFC 10-311] analyzing module SystolicCore_AXI_Stream_Systolic_1_0_accumulator_cells_192
INFO: [VRFC 10-311] analyzing module SystolicCore_AXI_Stream_Systolic_1_0_accumulator_cells_193
INFO: [VRFC 10-311] analyzing module SystolicCore_AXI_Stream_Systolic_1_0_accumulator_cells_194
INFO: [VRFC 10-311] analyzing module SystolicCore_AXI_Stream_Systolic_1_0_accumulator_cells_195
INFO: [VRFC 10-311] analyzing module SystolicCore_AXI_Stream_Systolic_1_0_accumulator_cells_196
INFO: [VRFC 10-311] analyzing module SystolicCore_AXI_Stream_Systolic_1_0_accumulator_cells_197
INFO: [VRFC 10-311] analyzing module SystolicCore_AXI_Stream_Systolic_1_0_accumulator_cells_198
INFO: [VRFC 10-311] analyzing module SystolicCore_AXI_Stream_Systolic_1_0_accumulator_cells_199
INFO: [VRFC 10-311] analyzing module SystolicCore_AXI_Stream_Systolic_1_0_accumulator_cells_2
INFO: [VRFC 10-311] analyzing module SystolicCore_AXI_Stream_Systolic_1_0_accumulator_cells_20
INFO: [VRFC 10-311] analyzing module SystolicCore_AXI_Stream_Systolic_1_0_accumulator_cells_200
INFO: [VRFC 10-311] analyzing module SystolicCore_AXI_Stream_Systolic_1_0_accumulator_cells_201
INFO: [VRFC 10-311] analyzing module SystolicCore_AXI_Stream_Systolic_1_0_accumulator_cells_202
INFO: [VRFC 10-311] analyzing module SystolicCore_AXI_Stream_Systolic_1_0_accumulator_cells_203
INFO: [VRFC 10-311] analyzing module SystolicCore_AXI_Stream_Systolic_1_0_accumulator_cells_204
INFO: [VRFC 10-311] analyzing module SystolicCore_AXI_Stream_Systolic_1_0_accumulator_cells_205
INFO: [VRFC 10-311] analyzing module SystolicCore_AXI_Stream_Systolic_1_0_accumulator_cells_206
INFO: [VRFC 10-311] analyzing module SystolicCore_AXI_Stream_Systolic_1_0_accumulator_cells_207
INFO: [VRFC 10-311] analyzing module SystolicCore_AXI_Stream_Systolic_1_0_accumulator_cells_208
INFO: [VRFC 10-311] analyzing module SystolicCore_AXI_Stream_Systolic_1_0_accumulator_cells_209
INFO: [VRFC 10-311] analyzing module SystolicCore_AXI_Stream_Systolic_1_0_accumulator_cells_21
INFO: [VRFC 10-311] analyzing module SystolicCore_AXI_Stream_Systolic_1_0_accumulator_cells_210
INFO: [VRFC 10-311] analyzing module SystolicCore_AXI_Stream_Systolic_1_0_accumulator_cells_211
INFO: [VRFC 10-311] analyzing module SystolicCore_AXI_Stream_Systolic_1_0_accumulator_cells_212
INFO: [VRFC 10-311] analyzing module SystolicCore_AXI_Stream_Systolic_1_0_accumulator_cells_213
INFO: [VRFC 10-311] analyzing module SystolicCore_AXI_Stream_Systolic_1_0_accumulator_cells_214
INFO: [VRFC 10-311] analyzing module SystolicCore_AXI_Stream_Systolic_1_0_accumulator_cells_215
INFO: [VRFC 10-311] analyzing module SystolicCore_AXI_Stream_Systolic_1_0_accumulator_cells_216
INFO: [VRFC 10-311] analyzing module SystolicCore_AXI_Stream_Systolic_1_0_accumulator_cells_217
INFO: [VRFC 10-311] analyzing module SystolicCore_AXI_Stream_Systolic_1_0_accumulator_cells_218
INFO: [VRFC 10-311] analyzing module SystolicCore_AXI_Stream_Systolic_1_0_accumulator_cells_219
INFO: [VRFC 10-311] analyzing module SystolicCore_AXI_Stream_Systolic_1_0_accumulator_cells_22
INFO: [VRFC 10-311] analyzing module SystolicCore_AXI_Stream_Systolic_1_0_accumulator_cells_220
INFO: [VRFC 10-311] analyzing module SystolicCore_AXI_Stream_Systolic_1_0_accumulator_cells_221
INFO: [VRFC 10-311] analyzing module SystolicCore_AXI_Stream_Systolic_1_0_accumulator_cells_222
INFO: [VRFC 10-311] analyzing module SystolicCore_AXI_Stream_Systolic_1_0_accumulator_cells_223
INFO: [VRFC 10-311] analyzing module SystolicCore_AXI_Stream_Systolic_1_0_accumulator_cells_224
INFO: [VRFC 10-311] analyzing module SystolicCore_AXI_Stream_Systolic_1_0_accumulator_cells_225
INFO: [VRFC 10-311] analyzing module SystolicCore_AXI_Stream_Systolic_1_0_accumulator_cells_226
INFO: [VRFC 10-311] analyzing module SystolicCore_AXI_Stream_Systolic_1_0_accumulator_cells_227
INFO: [VRFC 10-311] analyzing module SystolicCore_AXI_Stream_Systolic_1_0_accumulator_cells_228
INFO: [VRFC 10-311] analyzing module SystolicCore_AXI_Stream_Systolic_1_0_accumulator_cells_229
INFO: [VRFC 10-311] analyzing module SystolicCore_AXI_Stream_Systolic_1_0_accumulator_cells_23
INFO: [VRFC 10-311] analyzing module SystolicCore_AXI_Stream_Systolic_1_0_accumulator_cells_230
INFO: [VRFC 10-311] analyzing module SystolicCore_AXI_Stream_Systolic_1_0_accumulator_cells_231
INFO: [VRFC 10-311] analyzing module SystolicCore_AXI_Stream_Systolic_1_0_accumulator_cells_232
INFO: [VRFC 10-311] analyzing module SystolicCore_AXI_Stream_Systolic_1_0_accumulator_cells_233
INFO: [VRFC 10-311] analyzing module SystolicCore_AXI_Stream_Systolic_1_0_accumulator_cells_234
INFO: [VRFC 10-311] analyzing module SystolicCore_AXI_Stream_Systolic_1_0_accumulator_cells_235
INFO: [VRFC 10-311] analyzing module SystolicCore_AXI_Stream_Systolic_1_0_accumulator_cells_236
INFO: [VRFC 10-311] analyzing module SystolicCore_AXI_Stream_Systolic_1_0_accumulator_cells_237
INFO: [VRFC 10-311] analyzing module SystolicCore_AXI_Stream_Systolic_1_0_accumulator_cells_238
INFO: [VRFC 10-311] analyzing module SystolicCore_AXI_Stream_Systolic_1_0_accumulator_cells_239
INFO: [VRFC 10-311] analyzing module SystolicCore_AXI_Stream_Systolic_1_0_accumulator_cells_24
INFO: [VRFC 10-311] analyzing module SystolicCore_AXI_Stream_Systolic_1_0_accumulator_cells_240
INFO: [VRFC 10-311] analyzing module SystolicCore_AXI_Stream_Systolic_1_0_accumulator_cells_241
INFO: [VRFC 10-311] analyzing module SystolicCore_AXI_Stream_Systolic_1_0_accumulator_cells_242
INFO: [VRFC 10-311] analyzing module SystolicCore_AXI_Stream_Systolic_1_0_accumulator_cells_243
INFO: [VRFC 10-311] analyzing module SystolicCore_AXI_Stream_Systolic_1_0_accumulator_cells_244
INFO: [VRFC 10-311] analyzing module SystolicCore_AXI_Stream_Systolic_1_0_accumulator_cells_245
INFO: [VRFC 10-311] analyzing module SystolicCore_AXI_Stream_Systolic_1_0_accumulator_cells_246
INFO: [VRFC 10-311] analyzing module SystolicCore_AXI_Stream_Systolic_1_0_accumulator_cells_247
INFO: [VRFC 10-311] analyzing module SystolicCore_AXI_Stream_Systolic_1_0_accumulator_cells_248
INFO: [VRFC 10-311] analyzing module SystolicCore_AXI_Stream_Systolic_1_0_accumulator_cells_249
INFO: [VRFC 10-311] analyzing module SystolicCore_AXI_Stream_Systolic_1_0_accumulator_cells_25
INFO: [VRFC 10-311] analyzing module SystolicCore_AXI_Stream_Systolic_1_0_accumulator_cells_250
INFO: [VRFC 10-311] analyzing module SystolicCore_AXI_Stream_Systolic_1_0_accumulator_cells_251
INFO: [VRFC 10-311] analyzing module SystolicCore_AXI_Stream_Systolic_1_0_accumulator_cells_252
INFO: [VRFC 10-311] analyzing module SystolicCore_AXI_Stream_Systolic_1_0_accumulator_cells_253
INFO: [VRFC 10-311] analyzing module SystolicCore_AXI_Stream_Systolic_1_0_accumulator_cells_254
INFO: [VRFC 10-311] analyzing module SystolicCore_AXI_Stream_Systolic_1_0_accumulator_cells_26
INFO: [VRFC 10-311] analyzing module SystolicCore_AXI_Stream_Systolic_1_0_accumulator_cells_27
INFO: [VRFC 10-311] analyzing module SystolicCore_AXI_Stream_Systolic_1_0_accumulator_cells_28
INFO: [VRFC 10-311] analyzing module SystolicCore_AXI_Stream_Systolic_1_0_accumulator_cells_29
INFO: [VRFC 10-311] analyzing module SystolicCore_AXI_Stream_Systolic_1_0_accumulator_cells_3
INFO: [VRFC 10-311] analyzing module SystolicCore_AXI_Stream_Systolic_1_0_accumulator_cells_30
INFO: [VRFC 10-311] analyzing module SystolicCore_AXI_Stream_Systolic_1_0_accumulator_cells_31
INFO: [VRFC 10-311] analyzing module SystolicCore_AXI_Stream_Systolic_1_0_accumulator_cells_32
INFO: [VRFC 10-311] analyzing module SystolicCore_AXI_Stream_Systolic_1_0_accumulator_cells_33
INFO: [VRFC 10-311] analyzing module SystolicCore_AXI_Stream_Systolic_1_0_accumulator_cells_34
INFO: [VRFC 10-311] analyzing module SystolicCore_AXI_Stream_Systolic_1_0_accumulator_cells_35
INFO: [VRFC 10-311] analyzing module SystolicCore_AXI_Stream_Systolic_1_0_accumulator_cells_36
INFO: [VRFC 10-311] analyzing module SystolicCore_AXI_Stream_Systolic_1_0_accumulator_cells_37
INFO: [VRFC 10-311] analyzing module SystolicCore_AXI_Stream_Systolic_1_0_accumulator_cells_38
INFO: [VRFC 10-311] analyzing module SystolicCore_AXI_Stream_Systolic_1_0_accumulator_cells_39
INFO: [VRFC 10-311] analyzing module SystolicCore_AXI_Stream_Systolic_1_0_accumulator_cells_4
INFO: [VRFC 10-311] analyzing module SystolicCore_AXI_Stream_Systolic_1_0_accumulator_cells_40
INFO: [VRFC 10-311] analyzing module SystolicCore_AXI_Stream_Systolic_1_0_accumulator_cells_41
INFO: [VRFC 10-311] analyzing module SystolicCore_AXI_Stream_Systolic_1_0_accumulator_cells_42
INFO: [VRFC 10-311] analyzing module SystolicCore_AXI_Stream_Systolic_1_0_accumulator_cells_43
INFO: [VRFC 10-311] analyzing module SystolicCore_AXI_Stream_Systolic_1_0_accumulator_cells_44
INFO: [VRFC 10-311] analyzing module SystolicCore_AXI_Stream_Systolic_1_0_accumulator_cells_45
INFO: [VRFC 10-311] analyzing module SystolicCore_AXI_Stream_Systolic_1_0_accumulator_cells_46
INFO: [VRFC 10-311] analyzing module SystolicCore_AXI_Stream_Systolic_1_0_accumulator_cells_47
INFO: [VRFC 10-311] analyzing module SystolicCore_AXI_Stream_Systolic_1_0_accumulator_cells_48
INFO: [VRFC 10-311] analyzing module SystolicCore_AXI_Stream_Systolic_1_0_accumulator_cells_49
INFO: [VRFC 10-311] analyzing module SystolicCore_AXI_Stream_Systolic_1_0_accumulator_cells_5
INFO: [VRFC 10-311] analyzing module SystolicCore_AXI_Stream_Systolic_1_0_accumulator_cells_50
INFO: [VRFC 10-311] analyzing module SystolicCore_AXI_Stream_Systolic_1_0_accumulator_cells_51
INFO: [VRFC 10-311] analyzing module SystolicCore_AXI_Stream_Systolic_1_0_accumulator_cells_52
INFO: [VRFC 10-311] analyzing module SystolicCore_AXI_Stream_Systolic_1_0_accumulator_cells_53
INFO: [VRFC 10-311] analyzing module SystolicCore_AXI_Stream_Systolic_1_0_accumulator_cells_54
INFO: [VRFC 10-311] analyzing module SystolicCore_AXI_Stream_Systolic_1_0_accumulator_cells_55
INFO: [VRFC 10-311] analyzing module SystolicCore_AXI_Stream_Systolic_1_0_accumulator_cells_56
INFO: [VRFC 10-311] analyzing module SystolicCore_AXI_Stream_Systolic_1_0_accumulator_cells_57
INFO: [VRFC 10-311] analyzing module SystolicCore_AXI_Stream_Systolic_1_0_accumulator_cells_58
INFO: [VRFC 10-311] analyzing module SystolicCore_AXI_Stream_Systolic_1_0_accumulator_cells_59
INFO: [VRFC 10-311] analyzing module SystolicCore_AXI_Stream_Systolic_1_0_accumulator_cells_6
INFO: [VRFC 10-311] analyzing module SystolicCore_AXI_Stream_Systolic_1_0_accumulator_cells_60
INFO: [VRFC 10-311] analyzing module SystolicCore_AXI_Stream_Systolic_1_0_accumulator_cells_61
INFO: [VRFC 10-311] analyzing module SystolicCore_AXI_Stream_Systolic_1_0_accumulator_cells_62
INFO: [VRFC 10-311] analyzing module SystolicCore_AXI_Stream_Systolic_1_0_accumulator_cells_63
INFO: [VRFC 10-311] analyzing module SystolicCore_AXI_Stream_Systolic_1_0_accumulator_cells_64
INFO: [VRFC 10-311] analyzing module SystolicCore_AXI_Stream_Systolic_1_0_accumulator_cells_65
INFO: [VRFC 10-311] analyzing module SystolicCore_AXI_Stream_Systolic_1_0_accumulator_cells_66
INFO: [VRFC 10-311] analyzing module SystolicCore_AXI_Stream_Systolic_1_0_accumulator_cells_67
INFO: [VRFC 10-311] analyzing module SystolicCore_AXI_Stream_Systolic_1_0_accumulator_cells_68
INFO: [VRFC 10-311] analyzing module SystolicCore_AXI_Stream_Systolic_1_0_accumulator_cells_69
INFO: [VRFC 10-311] analyzing module SystolicCore_AXI_Stream_Systolic_1_0_accumulator_cells_7
INFO: [VRFC 10-311] analyzing module SystolicCore_AXI_Stream_Systolic_1_0_accumulator_cells_70
INFO: [VRFC 10-311] analyzing module SystolicCore_AXI_Stream_Systolic_1_0_accumulator_cells_71
INFO: [VRFC 10-311] analyzing module SystolicCore_AXI_Stream_Systolic_1_0_accumulator_cells_72
INFO: [VRFC 10-311] analyzing module SystolicCore_AXI_Stream_Systolic_1_0_accumulator_cells_73
INFO: [VRFC 10-311] analyzing module SystolicCore_AXI_Stream_Systolic_1_0_accumulator_cells_74
INFO: [VRFC 10-311] analyzing module SystolicCore_AXI_Stream_Systolic_1_0_accumulator_cells_75
INFO: [VRFC 10-311] analyzing module SystolicCore_AXI_Stream_Systolic_1_0_accumulator_cells_76
INFO: [VRFC 10-311] analyzing module SystolicCore_AXI_Stream_Systolic_1_0_accumulator_cells_77
INFO: [VRFC 10-311] analyzing module SystolicCore_AXI_Stream_Systolic_1_0_accumulator_cells_78
INFO: [VRFC 10-311] analyzing module SystolicCore_AXI_Stream_Systolic_1_0_accumulator_cells_79
INFO: [VRFC 10-311] analyzing module SystolicCore_AXI_Stream_Systolic_1_0_accumulator_cells_8
INFO: [VRFC 10-311] analyzing module SystolicCore_AXI_Stream_Systolic_1_0_accumulator_cells_80
INFO: [VRFC 10-311] analyzing module SystolicCore_AXI_Stream_Systolic_1_0_accumulator_cells_81
INFO: [VRFC 10-311] analyzing module SystolicCore_AXI_Stream_Systolic_1_0_accumulator_cells_82
INFO: [VRFC 10-311] analyzing module SystolicCore_AXI_Stream_Systolic_1_0_accumulator_cells_83
INFO: [VRFC 10-311] analyzing module SystolicCore_AXI_Stream_Systolic_1_0_accumulator_cells_84
INFO: [VRFC 10-311] analyzing module SystolicCore_AXI_Stream_Systolic_1_0_accumulator_cells_85
INFO: [VRFC 10-311] analyzing module SystolicCore_AXI_Stream_Systolic_1_0_accumulator_cells_86
INFO: [VRFC 10-311] analyzing module SystolicCore_AXI_Stream_Systolic_1_0_accumulator_cells_87
INFO: [VRFC 10-311] analyzing module SystolicCore_AXI_Stream_Systolic_1_0_accumulator_cells_88
INFO: [VRFC 10-311] analyzing module SystolicCore_AXI_Stream_Systolic_1_0_accumulator_cells_89
INFO: [VRFC 10-311] analyzing module SystolicCore_AXI_Stream_Systolic_1_0_accumulator_cells_9
INFO: [VRFC 10-311] analyzing module SystolicCore_AXI_Stream_Systolic_1_0_accumulator_cells_90
INFO: [VRFC 10-311] analyzing module SystolicCore_AXI_Stream_Systolic_1_0_accumulator_cells_91
INFO: [VRFC 10-311] analyzing module SystolicCore_AXI_Stream_Systolic_1_0_accumulator_cells_92
INFO: [VRFC 10-311] analyzing module SystolicCore_AXI_Stream_Systolic_1_0_accumulator_cells_93
INFO: [VRFC 10-311] analyzing module SystolicCore_AXI_Stream_Systolic_1_0_accumulator_cells_94
INFO: [VRFC 10-311] analyzing module SystolicCore_AXI_Stream_Systolic_1_0_accumulator_cells_95
INFO: [VRFC 10-311] analyzing module SystolicCore_AXI_Stream_Systolic_1_0_accumulator_cells_96
INFO: [VRFC 10-311] analyzing module SystolicCore_AXI_Stream_Systolic_1_0_accumulator_cells_97
INFO: [VRFC 10-311] analyzing module SystolicCore_AXI_Stream_Systolic_1_0_accumulator_cells_98
INFO: [VRFC 10-311] analyzing module SystolicCore_AXI_Stream_Systolic_1_0_accumulator_cells_99
INFO: [VRFC 10-311] analyzing module SystolicCore_AXI_Stream_Systolic_1_0_mem2seriala
INFO: [VRFC 10-311] analyzing module SystolicCore_AXI_Stream_Systolic_1_0_serial2mem
INFO: [VRFC 10-311] analyzing module SystolicCore_AXI_Stream_Systolic_1_0_serial2mem__xdcDup__1
INFO: [VRFC 10-311] analyzing module SystolicCore_AXI_Stream_Systolic_1_0_systolicControlUnitTop
INFO: [VRFC 10-311] analyzing module SystolicCore_AXI_Stream_Systolic_1_0_systolicMatrixMultiply
INFO: [VRFC 10-311] analyzing module SystolicCore_axi_fifo_mm_s_0_0
INFO: [VRFC 10-311] analyzing module SystolicCore_axi_fifo_mm_s_0_0_address_decoder
INFO: [VRFC 10-311] analyzing module SystolicCore_axi_fifo_mm_s_0_0_axi_fifo_mm_s
INFO: [VRFC 10-311] analyzing module SystolicCore_axi_fifo_mm_s_0_0_axi_lite_ipif
INFO: [VRFC 10-311] analyzing module SystolicCore_axi_fifo_mm_s_0_0_axis_fg
INFO: [VRFC 10-311] analyzing module SystolicCore_axi_fifo_mm_s_0_0_axis_fg__parameterized0
INFO: [VRFC 10-311] analyzing module SystolicCore_axi_fifo_mm_s_0_0_fifo
INFO: [VRFC 10-311] analyzing module SystolicCore_axi_fifo_mm_s_0_0_fifo__parameterized0
INFO: [VRFC 10-311] analyzing module SystolicCore_axi_fifo_mm_s_0_0_ipic2axi_s
INFO: [VRFC 10-311] analyzing module SystolicCore_axi_fifo_mm_s_0_0_pselect_f
INFO: [VRFC 10-311] analyzing module SystolicCore_axi_fifo_mm_s_0_0_pselect_f__parameterized0
INFO: [VRFC 10-311] analyzing module SystolicCore_axi_fifo_mm_s_0_0_pselect_f__parameterized1
INFO: [VRFC 10-311] analyzing module SystolicCore_axi_fifo_mm_s_0_0_pselect_f__parameterized10
INFO: [VRFC 10-311] analyzing module SystolicCore_axi_fifo_mm_s_0_0_pselect_f__parameterized11
INFO: [VRFC 10-311] analyzing module SystolicCore_axi_fifo_mm_s_0_0_pselect_f__parameterized12
INFO: [VRFC 10-311] analyzing module SystolicCore_axi_fifo_mm_s_0_0_pselect_f__parameterized13
INFO: [VRFC 10-311] analyzing module SystolicCore_axi_fifo_mm_s_0_0_pselect_f__parameterized14
INFO: [VRFC 10-311] analyzing module SystolicCore_axi_fifo_mm_s_0_0_pselect_f__parameterized15
INFO: [VRFC 10-311] analyzing module SystolicCore_axi_fifo_mm_s_0_0_pselect_f__parameterized16
INFO: [VRFC 10-311] analyzing module SystolicCore_axi_fifo_mm_s_0_0_pselect_f__parameterized17
INFO: [VRFC 10-311] analyzing module SystolicCore_axi_fifo_mm_s_0_0_pselect_f__parameterized18
INFO: [VRFC 10-311] analyzing module SystolicCore_axi_fifo_mm_s_0_0_pselect_f__parameterized19
INFO: [VRFC 10-311] analyzing module SystolicCore_axi_fifo_mm_s_0_0_pselect_f__parameterized3
INFO: [VRFC 10-311] analyzing module SystolicCore_axi_fifo_mm_s_0_0_pselect_f__parameterized4
INFO: [VRFC 10-311] analyzing module SystolicCore_axi_fifo_mm_s_0_0_pselect_f__parameterized5
INFO: [VRFC 10-311] analyzing module SystolicCore_axi_fifo_mm_s_0_0_pselect_f__parameterized6
INFO: [VRFC 10-311] analyzing module SystolicCore_axi_fifo_mm_s_0_0_pselect_f__parameterized7
INFO: [VRFC 10-311] analyzing module SystolicCore_axi_fifo_mm_s_0_0_pselect_f__parameterized8
INFO: [VRFC 10-311] analyzing module SystolicCore_axi_fifo_mm_s_0_0_pselect_f__parameterized9
INFO: [VRFC 10-311] analyzing module SystolicCore_axi_fifo_mm_s_0_0_slave_attachment
INFO: [VRFC 10-311] analyzing module SystolicCore_axi_fifo_mm_s_0_0_xpm_cdc_sync_rst
INFO: [VRFC 10-311] analyzing module SystolicCore_axi_fifo_mm_s_0_0_xpm_cdc_sync_rst__1
INFO: [VRFC 10-311] analyzing module SystolicCore_axi_fifo_mm_s_0_0_xpm_counter_updn
INFO: [VRFC 10-311] analyzing module SystolicCore_axi_fifo_mm_s_0_0_xpm_counter_updn_2
INFO: [VRFC 10-311] analyzing module SystolicCore_axi_fifo_mm_s_0_0_xpm_counter_updn__parameterized0
INFO: [VRFC 10-311] analyzing module SystolicCore_axi_fifo_mm_s_0_0_xpm_counter_updn__parameterized0_0
INFO: [VRFC 10-311] analyzing module SystolicCore_axi_fifo_mm_s_0_0_xpm_counter_updn__parameterized1
INFO: [VRFC 10-311] analyzing module SystolicCore_axi_fifo_mm_s_0_0_xpm_counter_updn__parameterized1_1
INFO: [VRFC 10-311] analyzing module SystolicCore_axi_fifo_mm_s_0_0_xpm_counter_updn__parameterized3
INFO: [VRFC 10-311] analyzing module SystolicCore_axi_fifo_mm_s_0_0_xpm_counter_updn__parameterized3_4
INFO: [VRFC 10-311] analyzing module SystolicCore_axi_fifo_mm_s_0_0_xpm_counter_updn__parameterized4
INFO: [VRFC 10-311] analyzing module SystolicCore_axi_fifo_mm_s_0_0_xpm_counter_updn__parameterized4_5
INFO: [VRFC 10-311] analyzing module SystolicCore_axi_fifo_mm_s_0_0_xpm_counter_updn__parameterized6
INFO: [VRFC 10-311] analyzing module SystolicCore_axi_fifo_mm_s_0_0_xpm_counter_updn__parameterized6_8
INFO: [VRFC 10-311] analyzing module SystolicCore_axi_fifo_mm_s_0_0_xpm_counter_updn__parameterized7
INFO: [VRFC 10-311] analyzing module SystolicCore_axi_fifo_mm_s_0_0_xpm_counter_updn__parameterized7_9
INFO: [VRFC 10-311] analyzing module SystolicCore_axi_fifo_mm_s_0_0_xpm_fifo_axis
INFO: [VRFC 10-311] analyzing module SystolicCore_axi_fifo_mm_s_0_0_xpm_fifo_axis__parameterized1
INFO: [VRFC 10-311] analyzing module SystolicCore_axi_fifo_mm_s_0_0_xpm_fifo_base
INFO: [VRFC 10-311] analyzing module SystolicCore_axi_fifo_mm_s_0_0_xpm_fifo_base__parameterized0
INFO: [VRFC 10-311] analyzing module SystolicCore_axi_fifo_mm_s_0_0_xpm_fifo_base__parameterized1
INFO: [VRFC 10-311] analyzing module SystolicCore_axi_fifo_mm_s_0_0_xpm_fifo_reg_bit
INFO: [VRFC 10-311] analyzing module SystolicCore_axi_fifo_mm_s_0_0_xpm_fifo_reg_bit_3
INFO: [VRFC 10-311] analyzing module SystolicCore_axi_fifo_mm_s_0_0_xpm_fifo_reg_bit_7
INFO: [VRFC 10-311] analyzing module SystolicCore_axi_fifo_mm_s_0_0_xpm_fifo_rst
INFO: [VRFC 10-311] analyzing module SystolicCore_axi_fifo_mm_s_0_0_xpm_fifo_rst_10
INFO: [VRFC 10-311] analyzing module SystolicCore_axi_fifo_mm_s_0_0_xpm_fifo_rst_6
INFO: [VRFC 10-311] analyzing module SystolicCore_axi_fifo_mm_s_0_0_xpm_fifo_sync
INFO: [VRFC 10-311] analyzing module SystolicCore_axi_fifo_mm_s_0_0_xpm_memory_base
INFO: [VRFC 10-311] analyzing module SystolicCore_axi_fifo_mm_s_0_0_xpm_memory_base__parameterized0
INFO: [VRFC 10-311] analyzing module SystolicCore_axi_fifo_mm_s_0_0_xpm_memory_base__parameterized1
INFO: [VRFC 10-311] analyzing module SystolicCore_axi_fifo_mm_s_1_0
INFO: [VRFC 10-311] analyzing module SystolicCore_axi_fifo_mm_s_1_0_address_decoder
INFO: [VRFC 10-311] analyzing module SystolicCore_axi_fifo_mm_s_1_0_axi_fifo_mm_s
INFO: [VRFC 10-311] analyzing module SystolicCore_axi_fifo_mm_s_1_0_axi_lite_ipif
INFO: [VRFC 10-311] analyzing module SystolicCore_axi_fifo_mm_s_1_0_axis_fg
INFO: [VRFC 10-311] analyzing module SystolicCore_axi_fifo_mm_s_1_0_axis_fg__parameterized0
INFO: [VRFC 10-311] analyzing module SystolicCore_axi_fifo_mm_s_1_0_fifo
INFO: [VRFC 10-311] analyzing module SystolicCore_axi_fifo_mm_s_1_0_fifo__parameterized0
INFO: [VRFC 10-311] analyzing module SystolicCore_axi_fifo_mm_s_1_0_ipic2axi_s
INFO: [VRFC 10-311] analyzing module SystolicCore_axi_fifo_mm_s_1_0_pselect_f
INFO: [VRFC 10-311] analyzing module SystolicCore_axi_fifo_mm_s_1_0_pselect_f__parameterized0
INFO: [VRFC 10-311] analyzing module SystolicCore_axi_fifo_mm_s_1_0_pselect_f__parameterized1
INFO: [VRFC 10-311] analyzing module SystolicCore_axi_fifo_mm_s_1_0_pselect_f__parameterized10
INFO: [VRFC 10-311] analyzing module SystolicCore_axi_fifo_mm_s_1_0_pselect_f__parameterized11
INFO: [VRFC 10-311] analyzing module SystolicCore_axi_fifo_mm_s_1_0_pselect_f__parameterized12
INFO: [VRFC 10-311] analyzing module SystolicCore_axi_fifo_mm_s_1_0_pselect_f__parameterized13
INFO: [VRFC 10-311] analyzing module SystolicCore_axi_fifo_mm_s_1_0_pselect_f__parameterized14
INFO: [VRFC 10-311] analyzing module SystolicCore_axi_fifo_mm_s_1_0_pselect_f__parameterized15
INFO: [VRFC 10-311] analyzing module SystolicCore_axi_fifo_mm_s_1_0_pselect_f__parameterized16
INFO: [VRFC 10-311] analyzing module SystolicCore_axi_fifo_mm_s_1_0_pselect_f__parameterized17
INFO: [VRFC 10-311] analyzing module SystolicCore_axi_fifo_mm_s_1_0_pselect_f__parameterized18
INFO: [VRFC 10-311] analyzing module SystolicCore_axi_fifo_mm_s_1_0_pselect_f__parameterized19
INFO: [VRFC 10-311] analyzing module SystolicCore_axi_fifo_mm_s_1_0_pselect_f__parameterized3
INFO: [VRFC 10-311] analyzing module SystolicCore_axi_fifo_mm_s_1_0_pselect_f__parameterized4
INFO: [VRFC 10-311] analyzing module SystolicCore_axi_fifo_mm_s_1_0_pselect_f__parameterized5
INFO: [VRFC 10-311] analyzing module SystolicCore_axi_fifo_mm_s_1_0_pselect_f__parameterized6
INFO: [VRFC 10-311] analyzing module SystolicCore_axi_fifo_mm_s_1_0_pselect_f__parameterized7
INFO: [VRFC 10-311] analyzing module SystolicCore_axi_fifo_mm_s_1_0_pselect_f__parameterized8
INFO: [VRFC 10-311] analyzing module SystolicCore_axi_fifo_mm_s_1_0_pselect_f__parameterized9
INFO: [VRFC 10-311] analyzing module SystolicCore_axi_fifo_mm_s_1_0_slave_attachment
INFO: [VRFC 10-311] analyzing module SystolicCore_axi_fifo_mm_s_1_0_xpm_cdc_sync_rst
INFO: [VRFC 10-311] analyzing module SystolicCore_axi_fifo_mm_s_1_0_xpm_cdc_sync_rst__1
INFO: [VRFC 10-311] analyzing module SystolicCore_axi_fifo_mm_s_1_0_xpm_counter_updn
INFO: [VRFC 10-311] analyzing module SystolicCore_axi_fifo_mm_s_1_0_xpm_counter_updn_2
INFO: [VRFC 10-311] analyzing module SystolicCore_axi_fifo_mm_s_1_0_xpm_counter_updn__parameterized0
INFO: [VRFC 10-311] analyzing module SystolicCore_axi_fifo_mm_s_1_0_xpm_counter_updn__parameterized0_0
INFO: [VRFC 10-311] analyzing module SystolicCore_axi_fifo_mm_s_1_0_xpm_counter_updn__parameterized1
INFO: [VRFC 10-311] analyzing module SystolicCore_axi_fifo_mm_s_1_0_xpm_counter_updn__parameterized1_1
INFO: [VRFC 10-311] analyzing module SystolicCore_axi_fifo_mm_s_1_0_xpm_counter_updn__parameterized3
INFO: [VRFC 10-311] analyzing module SystolicCore_axi_fifo_mm_s_1_0_xpm_counter_updn__parameterized3_4
INFO: [VRFC 10-311] analyzing module SystolicCore_axi_fifo_mm_s_1_0_xpm_counter_updn__parameterized4
INFO: [VRFC 10-311] analyzing module SystolicCore_axi_fifo_mm_s_1_0_xpm_counter_updn__parameterized4_5
INFO: [VRFC 10-311] analyzing module SystolicCore_axi_fifo_mm_s_1_0_xpm_counter_updn__parameterized6
INFO: [VRFC 10-311] analyzing module SystolicCore_axi_fifo_mm_s_1_0_xpm_counter_updn__parameterized6_8
INFO: [VRFC 10-311] analyzing module SystolicCore_axi_fifo_mm_s_1_0_xpm_counter_updn__parameterized7
INFO: [VRFC 10-311] analyzing module SystolicCore_axi_fifo_mm_s_1_0_xpm_counter_updn__parameterized7_9
INFO: [VRFC 10-311] analyzing module SystolicCore_axi_fifo_mm_s_1_0_xpm_fifo_axis
INFO: [VRFC 10-311] analyzing module SystolicCore_axi_fifo_mm_s_1_0_xpm_fifo_axis__parameterized1
INFO: [VRFC 10-311] analyzing module SystolicCore_axi_fifo_mm_s_1_0_xpm_fifo_base
INFO: [VRFC 10-311] analyzing module SystolicCore_axi_fifo_mm_s_1_0_xpm_fifo_base__parameterized0
INFO: [VRFC 10-311] analyzing module SystolicCore_axi_fifo_mm_s_1_0_xpm_fifo_base__parameterized1
INFO: [VRFC 10-311] analyzing module SystolicCore_axi_fifo_mm_s_1_0_xpm_fifo_reg_bit
INFO: [VRFC 10-311] analyzing module SystolicCore_axi_fifo_mm_s_1_0_xpm_fifo_reg_bit_3
INFO: [VRFC 10-311] analyzing module SystolicCore_axi_fifo_mm_s_1_0_xpm_fifo_reg_bit_7
INFO: [VRFC 10-311] analyzing module SystolicCore_axi_fifo_mm_s_1_0_xpm_fifo_rst
INFO: [VRFC 10-311] analyzing module SystolicCore_axi_fifo_mm_s_1_0_xpm_fifo_rst_10
INFO: [VRFC 10-311] analyzing module SystolicCore_axi_fifo_mm_s_1_0_xpm_fifo_rst_6
INFO: [VRFC 10-311] analyzing module SystolicCore_axi_fifo_mm_s_1_0_xpm_fifo_sync
INFO: [VRFC 10-311] analyzing module SystolicCore_axi_fifo_mm_s_1_0_xpm_memory_base
INFO: [VRFC 10-311] analyzing module SystolicCore_axi_fifo_mm_s_1_0_xpm_memory_base__parameterized0
INFO: [VRFC 10-311] analyzing module SystolicCore_axi_fifo_mm_s_1_0_xpm_memory_base__parameterized1
INFO: [VRFC 10-311] analyzing module SystolicCore_axi_smc_0
INFO: [VRFC 10-311] analyzing module SystolicCore_axi_smc_0_bd_3e58
INFO: [VRFC 10-311] analyzing module SystolicCore_axi_smc_0_bd_3e58_arinsw_0
INFO: [VRFC 10-311] analyzing module SystolicCore_axi_smc_0_bd_3e58_arni_0
INFO: [VRFC 10-311] analyzing module SystolicCore_axi_smc_0_bd_3e58_aroutsw_0
INFO: [VRFC 10-311] analyzing module SystolicCore_axi_smc_0_bd_3e58_awinsw_0
INFO: [VRFC 10-311] analyzing module SystolicCore_axi_smc_0_bd_3e58_awni_0
INFO: [VRFC 10-311] analyzing module SystolicCore_axi_smc_0_bd_3e58_awoutsw_0
INFO: [VRFC 10-311] analyzing module SystolicCore_axi_smc_0_bd_3e58_binsw_0
INFO: [VRFC 10-311] analyzing module SystolicCore_axi_smc_0_bd_3e58_bni_0
INFO: [VRFC 10-311] analyzing module SystolicCore_axi_smc_0_bd_3e58_boutsw_0
INFO: [VRFC 10-311] analyzing module SystolicCore_axi_smc_0_bd_3e58_m00arn_0
INFO: [VRFC 10-311] analyzing module SystolicCore_axi_smc_0_bd_3e58_m00awn_0
INFO: [VRFC 10-311] analyzing module SystolicCore_axi_smc_0_bd_3e58_m00bn_0
INFO: [VRFC 10-311] analyzing module SystolicCore_axi_smc_0_bd_3e58_m00e_0
INFO: [VRFC 10-311] analyzing module SystolicCore_axi_smc_0_bd_3e58_m00rn_0
INFO: [VRFC 10-311] analyzing module SystolicCore_axi_smc_0_bd_3e58_m00s2a_0
INFO: [VRFC 10-311] analyzing module SystolicCore_axi_smc_0_bd_3e58_m00wn_0
INFO: [VRFC 10-311] analyzing module SystolicCore_axi_smc_0_bd_3e58_m01arn_0
INFO: [VRFC 10-311] analyzing module SystolicCore_axi_smc_0_bd_3e58_m01awn_0
INFO: [VRFC 10-311] analyzing module SystolicCore_axi_smc_0_bd_3e58_m01bn_0
INFO: [VRFC 10-311] analyzing module SystolicCore_axi_smc_0_bd_3e58_m01e_0
INFO: [VRFC 10-311] analyzing module SystolicCore_axi_smc_0_bd_3e58_m01rn_0
INFO: [VRFC 10-311] analyzing module SystolicCore_axi_smc_0_bd_3e58_m01s2a_0
INFO: [VRFC 10-311] analyzing module SystolicCore_axi_smc_0_bd_3e58_m01wn_0
INFO: [VRFC 10-311] analyzing module SystolicCore_axi_smc_0_bd_3e58_m02arn_0
INFO: [VRFC 10-311] analyzing module SystolicCore_axi_smc_0_bd_3e58_m02awn_0
INFO: [VRFC 10-311] analyzing module SystolicCore_axi_smc_0_bd_3e58_m02bn_0
INFO: [VRFC 10-311] analyzing module SystolicCore_axi_smc_0_bd_3e58_m02e_0
INFO: [VRFC 10-311] analyzing module SystolicCore_axi_smc_0_bd_3e58_m02rn_0
INFO: [VRFC 10-311] analyzing module SystolicCore_axi_smc_0_bd_3e58_m02s2a_0
INFO: [VRFC 10-311] analyzing module SystolicCore_axi_smc_0_bd_3e58_m02wn_0
INFO: [VRFC 10-311] analyzing module SystolicCore_axi_smc_0_bd_3e58_psr_aclk_0
INFO: [VRFC 10-311] analyzing module SystolicCore_axi_smc_0_bd_3e58_rinsw_0
INFO: [VRFC 10-311] analyzing module SystolicCore_axi_smc_0_bd_3e58_rni_0
INFO: [VRFC 10-311] analyzing module SystolicCore_axi_smc_0_bd_3e58_routsw_0
INFO: [VRFC 10-311] analyzing module SystolicCore_axi_smc_0_bd_3e58_s00a2s_0
INFO: [VRFC 10-311] analyzing module SystolicCore_axi_smc_0_bd_3e58_s00mmu_0
INFO: [VRFC 10-311] analyzing module SystolicCore_axi_smc_0_bd_3e58_s00sic_0
INFO: [VRFC 10-311] analyzing module SystolicCore_axi_smc_0_bd_3e58_s00tr_0
INFO: [VRFC 10-311] analyzing module SystolicCore_axi_smc_0_bd_3e58_sarn_0
INFO: [VRFC 10-311] analyzing module SystolicCore_axi_smc_0_bd_3e58_sawn_0
INFO: [VRFC 10-311] analyzing module SystolicCore_axi_smc_0_bd_3e58_sbn_0
INFO: [VRFC 10-311] analyzing module SystolicCore_axi_smc_0_bd_3e58_srn_0
INFO: [VRFC 10-311] analyzing module SystolicCore_axi_smc_0_bd_3e58_swn_0
INFO: [VRFC 10-311] analyzing module SystolicCore_axi_smc_0_bd_3e58_winsw_0
INFO: [VRFC 10-311] analyzing module SystolicCore_axi_smc_0_bd_3e58_wni_0
INFO: [VRFC 10-311] analyzing module SystolicCore_axi_smc_0_bd_3e58_woutsw_0
INFO: [VRFC 10-311] analyzing module SystolicCore_axi_smc_0_clk_map_imp_3LXSYE
INFO: [VRFC 10-311] analyzing module SystolicCore_axi_smc_0_i_nodes_imp_1KUXI60
INFO: [VRFC 10-311] analyzing module SystolicCore_axi_smc_0_lpf
INFO: [VRFC 10-311] analyzing module SystolicCore_axi_smc_0_m00_exit_pipeline_imp_1W5ZO5P
INFO: [VRFC 10-311] analyzing module SystolicCore_axi_smc_0_m00_nodes_imp_19Y37KX
INFO: [VRFC 10-311] analyzing module SystolicCore_axi_smc_0_m01_exit_pipeline_imp_1QUNR2L
INFO: [VRFC 10-311] analyzing module SystolicCore_axi_smc_0_m01_nodes_imp_FPA8GN
INFO: [VRFC 10-311] analyzing module SystolicCore_axi_smc_0_m02_exit_pipeline_imp_1P1FMA5
INFO: [VRFC 10-311] analyzing module SystolicCore_axi_smc_0_m02_nodes_imp_J4UYRW
INFO: [VRFC 10-311] analyzing module SystolicCore_axi_smc_0_proc_sys_reset
INFO: [VRFC 10-311] analyzing module SystolicCore_axi_smc_0_s00_entry_pipeline_imp_WVUVIM
INFO: [VRFC 10-311] analyzing module SystolicCore_axi_smc_0_s00_nodes_imp_RJAHP0
INFO: [VRFC 10-311] analyzing module SystolicCore_axi_smc_0_sequence_psr
INFO: [VRFC 10-311] analyzing module SystolicCore_axi_smc_0_switchboards_imp_2FST8G
INFO: [VRFC 10-311] analyzing module SystolicCore_axi_smc_0_upcnt_n
INFO: [VRFC 10-311] analyzing module SystolicCore_axi_smc_0_xpm_cdc_single
INFO: [VRFC 10-311] analyzing module SystolicCore_axi_smc_0_xpm_cdc_single__1
INFO: [VRFC 10-311] analyzing module SystolicCore_axi_timer_0_0
INFO: [VRFC 10-311] analyzing module SystolicCore_axi_timer_0_0_address_decoder
INFO: [VRFC 10-311] analyzing module SystolicCore_axi_timer_0_0_axi_lite_ipif
INFO: [VRFC 10-311] analyzing module SystolicCore_axi_timer_0_0_axi_timer
INFO: [VRFC 10-311] analyzing module SystolicCore_axi_timer_0_0_count_module
INFO: [VRFC 10-311] analyzing module SystolicCore_axi_timer_0_0_count_module_0
INFO: [VRFC 10-311] analyzing module SystolicCore_axi_timer_0_0_counter_f
INFO: [VRFC 10-311] analyzing module SystolicCore_axi_timer_0_0_counter_f_1
INFO: [VRFC 10-311] analyzing module SystolicCore_axi_timer_0_0_mux_onehot_f
INFO: [VRFC 10-311] analyzing module SystolicCore_axi_timer_0_0_pselect_f
INFO: [VRFC 10-311] analyzing module SystolicCore_axi_timer_0_0_pselect_f__parameterized1
INFO: [VRFC 10-311] analyzing module SystolicCore_axi_timer_0_0_pselect_f__parameterized3
INFO: [VRFC 10-311] analyzing module SystolicCore_axi_timer_0_0_pselect_f__parameterized4
INFO: [VRFC 10-311] analyzing module SystolicCore_axi_timer_0_0_pselect_f__parameterized5
INFO: [VRFC 10-311] analyzing module SystolicCore_axi_timer_0_0_pselect_f__parameterized6
INFO: [VRFC 10-311] analyzing module SystolicCore_axi_timer_0_0_slave_attachment
INFO: [VRFC 10-311] analyzing module SystolicCore_axi_timer_0_0_tc_core
INFO: [VRFC 10-311] analyzing module SystolicCore_axi_timer_0_0_timer_control
INFO: [VRFC 10-311] analyzing module SystolicCore_axi_timer_0_0_xpm_cdc_single
INFO: [VRFC 10-311] analyzing module SystolicCore_axi_timer_0_0_xpm_cdc_single__1
INFO: [VRFC 10-311] analyzing module SystolicCore_axi_timer_0_0_xpm_cdc_single__2
INFO: [VRFC 10-311] analyzing module SystolicCore_rst_ps8_0_99M_0
INFO: [VRFC 10-311] analyzing module SystolicCore_rst_ps8_0_99M_0_lpf
INFO: [VRFC 10-311] analyzing module SystolicCore_rst_ps8_0_99M_0_proc_sys_reset
INFO: [VRFC 10-311] analyzing module SystolicCore_rst_ps8_0_99M_0_sequence_psr
INFO: [VRFC 10-311] analyzing module SystolicCore_rst_ps8_0_99M_0_upcnt_n
INFO: [VRFC 10-311] analyzing module SystolicCore_rst_ps8_0_99M_0_xpm_cdc_single
INFO: [VRFC 10-311] analyzing module SystolicCore_rst_ps8_0_99M_0_xpm_cdc_single__1
INFO: [VRFC 10-311] analyzing module SystolicCore_wrapper
INFO: [VRFC 10-311] analyzing module SystolicCore_zynq_ultra_ps_e_0_1
INFO: [VRFC 10-311] analyzing module SystolicCore_zynq_ultra_ps_e_0_1_zynq_ultra_ps_e_v3_5_8_zynq_ultra_ps_e
INFO: [VRFC 10-311] analyzing module ila_0_lib_work_renamed3235_your_instance_name
INFO: [VRFC 10-311] analyzing module ila_0_lib_work_renamed4365_your_instance_name
INFO: [VRFC 10-311] analyzing module ila_1_lib_work_renamed2536_your_instance_name
INFO: [VRFC 10-311] analyzing module ila_1_lib_work_renamed3666_your_instance_name
INFO: [VRFC 10-311] analyzing module ila_2_lib_work_renamed2684_your_instance_name1123
INFO: [VRFC 10-311] analyzing module ila_2_lib_work_renamed2963_your_instance_name1123
INFO: [VRFC 10-311] analyzing module ila_2_lib_work_renamed3814_your_instance_name1123
INFO: [VRFC 10-311] analyzing module ila_2_lib_work_renamed4093_your_instance_name1123
INFO: [VRFC 10-311] analyzing module ila_3_lib_work_renamed2260_your_instance_name
INFO: [VRFC 10-311] analyzing module ila_3_lib_work_renamed3390_your_instance_name
INFO: [VRFC 10-311] analyzing module ram_dual_port_lib_work_renamed2677_ram_0
INFO: [VRFC 10-311] analyzing module ram_dual_port_lib_work_renamed2956_ram_0
INFO: [VRFC 10-311] analyzing module ram_dual_port_lib_work_renamed3807_ram_0
INFO: [VRFC 10-311] analyzing module ram_dual_port_lib_work_renamed4086_ram_0
INFO: [VRFC 10-311] analyzing module SystolicCore_axi_smc_0_xpm_cdc_async_rst
INFO: [VRFC 10-311] analyzing module SystolicCore_axi_smc_0_xpm_cdc_async_rst__1
INFO: [VRFC 10-311] analyzing module SystolicCore_axi_smc_0_xpm_cdc_async_rst__10
INFO: [VRFC 10-311] analyzing module SystolicCore_axi_smc_0_xpm_cdc_async_rst__11
INFO: [VRFC 10-311] analyzing module SystolicCore_axi_smc_0_xpm_cdc_async_rst__12
INFO: [VRFC 10-311] analyzing module SystolicCore_axi_smc_0_xpm_cdc_async_rst__13
INFO: [VRFC 10-311] analyzing module SystolicCore_axi_smc_0_xpm_cdc_async_rst__14
INFO: [VRFC 10-311] analyzing module SystolicCore_axi_smc_0_xpm_cdc_async_rst__15
INFO: [VRFC 10-311] analyzing module SystolicCore_axi_smc_0_xpm_cdc_async_rst__16
INFO: [VRFC 10-311] analyzing module SystolicCore_axi_smc_0_xpm_cdc_async_rst__17
INFO: [VRFC 10-311] analyzing module SystolicCore_axi_smc_0_xpm_cdc_async_rst__18
INFO: [VRFC 10-311] analyzing module SystolicCore_axi_smc_0_xpm_cdc_async_rst__19
INFO: [VRFC 10-311] analyzing module SystolicCore_axi_smc_0_xpm_cdc_async_rst__2
INFO: [VRFC 10-311] analyzing module SystolicCore_axi_smc_0_xpm_cdc_async_rst__20
INFO: [VRFC 10-311] analyzing module SystolicCore_axi_smc_0_xpm_cdc_async_rst__21
INFO: [VRFC 10-311] analyzing module SystolicCore_axi_smc_0_xpm_cdc_async_rst__22
INFO: [VRFC 10-311] analyzing module SystolicCore_axi_smc_0_xpm_cdc_async_rst__23
INFO: [VRFC 10-311] analyzing module SystolicCore_axi_smc_0_xpm_cdc_async_rst__24
INFO: [VRFC 10-311] analyzing module SystolicCore_axi_smc_0_xpm_cdc_async_rst__25
INFO: [VRFC 10-311] analyzing module SystolicCore_axi_smc_0_xpm_cdc_async_rst__26
INFO: [VRFC 10-311] analyzing module SystolicCore_axi_smc_0_xpm_cdc_async_rst__27
INFO: [VRFC 10-311] analyzing module SystolicCore_axi_smc_0_xpm_cdc_async_rst__28
INFO: [VRFC 10-311] analyzing module SystolicCore_axi_smc_0_xpm_cdc_async_rst__29
INFO: [VRFC 10-311] analyzing module SystolicCore_axi_smc_0_xpm_cdc_async_rst__3
INFO: [VRFC 10-311] analyzing module SystolicCore_axi_smc_0_xpm_cdc_async_rst__30
INFO: [VRFC 10-311] analyzing module SystolicCore_axi_smc_0_xpm_cdc_async_rst__31
INFO: [VRFC 10-311] analyzing module SystolicCore_axi_smc_0_xpm_cdc_async_rst__32
INFO: [VRFC 10-311] analyzing module SystolicCore_axi_smc_0_xpm_cdc_async_rst__33
INFO: [VRFC 10-311] analyzing module SystolicCore_axi_smc_0_xpm_cdc_async_rst__34
INFO: [VRFC 10-311] analyzing module SystolicCore_axi_smc_0_xpm_cdc_async_rst__35
INFO: [VRFC 10-311] analyzing module SystolicCore_axi_smc_0_xpm_cdc_async_rst__36
INFO: [VRFC 10-311] analyzing module SystolicCore_axi_smc_0_xpm_cdc_async_rst__37
INFO: [VRFC 10-311] analyzing module SystolicCore_axi_smc_0_xpm_cdc_async_rst__38
INFO: [VRFC 10-311] analyzing module SystolicCore_axi_smc_0_xpm_cdc_async_rst__39
INFO: [VRFC 10-311] analyzing module SystolicCore_axi_smc_0_xpm_cdc_async_rst__4
INFO: [VRFC 10-311] analyzing module SystolicCore_axi_smc_0_xpm_cdc_async_rst__40
INFO: [VRFC 10-311] analyzing module SystolicCore_axi_smc_0_xpm_cdc_async_rst__41
INFO: [VRFC 10-311] analyzing module SystolicCore_axi_smc_0_xpm_cdc_async_rst__42
INFO: [VRFC 10-311] analyzing module SystolicCore_axi_smc_0_xpm_cdc_async_rst__43
INFO: [VRFC 10-311] analyzing module SystolicCore_axi_smc_0_xpm_cdc_async_rst__44
INFO: [VRFC 10-311] analyzing module SystolicCore_axi_smc_0_xpm_cdc_async_rst__45
INFO: [VRFC 10-311] analyzing module SystolicCore_axi_smc_0_xpm_cdc_async_rst__46
INFO: [VRFC 10-311] analyzing module SystolicCore_axi_smc_0_xpm_cdc_async_rst__47
INFO: [VRFC 10-311] analyzing module SystolicCore_axi_smc_0_xpm_cdc_async_rst__48
INFO: [VRFC 10-311] analyzing module SystolicCore_axi_smc_0_xpm_cdc_async_rst__49
INFO: [VRFC 10-311] analyzing module SystolicCore_axi_smc_0_xpm_cdc_async_rst__5
INFO: [VRFC 10-311] analyzing module SystolicCore_axi_smc_0_xpm_cdc_async_rst__50
INFO: [VRFC 10-311] analyzing module SystolicCore_axi_smc_0_xpm_cdc_async_rst__51
INFO: [VRFC 10-311] analyzing module SystolicCore_axi_smc_0_xpm_cdc_async_rst__52
INFO: [VRFC 10-311] analyzing module SystolicCore_axi_smc_0_xpm_cdc_async_rst__53
INFO: [VRFC 10-311] analyzing module SystolicCore_axi_smc_0_xpm_cdc_async_rst__54
INFO: [VRFC 10-311] analyzing module SystolicCore_axi_smc_0_xpm_cdc_async_rst__55
INFO: [VRFC 10-311] analyzing module SystolicCore_axi_smc_0_xpm_cdc_async_rst__6
INFO: [VRFC 10-311] analyzing module SystolicCore_axi_smc_0_xpm_cdc_async_rst__7
INFO: [VRFC 10-311] analyzing module SystolicCore_axi_smc_0_xpm_cdc_async_rst__8
INFO: [VRFC 10-311] analyzing module SystolicCore_axi_smc_0_xpm_cdc_async_rst__9
INFO: [VRFC 10-311] analyzing module SystolicCore_axi_smc_0_sc_axi2sc_v1_0_11_top
INFO: [VRFC 10-311] analyzing module SystolicCore_axi_smc_0_sc_exit_v1_0_18_exit
INFO: [VRFC 10-311] analyzing module SystolicCore_axi_smc_0_sc_exit_v1_0_18_exit_25
INFO: [VRFC 10-311] analyzing module SystolicCore_axi_smc_0_sc_exit_v1_0_18_exit__parameterized0
INFO: [VRFC 10-311] analyzing module SystolicCore_axi_smc_0_sc_exit_v1_0_18_top
INFO: [VRFC 10-311] analyzing module SystolicCore_axi_smc_0_sc_exit_v1_0_18_top__1
INFO: [VRFC 10-311] analyzing module SystolicCore_axi_smc_0_sc_exit_v1_0_18_top__parameterized0
INFO: [VRFC 10-311] analyzing module SystolicCore_axi_smc_0_sc_mmu_v1_0_16_decerr_slave
INFO: [VRFC 10-311] analyzing module SystolicCore_axi_smc_0_sc_mmu_v1_0_16_top
INFO: [VRFC 10-311] analyzing module SystolicCore_axi_smc_0_sc_node_v1_0_19_arb_alg_rr
INFO: [VRFC 10-311] analyzing module SystolicCore_axi_smc_0_sc_node_v1_0_19_arb_alg_rr_3
INFO: [VRFC 10-311] analyzing module SystolicCore_axi_smc_0_sc_node_v1_0_19_fi_regulator
INFO: [VRFC 10-311] analyzing module SystolicCore_axi_smc_0_sc_node_v1_0_19_fi_regulator_7
INFO: [VRFC 10-311] analyzing module SystolicCore_axi_smc_0_sc_node_v1_0_19_fifo
INFO: [VRFC 10-311] analyzing module SystolicCore_axi_smc_0_sc_node_v1_0_19_fifo_10
INFO: [VRFC 10-311] analyzing module SystolicCore_axi_smc_0_sc_node_v1_0_19_fifo__parameterized0
INFO: [VRFC 10-311] analyzing module SystolicCore_axi_smc_0_sc_node_v1_0_19_fifo__parameterized1
INFO: [VRFC 10-311] analyzing module SystolicCore_axi_smc_0_sc_node_v1_0_19_fifo__parameterized2
INFO: [VRFC 10-311] analyzing module SystolicCore_axi_smc_0_sc_node_v1_0_19_mi_handler
INFO: [VRFC 10-311] analyzing module SystolicCore_axi_smc_0_sc_node_v1_0_19_mi_handler_19
INFO: [VRFC 10-311] analyzing module SystolicCore_axi_smc_0_sc_node_v1_0_19_mi_handler_24
INFO: [VRFC 10-311] analyzing module SystolicCore_axi_smc_0_sc_node_v1_0_19_mi_handler__parameterized0
INFO: [VRFC 10-311] analyzing module SystolicCore_axi_smc_0_sc_node_v1_0_19_mi_handler__parameterized0_18
INFO: [VRFC 10-311] analyzing module SystolicCore_axi_smc_0_sc_node_v1_0_19_mi_handler__parameterized0_23
INFO: [VRFC 10-311] analyzing module SystolicCore_axi_smc_0_sc_node_v1_0_19_mi_handler__parameterized1
INFO: [VRFC 10-311] analyzing module SystolicCore_axi_smc_0_sc_node_v1_0_19_mi_handler__parameterized10
INFO: [VRFC 10-311] analyzing module SystolicCore_axi_smc_0_sc_node_v1_0_19_mi_handler__parameterized11
INFO: [VRFC 10-311] analyzing module SystolicCore_axi_smc_0_sc_node_v1_0_19_mi_handler__parameterized12
INFO: [VRFC 10-311] analyzing module SystolicCore_axi_smc_0_sc_node_v1_0_19_mi_handler__parameterized13
INFO: [VRFC 10-311] analyzing module SystolicCore_axi_smc_0_sc_node_v1_0_19_mi_handler__parameterized1_17
INFO: [VRFC 10-311] analyzing module SystolicCore_axi_smc_0_sc_node_v1_0_19_mi_handler__parameterized1_22
INFO: [VRFC 10-311] analyzing module SystolicCore_axi_smc_0_sc_node_v1_0_19_mi_handler__parameterized2
INFO: [VRFC 10-311] analyzing module SystolicCore_axi_smc_0_sc_node_v1_0_19_mi_handler__parameterized2_16
INFO: [VRFC 10-311] analyzing module SystolicCore_axi_smc_0_sc_node_v1_0_19_mi_handler__parameterized2_21
INFO: [VRFC 10-311] analyzing module SystolicCore_axi_smc_0_sc_node_v1_0_19_mi_handler__parameterized3
INFO: [VRFC 10-311] analyzing module SystolicCore_axi_smc_0_sc_node_v1_0_19_mi_handler__parameterized3_15
INFO: [VRFC 10-311] analyzing module SystolicCore_axi_smc_0_sc_node_v1_0_19_mi_handler__parameterized3_20
INFO: [VRFC 10-311] analyzing module SystolicCore_axi_smc_0_sc_node_v1_0_19_mi_handler__parameterized4
INFO: [VRFC 10-311] analyzing module SystolicCore_axi_smc_0_sc_node_v1_0_19_mi_handler__parameterized5
INFO: [VRFC 10-311] analyzing module SystolicCore_axi_smc_0_sc_node_v1_0_19_mi_handler__parameterized6
INFO: [VRFC 10-311] analyzing module SystolicCore_axi_smc_0_sc_node_v1_0_19_mi_handler__parameterized7
INFO: [VRFC 10-311] analyzing module SystolicCore_axi_smc_0_sc_node_v1_0_19_mi_handler__parameterized8
INFO: [VRFC 10-311] analyzing module SystolicCore_axi_smc_0_sc_node_v1_0_19_mi_handler__parameterized9
INFO: [VRFC 10-311] analyzing module SystolicCore_axi_smc_0_sc_node_v1_0_19_reg_fifo
INFO: [VRFC 10-311] analyzing module SystolicCore_axi_smc_0_sc_node_v1_0_19_reg_fifo_11
INFO: [VRFC 10-311] analyzing module SystolicCore_axi_smc_0_sc_node_v1_0_19_reg_fifo__parameterized0
INFO: [VRFC 10-311] analyzing module SystolicCore_axi_smc_0_sc_node_v1_0_19_reg_fifo__parameterized1
INFO: [VRFC 10-311] analyzing module SystolicCore_axi_smc_0_sc_node_v1_0_19_reg_fifo__parameterized2
INFO: [VRFC 10-311] analyzing module SystolicCore_axi_smc_0_sc_node_v1_0_19_si_handler__parameterized6
INFO: [VRFC 10-311] analyzing module SystolicCore_axi_smc_0_sc_node_v1_0_19_si_handler__parameterized7
INFO: [VRFC 10-311] analyzing module SystolicCore_axi_smc_0_sc_node_v1_0_19_top
INFO: [VRFC 10-311] analyzing module SystolicCore_axi_smc_0_sc_node_v1_0_19_top__1
INFO: [VRFC 10-311] analyzing module SystolicCore_axi_smc_0_sc_node_v1_0_19_top__2
INFO: [VRFC 10-311] analyzing module SystolicCore_axi_smc_0_sc_node_v1_0_19_top__parameterized0
INFO: [VRFC 10-311] analyzing module SystolicCore_axi_smc_0_sc_node_v1_0_19_top__parameterized0__1
INFO: [VRFC 10-311] analyzing module SystolicCore_axi_smc_0_sc_node_v1_0_19_top__parameterized0__2
INFO: [VRFC 10-311] analyzing module SystolicCore_axi_smc_0_sc_node_v1_0_19_top__parameterized1
INFO: [VRFC 10-311] analyzing module SystolicCore_axi_smc_0_sc_node_v1_0_19_top__parameterized10
INFO: [VRFC 10-311] analyzing module SystolicCore_axi_smc_0_sc_node_v1_0_19_top__parameterized11
INFO: [VRFC 10-311] analyzing module SystolicCore_axi_smc_0_sc_node_v1_0_19_top__parameterized12
INFO: [VRFC 10-311] analyzing module SystolicCore_axi_smc_0_sc_node_v1_0_19_top__parameterized13
INFO: [VRFC 10-311] analyzing module SystolicCore_axi_smc_0_sc_node_v1_0_19_top__parameterized1__1
INFO: [VRFC 10-311] analyzing module SystolicCore_axi_smc_0_sc_node_v1_0_19_top__parameterized1__2
INFO: [VRFC 10-311] analyzing module SystolicCore_axi_smc_0_sc_node_v1_0_19_top__parameterized2
INFO: [VRFC 10-311] analyzing module SystolicCore_axi_smc_0_sc_node_v1_0_19_top__parameterized2__1
INFO: [VRFC 10-311] analyzing module SystolicCore_axi_smc_0_sc_node_v1_0_19_top__parameterized2__2
INFO: [VRFC 10-311] analyzing module SystolicCore_axi_smc_0_sc_node_v1_0_19_top__parameterized3
INFO: [VRFC 10-311] analyzing module SystolicCore_axi_smc_0_sc_node_v1_0_19_top__parameterized3__1
INFO: [VRFC 10-311] analyzing module SystolicCore_axi_smc_0_sc_node_v1_0_19_top__parameterized3__2
INFO: [VRFC 10-311] analyzing module SystolicCore_axi_smc_0_sc_node_v1_0_19_top__parameterized4
INFO: [VRFC 10-311] analyzing module SystolicCore_axi_smc_0_sc_node_v1_0_19_top__parameterized5
INFO: [VRFC 10-311] analyzing module SystolicCore_axi_smc_0_sc_node_v1_0_19_top__parameterized6
INFO: [VRFC 10-311] analyzing module SystolicCore_axi_smc_0_sc_node_v1_0_19_top__parameterized7
INFO: [VRFC 10-311] analyzing module SystolicCore_axi_smc_0_sc_node_v1_0_19_top__parameterized8
INFO: [VRFC 10-311] analyzing module SystolicCore_axi_smc_0_sc_node_v1_0_19_top__parameterized9
INFO: [VRFC 10-311] analyzing module SystolicCore_axi_smc_0_sc_sc2axi_v1_0_11_top
INFO: [VRFC 10-311] analyzing module SystolicCore_axi_smc_0_sc_sc2axi_v1_0_11_top__1
INFO: [VRFC 10-311] analyzing module SystolicCore_axi_smc_0_sc_sc2axi_v1_0_11_top__parameterized0
INFO: [VRFC 10-311] analyzing module SystolicCore_axi_smc_0_sc_si_converter_v1_0_16_axilite_conv
INFO: [VRFC 10-311] analyzing module SystolicCore_axi_smc_0_sc_si_converter_v1_0_16_top
INFO: [VRFC 10-311] analyzing module SystolicCore_axi_smc_0_sc_switchboard_v1_0_9_top
INFO: [VRFC 10-311] analyzing module SystolicCore_axi_smc_0_sc_switchboard_v1_0_9_top__1
INFO: [VRFC 10-311] analyzing module SystolicCore_axi_smc_0_sc_switchboard_v1_0_9_top__parameterized0
INFO: [VRFC 10-311] analyzing module SystolicCore_axi_smc_0_sc_switchboard_v1_0_9_top__parameterized0__1
INFO: [VRFC 10-311] analyzing module SystolicCore_axi_smc_0_sc_switchboard_v1_0_9_top__parameterized1
INFO: [VRFC 10-311] analyzing module SystolicCore_axi_smc_0_sc_switchboard_v1_0_9_top__parameterized2
INFO: [VRFC 10-311] analyzing module SystolicCore_axi_smc_0_sc_switchboard_v1_0_9_top__parameterized3
INFO: [VRFC 10-311] analyzing module SystolicCore_axi_smc_0_sc_switchboard_v1_0_9_top__parameterized4
INFO: [VRFC 10-311] analyzing module SystolicCore_axi_smc_0_sc_switchboard_v1_0_9_top__parameterized5
INFO: [VRFC 10-311] analyzing module SystolicCore_axi_smc_0_sc_switchboard_v1_0_9_top__parameterized6
INFO: [VRFC 10-311] analyzing module SystolicCore_axi_smc_0_sc_transaction_regulator_v1_0_12_singleorder
INFO: [VRFC 10-311] analyzing module SystolicCore_axi_smc_0_sc_transaction_regulator_v1_0_12_singleorder_13
INFO: [VRFC 10-311] analyzing module SystolicCore_axi_smc_0_sc_transaction_regulator_v1_0_12_top
INFO: [VRFC 10-311] analyzing module SystolicCore_axi_smc_0_sc_util_v1_0_4_axi_reg_stall__parameterized0
INFO: [VRFC 10-311] analyzing module SystolicCore_axi_smc_0_sc_util_v1_0_4_axi_reg_stall__parameterized0_14
INFO: [VRFC 10-311] analyzing module SystolicCore_axi_smc_0_sc_util_v1_0_4_axi_splitter
INFO: [VRFC 10-311] analyzing module SystolicCore_axi_smc_0_sc_util_v1_0_4_counter__parameterized0
INFO: [VRFC 10-311] analyzing module SystolicCore_axi_smc_0_sc_util_v1_0_4_counter__parameterized0_12
INFO: [VRFC 10-311] analyzing module SystolicCore_axi_smc_0_sc_util_v1_0_4_counter__parameterized0_2
INFO: [VRFC 10-311] analyzing module SystolicCore_axi_smc_0_sc_util_v1_0_4_counter__parameterized0_8
INFO: [VRFC 10-311] analyzing module SystolicCore_axi_smc_0_sc_util_v1_0_4_counter__parameterized0_9
INFO: [VRFC 10-311] analyzing module SystolicCore_axi_smc_0_sc_util_v1_0_4_counter__parameterized1
INFO: [VRFC 10-311] analyzing module SystolicCore_axi_smc_0_sc_util_v1_0_4_counter__parameterized1_0
INFO: [VRFC 10-311] analyzing module SystolicCore_axi_smc_0_sc_util_v1_0_4_counter__parameterized1_1
INFO: [VRFC 10-311] analyzing module SystolicCore_axi_smc_0_sc_util_v1_0_4_counter__parameterized1_4
INFO: [VRFC 10-311] analyzing module SystolicCore_axi_smc_0_sc_util_v1_0_4_counter__parameterized1_5
INFO: [VRFC 10-311] analyzing module SystolicCore_axi_smc_0_sc_util_v1_0_4_counter__parameterized1_6
INFO: [VRFC 10-311] analyzing module SystolicCore_axi_smc_0_sc_util_v1_0_4_mux__parameterized1
INFO: [VRFC 10-311] analyzing module SystolicCore_axi_smc_0_sc_util_v1_0_4_mux__parameterized3
INFO: [VRFC 10-311] analyzing module ila_0_ila_v6_2_19_ila_lib_work_renamed3235_your_instance_name
INFO: [VRFC 10-311] analyzing module ila_0_ila_v6_2_19_ila_lib_work_renamed4365_your_instance_name
INFO: [VRFC 10-311] analyzing module ila_0_ila_v6_2_19_ila_cap_addrgen_lib_work_renamed3235_your_instance_name
INFO: [VRFC 10-311] analyzing module ila_0_ila_v6_2_19_ila_cap_addrgen_lib_work_renamed4365_your_instance_name
INFO: [VRFC 10-311] analyzing module ila_0_ila_v6_2_19_ila_cap_ctrl_legacy_lib_work_renamed3235_your_instance_name
INFO: [VRFC 10-311] analyzing module ila_0_ila_v6_2_19_ila_cap_ctrl_legacy_lib_work_renamed4365_your_instance_name
INFO: [VRFC 10-311] analyzing module ila_0_ila_v6_2_19_ila_cap_sample_counter_lib_work_renamed3235_your_instance_name
INFO: [VRFC 10-311] analyzing module ila_0_ila_v6_2_19_ila_cap_sample_counter_lib_work_renamed4365_your_instance_name
INFO: [VRFC 10-311] analyzing module ila_0_ila_v6_2_19_ila_cap_window_counter_lib_work_renamed3235_your_instance_name
INFO: [VRFC 10-311] analyzing module ila_0_ila_v6_2_19_ila_cap_window_counter_lib_work_renamed4365_your_instance_name
INFO: [VRFC 10-311] analyzing module ila_0_ila_v6_2_19_ila_core_lib_work_renamed3235_your_instance_name
INFO: [VRFC 10-311] analyzing module ila_0_ila_v6_2_19_ila_core_lib_work_renamed4365_your_instance_name
INFO: [VRFC 10-311] analyzing module ila_0_ila_v6_2_19_ila_register_lib_work_renamed3235_your_instance_name
INFO: [VRFC 10-311] analyzing module ila_0_ila_v6_2_19_ila_register_lib_work_renamed4365_your_instance_name
INFO: [VRFC 10-311] analyzing module ila_0_ila_v6_2_19_ila_reset_ctrl_lib_work_renamed3235_your_instance_name
INFO: [VRFC 10-311] analyzing module ila_0_ila_v6_2_19_ila_reset_ctrl_lib_work_renamed4365_your_instance_name
INFO: [VRFC 10-311] analyzing module ila_0_ila_v6_2_19_ila_trace_memory_lib_work_renamed3235_your_instance_name
INFO: [VRFC 10-311] analyzing module ila_0_ila_v6_2_19_ila_trace_memory_lib_work_renamed4365_your_instance_name
INFO: [VRFC 10-311] analyzing module ila_0_ila_v6_2_19_ila_trig_match_lib_work_renamed3235_your_instance_name
INFO: [VRFC 10-311] analyzing module ila_0_ila_v6_2_19_ila_trig_match_lib_work_renamed4365_your_instance_name
INFO: [VRFC 10-311] analyzing module ila_0_ila_v6_2_19_ila_trigger_lib_work_renamed3235_your_instance_name
INFO: [VRFC 10-311] analyzing module ila_0_ila_v6_2_19_ila_trigger_lib_work_renamed4365_your_instance_name
INFO: [VRFC 10-311] analyzing module ila_1_ila_v6_2_19_ila_lib_work_renamed2536_your_instance_name
INFO: [VRFC 10-311] analyzing module ila_1_ila_v6_2_19_ila_lib_work_renamed3666_your_instance_name
INFO: [VRFC 10-311] analyzing module ila_1_ila_v6_2_19_ila_cap_addrgen_lib_work_renamed2536_your_instance_name
INFO: [VRFC 10-311] analyzing module ila_1_ila_v6_2_19_ila_cap_addrgen_lib_work_renamed3666_your_instance_name
INFO: [VRFC 10-311] analyzing module ila_1_ila_v6_2_19_ila_cap_ctrl_legacy_lib_work_renamed2536_your_instance_name
INFO: [VRFC 10-311] analyzing module ila_1_ila_v6_2_19_ila_cap_ctrl_legacy_lib_work_renamed3666_your_instance_name
INFO: [VRFC 10-311] analyzing module ila_1_ila_v6_2_19_ila_cap_sample_counter_lib_work_renamed2536_your_instance_name
INFO: [VRFC 10-311] analyzing module ila_1_ila_v6_2_19_ila_cap_sample_counter_lib_work_renamed3666_your_instance_name
INFO: [VRFC 10-311] analyzing module ila_1_ila_v6_2_19_ila_cap_window_counter_lib_work_renamed2536_your_instance_name
INFO: [VRFC 10-311] analyzing module ila_1_ila_v6_2_19_ila_cap_window_counter_lib_work_renamed3666_your_instance_name
INFO: [VRFC 10-311] analyzing module ila_1_ila_v6_2_19_ila_core_lib_work_renamed2536_your_instance_name
INFO: [VRFC 10-311] analyzing module ila_1_ila_v6_2_19_ila_core_lib_work_renamed3666_your_instance_name
INFO: [VRFC 10-311] analyzing module ila_1_ila_v6_2_19_ila_register_lib_work_renamed2536_your_instance_name
INFO: [VRFC 10-311] analyzing module ila_1_ila_v6_2_19_ila_register_lib_work_renamed3666_your_instance_name
INFO: [VRFC 10-311] analyzing module ila_1_ila_v6_2_19_ila_reset_ctrl_lib_work_renamed2536_your_instance_name
INFO: [VRFC 10-311] analyzing module ila_1_ila_v6_2_19_ila_reset_ctrl_lib_work_renamed3666_your_instance_name
INFO: [VRFC 10-311] analyzing module ila_1_ila_v6_2_19_ila_trace_memory_lib_work_renamed2536_your_instance_name
INFO: [VRFC 10-311] analyzing module ila_1_ila_v6_2_19_ila_trace_memory_lib_work_renamed3666_your_instance_name
INFO: [VRFC 10-311] analyzing module ila_1_ila_v6_2_19_ila_trig_match_lib_work_renamed2536_your_instance_name
INFO: [VRFC 10-311] analyzing module ila_1_ila_v6_2_19_ila_trig_match_lib_work_renamed3666_your_instance_name
INFO: [VRFC 10-311] analyzing module ila_1_ila_v6_2_19_ila_trigger_lib_work_renamed2536_your_instance_name
INFO: [VRFC 10-311] analyzing module ila_1_ila_v6_2_19_ila_trigger_lib_work_renamed3666_your_instance_name
INFO: [VRFC 10-311] analyzing module ila_2_ila_v6_2_19_ila_lib_work_renamed2684_your_instance_name1123
INFO: [VRFC 10-311] analyzing module ila_2_ila_v6_2_19_ila_lib_work_renamed2963_your_instance_name1123
INFO: [VRFC 10-311] analyzing module ila_2_ila_v6_2_19_ila_lib_work_renamed3814_your_instance_name1123
INFO: [VRFC 10-311] analyzing module ila_2_ila_v6_2_19_ila_lib_work_renamed4093_your_instance_name1123
INFO: [VRFC 10-311] analyzing module ila_2_ila_v6_2_19_ila_cap_addrgen_lib_work_renamed2684_your_instance_name1123
INFO: [VRFC 10-311] analyzing module ila_2_ila_v6_2_19_ila_cap_addrgen_lib_work_renamed2963_your_instance_name1123
INFO: [VRFC 10-311] analyzing module ila_2_ila_v6_2_19_ila_cap_addrgen_lib_work_renamed3814_your_instance_name1123
INFO: [VRFC 10-311] analyzing module ila_2_ila_v6_2_19_ila_cap_addrgen_lib_work_renamed4093_your_instance_name1123
INFO: [VRFC 10-311] analyzing module ila_2_ila_v6_2_19_ila_cap_ctrl_legacy_lib_work_renamed2684_your_instance_name1123
INFO: [VRFC 10-311] analyzing module ila_2_ila_v6_2_19_ila_cap_ctrl_legacy_lib_work_renamed2963_your_instance_name1123
INFO: [VRFC 10-311] analyzing module ila_2_ila_v6_2_19_ila_cap_ctrl_legacy_lib_work_renamed3814_your_instance_name1123
INFO: [VRFC 10-311] analyzing module ila_2_ila_v6_2_19_ila_cap_ctrl_legacy_lib_work_renamed4093_your_instance_name1123
INFO: [VRFC 10-311] analyzing module ila_2_ila_v6_2_19_ila_cap_sample_counter_lib_work_renamed2684_your_instance_name1123
INFO: [VRFC 10-311] analyzing module ila_2_ila_v6_2_19_ila_cap_sample_counter_lib_work_renamed2963_your_instance_name1123
INFO: [VRFC 10-311] analyzing module ila_2_ila_v6_2_19_ila_cap_sample_counter_lib_work_renamed3814_your_instance_name1123
INFO: [VRFC 10-311] analyzing module ila_2_ila_v6_2_19_ila_cap_sample_counter_lib_work_renamed4093_your_instance_name1123
INFO: [VRFC 10-311] analyzing module ila_2_ila_v6_2_19_ila_cap_window_counter_lib_work_renamed2684_your_instance_name1123
INFO: [VRFC 10-311] analyzing module ila_2_ila_v6_2_19_ila_cap_window_counter_lib_work_renamed2963_your_instance_name1123
INFO: [VRFC 10-311] analyzing module ila_2_ila_v6_2_19_ila_cap_window_counter_lib_work_renamed3814_your_instance_name1123
INFO: [VRFC 10-311] analyzing module ila_2_ila_v6_2_19_ila_cap_window_counter_lib_work_renamed4093_your_instance_name1123
INFO: [VRFC 10-311] analyzing module ila_2_ila_v6_2_19_ila_core_lib_work_renamed2684_your_instance_name1123
INFO: [VRFC 10-311] analyzing module ila_2_ila_v6_2_19_ila_core_lib_work_renamed2963_your_instance_name1123
INFO: [VRFC 10-311] analyzing module ila_2_ila_v6_2_19_ila_core_lib_work_renamed3814_your_instance_name1123
INFO: [VRFC 10-311] analyzing module ila_2_ila_v6_2_19_ila_core_lib_work_renamed4093_your_instance_name1123
INFO: [VRFC 10-311] analyzing module ila_2_ila_v6_2_19_ila_register_lib_work_renamed2684_your_instance_name1123
INFO: [VRFC 10-311] analyzing module ila_2_ila_v6_2_19_ila_register_lib_work_renamed2963_your_instance_name1123
INFO: [VRFC 10-311] analyzing module ila_2_ila_v6_2_19_ila_register_lib_work_renamed3814_your_instance_name1123
INFO: [VRFC 10-311] analyzing module ila_2_ila_v6_2_19_ila_register_lib_work_renamed4093_your_instance_name1123
INFO: [VRFC 10-311] analyzing module ila_2_ila_v6_2_19_ila_reset_ctrl_lib_work_renamed2684_your_instance_name1123
INFO: [VRFC 10-311] analyzing module ila_2_ila_v6_2_19_ila_reset_ctrl_lib_work_renamed2963_your_instance_name1123
INFO: [VRFC 10-311] analyzing module ila_2_ila_v6_2_19_ila_reset_ctrl_lib_work_renamed3814_your_instance_name1123
INFO: [VRFC 10-311] analyzing module ila_2_ila_v6_2_19_ila_reset_ctrl_lib_work_renamed4093_your_instance_name1123
INFO: [VRFC 10-311] analyzing module ila_2_ila_v6_2_19_ila_trace_memory_lib_work_renamed2684_your_instance_name1123
INFO: [VRFC 10-311] analyzing module ila_2_ila_v6_2_19_ila_trace_memory_lib_work_renamed2963_your_instance_name1123
INFO: [VRFC 10-311] analyzing module ila_2_ila_v6_2_19_ila_trace_memory_lib_work_renamed3814_your_instance_name1123
INFO: [VRFC 10-311] analyzing module ila_2_ila_v6_2_19_ila_trace_memory_lib_work_renamed4093_your_instance_name1123
INFO: [VRFC 10-311] analyzing module ila_2_ila_v6_2_19_ila_trig_match_lib_work_renamed2684_your_instance_name1123
INFO: [VRFC 10-311] analyzing module ila_2_ila_v6_2_19_ila_trig_match_lib_work_renamed2963_your_instance_name1123
INFO: [VRFC 10-311] analyzing module ila_2_ila_v6_2_19_ila_trig_match_lib_work_renamed3814_your_instance_name1123
INFO: [VRFC 10-311] analyzing module ila_2_ila_v6_2_19_ila_trig_match_lib_work_renamed4093_your_instance_name1123
INFO: [VRFC 10-311] analyzing module ila_2_ila_v6_2_19_ila_trigger_lib_work_renamed2684_your_instance_name1123
INFO: [VRFC 10-311] analyzing module ila_2_ila_v6_2_19_ila_trigger_lib_work_renamed2963_your_instance_name1123
INFO: [VRFC 10-311] analyzing module ila_2_ila_v6_2_19_ila_trigger_lib_work_renamed3814_your_instance_name1123
INFO: [VRFC 10-311] analyzing module ila_2_ila_v6_2_19_ila_trigger_lib_work_renamed4093_your_instance_name1123
INFO: [VRFC 10-311] analyzing module ila_3_ila_v6_2_19_ila_lib_work_renamed2260_your_instance_name
INFO: [VRFC 10-311] analyzing module ila_3_ila_v6_2_19_ila_lib_work_renamed3390_your_instance_name
INFO: [VRFC 10-311] analyzing module ila_3_ila_v6_2_19_ila_cap_addrgen_lib_work_renamed2260_your_instance_name
INFO: [VRFC 10-311] analyzing module ila_3_ila_v6_2_19_ila_cap_addrgen_lib_work_renamed3390_your_instance_name
INFO: [VRFC 10-311] analyzing module ila_3_ila_v6_2_19_ila_cap_ctrl_legacy_lib_work_renamed2260_your_instance_name
INFO: [VRFC 10-311] analyzing module ila_3_ila_v6_2_19_ila_cap_ctrl_legacy_lib_work_renamed3390_your_instance_name
INFO: [VRFC 10-311] analyzing module ila_3_ila_v6_2_19_ila_cap_sample_counter_lib_work_renamed2260_your_instance_name
INFO: [VRFC 10-311] analyzing module ila_3_ila_v6_2_19_ila_cap_sample_counter_lib_work_renamed3390_your_instance_name
INFO: [VRFC 10-311] analyzing module ila_3_ila_v6_2_19_ila_cap_window_counter_lib_work_renamed2260_your_instance_name
INFO: [VRFC 10-311] analyzing module ila_3_ila_v6_2_19_ila_cap_window_counter_lib_work_renamed3390_your_instance_name
INFO: [VRFC 10-311] analyzing module ila_3_ila_v6_2_19_ila_core_lib_work_renamed2260_your_instance_name
INFO: [VRFC 10-311] analyzing module ila_3_ila_v6_2_19_ila_core_lib_work_renamed3390_your_instance_name
INFO: [VRFC 10-311] analyzing module ila_3_ila_v6_2_19_ila_register_lib_work_renamed2260_your_instance_name
INFO: [VRFC 10-311] analyzing module ila_3_ila_v6_2_19_ila_register_lib_work_renamed3390_your_instance_name
INFO: [VRFC 10-311] analyzing module ila_3_ila_v6_2_19_ila_reset_ctrl_lib_work_renamed2260_your_instance_name
INFO: [VRFC 10-311] analyzing module ila_3_ila_v6_2_19_ila_reset_ctrl_lib_work_renamed3390_your_instance_name
INFO: [VRFC 10-311] analyzing module ila_3_ila_v6_2_19_ila_trace_memory_lib_work_renamed2260_your_instance_name
INFO: [VRFC 10-311] analyzing module ila_3_ila_v6_2_19_ila_trace_memory_lib_work_renamed3390_your_instance_name
INFO: [VRFC 10-311] analyzing module ila_3_ila_v6_2_19_ila_trig_match_lib_work_renamed2260_your_instance_name
INFO: [VRFC 10-311] analyzing module ila_3_ila_v6_2_19_ila_trig_match_lib_work_renamed3390_your_instance_name
INFO: [VRFC 10-311] analyzing module ila_3_ila_v6_2_19_ila_trigger_lib_work_renamed2260_your_instance_name
INFO: [VRFC 10-311] analyzing module ila_3_ila_v6_2_19_ila_trigger_lib_work_renamed3390_your_instance_name
INFO: [VRFC 10-311] analyzing module ila_0_ltlib_v1_0_3_all_typeA_lib_work_renamed3235_your_instance_name
INFO: [VRFC 10-311] analyzing module ila_0_ltlib_v1_0_3_all_typeA_lib_work_renamed4365_your_instance_name
INFO: [VRFC 10-311] analyzing module ila_0_ltlib_v1_0_3_all_typeA__parameterized0_lib_work_renamed3235_your_instance_name
INFO: [VRFC 10-311] analyzing module ila_0_ltlib_v1_0_3_all_typeA__parameterized0_lib_work_renamed4365_your_instance_name
INFO: [VRFC 10-311] analyzing module ila_0_ltlib_v1_0_3_all_typeA__parameterized1_lib_work_renamed3235_your_instance_name
INFO: [VRFC 10-311] analyzing module ila_0_ltlib_v1_0_3_all_typeA__parameterized1_lib_work_renamed4365_your_instance_name
INFO: [VRFC 10-311] analyzing module ila_0_ltlib_v1_0_3_all_typeA__parameterized1_1_lib_work_renamed3235_your_instance_name
INFO: [VRFC 10-311] analyzing module ila_0_ltlib_v1_0_3_all_typeA__parameterized1_1_lib_work_renamed4365_your_instance_name
INFO: [VRFC 10-311] analyzing module ila_0_ltlib_v1_0_3_all_typeA__parameterized1_10_lib_work_renamed3235_your_instance_name
INFO: [VRFC 10-311] analyzing module ila_0_ltlib_v1_0_3_all_typeA__parameterized1_10_lib_work_renamed4365_your_instance_name
INFO: [VRFC 10-311] analyzing module ila_0_ltlib_v1_0_3_all_typeA__parameterized1_13_lib_work_renamed3235_your_instance_name
INFO: [VRFC 10-311] analyzing module ila_0_ltlib_v1_0_3_all_typeA__parameterized1_13_lib_work_renamed4365_your_instance_name
INFO: [VRFC 10-311] analyzing module ila_0_ltlib_v1_0_3_all_typeA__parameterized1_16_lib_work_renamed3235_your_instance_name
INFO: [VRFC 10-311] analyzing module ila_0_ltlib_v1_0_3_all_typeA__parameterized1_16_lib_work_renamed4365_your_instance_name
INFO: [VRFC 10-311] analyzing module ila_0_ltlib_v1_0_3_all_typeA__parameterized1_19_lib_work_renamed3235_your_instance_name
INFO: [VRFC 10-311] analyzing module ila_0_ltlib_v1_0_3_all_typeA__parameterized1_19_lib_work_renamed4365_your_instance_name
INFO: [VRFC 10-311] analyzing module ila_0_ltlib_v1_0_3_all_typeA__parameterized1_21_lib_work_renamed3235_your_instance_name
INFO: [VRFC 10-311] analyzing module ila_0_ltlib_v1_0_3_all_typeA__parameterized1_21_lib_work_renamed4365_your_instance_name
INFO: [VRFC 10-311] analyzing module ila_0_ltlib_v1_0_3_all_typeA__parameterized1_4_lib_work_renamed3235_your_instance_name
INFO: [VRFC 10-311] analyzing module ila_0_ltlib_v1_0_3_all_typeA__parameterized1_4_lib_work_renamed4365_your_instance_name
INFO: [VRFC 10-311] analyzing module ila_0_ltlib_v1_0_3_all_typeA__parameterized1_7_lib_work_renamed3235_your_instance_name
INFO: [VRFC 10-311] analyzing module ila_0_ltlib_v1_0_3_all_typeA__parameterized1_7_lib_work_renamed4365_your_instance_name
INFO: [VRFC 10-311] analyzing module ila_0_ltlib_v1_0_3_all_typeA__parameterized2_lib_work_renamed3235_your_instance_name
INFO: [VRFC 10-311] analyzing module ila_0_ltlib_v1_0_3_all_typeA__parameterized2_lib_work_renamed4365_your_instance_name
INFO: [VRFC 10-311] analyzing module ila_0_ltlib_v1_0_3_all_typeA__parameterized2_46_lib_work_renamed3235_your_instance_name
INFO: [VRFC 10-311] analyzing module ila_0_ltlib_v1_0_3_all_typeA__parameterized2_46_lib_work_renamed4365_your_instance_name
INFO: [VRFC 10-311] analyzing module ila_0_ltlib_v1_0_3_all_typeA__parameterized2_50_lib_work_renamed3235_your_instance_name
INFO: [VRFC 10-311] analyzing module ila_0_ltlib_v1_0_3_all_typeA__parameterized2_50_lib_work_renamed4365_your_instance_name
INFO: [VRFC 10-311] analyzing module ila_0_ltlib_v1_0_3_all_typeA_slice_lib_work_renamed3235_your_instance_name
INFO: [VRFC 10-311] analyzing module ila_0_ltlib_v1_0_3_all_typeA_slice_lib_work_renamed4365_your_instance_name
INFO: [VRFC 10-311] analyzing module ila_0_ltlib_v1_0_3_all_typeA_slice_23_lib_work_renamed3235_your_instance_name
INFO: [VRFC 10-311] analyzing module ila_0_ltlib_v1_0_3_all_typeA_slice_23_lib_work_renamed4365_your_instance_name
INFO: [VRFC 10-311] analyzing module ila_0_ltlib_v1_0_3_all_typeA_slice_24_lib_work_renamed3235_your_instance_name
INFO: [VRFC 10-311] analyzing module ila_0_ltlib_v1_0_3_all_typeA_slice_24_lib_work_renamed4365_your_instance_name
INFO: [VRFC 10-311] analyzing module ila_0_ltlib_v1_0_3_all_typeA_slice_26_lib_work_renamed3235_your_instance_name
INFO: [VRFC 10-311] analyzing module ila_0_ltlib_v1_0_3_all_typeA_slice_26_lib_work_renamed4365_your_instance_name
INFO: [VRFC 10-311] analyzing module ila_0_ltlib_v1_0_3_all_typeA_slice__parameterized0_lib_work_renamed3235_your_instance_name
INFO: [VRFC 10-311] analyzing module ila_0_ltlib_v1_0_3_all_typeA_slice__parameterized0_lib_work_renamed4365_your_instance_name
INFO: [VRFC 10-311] analyzing module ila_0_ltlib_v1_0_3_all_typeA_slice__parameterized0_11_lib_work_renamed3235_your_instance_name
INFO: [VRFC 10-311] analyzing module ila_0_ltlib_v1_0_3_all_typeA_slice__parameterized0_11_lib_work_renamed4365_your_instance_name
INFO: [VRFC 10-311] analyzing module ila_0_ltlib_v1_0_3_all_typeA_slice__parameterized0_14_lib_work_renamed3235_your_instance_name
INFO: [VRFC 10-311] analyzing module ila_0_ltlib_v1_0_3_all_typeA_slice__parameterized0_14_lib_work_renamed4365_your_instance_name
INFO: [VRFC 10-311] analyzing module ila_0_ltlib_v1_0_3_all_typeA_slice__parameterized0_17_lib_work_renamed3235_your_instance_name
INFO: [VRFC 10-311] analyzing module ila_0_ltlib_v1_0_3_all_typeA_slice__parameterized0_17_lib_work_renamed4365_your_instance_name
INFO: [VRFC 10-311] analyzing module ila_0_ltlib_v1_0_3_all_typeA_slice__parameterized0_2_lib_work_renamed3235_your_instance_name
INFO: [VRFC 10-311] analyzing module ila_0_ltlib_v1_0_3_all_typeA_slice__parameterized0_2_lib_work_renamed4365_your_instance_name
INFO: [VRFC 10-311] analyzing module ila_0_ltlib_v1_0_3_all_typeA_slice__parameterized0_20_lib_work_renamed3235_your_instance_name
INFO: [VRFC 10-311] analyzing module ila_0_ltlib_v1_0_3_all_typeA_slice__parameterized0_20_lib_work_renamed4365_your_instance_name
INFO: [VRFC 10-311] analyzing module ila_0_ltlib_v1_0_3_all_typeA_slice__parameterized0_22_lib_work_renamed3235_your_instance_name
INFO: [VRFC 10-311] analyzing module ila_0_ltlib_v1_0_3_all_typeA_slice__parameterized0_22_lib_work_renamed4365_your_instance_name
INFO: [VRFC 10-311] analyzing module ila_0_ltlib_v1_0_3_all_typeA_slice__parameterized0_25_lib_work_renamed3235_your_instance_name
INFO: [VRFC 10-311] analyzing module ila_0_ltlib_v1_0_3_all_typeA_slice__parameterized0_25_lib_work_renamed4365_your_instance_name
INFO: [VRFC 10-311] analyzing module ila_0_ltlib_v1_0_3_all_typeA_slice__parameterized0_27_lib_work_renamed3235_your_instance_name
INFO: [VRFC 10-311] analyzing module ila_0_ltlib_v1_0_3_all_typeA_slice__parameterized0_27_lib_work_renamed4365_your_instance_name
INFO: [VRFC 10-311] analyzing module ila_0_ltlib_v1_0_3_all_typeA_slice__parameterized0_5_lib_work_renamed3235_your_instance_name
INFO: [VRFC 10-311] analyzing module ila_0_ltlib_v1_0_3_all_typeA_slice__parameterized0_5_lib_work_renamed4365_your_instance_name
INFO: [VRFC 10-311] analyzing module ila_0_ltlib_v1_0_3_all_typeA_slice__parameterized0_8_lib_work_renamed3235_your_instance_name
INFO: [VRFC 10-311] analyzing module ila_0_ltlib_v1_0_3_all_typeA_slice__parameterized0_8_lib_work_renamed4365_your_instance_name
INFO: [VRFC 10-311] analyzing module ila_0_ltlib_v1_0_3_all_typeA_slice__parameterized1_lib_work_renamed3235_your_instance_name
INFO: [VRFC 10-311] analyzing module ila_0_ltlib_v1_0_3_all_typeA_slice__parameterized1_lib_work_renamed4365_your_instance_name
INFO: [VRFC 10-311] analyzing module ila_0_ltlib_v1_0_3_all_typeA_slice__parameterized1_47_lib_work_renamed3235_your_instance_name
INFO: [VRFC 10-311] analyzing module ila_0_ltlib_v1_0_3_all_typeA_slice__parameterized1_47_lib_work_renamed4365_your_instance_name
INFO: [VRFC 10-311] analyzing module ila_0_ltlib_v1_0_3_all_typeA_slice__parameterized1_51_lib_work_renamed3235_your_instance_name
INFO: [VRFC 10-311] analyzing module ila_0_ltlib_v1_0_3_all_typeA_slice__parameterized1_51_lib_work_renamed4365_your_instance_name
INFO: [VRFC 10-311] analyzing module ila_0_ltlib_v1_0_3_all_typeA_slice__parameterized2_lib_work_renamed3235_your_instance_name
INFO: [VRFC 10-311] analyzing module ila_0_ltlib_v1_0_3_all_typeA_slice__parameterized2_lib_work_renamed4365_your_instance_name
INFO: [VRFC 10-311] analyzing module ila_0_ltlib_v1_0_3_all_typeA_slice__parameterized2_48_lib_work_renamed3235_your_instance_name
INFO: [VRFC 10-311] analyzing module ila_0_ltlib_v1_0_3_all_typeA_slice__parameterized2_48_lib_work_renamed4365_your_instance_name
INFO: [VRFC 10-311] analyzing module ila_0_ltlib_v1_0_3_all_typeA_slice__parameterized2_52_lib_work_renamed3235_your_instance_name
INFO: [VRFC 10-311] analyzing module ila_0_ltlib_v1_0_3_all_typeA_slice__parameterized2_52_lib_work_renamed4365_your_instance_name
INFO: [VRFC 10-311] analyzing module ila_0_ltlib_v1_0_3_allx_typeA_lib_work_renamed3235_your_instance_name
INFO: [VRFC 10-311] analyzing module ila_0_ltlib_v1_0_3_allx_typeA_lib_work_renamed4365_your_instance_name
INFO: [VRFC 10-311] analyzing module ila_0_ltlib_v1_0_3_allx_typeA__parameterized0_lib_work_renamed3235_your_instance_name
INFO: [VRFC 10-311] analyzing module ila_0_ltlib_v1_0_3_allx_typeA__parameterized0_lib_work_renamed4365_your_instance_name
INFO: [VRFC 10-311] analyzing module ila_0_ltlib_v1_0_3_allx_typeA__parameterized1_lib_work_renamed3235_your_instance_name
INFO: [VRFC 10-311] analyzing module ila_0_ltlib_v1_0_3_allx_typeA__parameterized1_lib_work_renamed4365_your_instance_name
INFO: [VRFC 10-311] analyzing module ila_0_ltlib_v1_0_3_allx_typeA__parameterized2_lib_work_renamed3235_your_instance_name
INFO: [VRFC 10-311] analyzing module ila_0_ltlib_v1_0_3_allx_typeA__parameterized2_lib_work_renamed4365_your_instance_name
INFO: [VRFC 10-311] analyzing module ila_0_ltlib_v1_0_3_allx_typeA__parameterized2_0_lib_work_renamed3235_your_instance_name
INFO: [VRFC 10-311] analyzing module ila_0_ltlib_v1_0_3_allx_typeA__parameterized2_0_lib_work_renamed4365_your_instance_name
INFO: [VRFC 10-311] analyzing module ila_0_ltlib_v1_0_3_allx_typeA__parameterized2_12_lib_work_renamed3235_your_instance_name
INFO: [VRFC 10-311] analyzing module ila_0_ltlib_v1_0_3_allx_typeA__parameterized2_12_lib_work_renamed4365_your_instance_name
INFO: [VRFC 10-311] analyzing module ila_0_ltlib_v1_0_3_allx_typeA__parameterized2_15_lib_work_renamed3235_your_instance_name
INFO: [VRFC 10-311] analyzing module ila_0_ltlib_v1_0_3_allx_typeA__parameterized2_15_lib_work_renamed4365_your_instance_name
INFO: [VRFC 10-311] analyzing module ila_0_ltlib_v1_0_3_allx_typeA__parameterized2_18_lib_work_renamed3235_your_instance_name
INFO: [VRFC 10-311] analyzing module ila_0_ltlib_v1_0_3_allx_typeA__parameterized2_18_lib_work_renamed4365_your_instance_name
INFO: [VRFC 10-311] analyzing module ila_0_ltlib_v1_0_3_allx_typeA__parameterized2_3_lib_work_renamed3235_your_instance_name
INFO: [VRFC 10-311] analyzing module ila_0_ltlib_v1_0_3_allx_typeA__parameterized2_3_lib_work_renamed4365_your_instance_name
INFO: [VRFC 10-311] analyzing module ila_0_ltlib_v1_0_3_allx_typeA__parameterized2_6_lib_work_renamed3235_your_instance_name
INFO: [VRFC 10-311] analyzing module ila_0_ltlib_v1_0_3_allx_typeA__parameterized2_6_lib_work_renamed4365_your_instance_name
INFO: [VRFC 10-311] analyzing module ila_0_ltlib_v1_0_3_allx_typeA__parameterized2_9_lib_work_renamed3235_your_instance_name
INFO: [VRFC 10-311] analyzing module ila_0_ltlib_v1_0_3_allx_typeA__parameterized2_9_lib_work_renamed4365_your_instance_name
INFO: [VRFC 10-311] analyzing module ila_0_ltlib_v1_0_3_allx_typeA_nodelay_lib_work_renamed3235_your_instance_name
INFO: [VRFC 10-311] analyzing module ila_0_ltlib_v1_0_3_allx_typeA_nodelay_lib_work_renamed4365_your_instance_name
INFO: [VRFC 10-311] analyzing module ila_0_ltlib_v1_0_3_allx_typeA_nodelay_45_lib_work_renamed3235_your_instance_name
INFO: [VRFC 10-311] analyzing module ila_0_ltlib_v1_0_3_allx_typeA_nodelay_45_lib_work_renamed4365_your_instance_name
INFO: [VRFC 10-311] analyzing module ila_0_ltlib_v1_0_3_allx_typeA_nodelay_49_lib_work_renamed3235_your_instance_name
INFO: [VRFC 10-311] analyzing module ila_0_ltlib_v1_0_3_allx_typeA_nodelay_49_lib_work_renamed4365_your_instance_name
INFO: [VRFC 10-311] analyzing module ila_0_ltlib_v1_0_3_async_edge_xfer_lib_work_renamed3235_your_instance_name
INFO: [VRFC 10-311] analyzing module ila_0_ltlib_v1_0_3_async_edge_xfer_lib_work_renamed4365_your_instance_name
INFO: [VRFC 10-311] analyzing module ila_0_ltlib_v1_0_3_async_edge_xfer__1_lib_work_renamed3235_your_instance_name
INFO: [VRFC 10-311] analyzing module ila_0_ltlib_v1_0_3_async_edge_xfer__1_lib_work_renamed4365_your_instance_name
INFO: [VRFC 10-311] analyzing module ila_0_ltlib_v1_0_3_async_edge_xfer__2_lib_work_renamed3235_your_instance_name
INFO: [VRFC 10-311] analyzing module ila_0_ltlib_v1_0_3_async_edge_xfer__2_lib_work_renamed4365_your_instance_name
INFO: [VRFC 10-311] analyzing module ila_0_ltlib_v1_0_3_async_edge_xfer__3_lib_work_renamed3235_your_instance_name
INFO: [VRFC 10-311] analyzing module ila_0_ltlib_v1_0_3_async_edge_xfer__3_lib_work_renamed4365_your_instance_name
INFO: [VRFC 10-311] analyzing module ila_0_ltlib_v1_0_3_cfglut4_lib_work_renamed3235_your_instance_name
INFO: [VRFC 10-311] analyzing module ila_0_ltlib_v1_0_3_cfglut4_lib_work_renamed4365_your_instance_name
INFO: [VRFC 10-311] analyzing module ila_0_ltlib_v1_0_3_cfglut4__1_lib_work_renamed3235_your_instance_name
INFO: [VRFC 10-311] analyzing module ila_0_ltlib_v1_0_3_cfglut4__1_lib_work_renamed4365_your_instance_name
INFO: [VRFC 10-311] analyzing module ila_0_ltlib_v1_0_3_cfglut5_lib_work_renamed3235_your_instance_name
INFO: [VRFC 10-311] analyzing module ila_0_ltlib_v1_0_3_cfglut5_lib_work_renamed4365_your_instance_name
INFO: [VRFC 10-311] analyzing module ila_0_ltlib_v1_0_3_cfglut5__1_lib_work_renamed3235_your_instance_name
INFO: [VRFC 10-311] analyzing module ila_0_ltlib_v1_0_3_cfglut5__1_lib_work_renamed4365_your_instance_name
INFO: [VRFC 10-311] analyzing module ila_0_ltlib_v1_0_3_cfglut5__2_lib_work_renamed3235_your_instance_name
INFO: [VRFC 10-311] analyzing module ila_0_ltlib_v1_0_3_cfglut5__2_lib_work_renamed4365_your_instance_name
INFO: [VRFC 10-311] analyzing module ila_0_ltlib_v1_0_3_cfglut6_lib_work_renamed3235_your_instance_name
INFO: [VRFC 10-311] analyzing module ila_0_ltlib_v1_0_3_cfglut6_lib_work_renamed4365_your_instance_name
INFO: [VRFC 10-311] analyzing module ila_0_ltlib_v1_0_3_cfglut6__1_lib_work_renamed3235_your_instance_name
INFO: [VRFC 10-311] analyzing module ila_0_ltlib_v1_0_3_cfglut6__1_lib_work_renamed4365_your_instance_name
INFO: [VRFC 10-311] analyzing module ila_0_ltlib_v1_0_3_cfglut6__parameterized0_lib_work_renamed3235_your_instance_name
INFO: [VRFC 10-311] analyzing module ila_0_ltlib_v1_0_3_cfglut6__parameterized0_lib_work_renamed4365_your_instance_name
INFO: [VRFC 10-311] analyzing module ila_0_ltlib_v1_0_3_cfglut7_lib_work_renamed3235_your_instance_name
INFO: [VRFC 10-311] analyzing module ila_0_ltlib_v1_0_3_cfglut7_lib_work_renamed4365_your_instance_name
INFO: [VRFC 10-311] analyzing module ila_0_ltlib_v1_0_3_cfglut7__1_lib_work_renamed3235_your_instance_name
INFO: [VRFC 10-311] analyzing module ila_0_ltlib_v1_0_3_cfglut7__1_lib_work_renamed4365_your_instance_name
INFO: [VRFC 10-311] analyzing module ila_0_ltlib_v1_0_3_generic_memrd_lib_work_renamed3235_your_instance_name
INFO: [VRFC 10-311] analyzing module ila_0_ltlib_v1_0_3_generic_memrd_lib_work_renamed4365_your_instance_name
INFO: [VRFC 10-311] analyzing module ila_0_ltlib_v1_0_3_match_lib_work_renamed3235_your_instance_name
INFO: [VRFC 10-311] analyzing module ila_0_ltlib_v1_0_3_match_lib_work_renamed4365_your_instance_name
INFO: [VRFC 10-311] analyzing module ila_0_ltlib_v1_0_3_match__parameterized0_lib_work_renamed3235_your_instance_name
INFO: [VRFC 10-311] analyzing module ila_0_ltlib_v1_0_3_match__parameterized0_lib_work_renamed4365_your_instance_name
INFO: [VRFC 10-311] analyzing module ila_0_ltlib_v1_0_3_match__parameterized1_lib_work_renamed3235_your_instance_name
INFO: [VRFC 10-311] analyzing module ila_0_ltlib_v1_0_3_match__parameterized1_lib_work_renamed4365_your_instance_name
INFO: [VRFC 10-311] analyzing module ila_0_ltlib_v1_0_3_match__parameterized2_lib_work_renamed3235_your_instance_name
INFO: [VRFC 10-311] analyzing module ila_0_ltlib_v1_0_3_match__parameterized2_lib_work_renamed4365_your_instance_name
INFO: [VRFC 10-311] analyzing module ila_0_ltlib_v1_0_3_match__parameterized2__1_lib_work_renamed3235_your_instance_name
INFO: [VRFC 10-311] analyzing module ila_0_ltlib_v1_0_3_match__parameterized2__1_lib_work_renamed4365_your_instance_name
INFO: [VRFC 10-311] analyzing module ila_0_ltlib_v1_0_3_match__parameterized2__2_lib_work_renamed3235_your_instance_name
INFO: [VRFC 10-311] analyzing module ila_0_ltlib_v1_0_3_match__parameterized2__2_lib_work_renamed4365_your_instance_name
INFO: [VRFC 10-311] analyzing module ila_0_ltlib_v1_0_3_match__parameterized2__3_lib_work_renamed3235_your_instance_name
INFO: [VRFC 10-311] analyzing module ila_0_ltlib_v1_0_3_match__parameterized2__3_lib_work_renamed4365_your_instance_name
INFO: [VRFC 10-311] analyzing module ila_0_ltlib_v1_0_3_match__parameterized2__4_lib_work_renamed3235_your_instance_name
INFO: [VRFC 10-311] analyzing module ila_0_ltlib_v1_0_3_match__parameterized2__4_lib_work_renamed4365_your_instance_name
INFO: [VRFC 10-311] analyzing module ila_0_ltlib_v1_0_3_match__parameterized2__5_lib_work_renamed3235_your_instance_name
INFO: [VRFC 10-311] analyzing module ila_0_ltlib_v1_0_3_match__parameterized2__5_lib_work_renamed4365_your_instance_name
INFO: [VRFC 10-311] analyzing module ila_0_ltlib_v1_0_3_match__parameterized2__6_lib_work_renamed3235_your_instance_name
INFO: [VRFC 10-311] analyzing module ila_0_ltlib_v1_0_3_match__parameterized2__6_lib_work_renamed4365_your_instance_name
INFO: [VRFC 10-311] analyzing module ila_0_ltlib_v1_0_3_match__parameterized2__7_lib_work_renamed3235_your_instance_name
INFO: [VRFC 10-311] analyzing module ila_0_ltlib_v1_0_3_match__parameterized2__7_lib_work_renamed4365_your_instance_name
INFO: [VRFC 10-311] analyzing module ila_0_ltlib_v1_0_3_match_nodelay_lib_work_renamed3235_your_instance_name
INFO: [VRFC 10-311] analyzing module ila_0_ltlib_v1_0_3_match_nodelay_lib_work_renamed4365_your_instance_name
INFO: [VRFC 10-311] analyzing module ila_0_ltlib_v1_0_3_match_nodelay__1_lib_work_renamed3235_your_instance_name
INFO: [VRFC 10-311] analyzing module ila_0_ltlib_v1_0_3_match_nodelay__1_lib_work_renamed4365_your_instance_name
INFO: [VRFC 10-311] analyzing module ila_0_ltlib_v1_0_3_match_nodelay__2_lib_work_renamed3235_your_instance_name
INFO: [VRFC 10-311] analyzing module ila_0_ltlib_v1_0_3_match_nodelay__2_lib_work_renamed4365_your_instance_name
INFO: [VRFC 10-311] analyzing module ila_0_ltlib_v1_0_3_rising_edge_detection_lib_work_renamed3235_your_instance_name
INFO: [VRFC 10-311] analyzing module ila_0_ltlib_v1_0_3_rising_edge_detection_lib_work_renamed4365_your_instance_name
INFO: [VRFC 10-311] analyzing module ila_0_ltlib_v1_0_3_rising_edge_detection__1_lib_work_renamed3235_your_instance_name
INFO: [VRFC 10-311] analyzing module ila_0_ltlib_v1_0_3_rising_edge_detection__1_lib_work_renamed4365_your_instance_name
INFO: [VRFC 10-311] analyzing module ila_0_xsdbs_v1_0_5_reg__parameterized29_lib_work_renamed3235_your_instance_name
INFO: [VRFC 10-311] analyzing module ila_0_xsdbs_v1_0_5_reg__parameterized29_lib_work_renamed4365_your_instance_name
INFO: [VRFC 10-311] analyzing module ila_0_xsdbs_v1_0_5_reg__parameterized30_lib_work_renamed3235_your_instance_name
INFO: [VRFC 10-311] analyzing module ila_0_xsdbs_v1_0_5_reg__parameterized30_lib_work_renamed4365_your_instance_name
INFO: [VRFC 10-311] analyzing module ila_0_xsdbs_v1_0_5_reg__parameterized31_lib_work_renamed3235_your_instance_name
INFO: [VRFC 10-311] analyzing module ila_0_xsdbs_v1_0_5_reg__parameterized31_lib_work_renamed4365_your_instance_name
INFO: [VRFC 10-311] analyzing module ila_0_xsdbs_v1_0_5_reg__parameterized32_lib_work_renamed3235_your_instance_name
INFO: [VRFC 10-311] analyzing module ila_0_xsdbs_v1_0_5_reg__parameterized32_lib_work_renamed4365_your_instance_name
INFO: [VRFC 10-311] analyzing module ila_0_xsdbs_v1_0_5_reg__parameterized44_lib_work_renamed3235_your_instance_name
INFO: [VRFC 10-311] analyzing module ila_0_xsdbs_v1_0_5_reg__parameterized44_lib_work_renamed4365_your_instance_name
INFO: [VRFC 10-311] analyzing module ila_0_xsdbs_v1_0_5_reg__parameterized45_lib_work_renamed3235_your_instance_name
INFO: [VRFC 10-311] analyzing module ila_0_xsdbs_v1_0_5_reg__parameterized45_lib_work_renamed4365_your_instance_name
INFO: [VRFC 10-311] analyzing module ila_0_xsdbs_v1_0_5_reg__parameterized46_lib_work_renamed3235_your_instance_name
INFO: [VRFC 10-311] analyzing module ila_0_xsdbs_v1_0_5_reg__parameterized46_lib_work_renamed4365_your_instance_name
INFO: [VRFC 10-311] analyzing module ila_0_xsdbs_v1_0_5_reg__parameterized47_lib_work_renamed3235_your_instance_name
INFO: [VRFC 10-311] analyzing module ila_0_xsdbs_v1_0_5_reg__parameterized47_lib_work_renamed4365_your_instance_name
INFO: [VRFC 10-311] analyzing module ila_0_xsdbs_v1_0_5_reg__parameterized48_lib_work_renamed3235_your_instance_name
INFO: [VRFC 10-311] analyzing module ila_0_xsdbs_v1_0_5_reg__parameterized48_lib_work_renamed4365_your_instance_name
INFO: [VRFC 10-311] analyzing module ila_0_xsdbs_v1_0_5_reg__parameterized49_lib_work_renamed3235_your_instance_name
INFO: [VRFC 10-311] analyzing module ila_0_xsdbs_v1_0_5_reg__parameterized49_lib_work_renamed4365_your_instance_name
INFO: [VRFC 10-311] analyzing module ila_0_xsdbs_v1_0_5_reg__parameterized50_lib_work_renamed3235_your_instance_name
INFO: [VRFC 10-311] analyzing module ila_0_xsdbs_v1_0_5_reg__parameterized50_lib_work_renamed4365_your_instance_name
INFO: [VRFC 10-311] analyzing module ila_0_xsdbs_v1_0_5_reg__parameterized51_lib_work_renamed3235_your_instance_name
INFO: [VRFC 10-311] analyzing module ila_0_xsdbs_v1_0_5_reg__parameterized51_lib_work_renamed4365_your_instance_name
INFO: [VRFC 10-311] analyzing module ila_0_xsdbs_v1_0_5_reg__parameterized52_lib_work_renamed3235_your_instance_name
INFO: [VRFC 10-311] analyzing module ila_0_xsdbs_v1_0_5_reg__parameterized52_lib_work_renamed4365_your_instance_name
INFO: [VRFC 10-311] analyzing module ila_0_xsdbs_v1_0_5_reg__parameterized53_lib_work_renamed3235_your_instance_name
INFO: [VRFC 10-311] analyzing module ila_0_xsdbs_v1_0_5_reg__parameterized53_lib_work_renamed4365_your_instance_name
INFO: [VRFC 10-311] analyzing module ila_0_xsdbs_v1_0_5_reg__parameterized54_lib_work_renamed3235_your_instance_name
INFO: [VRFC 10-311] analyzing module ila_0_xsdbs_v1_0_5_reg__parameterized54_lib_work_renamed4365_your_instance_name
INFO: [VRFC 10-311] analyzing module ila_0_xsdbs_v1_0_5_reg__parameterized55_lib_work_renamed3235_your_instance_name
INFO: [VRFC 10-311] analyzing module ila_0_xsdbs_v1_0_5_reg__parameterized55_lib_work_renamed4365_your_instance_name
INFO: [VRFC 10-311] analyzing module ila_0_xsdbs_v1_0_5_reg__parameterized57_lib_work_renamed3235_your_instance_name
INFO: [VRFC 10-311] analyzing module ila_0_xsdbs_v1_0_5_reg__parameterized57_lib_work_renamed4365_your_instance_name
INFO: [VRFC 10-311] analyzing module ila_0_xsdbs_v1_0_5_reg__parameterized59_lib_work_renamed3235_your_instance_name
INFO: [VRFC 10-311] analyzing module ila_0_xsdbs_v1_0_5_reg__parameterized59_lib_work_renamed4365_your_instance_name
INFO: [VRFC 10-311] analyzing module ila_0_xsdbs_v1_0_5_reg__parameterized62_lib_work_renamed3235_your_instance_name
INFO: [VRFC 10-311] analyzing module ila_0_xsdbs_v1_0_5_reg__parameterized62_lib_work_renamed4365_your_instance_name
INFO: [VRFC 10-311] analyzing module ila_0_xsdbs_v1_0_5_reg_ctl_lib_work_renamed3235_your_instance_name
INFO: [VRFC 10-311] analyzing module ila_0_xsdbs_v1_0_5_reg_ctl_lib_work_renamed4365_your_instance_name
INFO: [VRFC 10-311] analyzing module ila_0_xsdbs_v1_0_5_reg_ctl_31_lib_work_renamed3235_your_instance_name
INFO: [VRFC 10-311] analyzing module ila_0_xsdbs_v1_0_5_reg_ctl_31_lib_work_renamed4365_your_instance_name
INFO: [VRFC 10-311] analyzing module ila_0_xsdbs_v1_0_5_reg_ctl_32_lib_work_renamed3235_your_instance_name
INFO: [VRFC 10-311] analyzing module ila_0_xsdbs_v1_0_5_reg_ctl_32_lib_work_renamed4365_your_instance_name
INFO: [VRFC 10-311] analyzing module ila_0_xsdbs_v1_0_5_reg_ctl_33_lib_work_renamed3235_your_instance_name
INFO: [VRFC 10-311] analyzing module ila_0_xsdbs_v1_0_5_reg_ctl_33_lib_work_renamed4365_your_instance_name
INFO: [VRFC 10-311] analyzing module ila_0_xsdbs_v1_0_5_reg_ctl_34_lib_work_renamed3235_your_instance_name
INFO: [VRFC 10-311] analyzing module ila_0_xsdbs_v1_0_5_reg_ctl_34_lib_work_renamed4365_your_instance_name
INFO: [VRFC 10-311] analyzing module ila_0_xsdbs_v1_0_5_reg_ctl_37_lib_work_renamed3235_your_instance_name
INFO: [VRFC 10-311] analyzing module ila_0_xsdbs_v1_0_5_reg_ctl_37_lib_work_renamed4365_your_instance_name
INFO: [VRFC 10-311] analyzing module ila_0_xsdbs_v1_0_5_reg_ctl_38_lib_work_renamed3235_your_instance_name
INFO: [VRFC 10-311] analyzing module ila_0_xsdbs_v1_0_5_reg_ctl_38_lib_work_renamed4365_your_instance_name
INFO: [VRFC 10-311] analyzing module ila_0_xsdbs_v1_0_5_reg_ctl_39_lib_work_renamed3235_your_instance_name
INFO: [VRFC 10-311] analyzing module ila_0_xsdbs_v1_0_5_reg_ctl_39_lib_work_renamed4365_your_instance_name
INFO: [VRFC 10-311] analyzing module ila_0_xsdbs_v1_0_5_reg_ctl_40_lib_work_renamed3235_your_instance_name
INFO: [VRFC 10-311] analyzing module ila_0_xsdbs_v1_0_5_reg_ctl_40_lib_work_renamed4365_your_instance_name
INFO: [VRFC 10-311] analyzing module ila_0_xsdbs_v1_0_5_reg_ctl_41_lib_work_renamed3235_your_instance_name
INFO: [VRFC 10-311] analyzing module ila_0_xsdbs_v1_0_5_reg_ctl_41_lib_work_renamed4365_your_instance_name
INFO: [VRFC 10-311] analyzing module ila_0_xsdbs_v1_0_5_reg_ctl_44_lib_work_renamed3235_your_instance_name
INFO: [VRFC 10-311] analyzing module ila_0_xsdbs_v1_0_5_reg_ctl_44_lib_work_renamed4365_your_instance_name
INFO: [VRFC 10-311] analyzing module ila_0_xsdbs_v1_0_5_reg_ctl__parameterized0_lib_work_renamed3235_your_instance_name
INFO: [VRFC 10-311] analyzing module ila_0_xsdbs_v1_0_5_reg_ctl__parameterized0_lib_work_renamed4365_your_instance_name
INFO: [VRFC 10-311] analyzing module ila_0_xsdbs_v1_0_5_reg_ctl__parameterized1_lib_work_renamed3235_your_instance_name
INFO: [VRFC 10-311] analyzing module ila_0_xsdbs_v1_0_5_reg_ctl__parameterized1_lib_work_renamed4365_your_instance_name
INFO: [VRFC 10-311] analyzing module ila_0_xsdbs_v1_0_5_reg_ctl__parameterized1_35_lib_work_renamed3235_your_instance_name
INFO: [VRFC 10-311] analyzing module ila_0_xsdbs_v1_0_5_reg_ctl__parameterized1_35_lib_work_renamed4365_your_instance_name
INFO: [VRFC 10-311] analyzing module ila_0_xsdbs_v1_0_5_reg_ctl__parameterized1_36_lib_work_renamed3235_your_instance_name
INFO: [VRFC 10-311] analyzing module ila_0_xsdbs_v1_0_5_reg_ctl__parameterized1_36_lib_work_renamed4365_your_instance_name
INFO: [VRFC 10-311] analyzing module ila_0_xsdbs_v1_0_5_reg_p2s_lib_work_renamed3235_your_instance_name
INFO: [VRFC 10-311] analyzing module ila_0_xsdbs_v1_0_5_reg_p2s_lib_work_renamed4365_your_instance_name
INFO: [VRFC 10-311] analyzing module ila_0_xsdbs_v1_0_5_reg_p2s__parameterized0_lib_work_renamed3235_your_instance_name
INFO: [VRFC 10-311] analyzing module ila_0_xsdbs_v1_0_5_reg_p2s__parameterized0_lib_work_renamed4365_your_instance_name
INFO: [VRFC 10-311] analyzing module ila_0_xsdbs_v1_0_5_reg_p2s__parameterized1_lib_work_renamed3235_your_instance_name
INFO: [VRFC 10-311] analyzing module ila_0_xsdbs_v1_0_5_reg_p2s__parameterized1_lib_work_renamed4365_your_instance_name
INFO: [VRFC 10-311] analyzing module ila_0_xsdbs_v1_0_5_reg_p2s__parameterized10_lib_work_renamed3235_your_instance_name
INFO: [VRFC 10-311] analyzing module ila_0_xsdbs_v1_0_5_reg_p2s__parameterized10_lib_work_renamed4365_your_instance_name
INFO: [VRFC 10-311] analyzing module ila_0_xsdbs_v1_0_5_reg_p2s__parameterized2_lib_work_renamed3235_your_instance_name
INFO: [VRFC 10-311] analyzing module ila_0_xsdbs_v1_0_5_reg_p2s__parameterized2_lib_work_renamed4365_your_instance_name
INFO: [VRFC 10-311] analyzing module ila_0_xsdbs_v1_0_5_reg_p2s__parameterized3_lib_work_renamed3235_your_instance_name
INFO: [VRFC 10-311] analyzing module ila_0_xsdbs_v1_0_5_reg_p2s__parameterized3_lib_work_renamed4365_your_instance_name
INFO: [VRFC 10-311] analyzing module ila_0_xsdbs_v1_0_5_reg_p2s__parameterized4_lib_work_renamed3235_your_instance_name
INFO: [VRFC 10-311] analyzing module ila_0_xsdbs_v1_0_5_reg_p2s__parameterized4_lib_work_renamed4365_your_instance_name
INFO: [VRFC 10-311] analyzing module ila_0_xsdbs_v1_0_5_reg_p2s__parameterized5_lib_work_renamed3235_your_instance_name
INFO: [VRFC 10-311] analyzing module ila_0_xsdbs_v1_0_5_reg_p2s__parameterized5_lib_work_renamed4365_your_instance_name
INFO: [VRFC 10-311] analyzing module ila_0_xsdbs_v1_0_5_reg_p2s__parameterized6_lib_work_renamed3235_your_instance_name
INFO: [VRFC 10-311] analyzing module ila_0_xsdbs_v1_0_5_reg_p2s__parameterized6_lib_work_renamed4365_your_instance_name
INFO: [VRFC 10-311] analyzing module ila_0_xsdbs_v1_0_5_reg_p2s__parameterized7_lib_work_renamed3235_your_instance_name
INFO: [VRFC 10-311] analyzing module ila_0_xsdbs_v1_0_5_reg_p2s__parameterized7_lib_work_renamed4365_your_instance_name
INFO: [VRFC 10-311] analyzing module ila_0_xsdbs_v1_0_5_reg_p2s__parameterized8_lib_work_renamed3235_your_instance_name
INFO: [VRFC 10-311] analyzing module ila_0_xsdbs_v1_0_5_reg_p2s__parameterized8_lib_work_renamed4365_your_instance_name
INFO: [VRFC 10-311] analyzing module ila_0_xsdbs_v1_0_5_reg_p2s__parameterized9_lib_work_renamed3235_your_instance_name
INFO: [VRFC 10-311] analyzing module ila_0_xsdbs_v1_0_5_reg_p2s__parameterized9_lib_work_renamed4365_your_instance_name
INFO: [VRFC 10-311] analyzing module ila_0_xsdbs_v1_0_5_reg_stat_lib_work_renamed3235_your_instance_name
INFO: [VRFC 10-311] analyzing module ila_0_xsdbs_v1_0_5_reg_stat_lib_work_renamed4365_your_instance_name
INFO: [VRFC 10-311] analyzing module ila_0_xsdbs_v1_0_5_reg_stat_28_lib_work_renamed3235_your_instance_name
INFO: [VRFC 10-311] analyzing module ila_0_xsdbs_v1_0_5_reg_stat_28_lib_work_renamed4365_your_instance_name
INFO: [VRFC 10-311] analyzing module ila_0_xsdbs_v1_0_5_reg_stat_29_lib_work_renamed3235_your_instance_name
INFO: [VRFC 10-311] analyzing module ila_0_xsdbs_v1_0_5_reg_stat_29_lib_work_renamed4365_your_instance_name
INFO: [VRFC 10-311] analyzing module ila_0_xsdbs_v1_0_5_reg_stat_30_lib_work_renamed3235_your_instance_name
INFO: [VRFC 10-311] analyzing module ila_0_xsdbs_v1_0_5_reg_stat_30_lib_work_renamed4365_your_instance_name
INFO: [VRFC 10-311] analyzing module ila_0_xsdbs_v1_0_5_reg_stat_42_lib_work_renamed3235_your_instance_name
INFO: [VRFC 10-311] analyzing module ila_0_xsdbs_v1_0_5_reg_stat_42_lib_work_renamed4365_your_instance_name
INFO: [VRFC 10-311] analyzing module ila_0_xsdbs_v1_0_5_reg_stat_43_lib_work_renamed3235_your_instance_name
INFO: [VRFC 10-311] analyzing module ila_0_xsdbs_v1_0_5_reg_stat_43_lib_work_renamed4365_your_instance_name
INFO: [VRFC 10-311] analyzing module ila_0_xsdbs_v1_0_5_reg_stream_lib_work_renamed3235_your_instance_name
INFO: [VRFC 10-311] analyzing module ila_0_xsdbs_v1_0_5_reg_stream_lib_work_renamed4365_your_instance_name
INFO: [VRFC 10-311] analyzing module ila_0_xsdbs_v1_0_5_reg_stream__parameterized0_lib_work_renamed3235_your_instance_name
INFO: [VRFC 10-311] analyzing module ila_0_xsdbs_v1_0_5_reg_stream__parameterized0_lib_work_renamed4365_your_instance_name
INFO: [VRFC 10-311] analyzing module ila_0_xsdbs_v1_0_5_xsdbs_lib_work_renamed3235_your_instance_name
INFO: [VRFC 10-311] analyzing module ila_0_xsdbs_v1_0_5_xsdbs_lib_work_renamed4365_your_instance_name
INFO: [VRFC 10-311] analyzing module ila_1_ltlib_v1_0_3_all_typeA_lib_work_renamed2536_your_instance_name
INFO: [VRFC 10-311] analyzing module ila_1_ltlib_v1_0_3_all_typeA_lib_work_renamed3666_your_instance_name
INFO: [VRFC 10-311] analyzing module ila_1_ltlib_v1_0_3_all_typeA_1_lib_work_renamed2536_your_instance_name
INFO: [VRFC 10-311] analyzing module ila_1_ltlib_v1_0_3_all_typeA_1_lib_work_renamed3666_your_instance_name
INFO: [VRFC 10-311] analyzing module ila_1_ltlib_v1_0_3_all_typeA_12_lib_work_renamed2536_your_instance_name
INFO: [VRFC 10-311] analyzing module ila_1_ltlib_v1_0_3_all_typeA_12_lib_work_renamed3666_your_instance_name
INFO: [VRFC 10-311] analyzing module ila_1_ltlib_v1_0_3_all_typeA_15_lib_work_renamed2536_your_instance_name
INFO: [VRFC 10-311] analyzing module ila_1_ltlib_v1_0_3_all_typeA_15_lib_work_renamed3666_your_instance_name
INFO: [VRFC 10-311] analyzing module ila_1_ltlib_v1_0_3_all_typeA_18_lib_work_renamed2536_your_instance_name
INFO: [VRFC 10-311] analyzing module ila_1_ltlib_v1_0_3_all_typeA_18_lib_work_renamed3666_your_instance_name
INFO: [VRFC 10-311] analyzing module ila_1_ltlib_v1_0_3_all_typeA_20_lib_work_renamed2536_your_instance_name
INFO: [VRFC 10-311] analyzing module ila_1_ltlib_v1_0_3_all_typeA_20_lib_work_renamed3666_your_instance_name
INFO: [VRFC 10-311] analyzing module ila_1_ltlib_v1_0_3_all_typeA_4_lib_work_renamed2536_your_instance_name
INFO: [VRFC 10-311] analyzing module ila_1_ltlib_v1_0_3_all_typeA_4_lib_work_renamed3666_your_instance_name
INFO: [VRFC 10-311] analyzing module ila_1_ltlib_v1_0_3_all_typeA_6_lib_work_renamed2536_your_instance_name
INFO: [VRFC 10-311] analyzing module ila_1_ltlib_v1_0_3_all_typeA_6_lib_work_renamed3666_your_instance_name
INFO: [VRFC 10-311] analyzing module ila_1_ltlib_v1_0_3_all_typeA_9_lib_work_renamed2536_your_instance_name
INFO: [VRFC 10-311] analyzing module ila_1_ltlib_v1_0_3_all_typeA_9_lib_work_renamed3666_your_instance_name
INFO: [VRFC 10-311] analyzing module ila_1_ltlib_v1_0_3_all_typeA__parameterized0_lib_work_renamed2536_your_instance_name
INFO: [VRFC 10-311] analyzing module ila_1_ltlib_v1_0_3_all_typeA__parameterized0_lib_work_renamed3666_your_instance_name
INFO: [VRFC 10-311] analyzing module ila_1_ltlib_v1_0_3_all_typeA__parameterized0_40_lib_work_renamed2536_your_instance_name
INFO: [VRFC 10-311] analyzing module ila_1_ltlib_v1_0_3_all_typeA__parameterized0_40_lib_work_renamed3666_your_instance_name
INFO: [VRFC 10-311] analyzing module ila_1_ltlib_v1_0_3_all_typeA__parameterized0_44_lib_work_renamed2536_your_instance_name
INFO: [VRFC 10-311] analyzing module ila_1_ltlib_v1_0_3_all_typeA__parameterized0_44_lib_work_renamed3666_your_instance_name
INFO: [VRFC 10-311] analyzing module ila_1_ltlib_v1_0_3_all_typeA_slice_lib_work_renamed2536_your_instance_name
INFO: [VRFC 10-311] analyzing module ila_1_ltlib_v1_0_3_all_typeA_slice_lib_work_renamed3666_your_instance_name
INFO: [VRFC 10-311] analyzing module ila_1_ltlib_v1_0_3_all_typeA_slice_10_lib_work_renamed2536_your_instance_name
INFO: [VRFC 10-311] analyzing module ila_1_ltlib_v1_0_3_all_typeA_slice_10_lib_work_renamed3666_your_instance_name
INFO: [VRFC 10-311] analyzing module ila_1_ltlib_v1_0_3_all_typeA_slice_13_lib_work_renamed2536_your_instance_name
INFO: [VRFC 10-311] analyzing module ila_1_ltlib_v1_0_3_all_typeA_slice_13_lib_work_renamed3666_your_instance_name
INFO: [VRFC 10-311] analyzing module ila_1_ltlib_v1_0_3_all_typeA_slice_16_lib_work_renamed2536_your_instance_name
INFO: [VRFC 10-311] analyzing module ila_1_ltlib_v1_0_3_all_typeA_slice_16_lib_work_renamed3666_your_instance_name
INFO: [VRFC 10-311] analyzing module ila_1_ltlib_v1_0_3_all_typeA_slice_19_lib_work_renamed2536_your_instance_name
INFO: [VRFC 10-311] analyzing module ila_1_ltlib_v1_0_3_all_typeA_slice_19_lib_work_renamed3666_your_instance_name
INFO: [VRFC 10-311] analyzing module ila_1_ltlib_v1_0_3_all_typeA_slice_2_lib_work_renamed2536_your_instance_name
INFO: [VRFC 10-311] analyzing module ila_1_ltlib_v1_0_3_all_typeA_slice_2_lib_work_renamed3666_your_instance_name
INFO: [VRFC 10-311] analyzing module ila_1_ltlib_v1_0_3_all_typeA_slice_21_lib_work_renamed2536_your_instance_name
INFO: [VRFC 10-311] analyzing module ila_1_ltlib_v1_0_3_all_typeA_slice_21_lib_work_renamed3666_your_instance_name
INFO: [VRFC 10-311] analyzing module ila_1_ltlib_v1_0_3_all_typeA_slice_5_lib_work_renamed2536_your_instance_name
INFO: [VRFC 10-311] analyzing module ila_1_ltlib_v1_0_3_all_typeA_slice_5_lib_work_renamed3666_your_instance_name
INFO: [VRFC 10-311] analyzing module ila_1_ltlib_v1_0_3_all_typeA_slice_7_lib_work_renamed2536_your_instance_name
INFO: [VRFC 10-311] analyzing module ila_1_ltlib_v1_0_3_all_typeA_slice_7_lib_work_renamed3666_your_instance_name
INFO: [VRFC 10-311] analyzing module ila_1_ltlib_v1_0_3_all_typeA_slice__parameterized0_lib_work_renamed2536_your_instance_name
INFO: [VRFC 10-311] analyzing module ila_1_ltlib_v1_0_3_all_typeA_slice__parameterized0_lib_work_renamed3666_your_instance_name
INFO: [VRFC 10-311] analyzing module ila_1_ltlib_v1_0_3_all_typeA_slice__parameterized0_41_lib_work_renamed2536_your_instance_name
INFO: [VRFC 10-311] analyzing module ila_1_ltlib_v1_0_3_all_typeA_slice__parameterized0_41_lib_work_renamed3666_your_instance_name
INFO: [VRFC 10-311] analyzing module ila_1_ltlib_v1_0_3_all_typeA_slice__parameterized0_45_lib_work_renamed2536_your_instance_name
INFO: [VRFC 10-311] analyzing module ila_1_ltlib_v1_0_3_all_typeA_slice__parameterized0_45_lib_work_renamed3666_your_instance_name
INFO: [VRFC 10-311] analyzing module ila_1_ltlib_v1_0_3_all_typeA_slice__parameterized1_lib_work_renamed2536_your_instance_name
INFO: [VRFC 10-311] analyzing module ila_1_ltlib_v1_0_3_all_typeA_slice__parameterized1_lib_work_renamed3666_your_instance_name
INFO: [VRFC 10-311] analyzing module ila_1_ltlib_v1_0_3_all_typeA_slice__parameterized1_42_lib_work_renamed2536_your_instance_name
INFO: [VRFC 10-311] analyzing module ila_1_ltlib_v1_0_3_all_typeA_slice__parameterized1_42_lib_work_renamed3666_your_instance_name
INFO: [VRFC 10-311] analyzing module ila_1_ltlib_v1_0_3_all_typeA_slice__parameterized1_46_lib_work_renamed2536_your_instance_name
INFO: [VRFC 10-311] analyzing module ila_1_ltlib_v1_0_3_all_typeA_slice__parameterized1_46_lib_work_renamed3666_your_instance_name
INFO: [VRFC 10-311] analyzing module ila_1_ltlib_v1_0_3_allx_typeA_lib_work_renamed2536_your_instance_name
INFO: [VRFC 10-311] analyzing module ila_1_ltlib_v1_0_3_allx_typeA_lib_work_renamed3666_your_instance_name
INFO: [VRFC 10-311] analyzing module ila_1_ltlib_v1_0_3_allx_typeA__parameterized0_lib_work_renamed2536_your_instance_name
INFO: [VRFC 10-311] analyzing module ila_1_ltlib_v1_0_3_allx_typeA__parameterized0_lib_work_renamed3666_your_instance_name
INFO: [VRFC 10-311] analyzing module ila_1_ltlib_v1_0_3_allx_typeA__parameterized0_11_lib_work_renamed2536_your_instance_name
INFO: [VRFC 10-311] analyzing module ila_1_ltlib_v1_0_3_allx_typeA__parameterized0_11_lib_work_renamed3666_your_instance_name
INFO: [VRFC 10-311] analyzing module ila_1_ltlib_v1_0_3_allx_typeA__parameterized0_14_lib_work_renamed2536_your_instance_name
INFO: [VRFC 10-311] analyzing module ila_1_ltlib_v1_0_3_allx_typeA__parameterized0_14_lib_work_renamed3666_your_instance_name
INFO: [VRFC 10-311] analyzing module ila_1_ltlib_v1_0_3_allx_typeA__parameterized0_17_lib_work_renamed2536_your_instance_name
INFO: [VRFC 10-311] analyzing module ila_1_ltlib_v1_0_3_allx_typeA__parameterized0_17_lib_work_renamed3666_your_instance_name
INFO: [VRFC 10-311] analyzing module ila_1_ltlib_v1_0_3_allx_typeA__parameterized0_8_lib_work_renamed2536_your_instance_name
INFO: [VRFC 10-311] analyzing module ila_1_ltlib_v1_0_3_allx_typeA__parameterized0_8_lib_work_renamed3666_your_instance_name
INFO: [VRFC 10-311] analyzing module ila_1_ltlib_v1_0_3_allx_typeA__parameterized1_lib_work_renamed2536_your_instance_name
INFO: [VRFC 10-311] analyzing module ila_1_ltlib_v1_0_3_allx_typeA__parameterized1_lib_work_renamed3666_your_instance_name
INFO: [VRFC 10-311] analyzing module ila_1_ltlib_v1_0_3_allx_typeA__parameterized1_0_lib_work_renamed2536_your_instance_name
INFO: [VRFC 10-311] analyzing module ila_1_ltlib_v1_0_3_allx_typeA__parameterized1_0_lib_work_renamed3666_your_instance_name
INFO: [VRFC 10-311] analyzing module ila_1_ltlib_v1_0_3_allx_typeA__parameterized1_3_lib_work_renamed2536_your_instance_name
INFO: [VRFC 10-311] analyzing module ila_1_ltlib_v1_0_3_allx_typeA__parameterized1_3_lib_work_renamed3666_your_instance_name
INFO: [VRFC 10-311] analyzing module ila_1_ltlib_v1_0_3_allx_typeA_nodelay_lib_work_renamed2536_your_instance_name
INFO: [VRFC 10-311] analyzing module ila_1_ltlib_v1_0_3_allx_typeA_nodelay_lib_work_renamed3666_your_instance_name
INFO: [VRFC 10-311] analyzing module ila_1_ltlib_v1_0_3_allx_typeA_nodelay_39_lib_work_renamed2536_your_instance_name
INFO: [VRFC 10-311] analyzing module ila_1_ltlib_v1_0_3_allx_typeA_nodelay_39_lib_work_renamed3666_your_instance_name
INFO: [VRFC 10-311] analyzing module ila_1_ltlib_v1_0_3_allx_typeA_nodelay_43_lib_work_renamed2536_your_instance_name
INFO: [VRFC 10-311] analyzing module ila_1_ltlib_v1_0_3_allx_typeA_nodelay_43_lib_work_renamed3666_your_instance_name
INFO: [VRFC 10-311] analyzing module ila_1_ltlib_v1_0_3_async_edge_xfer_lib_work_renamed2536_your_instance_name
INFO: [VRFC 10-311] analyzing module ila_1_ltlib_v1_0_3_async_edge_xfer_lib_work_renamed3666_your_instance_name
INFO: [VRFC 10-311] analyzing module ila_1_ltlib_v1_0_3_async_edge_xfer__1_lib_work_renamed2536_your_instance_name
INFO: [VRFC 10-311] analyzing module ila_1_ltlib_v1_0_3_async_edge_xfer__1_lib_work_renamed3666_your_instance_name
INFO: [VRFC 10-311] analyzing module ila_1_ltlib_v1_0_3_async_edge_xfer__2_lib_work_renamed2536_your_instance_name
INFO: [VRFC 10-311] analyzing module ila_1_ltlib_v1_0_3_async_edge_xfer__2_lib_work_renamed3666_your_instance_name
INFO: [VRFC 10-311] analyzing module ila_1_ltlib_v1_0_3_async_edge_xfer__3_lib_work_renamed2536_your_instance_name
INFO: [VRFC 10-311] analyzing module ila_1_ltlib_v1_0_3_async_edge_xfer__3_lib_work_renamed3666_your_instance_name
INFO: [VRFC 10-311] analyzing module ila_1_ltlib_v1_0_3_cfglut4_lib_work_renamed2536_your_instance_name
INFO: [VRFC 10-311] analyzing module ila_1_ltlib_v1_0_3_cfglut4_lib_work_renamed3666_your_instance_name
INFO: [VRFC 10-311] analyzing module ila_1_ltlib_v1_0_3_cfglut4__1_lib_work_renamed2536_your_instance_name
INFO: [VRFC 10-311] analyzing module ila_1_ltlib_v1_0_3_cfglut4__1_lib_work_renamed3666_your_instance_name
INFO: [VRFC 10-311] analyzing module ila_1_ltlib_v1_0_3_cfglut5_lib_work_renamed2536_your_instance_name
INFO: [VRFC 10-311] analyzing module ila_1_ltlib_v1_0_3_cfglut5_lib_work_renamed3666_your_instance_name
INFO: [VRFC 10-311] analyzing module ila_1_ltlib_v1_0_3_cfglut5__1_lib_work_renamed2536_your_instance_name
INFO: [VRFC 10-311] analyzing module ila_1_ltlib_v1_0_3_cfglut5__1_lib_work_renamed3666_your_instance_name
INFO: [VRFC 10-311] analyzing module ila_1_ltlib_v1_0_3_cfglut5__2_lib_work_renamed2536_your_instance_name
INFO: [VRFC 10-311] analyzing module ila_1_ltlib_v1_0_3_cfglut5__2_lib_work_renamed3666_your_instance_name
INFO: [VRFC 10-311] analyzing module ila_1_ltlib_v1_0_3_cfglut6_lib_work_renamed2536_your_instance_name
INFO: [VRFC 10-311] analyzing module ila_1_ltlib_v1_0_3_cfglut6_lib_work_renamed3666_your_instance_name
INFO: [VRFC 10-311] analyzing module ila_1_ltlib_v1_0_3_cfglut6__1_lib_work_renamed2536_your_instance_name
INFO: [VRFC 10-311] analyzing module ila_1_ltlib_v1_0_3_cfglut6__1_lib_work_renamed3666_your_instance_name
INFO: [VRFC 10-311] analyzing module ila_1_ltlib_v1_0_3_cfglut6__parameterized0_lib_work_renamed2536_your_instance_name
INFO: [VRFC 10-311] analyzing module ila_1_ltlib_v1_0_3_cfglut6__parameterized0_lib_work_renamed3666_your_instance_name
INFO: [VRFC 10-311] analyzing module ila_1_ltlib_v1_0_3_cfglut7_lib_work_renamed2536_your_instance_name
INFO: [VRFC 10-311] analyzing module ila_1_ltlib_v1_0_3_cfglut7_lib_work_renamed3666_your_instance_name
INFO: [VRFC 10-311] analyzing module ila_1_ltlib_v1_0_3_cfglut7__1_lib_work_renamed2536_your_instance_name
INFO: [VRFC 10-311] analyzing module ila_1_ltlib_v1_0_3_cfglut7__1_lib_work_renamed3666_your_instance_name
INFO: [VRFC 10-311] analyzing module ila_1_ltlib_v1_0_3_generic_memrd_lib_work_renamed2536_your_instance_name
INFO: [VRFC 10-311] analyzing module ila_1_ltlib_v1_0_3_generic_memrd_lib_work_renamed3666_your_instance_name
INFO: [VRFC 10-311] analyzing module ila_1_ltlib_v1_0_3_match_lib_work_renamed2536_your_instance_name
INFO: [VRFC 10-311] analyzing module ila_1_ltlib_v1_0_3_match_lib_work_renamed3666_your_instance_name
INFO: [VRFC 10-311] analyzing module ila_1_ltlib_v1_0_3_match__parameterized0_lib_work_renamed2536_your_instance_name
INFO: [VRFC 10-311] analyzing module ila_1_ltlib_v1_0_3_match__parameterized0_lib_work_renamed3666_your_instance_name
INFO: [VRFC 10-311] analyzing module ila_1_ltlib_v1_0_3_match__parameterized0__1_lib_work_renamed2536_your_instance_name
INFO: [VRFC 10-311] analyzing module ila_1_ltlib_v1_0_3_match__parameterized0__1_lib_work_renamed3666_your_instance_name
INFO: [VRFC 10-311] analyzing module ila_1_ltlib_v1_0_3_match__parameterized0__2_lib_work_renamed2536_your_instance_name
INFO: [VRFC 10-311] analyzing module ila_1_ltlib_v1_0_3_match__parameterized0__2_lib_work_renamed3666_your_instance_name
INFO: [VRFC 10-311] analyzing module ila_1_ltlib_v1_0_3_match__parameterized0__3_lib_work_renamed2536_your_instance_name
INFO: [VRFC 10-311] analyzing module ila_1_ltlib_v1_0_3_match__parameterized0__3_lib_work_renamed3666_your_instance_name
INFO: [VRFC 10-311] analyzing module ila_1_ltlib_v1_0_3_match__parameterized0__4_lib_work_renamed2536_your_instance_name
INFO: [VRFC 10-311] analyzing module ila_1_ltlib_v1_0_3_match__parameterized0__4_lib_work_renamed3666_your_instance_name
INFO: [VRFC 10-311] analyzing module ila_1_ltlib_v1_0_3_match__parameterized1_lib_work_renamed2536_your_instance_name
INFO: [VRFC 10-311] analyzing module ila_1_ltlib_v1_0_3_match__parameterized1_lib_work_renamed3666_your_instance_name
INFO: [VRFC 10-311] analyzing module ila_1_ltlib_v1_0_3_match__parameterized1__1_lib_work_renamed2536_your_instance_name
INFO: [VRFC 10-311] analyzing module ila_1_ltlib_v1_0_3_match__parameterized1__1_lib_work_renamed3666_your_instance_name
INFO: [VRFC 10-311] analyzing module ila_1_ltlib_v1_0_3_match__parameterized1__2_lib_work_renamed2536_your_instance_name
INFO: [VRFC 10-311] analyzing module ila_1_ltlib_v1_0_3_match__parameterized1__2_lib_work_renamed3666_your_instance_name
INFO: [VRFC 10-311] analyzing module ila_1_ltlib_v1_0_3_match_nodelay_lib_work_renamed2536_your_instance_name
INFO: [VRFC 10-311] analyzing module ila_1_ltlib_v1_0_3_match_nodelay_lib_work_renamed3666_your_instance_name
INFO: [VRFC 10-311] analyzing module ila_1_ltlib_v1_0_3_match_nodelay__1_lib_work_renamed2536_your_instance_name
INFO: [VRFC 10-311] analyzing module ila_1_ltlib_v1_0_3_match_nodelay__1_lib_work_renamed3666_your_instance_name
INFO: [VRFC 10-311] analyzing module ila_1_ltlib_v1_0_3_match_nodelay__2_lib_work_renamed2536_your_instance_name
INFO: [VRFC 10-311] analyzing module ila_1_ltlib_v1_0_3_match_nodelay__2_lib_work_renamed3666_your_instance_name
INFO: [VRFC 10-311] analyzing module ila_1_ltlib_v1_0_3_rising_edge_detection_lib_work_renamed2536_your_instance_name
INFO: [VRFC 10-311] analyzing module ila_1_ltlib_v1_0_3_rising_edge_detection_lib_work_renamed3666_your_instance_name
INFO: [VRFC 10-311] analyzing module ila_1_ltlib_v1_0_3_rising_edge_detection__1_lib_work_renamed2536_your_instance_name
INFO: [VRFC 10-311] analyzing module ila_1_ltlib_v1_0_3_rising_edge_detection__1_lib_work_renamed3666_your_instance_name
INFO: [VRFC 10-311] analyzing module ila_1_xsdbs_v1_0_5_reg__parameterized25_lib_work_renamed2536_your_instance_name
INFO: [VRFC 10-311] analyzing module ila_1_xsdbs_v1_0_5_reg__parameterized25_lib_work_renamed3666_your_instance_name
INFO: [VRFC 10-311] analyzing module ila_1_xsdbs_v1_0_5_reg__parameterized26_lib_work_renamed2536_your_instance_name
INFO: [VRFC 10-311] analyzing module ila_1_xsdbs_v1_0_5_reg__parameterized26_lib_work_renamed3666_your_instance_name
INFO: [VRFC 10-311] analyzing module ila_1_xsdbs_v1_0_5_reg__parameterized27_lib_work_renamed2536_your_instance_name
INFO: [VRFC 10-311] analyzing module ila_1_xsdbs_v1_0_5_reg__parameterized27_lib_work_renamed3666_your_instance_name
INFO: [VRFC 10-311] analyzing module ila_1_xsdbs_v1_0_5_reg__parameterized28_lib_work_renamed2536_your_instance_name
INFO: [VRFC 10-311] analyzing module ila_1_xsdbs_v1_0_5_reg__parameterized28_lib_work_renamed3666_your_instance_name
INFO: [VRFC 10-311] analyzing module ila_1_xsdbs_v1_0_5_reg__parameterized40_lib_work_renamed2536_your_instance_name
INFO: [VRFC 10-311] analyzing module ila_1_xsdbs_v1_0_5_reg__parameterized40_lib_work_renamed3666_your_instance_name
INFO: [VRFC 10-311] analyzing module ila_1_xsdbs_v1_0_5_reg__parameterized41_lib_work_renamed2536_your_instance_name
INFO: [VRFC 10-311] analyzing module ila_1_xsdbs_v1_0_5_reg__parameterized41_lib_work_renamed3666_your_instance_name
INFO: [VRFC 10-311] analyzing module ila_1_xsdbs_v1_0_5_reg__parameterized42_lib_work_renamed2536_your_instance_name
INFO: [VRFC 10-311] analyzing module ila_1_xsdbs_v1_0_5_reg__parameterized42_lib_work_renamed3666_your_instance_name
INFO: [VRFC 10-311] analyzing module ila_1_xsdbs_v1_0_5_reg__parameterized43_lib_work_renamed2536_your_instance_name
INFO: [VRFC 10-311] analyzing module ila_1_xsdbs_v1_0_5_reg__parameterized43_lib_work_renamed3666_your_instance_name
INFO: [VRFC 10-311] analyzing module ila_1_xsdbs_v1_0_5_reg__parameterized44_lib_work_renamed2536_your_instance_name
INFO: [VRFC 10-311] analyzing module ila_1_xsdbs_v1_0_5_reg__parameterized44_lib_work_renamed3666_your_instance_name
INFO: [VRFC 10-311] analyzing module ila_1_xsdbs_v1_0_5_reg__parameterized45_lib_work_renamed2536_your_instance_name
INFO: [VRFC 10-311] analyzing module ila_1_xsdbs_v1_0_5_reg__parameterized45_lib_work_renamed3666_your_instance_name
INFO: [VRFC 10-311] analyzing module ila_1_xsdbs_v1_0_5_reg__parameterized46_lib_work_renamed2536_your_instance_name
INFO: [VRFC 10-311] analyzing module ila_1_xsdbs_v1_0_5_reg__parameterized46_lib_work_renamed3666_your_instance_name
INFO: [VRFC 10-311] analyzing module ila_1_xsdbs_v1_0_5_reg__parameterized47_lib_work_renamed2536_your_instance_name
INFO: [VRFC 10-311] analyzing module ila_1_xsdbs_v1_0_5_reg__parameterized47_lib_work_renamed3666_your_instance_name
INFO: [VRFC 10-311] analyzing module ila_1_xsdbs_v1_0_5_reg__parameterized48_lib_work_renamed2536_your_instance_name
INFO: [VRFC 10-311] analyzing module ila_1_xsdbs_v1_0_5_reg__parameterized48_lib_work_renamed3666_your_instance_name
INFO: [VRFC 10-311] analyzing module ila_1_xsdbs_v1_0_5_reg__parameterized49_lib_work_renamed2536_your_instance_name
INFO: [VRFC 10-311] analyzing module ila_1_xsdbs_v1_0_5_reg__parameterized49_lib_work_renamed3666_your_instance_name
INFO: [VRFC 10-311] analyzing module ila_1_xsdbs_v1_0_5_reg__parameterized50_lib_work_renamed2536_your_instance_name
INFO: [VRFC 10-311] analyzing module ila_1_xsdbs_v1_0_5_reg__parameterized50_lib_work_renamed3666_your_instance_name
INFO: [VRFC 10-311] analyzing module ila_1_xsdbs_v1_0_5_reg__parameterized51_lib_work_renamed2536_your_instance_name
INFO: [VRFC 10-311] analyzing module ila_1_xsdbs_v1_0_5_reg__parameterized51_lib_work_renamed3666_your_instance_name
INFO: [VRFC 10-311] analyzing module ila_1_xsdbs_v1_0_5_reg__parameterized53_lib_work_renamed2536_your_instance_name
INFO: [VRFC 10-311] analyzing module ila_1_xsdbs_v1_0_5_reg__parameterized53_lib_work_renamed3666_your_instance_name
INFO: [VRFC 10-311] analyzing module ila_1_xsdbs_v1_0_5_reg__parameterized55_lib_work_renamed2536_your_instance_name
INFO: [VRFC 10-311] analyzing module ila_1_xsdbs_v1_0_5_reg__parameterized55_lib_work_renamed3666_your_instance_name
INFO: [VRFC 10-311] analyzing module ila_1_xsdbs_v1_0_5_reg__parameterized58_lib_work_renamed2536_your_instance_name
INFO: [VRFC 10-311] analyzing module ila_1_xsdbs_v1_0_5_reg__parameterized58_lib_work_renamed3666_your_instance_name
INFO: [VRFC 10-311] analyzing module ila_1_xsdbs_v1_0_5_reg_ctl_lib_work_renamed2536_your_instance_name
INFO: [VRFC 10-311] analyzing module ila_1_xsdbs_v1_0_5_reg_ctl_lib_work_renamed3666_your_instance_name
INFO: [VRFC 10-311] analyzing module ila_1_xsdbs_v1_0_5_reg_ctl_25_lib_work_renamed2536_your_instance_name
INFO: [VRFC 10-311] analyzing module ila_1_xsdbs_v1_0_5_reg_ctl_25_lib_work_renamed3666_your_instance_name
INFO: [VRFC 10-311] analyzing module ila_1_xsdbs_v1_0_5_reg_ctl_26_lib_work_renamed2536_your_instance_name
INFO: [VRFC 10-311] analyzing module ila_1_xsdbs_v1_0_5_reg_ctl_26_lib_work_renamed3666_your_instance_name
INFO: [VRFC 10-311] analyzing module ila_1_xsdbs_v1_0_5_reg_ctl_27_lib_work_renamed2536_your_instance_name
INFO: [VRFC 10-311] analyzing module ila_1_xsdbs_v1_0_5_reg_ctl_27_lib_work_renamed3666_your_instance_name
INFO: [VRFC 10-311] analyzing module ila_1_xsdbs_v1_0_5_reg_ctl_28_lib_work_renamed2536_your_instance_name
INFO: [VRFC 10-311] analyzing module ila_1_xsdbs_v1_0_5_reg_ctl_28_lib_work_renamed3666_your_instance_name
INFO: [VRFC 10-311] analyzing module ila_1_xsdbs_v1_0_5_reg_ctl_31_lib_work_renamed2536_your_instance_name
INFO: [VRFC 10-311] analyzing module ila_1_xsdbs_v1_0_5_reg_ctl_31_lib_work_renamed3666_your_instance_name
INFO: [VRFC 10-311] analyzing module ila_1_xsdbs_v1_0_5_reg_ctl_32_lib_work_renamed2536_your_instance_name
INFO: [VRFC 10-311] analyzing module ila_1_xsdbs_v1_0_5_reg_ctl_32_lib_work_renamed3666_your_instance_name
INFO: [VRFC 10-311] analyzing module ila_1_xsdbs_v1_0_5_reg_ctl_33_lib_work_renamed2536_your_instance_name
INFO: [VRFC 10-311] analyzing module ila_1_xsdbs_v1_0_5_reg_ctl_33_lib_work_renamed3666_your_instance_name
INFO: [VRFC 10-311] analyzing module ila_1_xsdbs_v1_0_5_reg_ctl_34_lib_work_renamed2536_your_instance_name
INFO: [VRFC 10-311] analyzing module ila_1_xsdbs_v1_0_5_reg_ctl_34_lib_work_renamed3666_your_instance_name
INFO: [VRFC 10-311] analyzing module ila_1_xsdbs_v1_0_5_reg_ctl_35_lib_work_renamed2536_your_instance_name
INFO: [VRFC 10-311] analyzing module ila_1_xsdbs_v1_0_5_reg_ctl_35_lib_work_renamed3666_your_instance_name
INFO: [VRFC 10-311] analyzing module ila_1_xsdbs_v1_0_5_reg_ctl_38_lib_work_renamed2536_your_instance_name
INFO: [VRFC 10-311] analyzing module ila_1_xsdbs_v1_0_5_reg_ctl_38_lib_work_renamed3666_your_instance_name
INFO: [VRFC 10-311] analyzing module ila_1_xsdbs_v1_0_5_reg_ctl__parameterized0_lib_work_renamed2536_your_instance_name
INFO: [VRFC 10-311] analyzing module ila_1_xsdbs_v1_0_5_reg_ctl__parameterized0_lib_work_renamed3666_your_instance_name
INFO: [VRFC 10-311] analyzing module ila_1_xsdbs_v1_0_5_reg_ctl__parameterized1_lib_work_renamed2536_your_instance_name
INFO: [VRFC 10-311] analyzing module ila_1_xsdbs_v1_0_5_reg_ctl__parameterized1_lib_work_renamed3666_your_instance_name
INFO: [VRFC 10-311] analyzing module ila_1_xsdbs_v1_0_5_reg_ctl__parameterized1_29_lib_work_renamed2536_your_instance_name
INFO: [VRFC 10-311] analyzing module ila_1_xsdbs_v1_0_5_reg_ctl__parameterized1_29_lib_work_renamed3666_your_instance_name
INFO: [VRFC 10-311] analyzing module ila_1_xsdbs_v1_0_5_reg_ctl__parameterized1_30_lib_work_renamed2536_your_instance_name
INFO: [VRFC 10-311] analyzing module ila_1_xsdbs_v1_0_5_reg_ctl__parameterized1_30_lib_work_renamed3666_your_instance_name
INFO: [VRFC 10-311] analyzing module ila_1_xsdbs_v1_0_5_reg_p2s_lib_work_renamed2536_your_instance_name
INFO: [VRFC 10-311] analyzing module ila_1_xsdbs_v1_0_5_reg_p2s_lib_work_renamed3666_your_instance_name
INFO: [VRFC 10-311] analyzing module ila_1_xsdbs_v1_0_5_reg_p2s__parameterized0_lib_work_renamed2536_your_instance_name
INFO: [VRFC 10-311] analyzing module ila_1_xsdbs_v1_0_5_reg_p2s__parameterized0_lib_work_renamed3666_your_instance_name
INFO: [VRFC 10-311] analyzing module ila_1_xsdbs_v1_0_5_reg_p2s__parameterized1_lib_work_renamed2536_your_instance_name
INFO: [VRFC 10-311] analyzing module ila_1_xsdbs_v1_0_5_reg_p2s__parameterized1_lib_work_renamed3666_your_instance_name
INFO: [VRFC 10-311] analyzing module ila_1_xsdbs_v1_0_5_reg_p2s__parameterized2_lib_work_renamed2536_your_instance_name
INFO: [VRFC 10-311] analyzing module ila_1_xsdbs_v1_0_5_reg_p2s__parameterized2_lib_work_renamed3666_your_instance_name
INFO: [VRFC 10-311] analyzing module ila_1_xsdbs_v1_0_5_reg_p2s__parameterized3_lib_work_renamed2536_your_instance_name
INFO: [VRFC 10-311] analyzing module ila_1_xsdbs_v1_0_5_reg_p2s__parameterized3_lib_work_renamed3666_your_instance_name
INFO: [VRFC 10-311] analyzing module ila_1_xsdbs_v1_0_5_reg_p2s__parameterized4_lib_work_renamed2536_your_instance_name
INFO: [VRFC 10-311] analyzing module ila_1_xsdbs_v1_0_5_reg_p2s__parameterized4_lib_work_renamed3666_your_instance_name
INFO: [VRFC 10-311] analyzing module ila_1_xsdbs_v1_0_5_reg_p2s__parameterized5_lib_work_renamed2536_your_instance_name
INFO: [VRFC 10-311] analyzing module ila_1_xsdbs_v1_0_5_reg_p2s__parameterized5_lib_work_renamed3666_your_instance_name
INFO: [VRFC 10-311] analyzing module ila_1_xsdbs_v1_0_5_reg_p2s__parameterized6_lib_work_renamed2536_your_instance_name
INFO: [VRFC 10-311] analyzing module ila_1_xsdbs_v1_0_5_reg_p2s__parameterized6_lib_work_renamed3666_your_instance_name
INFO: [VRFC 10-311] analyzing module ila_1_xsdbs_v1_0_5_reg_p2s__parameterized7_lib_work_renamed2536_your_instance_name
INFO: [VRFC 10-311] analyzing module ila_1_xsdbs_v1_0_5_reg_p2s__parameterized7_lib_work_renamed3666_your_instance_name
INFO: [VRFC 10-311] analyzing module ila_1_xsdbs_v1_0_5_reg_p2s__parameterized8_lib_work_renamed2536_your_instance_name
INFO: [VRFC 10-311] analyzing module ila_1_xsdbs_v1_0_5_reg_p2s__parameterized8_lib_work_renamed3666_your_instance_name
INFO: [VRFC 10-311] analyzing module ila_1_xsdbs_v1_0_5_reg_stat_lib_work_renamed2536_your_instance_name
INFO: [VRFC 10-311] analyzing module ila_1_xsdbs_v1_0_5_reg_stat_lib_work_renamed3666_your_instance_name
INFO: [VRFC 10-311] analyzing module ila_1_xsdbs_v1_0_5_reg_stat_22_lib_work_renamed2536_your_instance_name
INFO: [VRFC 10-311] analyzing module ila_1_xsdbs_v1_0_5_reg_stat_22_lib_work_renamed3666_your_instance_name
INFO: [VRFC 10-311] analyzing module ila_1_xsdbs_v1_0_5_reg_stat_23_lib_work_renamed2536_your_instance_name
INFO: [VRFC 10-311] analyzing module ila_1_xsdbs_v1_0_5_reg_stat_23_lib_work_renamed3666_your_instance_name
INFO: [VRFC 10-311] analyzing module ila_1_xsdbs_v1_0_5_reg_stat_24_lib_work_renamed2536_your_instance_name
INFO: [VRFC 10-311] analyzing module ila_1_xsdbs_v1_0_5_reg_stat_24_lib_work_renamed3666_your_instance_name
INFO: [VRFC 10-311] analyzing module ila_1_xsdbs_v1_0_5_reg_stat_36_lib_work_renamed2536_your_instance_name
INFO: [VRFC 10-311] analyzing module ila_1_xsdbs_v1_0_5_reg_stat_36_lib_work_renamed3666_your_instance_name
INFO: [VRFC 10-311] analyzing module ila_1_xsdbs_v1_0_5_reg_stat_37_lib_work_renamed2536_your_instance_name
INFO: [VRFC 10-311] analyzing module ila_1_xsdbs_v1_0_5_reg_stat_37_lib_work_renamed3666_your_instance_name
INFO: [VRFC 10-311] analyzing module ila_1_xsdbs_v1_0_5_reg_stream_lib_work_renamed2536_your_instance_name
INFO: [VRFC 10-311] analyzing module ila_1_xsdbs_v1_0_5_reg_stream_lib_work_renamed3666_your_instance_name
INFO: [VRFC 10-311] analyzing module ila_1_xsdbs_v1_0_5_reg_stream__parameterized0_lib_work_renamed2536_your_instance_name
INFO: [VRFC 10-311] analyzing module ila_1_xsdbs_v1_0_5_reg_stream__parameterized0_lib_work_renamed3666_your_instance_name
INFO: [VRFC 10-311] analyzing module ila_1_xsdbs_v1_0_5_xsdbs_lib_work_renamed2536_your_instance_name
INFO: [VRFC 10-311] analyzing module ila_1_xsdbs_v1_0_5_xsdbs_lib_work_renamed3666_your_instance_name
INFO: [VRFC 10-311] analyzing module ila_2_ltlib_v1_0_3_all_typeA_lib_work_renamed2684_your_instance_name1123
INFO: [VRFC 10-311] analyzing module ila_2_ltlib_v1_0_3_all_typeA_lib_work_renamed2963_your_instance_name1123
INFO: [VRFC 10-311] analyzing module ila_2_ltlib_v1_0_3_all_typeA_lib_work_renamed3814_your_instance_name1123
INFO: [VRFC 10-311] analyzing module ila_2_ltlib_v1_0_3_all_typeA_lib_work_renamed4093_your_instance_name1123
INFO: [VRFC 10-311] analyzing module ila_2_ltlib_v1_0_3_all_typeA__parameterized0_lib_work_renamed2684_your_instance_name1123
INFO: [VRFC 10-311] analyzing module ila_2_ltlib_v1_0_3_all_typeA__parameterized0_lib_work_renamed2963_your_instance_name1123
INFO: [VRFC 10-311] analyzing module ila_2_ltlib_v1_0_3_all_typeA__parameterized0_lib_work_renamed3814_your_instance_name1123
INFO: [VRFC 10-311] analyzing module ila_2_ltlib_v1_0_3_all_typeA__parameterized0_lib_work_renamed4093_your_instance_name1123
INFO: [VRFC 10-311] analyzing module ila_2_ltlib_v1_0_3_all_typeA__parameterized0_25_lib_work_renamed2684_your_instance_name1123
INFO: [VRFC 10-311] analyzing module ila_2_ltlib_v1_0_3_all_typeA__parameterized0_25_lib_work_renamed2963_your_instance_name1123
INFO: [VRFC 10-311] analyzing module ila_2_ltlib_v1_0_3_all_typeA__parameterized0_25_lib_work_renamed3814_your_instance_name1123
INFO: [VRFC 10-311] analyzing module ila_2_ltlib_v1_0_3_all_typeA__parameterized0_25_lib_work_renamed4093_your_instance_name1123
INFO: [VRFC 10-311] analyzing module ila_2_ltlib_v1_0_3_all_typeA__parameterized0_35_lib_work_renamed2684_your_instance_name1123
INFO: [VRFC 10-311] analyzing module ila_2_ltlib_v1_0_3_all_typeA__parameterized0_35_lib_work_renamed2963_your_instance_name1123
INFO: [VRFC 10-311] analyzing module ila_2_ltlib_v1_0_3_all_typeA__parameterized0_35_lib_work_renamed3814_your_instance_name1123
INFO: [VRFC 10-311] analyzing module ila_2_ltlib_v1_0_3_all_typeA__parameterized0_35_lib_work_renamed4093_your_instance_name1123
INFO: [VRFC 10-311] analyzing module ila_2_ltlib_v1_0_3_all_typeA__parameterized1_lib_work_renamed2684_your_instance_name1123
INFO: [VRFC 10-311] analyzing module ila_2_ltlib_v1_0_3_all_typeA__parameterized1_lib_work_renamed2963_your_instance_name1123
INFO: [VRFC 10-311] analyzing module ila_2_ltlib_v1_0_3_all_typeA__parameterized1_lib_work_renamed3814_your_instance_name1123
INFO: [VRFC 10-311] analyzing module ila_2_ltlib_v1_0_3_all_typeA__parameterized1_lib_work_renamed4093_your_instance_name1123
INFO: [VRFC 10-311] analyzing module ila_2_ltlib_v1_0_3_all_typeA__parameterized1_1_lib_work_renamed2684_your_instance_name1123
INFO: [VRFC 10-311] analyzing module ila_2_ltlib_v1_0_3_all_typeA__parameterized1_1_lib_work_renamed2963_your_instance_name1123
INFO: [VRFC 10-311] analyzing module ila_2_ltlib_v1_0_3_all_typeA__parameterized1_1_lib_work_renamed3814_your_instance_name1123
INFO: [VRFC 10-311] analyzing module ila_2_ltlib_v1_0_3_all_typeA__parameterized1_1_lib_work_renamed4093_your_instance_name1123
INFO: [VRFC 10-311] analyzing module ila_2_ltlib_v1_0_3_all_typeA__parameterized1_12_lib_work_renamed2684_your_instance_name1123
INFO: [VRFC 10-311] analyzing module ila_2_ltlib_v1_0_3_all_typeA__parameterized1_12_lib_work_renamed2963_your_instance_name1123
INFO: [VRFC 10-311] analyzing module ila_2_ltlib_v1_0_3_all_typeA__parameterized1_12_lib_work_renamed3814_your_instance_name1123
INFO: [VRFC 10-311] analyzing module ila_2_ltlib_v1_0_3_all_typeA__parameterized1_12_lib_work_renamed4093_your_instance_name1123
INFO: [VRFC 10-311] analyzing module ila_2_ltlib_v1_0_3_all_typeA__parameterized1_15_lib_work_renamed2684_your_instance_name1123
INFO: [VRFC 10-311] analyzing module ila_2_ltlib_v1_0_3_all_typeA__parameterized1_15_lib_work_renamed2963_your_instance_name1123
INFO: [VRFC 10-311] analyzing module ila_2_ltlib_v1_0_3_all_typeA__parameterized1_15_lib_work_renamed3814_your_instance_name1123
INFO: [VRFC 10-311] analyzing module ila_2_ltlib_v1_0_3_all_typeA__parameterized1_15_lib_work_renamed4093_your_instance_name1123
INFO: [VRFC 10-311] analyzing module ila_2_ltlib_v1_0_3_all_typeA__parameterized1_4_lib_work_renamed2684_your_instance_name1123
INFO: [VRFC 10-311] analyzing module ila_2_ltlib_v1_0_3_all_typeA__parameterized1_4_lib_work_renamed2963_your_instance_name1123
INFO: [VRFC 10-311] analyzing module ila_2_ltlib_v1_0_3_all_typeA__parameterized1_4_lib_work_renamed3814_your_instance_name1123
INFO: [VRFC 10-311] analyzing module ila_2_ltlib_v1_0_3_all_typeA__parameterized1_4_lib_work_renamed4093_your_instance_name1123
INFO: [VRFC 10-311] analyzing module ila_2_ltlib_v1_0_3_all_typeA__parameterized1_7_lib_work_renamed2684_your_instance_name1123
INFO: [VRFC 10-311] analyzing module ila_2_ltlib_v1_0_3_all_typeA__parameterized1_7_lib_work_renamed2963_your_instance_name1123
INFO: [VRFC 10-311] analyzing module ila_2_ltlib_v1_0_3_all_typeA__parameterized1_7_lib_work_renamed3814_your_instance_name1123
INFO: [VRFC 10-311] analyzing module ila_2_ltlib_v1_0_3_all_typeA__parameterized1_7_lib_work_renamed4093_your_instance_name1123
INFO: [VRFC 10-311] analyzing module ila_2_ltlib_v1_0_3_all_typeA__parameterized1_9_lib_work_renamed2684_your_instance_name1123
INFO: [VRFC 10-311] analyzing module ila_2_ltlib_v1_0_3_all_typeA__parameterized1_9_lib_work_renamed2963_your_instance_name1123
INFO: [VRFC 10-311] analyzing module ila_2_ltlib_v1_0_3_all_typeA__parameterized1_9_lib_work_renamed3814_your_instance_name1123
INFO: [VRFC 10-311] analyzing module ila_2_ltlib_v1_0_3_all_typeA__parameterized1_9_lib_work_renamed4093_your_instance_name1123
INFO: [VRFC 10-311] analyzing module ila_2_ltlib_v1_0_3_all_typeA__parameterized2_lib_work_renamed2684_your_instance_name1123
INFO: [VRFC 10-311] analyzing module ila_2_ltlib_v1_0_3_all_typeA__parameterized2_lib_work_renamed2963_your_instance_name1123
INFO: [VRFC 10-311] analyzing module ila_2_ltlib_v1_0_3_all_typeA__parameterized2_lib_work_renamed3814_your_instance_name1123
INFO: [VRFC 10-311] analyzing module ila_2_ltlib_v1_0_3_all_typeA__parameterized2_lib_work_renamed4093_your_instance_name1123
INFO: [VRFC 10-311] analyzing module ila_2_ltlib_v1_0_3_all_typeA__parameterized2_64_lib_work_renamed2684_your_instance_name1123
INFO: [VRFC 10-311] analyzing module ila_2_ltlib_v1_0_3_all_typeA__parameterized2_64_lib_work_renamed2963_your_instance_name1123
INFO: [VRFC 10-311] analyzing module ila_2_ltlib_v1_0_3_all_typeA__parameterized2_64_lib_work_renamed3814_your_instance_name1123
INFO: [VRFC 10-311] analyzing module ila_2_ltlib_v1_0_3_all_typeA__parameterized2_64_lib_work_renamed4093_your_instance_name1123
INFO: [VRFC 10-311] analyzing module ila_2_ltlib_v1_0_3_all_typeA__parameterized2_68_lib_work_renamed2684_your_instance_name1123
INFO: [VRFC 10-311] analyzing module ila_2_ltlib_v1_0_3_all_typeA__parameterized2_68_lib_work_renamed2963_your_instance_name1123
INFO: [VRFC 10-311] analyzing module ila_2_ltlib_v1_0_3_all_typeA__parameterized2_68_lib_work_renamed3814_your_instance_name1123
INFO: [VRFC 10-311] analyzing module ila_2_ltlib_v1_0_3_all_typeA__parameterized2_68_lib_work_renamed4093_your_instance_name1123
INFO: [VRFC 10-311] analyzing module ila_2_ltlib_v1_0_3_all_typeA_slice_lib_work_renamed2684_your_instance_name1123
INFO: [VRFC 10-311] analyzing module ila_2_ltlib_v1_0_3_all_typeA_slice_lib_work_renamed2963_your_instance_name1123
INFO: [VRFC 10-311] analyzing module ila_2_ltlib_v1_0_3_all_typeA_slice_lib_work_renamed3814_your_instance_name1123
INFO: [VRFC 10-311] analyzing module ila_2_ltlib_v1_0_3_all_typeA_slice_lib_work_renamed4093_your_instance_name1123
INFO: [VRFC 10-311] analyzing module ila_2_ltlib_v1_0_3_all_typeA_slice_17_lib_work_renamed2684_your_instance_name1123
INFO: [VRFC 10-311] analyzing module ila_2_ltlib_v1_0_3_all_typeA_slice_17_lib_work_renamed2963_your_instance_name1123
INFO: [VRFC 10-311] analyzing module ila_2_ltlib_v1_0_3_all_typeA_slice_17_lib_work_renamed3814_your_instance_name1123
INFO: [VRFC 10-311] analyzing module ila_2_ltlib_v1_0_3_all_typeA_slice_17_lib_work_renamed4093_your_instance_name1123
INFO: [VRFC 10-311] analyzing module ila_2_ltlib_v1_0_3_all_typeA_slice_18_lib_work_renamed2684_your_instance_name1123
INFO: [VRFC 10-311] analyzing module ila_2_ltlib_v1_0_3_all_typeA_slice_18_lib_work_renamed2963_your_instance_name1123
INFO: [VRFC 10-311] analyzing module ila_2_ltlib_v1_0_3_all_typeA_slice_18_lib_work_renamed3814_your_instance_name1123
INFO: [VRFC 10-311] analyzing module ila_2_ltlib_v1_0_3_all_typeA_slice_18_lib_work_renamed4093_your_instance_name1123
INFO: [VRFC 10-311] analyzing module ila_2_ltlib_v1_0_3_all_typeA_slice_19_lib_work_renamed2684_your_instance_name1123
INFO: [VRFC 10-311] analyzing module ila_2_ltlib_v1_0_3_all_typeA_slice_19_lib_work_renamed2963_your_instance_name1123
INFO: [VRFC 10-311] analyzing module ila_2_ltlib_v1_0_3_all_typeA_slice_19_lib_work_renamed3814_your_instance_name1123
INFO: [VRFC 10-311] analyzing module ila_2_ltlib_v1_0_3_all_typeA_slice_19_lib_work_renamed4093_your_instance_name1123
INFO: [VRFC 10-311] analyzing module ila_2_ltlib_v1_0_3_all_typeA_slice_20_lib_work_renamed2684_your_instance_name1123
INFO: [VRFC 10-311] analyzing module ila_2_ltlib_v1_0_3_all_typeA_slice_20_lib_work_renamed2963_your_instance_name1123
INFO: [VRFC 10-311] analyzing module ila_2_ltlib_v1_0_3_all_typeA_slice_20_lib_work_renamed3814_your_instance_name1123
INFO: [VRFC 10-311] analyzing module ila_2_ltlib_v1_0_3_all_typeA_slice_20_lib_work_renamed4093_your_instance_name1123
INFO: [VRFC 10-311] analyzing module ila_2_ltlib_v1_0_3_all_typeA_slice_21_lib_work_renamed2684_your_instance_name1123
INFO: [VRFC 10-311] analyzing module ila_2_ltlib_v1_0_3_all_typeA_slice_21_lib_work_renamed2963_your_instance_name1123
INFO: [VRFC 10-311] analyzing module ila_2_ltlib_v1_0_3_all_typeA_slice_21_lib_work_renamed3814_your_instance_name1123
INFO: [VRFC 10-311] analyzing module ila_2_ltlib_v1_0_3_all_typeA_slice_21_lib_work_renamed4093_your_instance_name1123
INFO: [VRFC 10-311] analyzing module ila_2_ltlib_v1_0_3_all_typeA_slice_22_lib_work_renamed2684_your_instance_name1123
INFO: [VRFC 10-311] analyzing module ila_2_ltlib_v1_0_3_all_typeA_slice_22_lib_work_renamed2963_your_instance_name1123
INFO: [VRFC 10-311] analyzing module ila_2_ltlib_v1_0_3_all_typeA_slice_22_lib_work_renamed3814_your_instance_name1123
INFO: [VRFC 10-311] analyzing module ila_2_ltlib_v1_0_3_all_typeA_slice_22_lib_work_renamed4093_your_instance_name1123
INFO: [VRFC 10-311] analyzing module ila_2_ltlib_v1_0_3_all_typeA_slice_26_lib_work_renamed2684_your_instance_name1123
INFO: [VRFC 10-311] analyzing module ila_2_ltlib_v1_0_3_all_typeA_slice_26_lib_work_renamed2963_your_instance_name1123
INFO: [VRFC 10-311] analyzing module ila_2_ltlib_v1_0_3_all_typeA_slice_26_lib_work_renamed3814_your_instance_name1123
INFO: [VRFC 10-311] analyzing module ila_2_ltlib_v1_0_3_all_typeA_slice_26_lib_work_renamed4093_your_instance_name1123
INFO: [VRFC 10-311] analyzing module ila_2_ltlib_v1_0_3_all_typeA_slice_27_lib_work_renamed2684_your_instance_name1123
INFO: [VRFC 10-311] analyzing module ila_2_ltlib_v1_0_3_all_typeA_slice_27_lib_work_renamed2963_your_instance_name1123
INFO: [VRFC 10-311] analyzing module ila_2_ltlib_v1_0_3_all_typeA_slice_27_lib_work_renamed3814_your_instance_name1123
INFO: [VRFC 10-311] analyzing module ila_2_ltlib_v1_0_3_all_typeA_slice_27_lib_work_renamed4093_your_instance_name1123
INFO: [VRFC 10-311] analyzing module ila_2_ltlib_v1_0_3_all_typeA_slice_28_lib_work_renamed2684_your_instance_name1123
INFO: [VRFC 10-311] analyzing module ila_2_ltlib_v1_0_3_all_typeA_slice_28_lib_work_renamed2963_your_instance_name1123
INFO: [VRFC 10-311] analyzing module ila_2_ltlib_v1_0_3_all_typeA_slice_28_lib_work_renamed3814_your_instance_name1123
INFO: [VRFC 10-311] analyzing module ila_2_ltlib_v1_0_3_all_typeA_slice_28_lib_work_renamed4093_your_instance_name1123
INFO: [VRFC 10-311] analyzing module ila_2_ltlib_v1_0_3_all_typeA_slice_29_lib_work_renamed2684_your_instance_name1123
INFO: [VRFC 10-311] analyzing module ila_2_ltlib_v1_0_3_all_typeA_slice_29_lib_work_renamed2963_your_instance_name1123
INFO: [VRFC 10-311] analyzing module ila_2_ltlib_v1_0_3_all_typeA_slice_29_lib_work_renamed3814_your_instance_name1123
INFO: [VRFC 10-311] analyzing module ila_2_ltlib_v1_0_3_all_typeA_slice_29_lib_work_renamed4093_your_instance_name1123
INFO: [VRFC 10-311] analyzing module ila_2_ltlib_v1_0_3_all_typeA_slice_30_lib_work_renamed2684_your_instance_name1123
INFO: [VRFC 10-311] analyzing module ila_2_ltlib_v1_0_3_all_typeA_slice_30_lib_work_renamed2963_your_instance_name1123
INFO: [VRFC 10-311] analyzing module ila_2_ltlib_v1_0_3_all_typeA_slice_30_lib_work_renamed3814_your_instance_name1123
INFO: [VRFC 10-311] analyzing module ila_2_ltlib_v1_0_3_all_typeA_slice_30_lib_work_renamed4093_your_instance_name1123
INFO: [VRFC 10-311] analyzing module ila_2_ltlib_v1_0_3_all_typeA_slice_31_lib_work_renamed2684_your_instance_name1123
INFO: [VRFC 10-311] analyzing module ila_2_ltlib_v1_0_3_all_typeA_slice_31_lib_work_renamed2963_your_instance_name1123
INFO: [VRFC 10-311] analyzing module ila_2_ltlib_v1_0_3_all_typeA_slice_31_lib_work_renamed3814_your_instance_name1123
INFO: [VRFC 10-311] analyzing module ila_2_ltlib_v1_0_3_all_typeA_slice_31_lib_work_renamed4093_your_instance_name1123
INFO: [VRFC 10-311] analyzing module ila_2_ltlib_v1_0_3_all_typeA_slice_32_lib_work_renamed2684_your_instance_name1123
INFO: [VRFC 10-311] analyzing module ila_2_ltlib_v1_0_3_all_typeA_slice_32_lib_work_renamed2963_your_instance_name1123
INFO: [VRFC 10-311] analyzing module ila_2_ltlib_v1_0_3_all_typeA_slice_32_lib_work_renamed3814_your_instance_name1123
INFO: [VRFC 10-311] analyzing module ila_2_ltlib_v1_0_3_all_typeA_slice_32_lib_work_renamed4093_your_instance_name1123
INFO: [VRFC 10-311] analyzing module ila_2_ltlib_v1_0_3_all_typeA_slice_36_lib_work_renamed2684_your_instance_name1123
INFO: [VRFC 10-311] analyzing module ila_2_ltlib_v1_0_3_all_typeA_slice_36_lib_work_renamed2963_your_instance_name1123
INFO: [VRFC 10-311] analyzing module ila_2_ltlib_v1_0_3_all_typeA_slice_36_lib_work_renamed3814_your_instance_name1123
INFO: [VRFC 10-311] analyzing module ila_2_ltlib_v1_0_3_all_typeA_slice_36_lib_work_renamed4093_your_instance_name1123
INFO: [VRFC 10-311] analyzing module ila_2_ltlib_v1_0_3_all_typeA_slice_37_lib_work_renamed2684_your_instance_name1123
INFO: [VRFC 10-311] analyzing module ila_2_ltlib_v1_0_3_all_typeA_slice_37_lib_work_renamed2963_your_instance_name1123
INFO: [VRFC 10-311] analyzing module ila_2_ltlib_v1_0_3_all_typeA_slice_37_lib_work_renamed3814_your_instance_name1123
INFO: [VRFC 10-311] analyzing module ila_2_ltlib_v1_0_3_all_typeA_slice_37_lib_work_renamed4093_your_instance_name1123
INFO: [VRFC 10-311] analyzing module ila_2_ltlib_v1_0_3_all_typeA_slice_38_lib_work_renamed2684_your_instance_name1123
INFO: [VRFC 10-311] analyzing module ila_2_ltlib_v1_0_3_all_typeA_slice_38_lib_work_renamed2963_your_instance_name1123
INFO: [VRFC 10-311] analyzing module ila_2_ltlib_v1_0_3_all_typeA_slice_38_lib_work_renamed3814_your_instance_name1123
INFO: [VRFC 10-311] analyzing module ila_2_ltlib_v1_0_3_all_typeA_slice_38_lib_work_renamed4093_your_instance_name1123
INFO: [VRFC 10-311] analyzing module ila_2_ltlib_v1_0_3_all_typeA_slice_39_lib_work_renamed2684_your_instance_name1123
INFO: [VRFC 10-311] analyzing module ila_2_ltlib_v1_0_3_all_typeA_slice_39_lib_work_renamed2963_your_instance_name1123
INFO: [VRFC 10-311] analyzing module ila_2_ltlib_v1_0_3_all_typeA_slice_39_lib_work_renamed3814_your_instance_name1123
INFO: [VRFC 10-311] analyzing module ila_2_ltlib_v1_0_3_all_typeA_slice_39_lib_work_renamed4093_your_instance_name1123
INFO: [VRFC 10-311] analyzing module ila_2_ltlib_v1_0_3_all_typeA_slice_40_lib_work_renamed2684_your_instance_name1123
INFO: [VRFC 10-311] analyzing module ila_2_ltlib_v1_0_3_all_typeA_slice_40_lib_work_renamed2963_your_instance_name1123
INFO: [VRFC 10-311] analyzing module ila_2_ltlib_v1_0_3_all_typeA_slice_40_lib_work_renamed3814_your_instance_name1123
INFO: [VRFC 10-311] analyzing module ila_2_ltlib_v1_0_3_all_typeA_slice_40_lib_work_renamed4093_your_instance_name1123
INFO: [VRFC 10-311] analyzing module ila_2_ltlib_v1_0_3_all_typeA_slice_41_lib_work_renamed2684_your_instance_name1123
INFO: [VRFC 10-311] analyzing module ila_2_ltlib_v1_0_3_all_typeA_slice_41_lib_work_renamed2963_your_instance_name1123
INFO: [VRFC 10-311] analyzing module ila_2_ltlib_v1_0_3_all_typeA_slice_41_lib_work_renamed3814_your_instance_name1123
INFO: [VRFC 10-311] analyzing module ila_2_ltlib_v1_0_3_all_typeA_slice_41_lib_work_renamed4093_your_instance_name1123
INFO: [VRFC 10-311] analyzing module ila_2_ltlib_v1_0_3_all_typeA_slice_42_lib_work_renamed2684_your_instance_name1123
INFO: [VRFC 10-311] analyzing module ila_2_ltlib_v1_0_3_all_typeA_slice_42_lib_work_renamed2963_your_instance_name1123
INFO: [VRFC 10-311] analyzing module ila_2_ltlib_v1_0_3_all_typeA_slice_42_lib_work_renamed3814_your_instance_name1123
INFO: [VRFC 10-311] analyzing module ila_2_ltlib_v1_0_3_all_typeA_slice_42_lib_work_renamed4093_your_instance_name1123
INFO: [VRFC 10-311] analyzing module ila_2_ltlib_v1_0_3_all_typeA_slice_44_lib_work_renamed2684_your_instance_name1123
INFO: [VRFC 10-311] analyzing module ila_2_ltlib_v1_0_3_all_typeA_slice_44_lib_work_renamed2963_your_instance_name1123
INFO: [VRFC 10-311] analyzing module ila_2_ltlib_v1_0_3_all_typeA_slice_44_lib_work_renamed3814_your_instance_name1123
INFO: [VRFC 10-311] analyzing module ila_2_ltlib_v1_0_3_all_typeA_slice_44_lib_work_renamed4093_your_instance_name1123
INFO: [VRFC 10-311] analyzing module ila_2_ltlib_v1_0_3_all_typeA_slice__parameterized0_lib_work_renamed2684_your_instance_name1123
INFO: [VRFC 10-311] analyzing module ila_2_ltlib_v1_0_3_all_typeA_slice__parameterized0_lib_work_renamed2963_your_instance_name1123
INFO: [VRFC 10-311] analyzing module ila_2_ltlib_v1_0_3_all_typeA_slice__parameterized0_lib_work_renamed3814_your_instance_name1123
INFO: [VRFC 10-311] analyzing module ila_2_ltlib_v1_0_3_all_typeA_slice__parameterized0_lib_work_renamed4093_your_instance_name1123
INFO: [VRFC 10-311] analyzing module ila_2_ltlib_v1_0_3_all_typeA_slice__parameterized0_10_lib_work_renamed2684_your_instance_name1123
INFO: [VRFC 10-311] analyzing module ila_2_ltlib_v1_0_3_all_typeA_slice__parameterized0_10_lib_work_renamed2963_your_instance_name1123
INFO: [VRFC 10-311] analyzing module ila_2_ltlib_v1_0_3_all_typeA_slice__parameterized0_10_lib_work_renamed3814_your_instance_name1123
INFO: [VRFC 10-311] analyzing module ila_2_ltlib_v1_0_3_all_typeA_slice__parameterized0_10_lib_work_renamed4093_your_instance_name1123
INFO: [VRFC 10-311] analyzing module ila_2_ltlib_v1_0_3_all_typeA_slice__parameterized0_13_lib_work_renamed2684_your_instance_name1123
INFO: [VRFC 10-311] analyzing module ila_2_ltlib_v1_0_3_all_typeA_slice__parameterized0_13_lib_work_renamed2963_your_instance_name1123
INFO: [VRFC 10-311] analyzing module ila_2_ltlib_v1_0_3_all_typeA_slice__parameterized0_13_lib_work_renamed3814_your_instance_name1123
INFO: [VRFC 10-311] analyzing module ila_2_ltlib_v1_0_3_all_typeA_slice__parameterized0_13_lib_work_renamed4093_your_instance_name1123
INFO: [VRFC 10-311] analyzing module ila_2_ltlib_v1_0_3_all_typeA_slice__parameterized0_16_lib_work_renamed2684_your_instance_name1123
INFO: [VRFC 10-311] analyzing module ila_2_ltlib_v1_0_3_all_typeA_slice__parameterized0_16_lib_work_renamed2963_your_instance_name1123
INFO: [VRFC 10-311] analyzing module ila_2_ltlib_v1_0_3_all_typeA_slice__parameterized0_16_lib_work_renamed3814_your_instance_name1123
INFO: [VRFC 10-311] analyzing module ila_2_ltlib_v1_0_3_all_typeA_slice__parameterized0_16_lib_work_renamed4093_your_instance_name1123
INFO: [VRFC 10-311] analyzing module ila_2_ltlib_v1_0_3_all_typeA_slice__parameterized0_2_lib_work_renamed2684_your_instance_name1123
INFO: [VRFC 10-311] analyzing module ila_2_ltlib_v1_0_3_all_typeA_slice__parameterized0_2_lib_work_renamed2963_your_instance_name1123
INFO: [VRFC 10-311] analyzing module ila_2_ltlib_v1_0_3_all_typeA_slice__parameterized0_2_lib_work_renamed3814_your_instance_name1123
INFO: [VRFC 10-311] analyzing module ila_2_ltlib_v1_0_3_all_typeA_slice__parameterized0_2_lib_work_renamed4093_your_instance_name1123
INFO: [VRFC 10-311] analyzing module ila_2_ltlib_v1_0_3_all_typeA_slice__parameterized0_23_lib_work_renamed2684_your_instance_name1123
INFO: [VRFC 10-311] analyzing module ila_2_ltlib_v1_0_3_all_typeA_slice__parameterized0_23_lib_work_renamed2963_your_instance_name1123
INFO: [VRFC 10-311] analyzing module ila_2_ltlib_v1_0_3_all_typeA_slice__parameterized0_23_lib_work_renamed3814_your_instance_name1123
INFO: [VRFC 10-311] analyzing module ila_2_ltlib_v1_0_3_all_typeA_slice__parameterized0_23_lib_work_renamed4093_your_instance_name1123
INFO: [VRFC 10-311] analyzing module ila_2_ltlib_v1_0_3_all_typeA_slice__parameterized0_33_lib_work_renamed2684_your_instance_name1123
INFO: [VRFC 10-311] analyzing module ila_2_ltlib_v1_0_3_all_typeA_slice__parameterized0_33_lib_work_renamed2963_your_instance_name1123
INFO: [VRFC 10-311] analyzing module ila_2_ltlib_v1_0_3_all_typeA_slice__parameterized0_33_lib_work_renamed3814_your_instance_name1123
INFO: [VRFC 10-311] analyzing module ila_2_ltlib_v1_0_3_all_typeA_slice__parameterized0_33_lib_work_renamed4093_your_instance_name1123
INFO: [VRFC 10-311] analyzing module ila_2_ltlib_v1_0_3_all_typeA_slice__parameterized0_43_lib_work_renamed2684_your_instance_name1123
INFO: [VRFC 10-311] analyzing module ila_2_ltlib_v1_0_3_all_typeA_slice__parameterized0_43_lib_work_renamed2963_your_instance_name1123
INFO: [VRFC 10-311] analyzing module ila_2_ltlib_v1_0_3_all_typeA_slice__parameterized0_43_lib_work_renamed3814_your_instance_name1123
INFO: [VRFC 10-311] analyzing module ila_2_ltlib_v1_0_3_all_typeA_slice__parameterized0_43_lib_work_renamed4093_your_instance_name1123
INFO: [VRFC 10-311] analyzing module ila_2_ltlib_v1_0_3_all_typeA_slice__parameterized0_45_lib_work_renamed2684_your_instance_name1123
INFO: [VRFC 10-311] analyzing module ila_2_ltlib_v1_0_3_all_typeA_slice__parameterized0_45_lib_work_renamed2963_your_instance_name1123
INFO: [VRFC 10-311] analyzing module ila_2_ltlib_v1_0_3_all_typeA_slice__parameterized0_45_lib_work_renamed3814_your_instance_name1123
INFO: [VRFC 10-311] analyzing module ila_2_ltlib_v1_0_3_all_typeA_slice__parameterized0_45_lib_work_renamed4093_your_instance_name1123
INFO: [VRFC 10-311] analyzing module ila_2_ltlib_v1_0_3_all_typeA_slice__parameterized0_5_lib_work_renamed2684_your_instance_name1123
INFO: [VRFC 10-311] analyzing module ila_2_ltlib_v1_0_3_all_typeA_slice__parameterized0_5_lib_work_renamed2963_your_instance_name1123
INFO: [VRFC 10-311] analyzing module ila_2_ltlib_v1_0_3_all_typeA_slice__parameterized0_5_lib_work_renamed3814_your_instance_name1123
INFO: [VRFC 10-311] analyzing module ila_2_ltlib_v1_0_3_all_typeA_slice__parameterized0_5_lib_work_renamed4093_your_instance_name1123
INFO: [VRFC 10-311] analyzing module ila_2_ltlib_v1_0_3_all_typeA_slice__parameterized0_8_lib_work_renamed2684_your_instance_name1123
INFO: [VRFC 10-311] analyzing module ila_2_ltlib_v1_0_3_all_typeA_slice__parameterized0_8_lib_work_renamed2963_your_instance_name1123
INFO: [VRFC 10-311] analyzing module ila_2_ltlib_v1_0_3_all_typeA_slice__parameterized0_8_lib_work_renamed3814_your_instance_name1123
INFO: [VRFC 10-311] analyzing module ila_2_ltlib_v1_0_3_all_typeA_slice__parameterized0_8_lib_work_renamed4093_your_instance_name1123
INFO: [VRFC 10-311] analyzing module ila_2_ltlib_v1_0_3_all_typeA_slice__parameterized1_lib_work_renamed2684_your_instance_name1123
INFO: [VRFC 10-311] analyzing module ila_2_ltlib_v1_0_3_all_typeA_slice__parameterized1_lib_work_renamed2963_your_instance_name1123
INFO: [VRFC 10-311] analyzing module ila_2_ltlib_v1_0_3_all_typeA_slice__parameterized1_lib_work_renamed3814_your_instance_name1123
INFO: [VRFC 10-311] analyzing module ila_2_ltlib_v1_0_3_all_typeA_slice__parameterized1_lib_work_renamed4093_your_instance_name1123
INFO: [VRFC 10-311] analyzing module ila_2_ltlib_v1_0_3_all_typeA_slice__parameterized1_65_lib_work_renamed2684_your_instance_name1123
INFO: [VRFC 10-311] analyzing module ila_2_ltlib_v1_0_3_all_typeA_slice__parameterized1_65_lib_work_renamed2963_your_instance_name1123
INFO: [VRFC 10-311] analyzing module ila_2_ltlib_v1_0_3_all_typeA_slice__parameterized1_65_lib_work_renamed3814_your_instance_name1123
INFO: [VRFC 10-311] analyzing module ila_2_ltlib_v1_0_3_all_typeA_slice__parameterized1_65_lib_work_renamed4093_your_instance_name1123
INFO: [VRFC 10-311] analyzing module ila_2_ltlib_v1_0_3_all_typeA_slice__parameterized1_69_lib_work_renamed2684_your_instance_name1123
INFO: [VRFC 10-311] analyzing module ila_2_ltlib_v1_0_3_all_typeA_slice__parameterized1_69_lib_work_renamed2963_your_instance_name1123
INFO: [VRFC 10-311] analyzing module ila_2_ltlib_v1_0_3_all_typeA_slice__parameterized1_69_lib_work_renamed3814_your_instance_name1123
INFO: [VRFC 10-311] analyzing module ila_2_ltlib_v1_0_3_all_typeA_slice__parameterized1_69_lib_work_renamed4093_your_instance_name1123
INFO: [VRFC 10-311] analyzing module ila_2_ltlib_v1_0_3_all_typeA_slice__parameterized2_lib_work_renamed2684_your_instance_name1123
INFO: [VRFC 10-311] analyzing module ila_2_ltlib_v1_0_3_all_typeA_slice__parameterized2_lib_work_renamed2963_your_instance_name1123
INFO: [VRFC 10-311] analyzing module ila_2_ltlib_v1_0_3_all_typeA_slice__parameterized2_lib_work_renamed3814_your_instance_name1123
INFO: [VRFC 10-311] analyzing module ila_2_ltlib_v1_0_3_all_typeA_slice__parameterized2_lib_work_renamed4093_your_instance_name1123
INFO: [VRFC 10-311] analyzing module ila_2_ltlib_v1_0_3_all_typeA_slice__parameterized2_66_lib_work_renamed2684_your_instance_name1123
INFO: [VRFC 10-311] analyzing module ila_2_ltlib_v1_0_3_all_typeA_slice__parameterized2_66_lib_work_renamed2963_your_instance_name1123
INFO: [VRFC 10-311] analyzing module ila_2_ltlib_v1_0_3_all_typeA_slice__parameterized2_66_lib_work_renamed3814_your_instance_name1123
INFO: [VRFC 10-311] analyzing module ila_2_ltlib_v1_0_3_all_typeA_slice__parameterized2_66_lib_work_renamed4093_your_instance_name1123
INFO: [VRFC 10-311] analyzing module ila_2_ltlib_v1_0_3_all_typeA_slice__parameterized2_70_lib_work_renamed2684_your_instance_name1123
INFO: [VRFC 10-311] analyzing module ila_2_ltlib_v1_0_3_all_typeA_slice__parameterized2_70_lib_work_renamed2963_your_instance_name1123
INFO: [VRFC 10-311] analyzing module ila_2_ltlib_v1_0_3_all_typeA_slice__parameterized2_70_lib_work_renamed3814_your_instance_name1123
INFO: [VRFC 10-311] analyzing module ila_2_ltlib_v1_0_3_all_typeA_slice__parameterized2_70_lib_work_renamed4093_your_instance_name1123
INFO: [VRFC 10-311] analyzing module ila_2_ltlib_v1_0_3_allx_typeA_lib_work_renamed2684_your_instance_name1123
INFO: [VRFC 10-311] analyzing module ila_2_ltlib_v1_0_3_allx_typeA_lib_work_renamed2963_your_instance_name1123
INFO: [VRFC 10-311] analyzing module ila_2_ltlib_v1_0_3_allx_typeA_lib_work_renamed3814_your_instance_name1123
INFO: [VRFC 10-311] analyzing module ila_2_ltlib_v1_0_3_allx_typeA_lib_work_renamed4093_your_instance_name1123
INFO: [VRFC 10-311] analyzing module ila_2_ltlib_v1_0_3_allx_typeA__parameterized0_lib_work_renamed2684_your_instance_name1123
INFO: [VRFC 10-311] analyzing module ila_2_ltlib_v1_0_3_allx_typeA__parameterized0_lib_work_renamed2963_your_instance_name1123
INFO: [VRFC 10-311] analyzing module ila_2_ltlib_v1_0_3_allx_typeA__parameterized0_lib_work_renamed3814_your_instance_name1123
INFO: [VRFC 10-311] analyzing module ila_2_ltlib_v1_0_3_allx_typeA__parameterized0_lib_work_renamed4093_your_instance_name1123
INFO: [VRFC 10-311] analyzing module ila_2_ltlib_v1_0_3_allx_typeA__parameterized0_24_lib_work_renamed2684_your_instance_name1123
INFO: [VRFC 10-311] analyzing module ila_2_ltlib_v1_0_3_allx_typeA__parameterized0_24_lib_work_renamed2963_your_instance_name1123
INFO: [VRFC 10-311] analyzing module ila_2_ltlib_v1_0_3_allx_typeA__parameterized0_24_lib_work_renamed3814_your_instance_name1123
INFO: [VRFC 10-311] analyzing module ila_2_ltlib_v1_0_3_allx_typeA__parameterized0_24_lib_work_renamed4093_your_instance_name1123
INFO: [VRFC 10-311] analyzing module ila_2_ltlib_v1_0_3_allx_typeA__parameterized0_34_lib_work_renamed2684_your_instance_name1123
INFO: [VRFC 10-311] analyzing module ila_2_ltlib_v1_0_3_allx_typeA__parameterized0_34_lib_work_renamed2963_your_instance_name1123
INFO: [VRFC 10-311] analyzing module ila_2_ltlib_v1_0_3_allx_typeA__parameterized0_34_lib_work_renamed3814_your_instance_name1123
INFO: [VRFC 10-311] analyzing module ila_2_ltlib_v1_0_3_allx_typeA__parameterized0_34_lib_work_renamed4093_your_instance_name1123
INFO: [VRFC 10-311] analyzing module ila_2_ltlib_v1_0_3_allx_typeA__parameterized1_lib_work_renamed2684_your_instance_name1123
INFO: [VRFC 10-311] analyzing module ila_2_ltlib_v1_0_3_allx_typeA__parameterized1_lib_work_renamed2963_your_instance_name1123
INFO: [VRFC 10-311] analyzing module ila_2_ltlib_v1_0_3_allx_typeA__parameterized1_lib_work_renamed3814_your_instance_name1123
INFO: [VRFC 10-311] analyzing module ila_2_ltlib_v1_0_3_allx_typeA__parameterized1_lib_work_renamed4093_your_instance_name1123
INFO: [VRFC 10-311] analyzing module ila_2_ltlib_v1_0_3_allx_typeA__parameterized1_11_lib_work_renamed2684_your_instance_name1123
INFO: [VRFC 10-311] analyzing module ila_2_ltlib_v1_0_3_allx_typeA__parameterized1_11_lib_work_renamed2963_your_instance_name1123
INFO: [VRFC 10-311] analyzing module ila_2_ltlib_v1_0_3_allx_typeA__parameterized1_11_lib_work_renamed3814_your_instance_name1123
INFO: [VRFC 10-311] analyzing module ila_2_ltlib_v1_0_3_allx_typeA__parameterized1_11_lib_work_renamed4093_your_instance_name1123
INFO: [VRFC 10-311] analyzing module ila_2_ltlib_v1_0_3_allx_typeA__parameterized1_14_lib_work_renamed2684_your_instance_name1123
INFO: [VRFC 10-311] analyzing module ila_2_ltlib_v1_0_3_allx_typeA__parameterized1_14_lib_work_renamed2963_your_instance_name1123
INFO: [VRFC 10-311] analyzing module ila_2_ltlib_v1_0_3_allx_typeA__parameterized1_14_lib_work_renamed3814_your_instance_name1123
INFO: [VRFC 10-311] analyzing module ila_2_ltlib_v1_0_3_allx_typeA__parameterized1_14_lib_work_renamed4093_your_instance_name1123
INFO: [VRFC 10-311] analyzing module ila_2_ltlib_v1_0_3_allx_typeA__parameterized2_lib_work_renamed2684_your_instance_name1123
INFO: [VRFC 10-311] analyzing module ila_2_ltlib_v1_0_3_allx_typeA__parameterized2_lib_work_renamed2963_your_instance_name1123
INFO: [VRFC 10-311] analyzing module ila_2_ltlib_v1_0_3_allx_typeA__parameterized2_lib_work_renamed3814_your_instance_name1123
INFO: [VRFC 10-311] analyzing module ila_2_ltlib_v1_0_3_allx_typeA__parameterized2_lib_work_renamed4093_your_instance_name1123
INFO: [VRFC 10-311] analyzing module ila_2_ltlib_v1_0_3_allx_typeA__parameterized2_0_lib_work_renamed2684_your_instance_name1123
INFO: [VRFC 10-311] analyzing module ila_2_ltlib_v1_0_3_allx_typeA__parameterized2_0_lib_work_renamed2963_your_instance_name1123
INFO: [VRFC 10-311] analyzing module ila_2_ltlib_v1_0_3_allx_typeA__parameterized2_0_lib_work_renamed3814_your_instance_name1123
INFO: [VRFC 10-311] analyzing module ila_2_ltlib_v1_0_3_allx_typeA__parameterized2_0_lib_work_renamed4093_your_instance_name1123
INFO: [VRFC 10-311] analyzing module ila_2_ltlib_v1_0_3_allx_typeA__parameterized2_3_lib_work_renamed2684_your_instance_name1123
INFO: [VRFC 10-311] analyzing module ila_2_ltlib_v1_0_3_allx_typeA__parameterized2_3_lib_work_renamed2963_your_instance_name1123
INFO: [VRFC 10-311] analyzing module ila_2_ltlib_v1_0_3_allx_typeA__parameterized2_3_lib_work_renamed3814_your_instance_name1123
INFO: [VRFC 10-311] analyzing module ila_2_ltlib_v1_0_3_allx_typeA__parameterized2_3_lib_work_renamed4093_your_instance_name1123
INFO: [VRFC 10-311] analyzing module ila_2_ltlib_v1_0_3_allx_typeA__parameterized2_6_lib_work_renamed2684_your_instance_name1123
INFO: [VRFC 10-311] analyzing module ila_2_ltlib_v1_0_3_allx_typeA__parameterized2_6_lib_work_renamed2963_your_instance_name1123
INFO: [VRFC 10-311] analyzing module ila_2_ltlib_v1_0_3_allx_typeA__parameterized2_6_lib_work_renamed3814_your_instance_name1123
INFO: [VRFC 10-311] analyzing module ila_2_ltlib_v1_0_3_allx_typeA__parameterized2_6_lib_work_renamed4093_your_instance_name1123
INFO: [VRFC 10-311] analyzing module ila_2_ltlib_v1_0_3_allx_typeA_nodelay_lib_work_renamed2684_your_instance_name1123
INFO: [VRFC 10-311] analyzing module ila_2_ltlib_v1_0_3_allx_typeA_nodelay_lib_work_renamed2963_your_instance_name1123
INFO: [VRFC 10-311] analyzing module ila_2_ltlib_v1_0_3_allx_typeA_nodelay_lib_work_renamed3814_your_instance_name1123
INFO: [VRFC 10-311] analyzing module ila_2_ltlib_v1_0_3_allx_typeA_nodelay_lib_work_renamed4093_your_instance_name1123
INFO: [VRFC 10-311] analyzing module ila_2_ltlib_v1_0_3_allx_typeA_nodelay_63_lib_work_renamed2684_your_instance_name1123
INFO: [VRFC 10-311] analyzing module ila_2_ltlib_v1_0_3_allx_typeA_nodelay_63_lib_work_renamed2963_your_instance_name1123
INFO: [VRFC 10-311] analyzing module ila_2_ltlib_v1_0_3_allx_typeA_nodelay_63_lib_work_renamed3814_your_instance_name1123
INFO: [VRFC 10-311] analyzing module ila_2_ltlib_v1_0_3_allx_typeA_nodelay_63_lib_work_renamed4093_your_instance_name1123
INFO: [VRFC 10-311] analyzing module ila_2_ltlib_v1_0_3_allx_typeA_nodelay_67_lib_work_renamed2684_your_instance_name1123
INFO: [VRFC 10-311] analyzing module ila_2_ltlib_v1_0_3_allx_typeA_nodelay_67_lib_work_renamed2963_your_instance_name1123
INFO: [VRFC 10-311] analyzing module ila_2_ltlib_v1_0_3_allx_typeA_nodelay_67_lib_work_renamed3814_your_instance_name1123
INFO: [VRFC 10-311] analyzing module ila_2_ltlib_v1_0_3_allx_typeA_nodelay_67_lib_work_renamed4093_your_instance_name1123
INFO: [VRFC 10-311] analyzing module ila_2_ltlib_v1_0_3_async_edge_xfer_lib_work_renamed2684_your_instance_name1123
INFO: [VRFC 10-311] analyzing module ila_2_ltlib_v1_0_3_async_edge_xfer_lib_work_renamed2963_your_instance_name1123
INFO: [VRFC 10-311] analyzing module ila_2_ltlib_v1_0_3_async_edge_xfer_lib_work_renamed3814_your_instance_name1123
INFO: [VRFC 10-311] analyzing module ila_2_ltlib_v1_0_3_async_edge_xfer_lib_work_renamed4093_your_instance_name1123
INFO: [VRFC 10-311] analyzing module ila_2_ltlib_v1_0_3_async_edge_xfer__1_lib_work_renamed2684_your_instance_name1123
INFO: [VRFC 10-311] analyzing module ila_2_ltlib_v1_0_3_async_edge_xfer__1_lib_work_renamed2963_your_instance_name1123
INFO: [VRFC 10-311] analyzing module ila_2_ltlib_v1_0_3_async_edge_xfer__1_lib_work_renamed3814_your_instance_name1123
INFO: [VRFC 10-311] analyzing module ila_2_ltlib_v1_0_3_async_edge_xfer__1_lib_work_renamed4093_your_instance_name1123
INFO: [VRFC 10-311] analyzing module ila_2_ltlib_v1_0_3_async_edge_xfer__2_lib_work_renamed2684_your_instance_name1123
INFO: [VRFC 10-311] analyzing module ila_2_ltlib_v1_0_3_async_edge_xfer__2_lib_work_renamed2963_your_instance_name1123
INFO: [VRFC 10-311] analyzing module ila_2_ltlib_v1_0_3_async_edge_xfer__2_lib_work_renamed3814_your_instance_name1123
INFO: [VRFC 10-311] analyzing module ila_2_ltlib_v1_0_3_async_edge_xfer__2_lib_work_renamed4093_your_instance_name1123
INFO: [VRFC 10-311] analyzing module ila_2_ltlib_v1_0_3_async_edge_xfer__3_lib_work_renamed2684_your_instance_name1123
INFO: [VRFC 10-311] analyzing module ila_2_ltlib_v1_0_3_async_edge_xfer__3_lib_work_renamed2963_your_instance_name1123
INFO: [VRFC 10-311] analyzing module ila_2_ltlib_v1_0_3_async_edge_xfer__3_lib_work_renamed3814_your_instance_name1123
INFO: [VRFC 10-311] analyzing module ila_2_ltlib_v1_0_3_async_edge_xfer__3_lib_work_renamed4093_your_instance_name1123
INFO: [VRFC 10-311] analyzing module ila_2_ltlib_v1_0_3_cfglut4_lib_work_renamed2684_your_instance_name1123
INFO: [VRFC 10-311] analyzing module ila_2_ltlib_v1_0_3_cfglut4_lib_work_renamed2963_your_instance_name1123
INFO: [VRFC 10-311] analyzing module ila_2_ltlib_v1_0_3_cfglut4_lib_work_renamed3814_your_instance_name1123
INFO: [VRFC 10-311] analyzing module ila_2_ltlib_v1_0_3_cfglut4_lib_work_renamed4093_your_instance_name1123
INFO: [VRFC 10-311] analyzing module ila_2_ltlib_v1_0_3_cfglut4__1_lib_work_renamed2684_your_instance_name1123
INFO: [VRFC 10-311] analyzing module ila_2_ltlib_v1_0_3_cfglut4__1_lib_work_renamed2963_your_instance_name1123
INFO: [VRFC 10-311] analyzing module ila_2_ltlib_v1_0_3_cfglut4__1_lib_work_renamed3814_your_instance_name1123
INFO: [VRFC 10-311] analyzing module ila_2_ltlib_v1_0_3_cfglut4__1_lib_work_renamed4093_your_instance_name1123
INFO: [VRFC 10-311] analyzing module ila_2_ltlib_v1_0_3_cfglut5_lib_work_renamed2684_your_instance_name1123
INFO: [VRFC 10-311] analyzing module ila_2_ltlib_v1_0_3_cfglut5_lib_work_renamed2963_your_instance_name1123
INFO: [VRFC 10-311] analyzing module ila_2_ltlib_v1_0_3_cfglut5_lib_work_renamed3814_your_instance_name1123
INFO: [VRFC 10-311] analyzing module ila_2_ltlib_v1_0_3_cfglut5_lib_work_renamed4093_your_instance_name1123
INFO: [VRFC 10-311] analyzing module ila_2_ltlib_v1_0_3_cfglut5__1_lib_work_renamed2684_your_instance_name1123
INFO: [VRFC 10-311] analyzing module ila_2_ltlib_v1_0_3_cfglut5__1_lib_work_renamed2963_your_instance_name1123
INFO: [VRFC 10-311] analyzing module ila_2_ltlib_v1_0_3_cfglut5__1_lib_work_renamed3814_your_instance_name1123
INFO: [VRFC 10-311] analyzing module ila_2_ltlib_v1_0_3_cfglut5__1_lib_work_renamed4093_your_instance_name1123
INFO: [VRFC 10-311] analyzing module ila_2_ltlib_v1_0_3_cfglut5__2_lib_work_renamed2684_your_instance_name1123
INFO: [VRFC 10-311] analyzing module ila_2_ltlib_v1_0_3_cfglut5__2_lib_work_renamed2963_your_instance_name1123
INFO: [VRFC 10-311] analyzing module ila_2_ltlib_v1_0_3_cfglut5__2_lib_work_renamed3814_your_instance_name1123
INFO: [VRFC 10-311] analyzing module ila_2_ltlib_v1_0_3_cfglut5__2_lib_work_renamed4093_your_instance_name1123
INFO: [VRFC 10-311] analyzing module ila_2_ltlib_v1_0_3_cfglut6_lib_work_renamed2684_your_instance_name1123
INFO: [VRFC 10-311] analyzing module ila_2_ltlib_v1_0_3_cfglut6_lib_work_renamed2963_your_instance_name1123
INFO: [VRFC 10-311] analyzing module ila_2_ltlib_v1_0_3_cfglut6_lib_work_renamed3814_your_instance_name1123
INFO: [VRFC 10-311] analyzing module ila_2_ltlib_v1_0_3_cfglut6_lib_work_renamed4093_your_instance_name1123
INFO: [VRFC 10-311] analyzing module ila_2_ltlib_v1_0_3_cfglut6__1_lib_work_renamed2684_your_instance_name1123
INFO: [VRFC 10-311] analyzing module ila_2_ltlib_v1_0_3_cfglut6__1_lib_work_renamed2963_your_instance_name1123
INFO: [VRFC 10-311] analyzing module ila_2_ltlib_v1_0_3_cfglut6__1_lib_work_renamed3814_your_instance_name1123
INFO: [VRFC 10-311] analyzing module ila_2_ltlib_v1_0_3_cfglut6__1_lib_work_renamed4093_your_instance_name1123
INFO: [VRFC 10-311] analyzing module ila_2_ltlib_v1_0_3_cfglut6__parameterized0_lib_work_renamed2684_your_instance_name1123
INFO: [VRFC 10-311] analyzing module ila_2_ltlib_v1_0_3_cfglut6__parameterized0_lib_work_renamed2963_your_instance_name1123
INFO: [VRFC 10-311] analyzing module ila_2_ltlib_v1_0_3_cfglut6__parameterized0_lib_work_renamed3814_your_instance_name1123
INFO: [VRFC 10-311] analyzing module ila_2_ltlib_v1_0_3_cfglut6__parameterized0_lib_work_renamed4093_your_instance_name1123
INFO: [VRFC 10-311] analyzing module ila_2_ltlib_v1_0_3_cfglut7_lib_work_renamed2684_your_instance_name1123
INFO: [VRFC 10-311] analyzing module ila_2_ltlib_v1_0_3_cfglut7_lib_work_renamed2963_your_instance_name1123
INFO: [VRFC 10-311] analyzing module ila_2_ltlib_v1_0_3_cfglut7_lib_work_renamed3814_your_instance_name1123
INFO: [VRFC 10-311] analyzing module ila_2_ltlib_v1_0_3_cfglut7_lib_work_renamed4093_your_instance_name1123
INFO: [VRFC 10-311] analyzing module ila_2_ltlib_v1_0_3_cfglut7__1_lib_work_renamed2684_your_instance_name1123
INFO: [VRFC 10-311] analyzing module ila_2_ltlib_v1_0_3_cfglut7__1_lib_work_renamed2963_your_instance_name1123
INFO: [VRFC 10-311] analyzing module ila_2_ltlib_v1_0_3_cfglut7__1_lib_work_renamed3814_your_instance_name1123
INFO: [VRFC 10-311] analyzing module ila_2_ltlib_v1_0_3_cfglut7__1_lib_work_renamed4093_your_instance_name1123
INFO: [VRFC 10-311] analyzing module ila_2_ltlib_v1_0_3_generic_memrd_lib_work_renamed2684_your_instance_name1123
INFO: [VRFC 10-311] analyzing module ila_2_ltlib_v1_0_3_generic_memrd_lib_work_renamed2963_your_instance_name1123
INFO: [VRFC 10-311] analyzing module ila_2_ltlib_v1_0_3_generic_memrd_lib_work_renamed3814_your_instance_name1123
INFO: [VRFC 10-311] analyzing module ila_2_ltlib_v1_0_3_generic_memrd_lib_work_renamed4093_your_instance_name1123
INFO: [VRFC 10-311] analyzing module ila_2_ltlib_v1_0_3_match_lib_work_renamed2684_your_instance_name1123
INFO: [VRFC 10-311] analyzing module ila_2_ltlib_v1_0_3_match_lib_work_renamed2963_your_instance_name1123
INFO: [VRFC 10-311] analyzing module ila_2_ltlib_v1_0_3_match_lib_work_renamed3814_your_instance_name1123
INFO: [VRFC 10-311] analyzing module ila_2_ltlib_v1_0_3_match_lib_work_renamed4093_your_instance_name1123
INFO: [VRFC 10-311] analyzing module ila_2_ltlib_v1_0_3_match__parameterized0_lib_work_renamed2684_your_instance_name1123
INFO: [VRFC 10-311] analyzing module ila_2_ltlib_v1_0_3_match__parameterized0_lib_work_renamed2963_your_instance_name1123
INFO: [VRFC 10-311] analyzing module ila_2_ltlib_v1_0_3_match__parameterized0_lib_work_renamed3814_your_instance_name1123
INFO: [VRFC 10-311] analyzing module ila_2_ltlib_v1_0_3_match__parameterized0_lib_work_renamed4093_your_instance_name1123
INFO: [VRFC 10-311] analyzing module ila_2_ltlib_v1_0_3_match__parameterized0__1_lib_work_renamed2684_your_instance_name1123
INFO: [VRFC 10-311] analyzing module ila_2_ltlib_v1_0_3_match__parameterized0__1_lib_work_renamed2963_your_instance_name1123
INFO: [VRFC 10-311] analyzing module ila_2_ltlib_v1_0_3_match__parameterized0__1_lib_work_renamed3814_your_instance_name1123
INFO: [VRFC 10-311] analyzing module ila_2_ltlib_v1_0_3_match__parameterized0__1_lib_work_renamed4093_your_instance_name1123
INFO: [VRFC 10-311] analyzing module ila_2_ltlib_v1_0_3_match__parameterized0__2_lib_work_renamed2684_your_instance_name1123
INFO: [VRFC 10-311] analyzing module ila_2_ltlib_v1_0_3_match__parameterized0__2_lib_work_renamed2963_your_instance_name1123
INFO: [VRFC 10-311] analyzing module ila_2_ltlib_v1_0_3_match__parameterized0__2_lib_work_renamed3814_your_instance_name1123
INFO: [VRFC 10-311] analyzing module ila_2_ltlib_v1_0_3_match__parameterized0__2_lib_work_renamed4093_your_instance_name1123
INFO: [VRFC 10-311] analyzing module ila_2_ltlib_v1_0_3_match__parameterized1_lib_work_renamed2684_your_instance_name1123
INFO: [VRFC 10-311] analyzing module ila_2_ltlib_v1_0_3_match__parameterized1_lib_work_renamed2963_your_instance_name1123
INFO: [VRFC 10-311] analyzing module ila_2_ltlib_v1_0_3_match__parameterized1_lib_work_renamed3814_your_instance_name1123
INFO: [VRFC 10-311] analyzing module ila_2_ltlib_v1_0_3_match__parameterized1_lib_work_renamed4093_your_instance_name1123
INFO: [VRFC 10-311] analyzing module ila_2_ltlib_v1_0_3_match__parameterized1__1_lib_work_renamed2684_your_instance_name1123
INFO: [VRFC 10-311] analyzing module ila_2_ltlib_v1_0_3_match__parameterized1__1_lib_work_renamed2963_your_instance_name1123
INFO: [VRFC 10-311] analyzing module ila_2_ltlib_v1_0_3_match__parameterized1__1_lib_work_renamed3814_your_instance_name1123
INFO: [VRFC 10-311] analyzing module ila_2_ltlib_v1_0_3_match__parameterized1__1_lib_work_renamed4093_your_instance_name1123
INFO: [VRFC 10-311] analyzing module ila_2_ltlib_v1_0_3_match__parameterized1__2_lib_work_renamed2684_your_instance_name1123
INFO: [VRFC 10-311] analyzing module ila_2_ltlib_v1_0_3_match__parameterized1__2_lib_work_renamed2963_your_instance_name1123
INFO: [VRFC 10-311] analyzing module ila_2_ltlib_v1_0_3_match__parameterized1__2_lib_work_renamed3814_your_instance_name1123
INFO: [VRFC 10-311] analyzing module ila_2_ltlib_v1_0_3_match__parameterized1__2_lib_work_renamed4093_your_instance_name1123
INFO: [VRFC 10-311] analyzing module ila_2_ltlib_v1_0_3_match__parameterized2_lib_work_renamed2684_your_instance_name1123
INFO: [VRFC 10-311] analyzing module ila_2_ltlib_v1_0_3_match__parameterized2_lib_work_renamed2963_your_instance_name1123
INFO: [VRFC 10-311] analyzing module ila_2_ltlib_v1_0_3_match__parameterized2_lib_work_renamed3814_your_instance_name1123
INFO: [VRFC 10-311] analyzing module ila_2_ltlib_v1_0_3_match__parameterized2_lib_work_renamed4093_your_instance_name1123
INFO: [VRFC 10-311] analyzing module ila_2_ltlib_v1_0_3_match__parameterized2__1_lib_work_renamed2684_your_instance_name1123
INFO: [VRFC 10-311] analyzing module ila_2_ltlib_v1_0_3_match__parameterized2__1_lib_work_renamed2963_your_instance_name1123
INFO: [VRFC 10-311] analyzing module ila_2_ltlib_v1_0_3_match__parameterized2__1_lib_work_renamed3814_your_instance_name1123
INFO: [VRFC 10-311] analyzing module ila_2_ltlib_v1_0_3_match__parameterized2__1_lib_work_renamed4093_your_instance_name1123
INFO: [VRFC 10-311] analyzing module ila_2_ltlib_v1_0_3_match__parameterized2__2_lib_work_renamed2684_your_instance_name1123
INFO: [VRFC 10-311] analyzing module ila_2_ltlib_v1_0_3_match__parameterized2__2_lib_work_renamed2963_your_instance_name1123
INFO: [VRFC 10-311] analyzing module ila_2_ltlib_v1_0_3_match__parameterized2__2_lib_work_renamed3814_your_instance_name1123
INFO: [VRFC 10-311] analyzing module ila_2_ltlib_v1_0_3_match__parameterized2__2_lib_work_renamed4093_your_instance_name1123
INFO: [VRFC 10-311] analyzing module ila_2_ltlib_v1_0_3_match__parameterized2__3_lib_work_renamed2684_your_instance_name1123
INFO: [VRFC 10-311] analyzing module ila_2_ltlib_v1_0_3_match__parameterized2__3_lib_work_renamed2963_your_instance_name1123
INFO: [VRFC 10-311] analyzing module ila_2_ltlib_v1_0_3_match__parameterized2__3_lib_work_renamed3814_your_instance_name1123
INFO: [VRFC 10-311] analyzing module ila_2_ltlib_v1_0_3_match__parameterized2__3_lib_work_renamed4093_your_instance_name1123
INFO: [VRFC 10-311] analyzing module ila_2_ltlib_v1_0_3_match_nodelay_lib_work_renamed2684_your_instance_name1123
INFO: [VRFC 10-311] analyzing module ila_2_ltlib_v1_0_3_match_nodelay_lib_work_renamed2963_your_instance_name1123
INFO: [VRFC 10-311] analyzing module ila_2_ltlib_v1_0_3_match_nodelay_lib_work_renamed3814_your_instance_name1123
INFO: [VRFC 10-311] analyzing module ila_2_ltlib_v1_0_3_match_nodelay_lib_work_renamed4093_your_instance_name1123
INFO: [VRFC 10-311] analyzing module ila_2_ltlib_v1_0_3_match_nodelay__1_lib_work_renamed2684_your_instance_name1123
INFO: [VRFC 10-311] analyzing module ila_2_ltlib_v1_0_3_match_nodelay__1_lib_work_renamed2963_your_instance_name1123
INFO: [VRFC 10-311] analyzing module ila_2_ltlib_v1_0_3_match_nodelay__1_lib_work_renamed3814_your_instance_name1123
INFO: [VRFC 10-311] analyzing module ila_2_ltlib_v1_0_3_match_nodelay__1_lib_work_renamed4093_your_instance_name1123
INFO: [VRFC 10-311] analyzing module ila_2_ltlib_v1_0_3_match_nodelay__2_lib_work_renamed2684_your_instance_name1123
INFO: [VRFC 10-311] analyzing module ila_2_ltlib_v1_0_3_match_nodelay__2_lib_work_renamed2963_your_instance_name1123
INFO: [VRFC 10-311] analyzing module ila_2_ltlib_v1_0_3_match_nodelay__2_lib_work_renamed3814_your_instance_name1123
INFO: [VRFC 10-311] analyzing module ila_2_ltlib_v1_0_3_match_nodelay__2_lib_work_renamed4093_your_instance_name1123
INFO: [VRFC 10-311] analyzing module ila_2_ltlib_v1_0_3_rising_edge_detection_lib_work_renamed2684_your_instance_name1123
INFO: [VRFC 10-311] analyzing module ila_2_ltlib_v1_0_3_rising_edge_detection_lib_work_renamed2963_your_instance_name1123
INFO: [VRFC 10-311] analyzing module ila_2_ltlib_v1_0_3_rising_edge_detection_lib_work_renamed3814_your_instance_name1123
INFO: [VRFC 10-311] analyzing module ila_2_ltlib_v1_0_3_rising_edge_detection_lib_work_renamed4093_your_instance_name1123
INFO: [VRFC 10-311] analyzing module ila_2_ltlib_v1_0_3_rising_edge_detection__1_lib_work_renamed2684_your_instance_name1123
INFO: [VRFC 10-311] analyzing module ila_2_ltlib_v1_0_3_rising_edge_detection__1_lib_work_renamed2963_your_instance_name1123
INFO: [VRFC 10-311] analyzing module ila_2_ltlib_v1_0_3_rising_edge_detection__1_lib_work_renamed3814_your_instance_name1123
INFO: [VRFC 10-311] analyzing module ila_2_ltlib_v1_0_3_rising_edge_detection__1_lib_work_renamed4093_your_instance_name1123
INFO: [VRFC 10-311] analyzing module ila_2_xsdbs_v1_0_5_reg__parameterized29_lib_work_renamed2684_your_instance_name1123
INFO: [VRFC 10-311] analyzing module ila_2_xsdbs_v1_0_5_reg__parameterized29_lib_work_renamed2963_your_instance_name1123
INFO: [VRFC 10-311] analyzing module ila_2_xsdbs_v1_0_5_reg__parameterized29_lib_work_renamed3814_your_instance_name1123
INFO: [VRFC 10-311] analyzing module ila_2_xsdbs_v1_0_5_reg__parameterized29_lib_work_renamed4093_your_instance_name1123
INFO: [VRFC 10-311] analyzing module ila_2_xsdbs_v1_0_5_reg__parameterized30_lib_work_renamed2684_your_instance_name1123
INFO: [VRFC 10-311] analyzing module ila_2_xsdbs_v1_0_5_reg__parameterized30_lib_work_renamed2963_your_instance_name1123
INFO: [VRFC 10-311] analyzing module ila_2_xsdbs_v1_0_5_reg__parameterized30_lib_work_renamed3814_your_instance_name1123
INFO: [VRFC 10-311] analyzing module ila_2_xsdbs_v1_0_5_reg__parameterized30_lib_work_renamed4093_your_instance_name1123
INFO: [VRFC 10-311] analyzing module ila_2_xsdbs_v1_0_5_reg__parameterized31_lib_work_renamed2684_your_instance_name1123
INFO: [VRFC 10-311] analyzing module ila_2_xsdbs_v1_0_5_reg__parameterized31_lib_work_renamed2963_your_instance_name1123
INFO: [VRFC 10-311] analyzing module ila_2_xsdbs_v1_0_5_reg__parameterized31_lib_work_renamed3814_your_instance_name1123
INFO: [VRFC 10-311] analyzing module ila_2_xsdbs_v1_0_5_reg__parameterized31_lib_work_renamed4093_your_instance_name1123
INFO: [VRFC 10-311] analyzing module ila_2_xsdbs_v1_0_5_reg__parameterized32_lib_work_renamed2684_your_instance_name1123
INFO: [VRFC 10-311] analyzing module ila_2_xsdbs_v1_0_5_reg__parameterized32_lib_work_renamed2963_your_instance_name1123
INFO: [VRFC 10-311] analyzing module ila_2_xsdbs_v1_0_5_reg__parameterized32_lib_work_renamed3814_your_instance_name1123
INFO: [VRFC 10-311] analyzing module ila_2_xsdbs_v1_0_5_reg__parameterized32_lib_work_renamed4093_your_instance_name1123
INFO: [VRFC 10-311] analyzing module ila_2_xsdbs_v1_0_5_reg__parameterized44_lib_work_renamed2684_your_instance_name1123
INFO: [VRFC 10-311] analyzing module ila_2_xsdbs_v1_0_5_reg__parameterized44_lib_work_renamed2963_your_instance_name1123
INFO: [VRFC 10-311] analyzing module ila_2_xsdbs_v1_0_5_reg__parameterized44_lib_work_renamed3814_your_instance_name1123
INFO: [VRFC 10-311] analyzing module ila_2_xsdbs_v1_0_5_reg__parameterized44_lib_work_renamed4093_your_instance_name1123
INFO: [VRFC 10-311] analyzing module ila_2_xsdbs_v1_0_5_reg__parameterized45_lib_work_renamed2684_your_instance_name1123
INFO: [VRFC 10-311] analyzing module ila_2_xsdbs_v1_0_5_reg__parameterized45_lib_work_renamed2963_your_instance_name1123
INFO: [VRFC 10-311] analyzing module ila_2_xsdbs_v1_0_5_reg__parameterized45_lib_work_renamed3814_your_instance_name1123
INFO: [VRFC 10-311] analyzing module ila_2_xsdbs_v1_0_5_reg__parameterized45_lib_work_renamed4093_your_instance_name1123
INFO: [VRFC 10-311] analyzing module ila_2_xsdbs_v1_0_5_reg__parameterized46_lib_work_renamed2684_your_instance_name1123
INFO: [VRFC 10-311] analyzing module ila_2_xsdbs_v1_0_5_reg__parameterized46_lib_work_renamed2963_your_instance_name1123
INFO: [VRFC 10-311] analyzing module ila_2_xsdbs_v1_0_5_reg__parameterized46_lib_work_renamed3814_your_instance_name1123
INFO: [VRFC 10-311] analyzing module ila_2_xsdbs_v1_0_5_reg__parameterized46_lib_work_renamed4093_your_instance_name1123
INFO: [VRFC 10-311] analyzing module ila_2_xsdbs_v1_0_5_reg__parameterized47_lib_work_renamed2684_your_instance_name1123
INFO: [VRFC 10-311] analyzing module ila_2_xsdbs_v1_0_5_reg__parameterized47_lib_work_renamed2963_your_instance_name1123
INFO: [VRFC 10-311] analyzing module ila_2_xsdbs_v1_0_5_reg__parameterized47_lib_work_renamed3814_your_instance_name1123
INFO: [VRFC 10-311] analyzing module ila_2_xsdbs_v1_0_5_reg__parameterized47_lib_work_renamed4093_your_instance_name1123
INFO: [VRFC 10-311] analyzing module ila_2_xsdbs_v1_0_5_reg__parameterized48_lib_work_renamed2684_your_instance_name1123
INFO: [VRFC 10-311] analyzing module ila_2_xsdbs_v1_0_5_reg__parameterized48_lib_work_renamed2963_your_instance_name1123
INFO: [VRFC 10-311] analyzing module ila_2_xsdbs_v1_0_5_reg__parameterized48_lib_work_renamed3814_your_instance_name1123
INFO: [VRFC 10-311] analyzing module ila_2_xsdbs_v1_0_5_reg__parameterized48_lib_work_renamed4093_your_instance_name1123
INFO: [VRFC 10-311] analyzing module ila_2_xsdbs_v1_0_5_reg__parameterized49_lib_work_renamed2684_your_instance_name1123
INFO: [VRFC 10-311] analyzing module ila_2_xsdbs_v1_0_5_reg__parameterized49_lib_work_renamed2963_your_instance_name1123
INFO: [VRFC 10-311] analyzing module ila_2_xsdbs_v1_0_5_reg__parameterized49_lib_work_renamed3814_your_instance_name1123
INFO: [VRFC 10-311] analyzing module ila_2_xsdbs_v1_0_5_reg__parameterized49_lib_work_renamed4093_your_instance_name1123
INFO: [VRFC 10-311] analyzing module ila_2_xsdbs_v1_0_5_reg__parameterized50_lib_work_renamed2684_your_instance_name1123
INFO: [VRFC 10-311] analyzing module ila_2_xsdbs_v1_0_5_reg__parameterized50_lib_work_renamed2963_your_instance_name1123
INFO: [VRFC 10-311] analyzing module ila_2_xsdbs_v1_0_5_reg__parameterized50_lib_work_renamed3814_your_instance_name1123
INFO: [VRFC 10-311] analyzing module ila_2_xsdbs_v1_0_5_reg__parameterized50_lib_work_renamed4093_your_instance_name1123
INFO: [VRFC 10-311] analyzing module ila_2_xsdbs_v1_0_5_reg__parameterized51_lib_work_renamed2684_your_instance_name1123
INFO: [VRFC 10-311] analyzing module ila_2_xsdbs_v1_0_5_reg__parameterized51_lib_work_renamed2963_your_instance_name1123
INFO: [VRFC 10-311] analyzing module ila_2_xsdbs_v1_0_5_reg__parameterized51_lib_work_renamed3814_your_instance_name1123
INFO: [VRFC 10-311] analyzing module ila_2_xsdbs_v1_0_5_reg__parameterized51_lib_work_renamed4093_your_instance_name1123
INFO: [VRFC 10-311] analyzing module ila_2_xsdbs_v1_0_5_reg__parameterized52_lib_work_renamed2684_your_instance_name1123
INFO: [VRFC 10-311] analyzing module ila_2_xsdbs_v1_0_5_reg__parameterized52_lib_work_renamed2963_your_instance_name1123
INFO: [VRFC 10-311] analyzing module ila_2_xsdbs_v1_0_5_reg__parameterized52_lib_work_renamed3814_your_instance_name1123
INFO: [VRFC 10-311] analyzing module ila_2_xsdbs_v1_0_5_reg__parameterized52_lib_work_renamed4093_your_instance_name1123
INFO: [VRFC 10-311] analyzing module ila_2_xsdbs_v1_0_5_reg__parameterized53_lib_work_renamed2684_your_instance_name1123
INFO: [VRFC 10-311] analyzing module ila_2_xsdbs_v1_0_5_reg__parameterized53_lib_work_renamed2963_your_instance_name1123
INFO: [VRFC 10-311] analyzing module ila_2_xsdbs_v1_0_5_reg__parameterized53_lib_work_renamed3814_your_instance_name1123
INFO: [VRFC 10-311] analyzing module ila_2_xsdbs_v1_0_5_reg__parameterized53_lib_work_renamed4093_your_instance_name1123
INFO: [VRFC 10-311] analyzing module ila_2_xsdbs_v1_0_5_reg__parameterized54_lib_work_renamed2684_your_instance_name1123
INFO: [VRFC 10-311] analyzing module ila_2_xsdbs_v1_0_5_reg__parameterized54_lib_work_renamed2963_your_instance_name1123
INFO: [VRFC 10-311] analyzing module ila_2_xsdbs_v1_0_5_reg__parameterized54_lib_work_renamed3814_your_instance_name1123
INFO: [VRFC 10-311] analyzing module ila_2_xsdbs_v1_0_5_reg__parameterized54_lib_work_renamed4093_your_instance_name1123
INFO: [VRFC 10-311] analyzing module ila_2_xsdbs_v1_0_5_reg__parameterized55_lib_work_renamed2684_your_instance_name1123
INFO: [VRFC 10-311] analyzing module ila_2_xsdbs_v1_0_5_reg__parameterized55_lib_work_renamed2963_your_instance_name1123
INFO: [VRFC 10-311] analyzing module ila_2_xsdbs_v1_0_5_reg__parameterized55_lib_work_renamed3814_your_instance_name1123
INFO: [VRFC 10-311] analyzing module ila_2_xsdbs_v1_0_5_reg__parameterized55_lib_work_renamed4093_your_instance_name1123
INFO: [VRFC 10-311] analyzing module ila_2_xsdbs_v1_0_5_reg__parameterized57_lib_work_renamed2684_your_instance_name1123
INFO: [VRFC 10-311] analyzing module ila_2_xsdbs_v1_0_5_reg__parameterized57_lib_work_renamed2963_your_instance_name1123
INFO: [VRFC 10-311] analyzing module ila_2_xsdbs_v1_0_5_reg__parameterized57_lib_work_renamed3814_your_instance_name1123
INFO: [VRFC 10-311] analyzing module ila_2_xsdbs_v1_0_5_reg__parameterized57_lib_work_renamed4093_your_instance_name1123
INFO: [VRFC 10-311] analyzing module ila_2_xsdbs_v1_0_5_reg__parameterized59_lib_work_renamed2684_your_instance_name1123
INFO: [VRFC 10-311] analyzing module ila_2_xsdbs_v1_0_5_reg__parameterized59_lib_work_renamed2963_your_instance_name1123
INFO: [VRFC 10-311] analyzing module ila_2_xsdbs_v1_0_5_reg__parameterized59_lib_work_renamed3814_your_instance_name1123
INFO: [VRFC 10-311] analyzing module ila_2_xsdbs_v1_0_5_reg__parameterized59_lib_work_renamed4093_your_instance_name1123
INFO: [VRFC 10-311] analyzing module ila_2_xsdbs_v1_0_5_reg__parameterized62_lib_work_renamed2684_your_instance_name1123
INFO: [VRFC 10-311] analyzing module ila_2_xsdbs_v1_0_5_reg__parameterized62_lib_work_renamed2963_your_instance_name1123
INFO: [VRFC 10-311] analyzing module ila_2_xsdbs_v1_0_5_reg__parameterized62_lib_work_renamed3814_your_instance_name1123
INFO: [VRFC 10-311] analyzing module ila_2_xsdbs_v1_0_5_reg__parameterized62_lib_work_renamed4093_your_instance_name1123
INFO: [VRFC 10-311] analyzing module ila_2_xsdbs_v1_0_5_reg_ctl_lib_work_renamed2684_your_instance_name1123
INFO: [VRFC 10-311] analyzing module ila_2_xsdbs_v1_0_5_reg_ctl_lib_work_renamed2963_your_instance_name1123
INFO: [VRFC 10-311] analyzing module ila_2_xsdbs_v1_0_5_reg_ctl_lib_work_renamed3814_your_instance_name1123
INFO: [VRFC 10-311] analyzing module ila_2_xsdbs_v1_0_5_reg_ctl_lib_work_renamed4093_your_instance_name1123
INFO: [VRFC 10-311] analyzing module ila_2_xsdbs_v1_0_5_reg_ctl_49_lib_work_renamed2684_your_instance_name1123
INFO: [VRFC 10-311] analyzing module ila_2_xsdbs_v1_0_5_reg_ctl_49_lib_work_renamed2963_your_instance_name1123
INFO: [VRFC 10-311] analyzing module ila_2_xsdbs_v1_0_5_reg_ctl_49_lib_work_renamed3814_your_instance_name1123
INFO: [VRFC 10-311] analyzing module ila_2_xsdbs_v1_0_5_reg_ctl_49_lib_work_renamed4093_your_instance_name1123
INFO: [VRFC 10-311] analyzing module ila_2_xsdbs_v1_0_5_reg_ctl_50_lib_work_renamed2684_your_instance_name1123
INFO: [VRFC 10-311] analyzing module ila_2_xsdbs_v1_0_5_reg_ctl_50_lib_work_renamed2963_your_instance_name1123
INFO: [VRFC 10-311] analyzing module ila_2_xsdbs_v1_0_5_reg_ctl_50_lib_work_renamed3814_your_instance_name1123
INFO: [VRFC 10-311] analyzing module ila_2_xsdbs_v1_0_5_reg_ctl_50_lib_work_renamed4093_your_instance_name1123
INFO: [VRFC 10-311] analyzing module ila_2_xsdbs_v1_0_5_reg_ctl_51_lib_work_renamed2684_your_instance_name1123
INFO: [VRFC 10-311] analyzing module ila_2_xsdbs_v1_0_5_reg_ctl_51_lib_work_renamed2963_your_instance_name1123
INFO: [VRFC 10-311] analyzing module ila_2_xsdbs_v1_0_5_reg_ctl_51_lib_work_renamed3814_your_instance_name1123
INFO: [VRFC 10-311] analyzing module ila_2_xsdbs_v1_0_5_reg_ctl_51_lib_work_renamed4093_your_instance_name1123
INFO: [VRFC 10-311] analyzing module ila_2_xsdbs_v1_0_5_reg_ctl_52_lib_work_renamed2684_your_instance_name1123
INFO: [VRFC 10-311] analyzing module ila_2_xsdbs_v1_0_5_reg_ctl_52_lib_work_renamed2963_your_instance_name1123
INFO: [VRFC 10-311] analyzing module ila_2_xsdbs_v1_0_5_reg_ctl_52_lib_work_renamed3814_your_instance_name1123
INFO: [VRFC 10-311] analyzing module ila_2_xsdbs_v1_0_5_reg_ctl_52_lib_work_renamed4093_your_instance_name1123
INFO: [VRFC 10-311] analyzing module ila_2_xsdbs_v1_0_5_reg_ctl_55_lib_work_renamed2684_your_instance_name1123
INFO: [VRFC 10-311] analyzing module ila_2_xsdbs_v1_0_5_reg_ctl_55_lib_work_renamed2963_your_instance_name1123
INFO: [VRFC 10-311] analyzing module ila_2_xsdbs_v1_0_5_reg_ctl_55_lib_work_renamed3814_your_instance_name1123
INFO: [VRFC 10-311] analyzing module ila_2_xsdbs_v1_0_5_reg_ctl_55_lib_work_renamed4093_your_instance_name1123
INFO: [VRFC 10-311] analyzing module ila_2_xsdbs_v1_0_5_reg_ctl_56_lib_work_renamed2684_your_instance_name1123
INFO: [VRFC 10-311] analyzing module ila_2_xsdbs_v1_0_5_reg_ctl_56_lib_work_renamed2963_your_instance_name1123
INFO: [VRFC 10-311] analyzing module ila_2_xsdbs_v1_0_5_reg_ctl_56_lib_work_renamed3814_your_instance_name1123
INFO: [VRFC 10-311] analyzing module ila_2_xsdbs_v1_0_5_reg_ctl_56_lib_work_renamed4093_your_instance_name1123
INFO: [VRFC 10-311] analyzing module ila_2_xsdbs_v1_0_5_reg_ctl_57_lib_work_renamed2684_your_instance_name1123
INFO: [VRFC 10-311] analyzing module ila_2_xsdbs_v1_0_5_reg_ctl_57_lib_work_renamed2963_your_instance_name1123
INFO: [VRFC 10-311] analyzing module ila_2_xsdbs_v1_0_5_reg_ctl_57_lib_work_renamed3814_your_instance_name1123
INFO: [VRFC 10-311] analyzing module ila_2_xsdbs_v1_0_5_reg_ctl_57_lib_work_renamed4093_your_instance_name1123
INFO: [VRFC 10-311] analyzing module ila_2_xsdbs_v1_0_5_reg_ctl_58_lib_work_renamed2684_your_instance_name1123
INFO: [VRFC 10-311] analyzing module ila_2_xsdbs_v1_0_5_reg_ctl_58_lib_work_renamed2963_your_instance_name1123
INFO: [VRFC 10-311] analyzing module ila_2_xsdbs_v1_0_5_reg_ctl_58_lib_work_renamed3814_your_instance_name1123
INFO: [VRFC 10-311] analyzing module ila_2_xsdbs_v1_0_5_reg_ctl_58_lib_work_renamed4093_your_instance_name1123
INFO: [VRFC 10-311] analyzing module ila_2_xsdbs_v1_0_5_reg_ctl_59_lib_work_renamed2684_your_instance_name1123
INFO: [VRFC 10-311] analyzing module ila_2_xsdbs_v1_0_5_reg_ctl_59_lib_work_renamed2963_your_instance_name1123
INFO: [VRFC 10-311] analyzing module ila_2_xsdbs_v1_0_5_reg_ctl_59_lib_work_renamed3814_your_instance_name1123
INFO: [VRFC 10-311] analyzing module ila_2_xsdbs_v1_0_5_reg_ctl_59_lib_work_renamed4093_your_instance_name1123
INFO: [VRFC 10-311] analyzing module ila_2_xsdbs_v1_0_5_reg_ctl_62_lib_work_renamed2684_your_instance_name1123
INFO: [VRFC 10-311] analyzing module ila_2_xsdbs_v1_0_5_reg_ctl_62_lib_work_renamed2963_your_instance_name1123
INFO: [VRFC 10-311] analyzing module ila_2_xsdbs_v1_0_5_reg_ctl_62_lib_work_renamed3814_your_instance_name1123
INFO: [VRFC 10-311] analyzing module ila_2_xsdbs_v1_0_5_reg_ctl_62_lib_work_renamed4093_your_instance_name1123
INFO: [VRFC 10-311] analyzing module ila_2_xsdbs_v1_0_5_reg_ctl__parameterized0_lib_work_renamed2684_your_instance_name1123
INFO: [VRFC 10-311] analyzing module ila_2_xsdbs_v1_0_5_reg_ctl__parameterized0_lib_work_renamed2963_your_instance_name1123
INFO: [VRFC 10-311] analyzing module ila_2_xsdbs_v1_0_5_reg_ctl__parameterized0_lib_work_renamed3814_your_instance_name1123
INFO: [VRFC 10-311] analyzing module ila_2_xsdbs_v1_0_5_reg_ctl__parameterized0_lib_work_renamed4093_your_instance_name1123
INFO: [VRFC 10-311] analyzing module ila_2_xsdbs_v1_0_5_reg_ctl__parameterized1_lib_work_renamed2684_your_instance_name1123
INFO: [VRFC 10-311] analyzing module ila_2_xsdbs_v1_0_5_reg_ctl__parameterized1_lib_work_renamed2963_your_instance_name1123
INFO: [VRFC 10-311] analyzing module ila_2_xsdbs_v1_0_5_reg_ctl__parameterized1_lib_work_renamed3814_your_instance_name1123
INFO: [VRFC 10-311] analyzing module ila_2_xsdbs_v1_0_5_reg_ctl__parameterized1_lib_work_renamed4093_your_instance_name1123
INFO: [VRFC 10-311] analyzing module ila_2_xsdbs_v1_0_5_reg_ctl__parameterized1_53_lib_work_renamed2684_your_instance_name1123
INFO: [VRFC 10-311] analyzing module ila_2_xsdbs_v1_0_5_reg_ctl__parameterized1_53_lib_work_renamed2963_your_instance_name1123
INFO: [VRFC 10-311] analyzing module ila_2_xsdbs_v1_0_5_reg_ctl__parameterized1_53_lib_work_renamed3814_your_instance_name1123
INFO: [VRFC 10-311] analyzing module ila_2_xsdbs_v1_0_5_reg_ctl__parameterized1_53_lib_work_renamed4093_your_instance_name1123
INFO: [VRFC 10-311] analyzing module ila_2_xsdbs_v1_0_5_reg_ctl__parameterized1_54_lib_work_renamed2684_your_instance_name1123
INFO: [VRFC 10-311] analyzing module ila_2_xsdbs_v1_0_5_reg_ctl__parameterized1_54_lib_work_renamed2963_your_instance_name1123
INFO: [VRFC 10-311] analyzing module ila_2_xsdbs_v1_0_5_reg_ctl__parameterized1_54_lib_work_renamed3814_your_instance_name1123
INFO: [VRFC 10-311] analyzing module ila_2_xsdbs_v1_0_5_reg_ctl__parameterized1_54_lib_work_renamed4093_your_instance_name1123
INFO: [VRFC 10-311] analyzing module ila_2_xsdbs_v1_0_5_reg_p2s_lib_work_renamed2684_your_instance_name1123
INFO: [VRFC 10-311] analyzing module ila_2_xsdbs_v1_0_5_reg_p2s_lib_work_renamed2963_your_instance_name1123
INFO: [VRFC 10-311] analyzing module ila_2_xsdbs_v1_0_5_reg_p2s_lib_work_renamed3814_your_instance_name1123
INFO: [VRFC 10-311] analyzing module ila_2_xsdbs_v1_0_5_reg_p2s_lib_work_renamed4093_your_instance_name1123
INFO: [VRFC 10-311] analyzing module ila_2_xsdbs_v1_0_5_reg_p2s__parameterized0_lib_work_renamed2684_your_instance_name1123
INFO: [VRFC 10-311] analyzing module ila_2_xsdbs_v1_0_5_reg_p2s__parameterized0_lib_work_renamed2963_your_instance_name1123
INFO: [VRFC 10-311] analyzing module ila_2_xsdbs_v1_0_5_reg_p2s__parameterized0_lib_work_renamed3814_your_instance_name1123
INFO: [VRFC 10-311] analyzing module ila_2_xsdbs_v1_0_5_reg_p2s__parameterized0_lib_work_renamed4093_your_instance_name1123
INFO: [VRFC 10-311] analyzing module ila_2_xsdbs_v1_0_5_reg_p2s__parameterized1_lib_work_renamed2684_your_instance_name1123
INFO: [VRFC 10-311] analyzing module ila_2_xsdbs_v1_0_5_reg_p2s__parameterized1_lib_work_renamed2963_your_instance_name1123
INFO: [VRFC 10-311] analyzing module ila_2_xsdbs_v1_0_5_reg_p2s__parameterized1_lib_work_renamed3814_your_instance_name1123
INFO: [VRFC 10-311] analyzing module ila_2_xsdbs_v1_0_5_reg_p2s__parameterized1_lib_work_renamed4093_your_instance_name1123
INFO: [VRFC 10-311] analyzing module ila_2_xsdbs_v1_0_5_reg_p2s__parameterized10_lib_work_renamed2684_your_instance_name1123
INFO: [VRFC 10-311] analyzing module ila_2_xsdbs_v1_0_5_reg_p2s__parameterized10_lib_work_renamed2963_your_instance_name1123
INFO: [VRFC 10-311] analyzing module ila_2_xsdbs_v1_0_5_reg_p2s__parameterized10_lib_work_renamed3814_your_instance_name1123
INFO: [VRFC 10-311] analyzing module ila_2_xsdbs_v1_0_5_reg_p2s__parameterized10_lib_work_renamed4093_your_instance_name1123
INFO: [VRFC 10-311] analyzing module ila_2_xsdbs_v1_0_5_reg_p2s__parameterized2_lib_work_renamed2684_your_instance_name1123
INFO: [VRFC 10-311] analyzing module ila_2_xsdbs_v1_0_5_reg_p2s__parameterized2_lib_work_renamed2963_your_instance_name1123
INFO: [VRFC 10-311] analyzing module ila_2_xsdbs_v1_0_5_reg_p2s__parameterized2_lib_work_renamed3814_your_instance_name1123
INFO: [VRFC 10-311] analyzing module ila_2_xsdbs_v1_0_5_reg_p2s__parameterized2_lib_work_renamed4093_your_instance_name1123
INFO: [VRFC 10-311] analyzing module ila_2_xsdbs_v1_0_5_reg_p2s__parameterized3_lib_work_renamed2684_your_instance_name1123
INFO: [VRFC 10-311] analyzing module ila_2_xsdbs_v1_0_5_reg_p2s__parameterized3_lib_work_renamed2963_your_instance_name1123
INFO: [VRFC 10-311] analyzing module ila_2_xsdbs_v1_0_5_reg_p2s__parameterized3_lib_work_renamed3814_your_instance_name1123
INFO: [VRFC 10-311] analyzing module ila_2_xsdbs_v1_0_5_reg_p2s__parameterized3_lib_work_renamed4093_your_instance_name1123
INFO: [VRFC 10-311] analyzing module ila_2_xsdbs_v1_0_5_reg_p2s__parameterized4_lib_work_renamed2684_your_instance_name1123
INFO: [VRFC 10-311] analyzing module ila_2_xsdbs_v1_0_5_reg_p2s__parameterized4_lib_work_renamed2963_your_instance_name1123
INFO: [VRFC 10-311] analyzing module ila_2_xsdbs_v1_0_5_reg_p2s__parameterized4_lib_work_renamed3814_your_instance_name1123
INFO: [VRFC 10-311] analyzing module ila_2_xsdbs_v1_0_5_reg_p2s__parameterized4_lib_work_renamed4093_your_instance_name1123
INFO: [VRFC 10-311] analyzing module ila_2_xsdbs_v1_0_5_reg_p2s__parameterized5_lib_work_renamed2684_your_instance_name1123
INFO: [VRFC 10-311] analyzing module ila_2_xsdbs_v1_0_5_reg_p2s__parameterized5_lib_work_renamed2963_your_instance_name1123
INFO: [VRFC 10-311] analyzing module ila_2_xsdbs_v1_0_5_reg_p2s__parameterized5_lib_work_renamed3814_your_instance_name1123
INFO: [VRFC 10-311] analyzing module ila_2_xsdbs_v1_0_5_reg_p2s__parameterized5_lib_work_renamed4093_your_instance_name1123
INFO: [VRFC 10-311] analyzing module ila_2_xsdbs_v1_0_5_reg_p2s__parameterized6_lib_work_renamed2684_your_instance_name1123
INFO: [VRFC 10-311] analyzing module ila_2_xsdbs_v1_0_5_reg_p2s__parameterized6_lib_work_renamed2963_your_instance_name1123
INFO: [VRFC 10-311] analyzing module ila_2_xsdbs_v1_0_5_reg_p2s__parameterized6_lib_work_renamed3814_your_instance_name1123
INFO: [VRFC 10-311] analyzing module ila_2_xsdbs_v1_0_5_reg_p2s__parameterized6_lib_work_renamed4093_your_instance_name1123
INFO: [VRFC 10-311] analyzing module ila_2_xsdbs_v1_0_5_reg_p2s__parameterized7_lib_work_renamed2684_your_instance_name1123
INFO: [VRFC 10-311] analyzing module ila_2_xsdbs_v1_0_5_reg_p2s__parameterized7_lib_work_renamed2963_your_instance_name1123
INFO: [VRFC 10-311] analyzing module ila_2_xsdbs_v1_0_5_reg_p2s__parameterized7_lib_work_renamed3814_your_instance_name1123
INFO: [VRFC 10-311] analyzing module ila_2_xsdbs_v1_0_5_reg_p2s__parameterized7_lib_work_renamed4093_your_instance_name1123
INFO: [VRFC 10-311] analyzing module ila_2_xsdbs_v1_0_5_reg_p2s__parameterized8_lib_work_renamed2684_your_instance_name1123
INFO: [VRFC 10-311] analyzing module ila_2_xsdbs_v1_0_5_reg_p2s__parameterized8_lib_work_renamed2963_your_instance_name1123
INFO: [VRFC 10-311] analyzing module ila_2_xsdbs_v1_0_5_reg_p2s__parameterized8_lib_work_renamed3814_your_instance_name1123
INFO: [VRFC 10-311] analyzing module ila_2_xsdbs_v1_0_5_reg_p2s__parameterized8_lib_work_renamed4093_your_instance_name1123
INFO: [VRFC 10-311] analyzing module ila_2_xsdbs_v1_0_5_reg_p2s__parameterized9_lib_work_renamed2684_your_instance_name1123
INFO: [VRFC 10-311] analyzing module ila_2_xsdbs_v1_0_5_reg_p2s__parameterized9_lib_work_renamed2963_your_instance_name1123
INFO: [VRFC 10-311] analyzing module ila_2_xsdbs_v1_0_5_reg_p2s__parameterized9_lib_work_renamed3814_your_instance_name1123
INFO: [VRFC 10-311] analyzing module ila_2_xsdbs_v1_0_5_reg_p2s__parameterized9_lib_work_renamed4093_your_instance_name1123
INFO: [VRFC 10-311] analyzing module ila_2_xsdbs_v1_0_5_reg_stat_lib_work_renamed2684_your_instance_name1123
INFO: [VRFC 10-311] analyzing module ila_2_xsdbs_v1_0_5_reg_stat_lib_work_renamed2963_your_instance_name1123
INFO: [VRFC 10-311] analyzing module ila_2_xsdbs_v1_0_5_reg_stat_lib_work_renamed3814_your_instance_name1123
INFO: [VRFC 10-311] analyzing module ila_2_xsdbs_v1_0_5_reg_stat_lib_work_renamed4093_your_instance_name1123
INFO: [VRFC 10-311] analyzing module ila_2_xsdbs_v1_0_5_reg_stat_46_lib_work_renamed2684_your_instance_name1123
INFO: [VRFC 10-311] analyzing module ila_2_xsdbs_v1_0_5_reg_stat_46_lib_work_renamed2963_your_instance_name1123
INFO: [VRFC 10-311] analyzing module ila_2_xsdbs_v1_0_5_reg_stat_46_lib_work_renamed3814_your_instance_name1123
INFO: [VRFC 10-311] analyzing module ila_2_xsdbs_v1_0_5_reg_stat_46_lib_work_renamed4093_your_instance_name1123
INFO: [VRFC 10-311] analyzing module ila_2_xsdbs_v1_0_5_reg_stat_47_lib_work_renamed2684_your_instance_name1123
INFO: [VRFC 10-311] analyzing module ila_2_xsdbs_v1_0_5_reg_stat_47_lib_work_renamed2963_your_instance_name1123
INFO: [VRFC 10-311] analyzing module ila_2_xsdbs_v1_0_5_reg_stat_47_lib_work_renamed3814_your_instance_name1123
INFO: [VRFC 10-311] analyzing module ila_2_xsdbs_v1_0_5_reg_stat_47_lib_work_renamed4093_your_instance_name1123
INFO: [VRFC 10-311] analyzing module ila_2_xsdbs_v1_0_5_reg_stat_48_lib_work_renamed2684_your_instance_name1123
INFO: [VRFC 10-311] analyzing module ila_2_xsdbs_v1_0_5_reg_stat_48_lib_work_renamed2963_your_instance_name1123
INFO: [VRFC 10-311] analyzing module ila_2_xsdbs_v1_0_5_reg_stat_48_lib_work_renamed3814_your_instance_name1123
INFO: [VRFC 10-311] analyzing module ila_2_xsdbs_v1_0_5_reg_stat_48_lib_work_renamed4093_your_instance_name1123
INFO: [VRFC 10-311] analyzing module ila_2_xsdbs_v1_0_5_reg_stat_60_lib_work_renamed2684_your_instance_name1123
INFO: [VRFC 10-311] analyzing module ila_2_xsdbs_v1_0_5_reg_stat_60_lib_work_renamed2963_your_instance_name1123
INFO: [VRFC 10-311] analyzing module ila_2_xsdbs_v1_0_5_reg_stat_60_lib_work_renamed3814_your_instance_name1123
INFO: [VRFC 10-311] analyzing module ila_2_xsdbs_v1_0_5_reg_stat_60_lib_work_renamed4093_your_instance_name1123
INFO: [VRFC 10-311] analyzing module ila_2_xsdbs_v1_0_5_reg_stat_61_lib_work_renamed2684_your_instance_name1123
INFO: [VRFC 10-311] analyzing module ila_2_xsdbs_v1_0_5_reg_stat_61_lib_work_renamed2963_your_instance_name1123
INFO: [VRFC 10-311] analyzing module ila_2_xsdbs_v1_0_5_reg_stat_61_lib_work_renamed3814_your_instance_name1123
INFO: [VRFC 10-311] analyzing module ila_2_xsdbs_v1_0_5_reg_stat_61_lib_work_renamed4093_your_instance_name1123
INFO: [VRFC 10-311] analyzing module ila_2_xsdbs_v1_0_5_reg_stream_lib_work_renamed2684_your_instance_name1123
INFO: [VRFC 10-311] analyzing module ila_2_xsdbs_v1_0_5_reg_stream_lib_work_renamed2963_your_instance_name1123
INFO: [VRFC 10-311] analyzing module ila_2_xsdbs_v1_0_5_reg_stream_lib_work_renamed3814_your_instance_name1123
INFO: [VRFC 10-311] analyzing module ila_2_xsdbs_v1_0_5_reg_stream_lib_work_renamed4093_your_instance_name1123
INFO: [VRFC 10-311] analyzing module ila_2_xsdbs_v1_0_5_reg_stream__parameterized0_lib_work_renamed2684_your_instance_name1123
INFO: [VRFC 10-311] analyzing module ila_2_xsdbs_v1_0_5_reg_stream__parameterized0_lib_work_renamed2963_your_instance_name1123
INFO: [VRFC 10-311] analyzing module ila_2_xsdbs_v1_0_5_reg_stream__parameterized0_lib_work_renamed3814_your_instance_name1123
INFO: [VRFC 10-311] analyzing module ila_2_xsdbs_v1_0_5_reg_stream__parameterized0_lib_work_renamed4093_your_instance_name1123
INFO: [VRFC 10-311] analyzing module ila_2_xsdbs_v1_0_5_xsdbs_lib_work_renamed2684_your_instance_name1123
INFO: [VRFC 10-311] analyzing module ila_2_xsdbs_v1_0_5_xsdbs_lib_work_renamed2963_your_instance_name1123
INFO: [VRFC 10-311] analyzing module ila_2_xsdbs_v1_0_5_xsdbs_lib_work_renamed3814_your_instance_name1123
INFO: [VRFC 10-311] analyzing module ila_2_xsdbs_v1_0_5_xsdbs_lib_work_renamed4093_your_instance_name1123
INFO: [VRFC 10-311] analyzing module ila_3_ltlib_v1_0_3_all_typeA_lib_work_renamed2260_your_instance_name
INFO: [VRFC 10-311] analyzing module ila_3_ltlib_v1_0_3_all_typeA_lib_work_renamed3390_your_instance_name
INFO: [VRFC 10-311] analyzing module ila_3_ltlib_v1_0_3_all_typeA__parameterized0_lib_work_renamed2260_your_instance_name
INFO: [VRFC 10-311] analyzing module ila_3_ltlib_v1_0_3_all_typeA__parameterized0_lib_work_renamed3390_your_instance_name
INFO: [VRFC 10-311] analyzing module ila_3_ltlib_v1_0_3_all_typeA__parameterized0_1_lib_work_renamed2260_your_instance_name
INFO: [VRFC 10-311] analyzing module ila_3_ltlib_v1_0_3_all_typeA__parameterized0_1_lib_work_renamed3390_your_instance_name
INFO: [VRFC 10-311] analyzing module ila_3_ltlib_v1_0_3_all_typeA__parameterized0_10_lib_work_renamed2260_your_instance_name
INFO: [VRFC 10-311] analyzing module ila_3_ltlib_v1_0_3_all_typeA__parameterized0_10_lib_work_renamed3390_your_instance_name
INFO: [VRFC 10-311] analyzing module ila_3_ltlib_v1_0_3_all_typeA__parameterized0_13_lib_work_renamed2260_your_instance_name
INFO: [VRFC 10-311] analyzing module ila_3_ltlib_v1_0_3_all_typeA__parameterized0_13_lib_work_renamed3390_your_instance_name
INFO: [VRFC 10-311] analyzing module ila_3_ltlib_v1_0_3_all_typeA__parameterized0_16_lib_work_renamed2260_your_instance_name
INFO: [VRFC 10-311] analyzing module ila_3_ltlib_v1_0_3_all_typeA__parameterized0_16_lib_work_renamed3390_your_instance_name
INFO: [VRFC 10-311] analyzing module ila_3_ltlib_v1_0_3_all_typeA__parameterized0_19_lib_work_renamed2260_your_instance_name
INFO: [VRFC 10-311] analyzing module ila_3_ltlib_v1_0_3_all_typeA__parameterized0_19_lib_work_renamed3390_your_instance_name
INFO: [VRFC 10-311] analyzing module ila_3_ltlib_v1_0_3_all_typeA__parameterized0_22_lib_work_renamed2260_your_instance_name
INFO: [VRFC 10-311] analyzing module ila_3_ltlib_v1_0_3_all_typeA__parameterized0_22_lib_work_renamed3390_your_instance_name
INFO: [VRFC 10-311] analyzing module ila_3_ltlib_v1_0_3_all_typeA__parameterized0_25_lib_work_renamed2260_your_instance_name
INFO: [VRFC 10-311] analyzing module ila_3_ltlib_v1_0_3_all_typeA__parameterized0_25_lib_work_renamed3390_your_instance_name
INFO: [VRFC 10-311] analyzing module ila_3_ltlib_v1_0_3_all_typeA__parameterized0_28_lib_work_renamed2260_your_instance_name
INFO: [VRFC 10-311] analyzing module ila_3_ltlib_v1_0_3_all_typeA__parameterized0_28_lib_work_renamed3390_your_instance_name
INFO: [VRFC 10-311] analyzing module ila_3_ltlib_v1_0_3_all_typeA__parameterized0_31_lib_work_renamed2260_your_instance_name
INFO: [VRFC 10-311] analyzing module ila_3_ltlib_v1_0_3_all_typeA__parameterized0_31_lib_work_renamed3390_your_instance_name
INFO: [VRFC 10-311] analyzing module ila_3_ltlib_v1_0_3_all_typeA__parameterized0_34_lib_work_renamed2260_your_instance_name
INFO: [VRFC 10-311] analyzing module ila_3_ltlib_v1_0_3_all_typeA__parameterized0_34_lib_work_renamed3390_your_instance_name
INFO: [VRFC 10-311] analyzing module ila_3_ltlib_v1_0_3_all_typeA__parameterized0_37_lib_work_renamed2260_your_instance_name
INFO: [VRFC 10-311] analyzing module ila_3_ltlib_v1_0_3_all_typeA__parameterized0_37_lib_work_renamed3390_your_instance_name
INFO: [VRFC 10-311] analyzing module ila_3_ltlib_v1_0_3_all_typeA__parameterized0_4_lib_work_renamed2260_your_instance_name
INFO: [VRFC 10-311] analyzing module ila_3_ltlib_v1_0_3_all_typeA__parameterized0_4_lib_work_renamed3390_your_instance_name
INFO: [VRFC 10-311] analyzing module ila_3_ltlib_v1_0_3_all_typeA__parameterized0_40_lib_work_renamed2260_your_instance_name
INFO: [VRFC 10-311] analyzing module ila_3_ltlib_v1_0_3_all_typeA__parameterized0_40_lib_work_renamed3390_your_instance_name
INFO: [VRFC 10-311] analyzing module ila_3_ltlib_v1_0_3_all_typeA__parameterized0_43_lib_work_renamed2260_your_instance_name
INFO: [VRFC 10-311] analyzing module ila_3_ltlib_v1_0_3_all_typeA__parameterized0_43_lib_work_renamed3390_your_instance_name
INFO: [VRFC 10-311] analyzing module ila_3_ltlib_v1_0_3_all_typeA__parameterized0_46_lib_work_renamed2260_your_instance_name
INFO: [VRFC 10-311] analyzing module ila_3_ltlib_v1_0_3_all_typeA__parameterized0_46_lib_work_renamed3390_your_instance_name
INFO: [VRFC 10-311] analyzing module ila_3_ltlib_v1_0_3_all_typeA__parameterized0_49_lib_work_renamed2260_your_instance_name
INFO: [VRFC 10-311] analyzing module ila_3_ltlib_v1_0_3_all_typeA__parameterized0_49_lib_work_renamed3390_your_instance_name
INFO: [VRFC 10-311] analyzing module ila_3_ltlib_v1_0_3_all_typeA__parameterized0_52_lib_work_renamed2260_your_instance_name
INFO: [VRFC 10-311] analyzing module ila_3_ltlib_v1_0_3_all_typeA__parameterized0_52_lib_work_renamed3390_your_instance_name
INFO: [VRFC 10-311] analyzing module ila_3_ltlib_v1_0_3_all_typeA__parameterized0_55_lib_work_renamed2260_your_instance_name
INFO: [VRFC 10-311] analyzing module ila_3_ltlib_v1_0_3_all_typeA__parameterized0_55_lib_work_renamed3390_your_instance_name
INFO: [VRFC 10-311] analyzing module ila_3_ltlib_v1_0_3_all_typeA__parameterized0_58_lib_work_renamed2260_your_instance_name
INFO: [VRFC 10-311] analyzing module ila_3_ltlib_v1_0_3_all_typeA__parameterized0_58_lib_work_renamed3390_your_instance_name
INFO: [VRFC 10-311] analyzing module ila_3_ltlib_v1_0_3_all_typeA__parameterized0_61_lib_work_renamed2260_your_instance_name
INFO: [VRFC 10-311] analyzing module ila_3_ltlib_v1_0_3_all_typeA__parameterized0_61_lib_work_renamed3390_your_instance_name
INFO: [VRFC 10-311] analyzing module ila_3_ltlib_v1_0_3_all_typeA__parameterized0_64_lib_work_renamed2260_your_instance_name
INFO: [VRFC 10-311] analyzing module ila_3_ltlib_v1_0_3_all_typeA__parameterized0_64_lib_work_renamed3390_your_instance_name
INFO: [VRFC 10-311] analyzing module ila_3_ltlib_v1_0_3_all_typeA__parameterized0_67_lib_work_renamed2260_your_instance_name
INFO: [VRFC 10-311] analyzing module ila_3_ltlib_v1_0_3_all_typeA__parameterized0_67_lib_work_renamed3390_your_instance_name
INFO: [VRFC 10-311] analyzing module ila_3_ltlib_v1_0_3_all_typeA__parameterized0_7_lib_work_renamed2260_your_instance_name
INFO: [VRFC 10-311] analyzing module ila_3_ltlib_v1_0_3_all_typeA__parameterized0_7_lib_work_renamed3390_your_instance_name
INFO: [VRFC 10-311] analyzing module ila_3_ltlib_v1_0_3_all_typeA__parameterized0_70_lib_work_renamed2260_your_instance_name
INFO: [VRFC 10-311] analyzing module ila_3_ltlib_v1_0_3_all_typeA__parameterized0_70_lib_work_renamed3390_your_instance_name
INFO: [VRFC 10-311] analyzing module ila_3_ltlib_v1_0_3_all_typeA__parameterized0_73_lib_work_renamed2260_your_instance_name
INFO: [VRFC 10-311] analyzing module ila_3_ltlib_v1_0_3_all_typeA__parameterized0_73_lib_work_renamed3390_your_instance_name
INFO: [VRFC 10-311] analyzing module ila_3_ltlib_v1_0_3_all_typeA__parameterized0_76_lib_work_renamed2260_your_instance_name
INFO: [VRFC 10-311] analyzing module ila_3_ltlib_v1_0_3_all_typeA__parameterized0_76_lib_work_renamed3390_your_instance_name
INFO: [VRFC 10-311] analyzing module ila_3_ltlib_v1_0_3_all_typeA__parameterized0_79_lib_work_renamed2260_your_instance_name
INFO: [VRFC 10-311] analyzing module ila_3_ltlib_v1_0_3_all_typeA__parameterized0_79_lib_work_renamed3390_your_instance_name
INFO: [VRFC 10-311] analyzing module ila_3_ltlib_v1_0_3_all_typeA__parameterized0_82_lib_work_renamed2260_your_instance_name
INFO: [VRFC 10-311] analyzing module ila_3_ltlib_v1_0_3_all_typeA__parameterized0_82_lib_work_renamed3390_your_instance_name
INFO: [VRFC 10-311] analyzing module ila_3_ltlib_v1_0_3_all_typeA__parameterized0_85_lib_work_renamed2260_your_instance_name
INFO: [VRFC 10-311] analyzing module ila_3_ltlib_v1_0_3_all_typeA__parameterized0_85_lib_work_renamed3390_your_instance_name
INFO: [VRFC 10-311] analyzing module ila_3_ltlib_v1_0_3_all_typeA__parameterized0_88_lib_work_renamed2260_your_instance_name
INFO: [VRFC 10-311] analyzing module ila_3_ltlib_v1_0_3_all_typeA__parameterized0_88_lib_work_renamed3390_your_instance_name
INFO: [VRFC 10-311] analyzing module ila_3_ltlib_v1_0_3_all_typeA__parameterized0_91_lib_work_renamed2260_your_instance_name
INFO: [VRFC 10-311] analyzing module ila_3_ltlib_v1_0_3_all_typeA__parameterized0_91_lib_work_renamed3390_your_instance_name
INFO: [VRFC 10-311] analyzing module ila_3_ltlib_v1_0_3_all_typeA__parameterized1_lib_work_renamed2260_your_instance_name
INFO: [VRFC 10-311] analyzing module ila_3_ltlib_v1_0_3_all_typeA__parameterized1_lib_work_renamed3390_your_instance_name
INFO: [VRFC 10-311] analyzing module ila_3_ltlib_v1_0_3_all_typeA__parameterized1_114_lib_work_renamed2260_your_instance_name
INFO: [VRFC 10-311] analyzing module ila_3_ltlib_v1_0_3_all_typeA__parameterized1_114_lib_work_renamed3390_your_instance_name
INFO: [VRFC 10-311] analyzing module ila_3_ltlib_v1_0_3_all_typeA__parameterized1_118_lib_work_renamed2260_your_instance_name
INFO: [VRFC 10-311] analyzing module ila_3_ltlib_v1_0_3_all_typeA__parameterized1_118_lib_work_renamed3390_your_instance_name
INFO: [VRFC 10-311] analyzing module ila_3_ltlib_v1_0_3_all_typeA_slice_lib_work_renamed2260_your_instance_name
INFO: [VRFC 10-311] analyzing module ila_3_ltlib_v1_0_3_all_typeA_slice_lib_work_renamed3390_your_instance_name
INFO: [VRFC 10-311] analyzing module ila_3_ltlib_v1_0_3_all_typeA_slice_93_lib_work_renamed2260_your_instance_name
INFO: [VRFC 10-311] analyzing module ila_3_ltlib_v1_0_3_all_typeA_slice_93_lib_work_renamed3390_your_instance_name
INFO: [VRFC 10-311] analyzing module ila_3_ltlib_v1_0_3_all_typeA_slice_94_lib_work_renamed2260_your_instance_name
INFO: [VRFC 10-311] analyzing module ila_3_ltlib_v1_0_3_all_typeA_slice_94_lib_work_renamed3390_your_instance_name
INFO: [VRFC 10-311] analyzing module ila_3_ltlib_v1_0_3_all_typeA_slice__parameterized0_lib_work_renamed2260_your_instance_name
INFO: [VRFC 10-311] analyzing module ila_3_ltlib_v1_0_3_all_typeA_slice__parameterized0_lib_work_renamed3390_your_instance_name
INFO: [VRFC 10-311] analyzing module ila_3_ltlib_v1_0_3_all_typeA_slice__parameterized0_11_lib_work_renamed2260_your_instance_name
INFO: [VRFC 10-311] analyzing module ila_3_ltlib_v1_0_3_all_typeA_slice__parameterized0_11_lib_work_renamed3390_your_instance_name
INFO: [VRFC 10-311] analyzing module ila_3_ltlib_v1_0_3_all_typeA_slice__parameterized0_14_lib_work_renamed2260_your_instance_name
INFO: [VRFC 10-311] analyzing module ila_3_ltlib_v1_0_3_all_typeA_slice__parameterized0_14_lib_work_renamed3390_your_instance_name
INFO: [VRFC 10-311] analyzing module ila_3_ltlib_v1_0_3_all_typeA_slice__parameterized0_17_lib_work_renamed2260_your_instance_name
INFO: [VRFC 10-311] analyzing module ila_3_ltlib_v1_0_3_all_typeA_slice__parameterized0_17_lib_work_renamed3390_your_instance_name
INFO: [VRFC 10-311] analyzing module ila_3_ltlib_v1_0_3_all_typeA_slice__parameterized0_2_lib_work_renamed2260_your_instance_name
INFO: [VRFC 10-311] analyzing module ila_3_ltlib_v1_0_3_all_typeA_slice__parameterized0_2_lib_work_renamed3390_your_instance_name
INFO: [VRFC 10-311] analyzing module ila_3_ltlib_v1_0_3_all_typeA_slice__parameterized0_20_lib_work_renamed2260_your_instance_name
INFO: [VRFC 10-311] analyzing module ila_3_ltlib_v1_0_3_all_typeA_slice__parameterized0_20_lib_work_renamed3390_your_instance_name
INFO: [VRFC 10-311] analyzing module ila_3_ltlib_v1_0_3_all_typeA_slice__parameterized0_23_lib_work_renamed2260_your_instance_name
INFO: [VRFC 10-311] analyzing module ila_3_ltlib_v1_0_3_all_typeA_slice__parameterized0_23_lib_work_renamed3390_your_instance_name
INFO: [VRFC 10-311] analyzing module ila_3_ltlib_v1_0_3_all_typeA_slice__parameterized0_26_lib_work_renamed2260_your_instance_name
INFO: [VRFC 10-311] analyzing module ila_3_ltlib_v1_0_3_all_typeA_slice__parameterized0_26_lib_work_renamed3390_your_instance_name
INFO: [VRFC 10-311] analyzing module ila_3_ltlib_v1_0_3_all_typeA_slice__parameterized0_29_lib_work_renamed2260_your_instance_name
INFO: [VRFC 10-311] analyzing module ila_3_ltlib_v1_0_3_all_typeA_slice__parameterized0_29_lib_work_renamed3390_your_instance_name
INFO: [VRFC 10-311] analyzing module ila_3_ltlib_v1_0_3_all_typeA_slice__parameterized0_32_lib_work_renamed2260_your_instance_name
INFO: [VRFC 10-311] analyzing module ila_3_ltlib_v1_0_3_all_typeA_slice__parameterized0_32_lib_work_renamed3390_your_instance_name
INFO: [VRFC 10-311] analyzing module ila_3_ltlib_v1_0_3_all_typeA_slice__parameterized0_35_lib_work_renamed2260_your_instance_name
INFO: [VRFC 10-311] analyzing module ila_3_ltlib_v1_0_3_all_typeA_slice__parameterized0_35_lib_work_renamed3390_your_instance_name
INFO: [VRFC 10-311] analyzing module ila_3_ltlib_v1_0_3_all_typeA_slice__parameterized0_38_lib_work_renamed2260_your_instance_name
INFO: [VRFC 10-311] analyzing module ila_3_ltlib_v1_0_3_all_typeA_slice__parameterized0_38_lib_work_renamed3390_your_instance_name
INFO: [VRFC 10-311] analyzing module ila_3_ltlib_v1_0_3_all_typeA_slice__parameterized0_41_lib_work_renamed2260_your_instance_name
INFO: [VRFC 10-311] analyzing module ila_3_ltlib_v1_0_3_all_typeA_slice__parameterized0_41_lib_work_renamed3390_your_instance_name
INFO: [VRFC 10-311] analyzing module ila_3_ltlib_v1_0_3_all_typeA_slice__parameterized0_44_lib_work_renamed2260_your_instance_name
INFO: [VRFC 10-311] analyzing module ila_3_ltlib_v1_0_3_all_typeA_slice__parameterized0_44_lib_work_renamed3390_your_instance_name
INFO: [VRFC 10-311] analyzing module ila_3_ltlib_v1_0_3_all_typeA_slice__parameterized0_47_lib_work_renamed2260_your_instance_name
INFO: [VRFC 10-311] analyzing module ila_3_ltlib_v1_0_3_all_typeA_slice__parameterized0_47_lib_work_renamed3390_your_instance_name
INFO: [VRFC 10-311] analyzing module ila_3_ltlib_v1_0_3_all_typeA_slice__parameterized0_5_lib_work_renamed2260_your_instance_name
INFO: [VRFC 10-311] analyzing module ila_3_ltlib_v1_0_3_all_typeA_slice__parameterized0_5_lib_work_renamed3390_your_instance_name
INFO: [VRFC 10-311] analyzing module ila_3_ltlib_v1_0_3_all_typeA_slice__parameterized0_50_lib_work_renamed2260_your_instance_name
INFO: [VRFC 10-311] analyzing module ila_3_ltlib_v1_0_3_all_typeA_slice__parameterized0_50_lib_work_renamed3390_your_instance_name
INFO: [VRFC 10-311] analyzing module ila_3_ltlib_v1_0_3_all_typeA_slice__parameterized0_53_lib_work_renamed2260_your_instance_name
INFO: [VRFC 10-311] analyzing module ila_3_ltlib_v1_0_3_all_typeA_slice__parameterized0_53_lib_work_renamed3390_your_instance_name
INFO: [VRFC 10-311] analyzing module ila_3_ltlib_v1_0_3_all_typeA_slice__parameterized0_56_lib_work_renamed2260_your_instance_name
INFO: [VRFC 10-311] analyzing module ila_3_ltlib_v1_0_3_all_typeA_slice__parameterized0_56_lib_work_renamed3390_your_instance_name
INFO: [VRFC 10-311] analyzing module ila_3_ltlib_v1_0_3_all_typeA_slice__parameterized0_59_lib_work_renamed2260_your_instance_name
INFO: [VRFC 10-311] analyzing module ila_3_ltlib_v1_0_3_all_typeA_slice__parameterized0_59_lib_work_renamed3390_your_instance_name
INFO: [VRFC 10-311] analyzing module ila_3_ltlib_v1_0_3_all_typeA_slice__parameterized0_62_lib_work_renamed2260_your_instance_name
INFO: [VRFC 10-311] analyzing module ila_3_ltlib_v1_0_3_all_typeA_slice__parameterized0_62_lib_work_renamed3390_your_instance_name
INFO: [VRFC 10-311] analyzing module ila_3_ltlib_v1_0_3_all_typeA_slice__parameterized0_65_lib_work_renamed2260_your_instance_name
INFO: [VRFC 10-311] analyzing module ila_3_ltlib_v1_0_3_all_typeA_slice__parameterized0_65_lib_work_renamed3390_your_instance_name
INFO: [VRFC 10-311] analyzing module ila_3_ltlib_v1_0_3_all_typeA_slice__parameterized0_68_lib_work_renamed2260_your_instance_name
INFO: [VRFC 10-311] analyzing module ila_3_ltlib_v1_0_3_all_typeA_slice__parameterized0_68_lib_work_renamed3390_your_instance_name
INFO: [VRFC 10-311] analyzing module ila_3_ltlib_v1_0_3_all_typeA_slice__parameterized0_71_lib_work_renamed2260_your_instance_name
INFO: [VRFC 10-311] analyzing module ila_3_ltlib_v1_0_3_all_typeA_slice__parameterized0_71_lib_work_renamed3390_your_instance_name
INFO: [VRFC 10-311] analyzing module ila_3_ltlib_v1_0_3_all_typeA_slice__parameterized0_74_lib_work_renamed2260_your_instance_name
INFO: [VRFC 10-311] analyzing module ila_3_ltlib_v1_0_3_all_typeA_slice__parameterized0_74_lib_work_renamed3390_your_instance_name
INFO: [VRFC 10-311] analyzing module ila_3_ltlib_v1_0_3_all_typeA_slice__parameterized0_77_lib_work_renamed2260_your_instance_name
INFO: [VRFC 10-311] analyzing module ila_3_ltlib_v1_0_3_all_typeA_slice__parameterized0_77_lib_work_renamed3390_your_instance_name
INFO: [VRFC 10-311] analyzing module ila_3_ltlib_v1_0_3_all_typeA_slice__parameterized0_8_lib_work_renamed2260_your_instance_name
INFO: [VRFC 10-311] analyzing module ila_3_ltlib_v1_0_3_all_typeA_slice__parameterized0_8_lib_work_renamed3390_your_instance_name
INFO: [VRFC 10-311] analyzing module ila_3_ltlib_v1_0_3_all_typeA_slice__parameterized0_80_lib_work_renamed2260_your_instance_name
INFO: [VRFC 10-311] analyzing module ila_3_ltlib_v1_0_3_all_typeA_slice__parameterized0_80_lib_work_renamed3390_your_instance_name
INFO: [VRFC 10-311] analyzing module ila_3_ltlib_v1_0_3_all_typeA_slice__parameterized0_83_lib_work_renamed2260_your_instance_name
INFO: [VRFC 10-311] analyzing module ila_3_ltlib_v1_0_3_all_typeA_slice__parameterized0_83_lib_work_renamed3390_your_instance_name
INFO: [VRFC 10-311] analyzing module ila_3_ltlib_v1_0_3_all_typeA_slice__parameterized0_86_lib_work_renamed2260_your_instance_name
INFO: [VRFC 10-311] analyzing module ila_3_ltlib_v1_0_3_all_typeA_slice__parameterized0_86_lib_work_renamed3390_your_instance_name
INFO: [VRFC 10-311] analyzing module ila_3_ltlib_v1_0_3_all_typeA_slice__parameterized0_89_lib_work_renamed2260_your_instance_name
INFO: [VRFC 10-311] analyzing module ila_3_ltlib_v1_0_3_all_typeA_slice__parameterized0_89_lib_work_renamed3390_your_instance_name
INFO: [VRFC 10-311] analyzing module ila_3_ltlib_v1_0_3_all_typeA_slice__parameterized0_92_lib_work_renamed2260_your_instance_name
INFO: [VRFC 10-311] analyzing module ila_3_ltlib_v1_0_3_all_typeA_slice__parameterized0_92_lib_work_renamed3390_your_instance_name
INFO: [VRFC 10-311] analyzing module ila_3_ltlib_v1_0_3_all_typeA_slice__parameterized0_95_lib_work_renamed2260_your_instance_name
INFO: [VRFC 10-311] analyzing module ila_3_ltlib_v1_0_3_all_typeA_slice__parameterized0_95_lib_work_renamed3390_your_instance_name
INFO: [VRFC 10-311] analyzing module ila_3_ltlib_v1_0_3_all_typeA_slice__parameterized1_lib_work_renamed2260_your_instance_name
INFO: [VRFC 10-311] analyzing module ila_3_ltlib_v1_0_3_all_typeA_slice__parameterized1_lib_work_renamed3390_your_instance_name
INFO: [VRFC 10-311] analyzing module ila_3_ltlib_v1_0_3_all_typeA_slice__parameterized1_115_lib_work_renamed2260_your_instance_name
INFO: [VRFC 10-311] analyzing module ila_3_ltlib_v1_0_3_all_typeA_slice__parameterized1_115_lib_work_renamed3390_your_instance_name
INFO: [VRFC 10-311] analyzing module ila_3_ltlib_v1_0_3_all_typeA_slice__parameterized1_119_lib_work_renamed2260_your_instance_name
INFO: [VRFC 10-311] analyzing module ila_3_ltlib_v1_0_3_all_typeA_slice__parameterized1_119_lib_work_renamed3390_your_instance_name
INFO: [VRFC 10-311] analyzing module ila_3_ltlib_v1_0_3_all_typeA_slice__parameterized2_lib_work_renamed2260_your_instance_name
INFO: [VRFC 10-311] analyzing module ila_3_ltlib_v1_0_3_all_typeA_slice__parameterized2_lib_work_renamed3390_your_instance_name
INFO: [VRFC 10-311] analyzing module ila_3_ltlib_v1_0_3_all_typeA_slice__parameterized2_116_lib_work_renamed2260_your_instance_name
INFO: [VRFC 10-311] analyzing module ila_3_ltlib_v1_0_3_all_typeA_slice__parameterized2_116_lib_work_renamed3390_your_instance_name
INFO: [VRFC 10-311] analyzing module ila_3_ltlib_v1_0_3_all_typeA_slice__parameterized2_120_lib_work_renamed2260_your_instance_name
INFO: [VRFC 10-311] analyzing module ila_3_ltlib_v1_0_3_all_typeA_slice__parameterized2_120_lib_work_renamed3390_your_instance_name
INFO: [VRFC 10-311] analyzing module ila_3_ltlib_v1_0_3_allx_typeA_lib_work_renamed2260_your_instance_name
INFO: [VRFC 10-311] analyzing module ila_3_ltlib_v1_0_3_allx_typeA_lib_work_renamed3390_your_instance_name
INFO: [VRFC 10-311] analyzing module ila_3_ltlib_v1_0_3_allx_typeA__parameterized0_lib_work_renamed2260_your_instance_name
INFO: [VRFC 10-311] analyzing module ila_3_ltlib_v1_0_3_allx_typeA__parameterized0_lib_work_renamed3390_your_instance_name
INFO: [VRFC 10-311] analyzing module ila_3_ltlib_v1_0_3_allx_typeA__parameterized0_0_lib_work_renamed2260_your_instance_name
INFO: [VRFC 10-311] analyzing module ila_3_ltlib_v1_0_3_allx_typeA__parameterized0_0_lib_work_renamed3390_your_instance_name
INFO: [VRFC 10-311] analyzing module ila_3_ltlib_v1_0_3_allx_typeA__parameterized0_12_lib_work_renamed2260_your_instance_name
INFO: [VRFC 10-311] analyzing module ila_3_ltlib_v1_0_3_allx_typeA__parameterized0_12_lib_work_renamed3390_your_instance_name
INFO: [VRFC 10-311] analyzing module ila_3_ltlib_v1_0_3_allx_typeA__parameterized0_15_lib_work_renamed2260_your_instance_name
INFO: [VRFC 10-311] analyzing module ila_3_ltlib_v1_0_3_allx_typeA__parameterized0_15_lib_work_renamed3390_your_instance_name
INFO: [VRFC 10-311] analyzing module ila_3_ltlib_v1_0_3_allx_typeA__parameterized0_18_lib_work_renamed2260_your_instance_name
INFO: [VRFC 10-311] analyzing module ila_3_ltlib_v1_0_3_allx_typeA__parameterized0_18_lib_work_renamed3390_your_instance_name
INFO: [VRFC 10-311] analyzing module ila_3_ltlib_v1_0_3_allx_typeA__parameterized0_21_lib_work_renamed2260_your_instance_name
INFO: [VRFC 10-311] analyzing module ila_3_ltlib_v1_0_3_allx_typeA__parameterized0_21_lib_work_renamed3390_your_instance_name
INFO: [VRFC 10-311] analyzing module ila_3_ltlib_v1_0_3_allx_typeA__parameterized0_24_lib_work_renamed2260_your_instance_name
INFO: [VRFC 10-311] analyzing module ila_3_ltlib_v1_0_3_allx_typeA__parameterized0_24_lib_work_renamed3390_your_instance_name
INFO: [VRFC 10-311] analyzing module ila_3_ltlib_v1_0_3_allx_typeA__parameterized0_27_lib_work_renamed2260_your_instance_name
INFO: [VRFC 10-311] analyzing module ila_3_ltlib_v1_0_3_allx_typeA__parameterized0_27_lib_work_renamed3390_your_instance_name
INFO: [VRFC 10-311] analyzing module ila_3_ltlib_v1_0_3_allx_typeA__parameterized0_3_lib_work_renamed2260_your_instance_name
INFO: [VRFC 10-311] analyzing module ila_3_ltlib_v1_0_3_allx_typeA__parameterized0_3_lib_work_renamed3390_your_instance_name
INFO: [VRFC 10-311] analyzing module ila_3_ltlib_v1_0_3_allx_typeA__parameterized0_30_lib_work_renamed2260_your_instance_name
INFO: [VRFC 10-311] analyzing module ila_3_ltlib_v1_0_3_allx_typeA__parameterized0_30_lib_work_renamed3390_your_instance_name
INFO: [VRFC 10-311] analyzing module ila_3_ltlib_v1_0_3_allx_typeA__parameterized0_33_lib_work_renamed2260_your_instance_name
INFO: [VRFC 10-311] analyzing module ila_3_ltlib_v1_0_3_allx_typeA__parameterized0_33_lib_work_renamed3390_your_instance_name
INFO: [VRFC 10-311] analyzing module ila_3_ltlib_v1_0_3_allx_typeA__parameterized0_36_lib_work_renamed2260_your_instance_name
INFO: [VRFC 10-311] analyzing module ila_3_ltlib_v1_0_3_allx_typeA__parameterized0_36_lib_work_renamed3390_your_instance_name
INFO: [VRFC 10-311] analyzing module ila_3_ltlib_v1_0_3_allx_typeA__parameterized0_39_lib_work_renamed2260_your_instance_name
INFO: [VRFC 10-311] analyzing module ila_3_ltlib_v1_0_3_allx_typeA__parameterized0_39_lib_work_renamed3390_your_instance_name
INFO: [VRFC 10-311] analyzing module ila_3_ltlib_v1_0_3_allx_typeA__parameterized0_42_lib_work_renamed2260_your_instance_name
INFO: [VRFC 10-311] analyzing module ila_3_ltlib_v1_0_3_allx_typeA__parameterized0_42_lib_work_renamed3390_your_instance_name
INFO: [VRFC 10-311] analyzing module ila_3_ltlib_v1_0_3_allx_typeA__parameterized0_45_lib_work_renamed2260_your_instance_name
INFO: [VRFC 10-311] analyzing module ila_3_ltlib_v1_0_3_allx_typeA__parameterized0_45_lib_work_renamed3390_your_instance_name
INFO: [VRFC 10-311] analyzing module ila_3_ltlib_v1_0_3_allx_typeA__parameterized0_48_lib_work_renamed2260_your_instance_name
INFO: [VRFC 10-311] analyzing module ila_3_ltlib_v1_0_3_allx_typeA__parameterized0_48_lib_work_renamed3390_your_instance_name
INFO: [VRFC 10-311] analyzing module ila_3_ltlib_v1_0_3_allx_typeA__parameterized0_51_lib_work_renamed2260_your_instance_name
INFO: [VRFC 10-311] analyzing module ila_3_ltlib_v1_0_3_allx_typeA__parameterized0_51_lib_work_renamed3390_your_instance_name
INFO: [VRFC 10-311] analyzing module ila_3_ltlib_v1_0_3_allx_typeA__parameterized0_54_lib_work_renamed2260_your_instance_name
INFO: [VRFC 10-311] analyzing module ila_3_ltlib_v1_0_3_allx_typeA__parameterized0_54_lib_work_renamed3390_your_instance_name
INFO: [VRFC 10-311] analyzing module ila_3_ltlib_v1_0_3_allx_typeA__parameterized0_57_lib_work_renamed2260_your_instance_name
INFO: [VRFC 10-311] analyzing module ila_3_ltlib_v1_0_3_allx_typeA__parameterized0_57_lib_work_renamed3390_your_instance_name
INFO: [VRFC 10-311] analyzing module ila_3_ltlib_v1_0_3_allx_typeA__parameterized0_6_lib_work_renamed2260_your_instance_name
INFO: [VRFC 10-311] analyzing module ila_3_ltlib_v1_0_3_allx_typeA__parameterized0_6_lib_work_renamed3390_your_instance_name
INFO: [VRFC 10-311] analyzing module ila_3_ltlib_v1_0_3_allx_typeA__parameterized0_60_lib_work_renamed2260_your_instance_name
INFO: [VRFC 10-311] analyzing module ila_3_ltlib_v1_0_3_allx_typeA__parameterized0_60_lib_work_renamed3390_your_instance_name
INFO: [VRFC 10-311] analyzing module ila_3_ltlib_v1_0_3_allx_typeA__parameterized0_63_lib_work_renamed2260_your_instance_name
INFO: [VRFC 10-311] analyzing module ila_3_ltlib_v1_0_3_allx_typeA__parameterized0_63_lib_work_renamed3390_your_instance_name
INFO: [VRFC 10-311] analyzing module ila_3_ltlib_v1_0_3_allx_typeA__parameterized0_66_lib_work_renamed2260_your_instance_name
INFO: [VRFC 10-311] analyzing module ila_3_ltlib_v1_0_3_allx_typeA__parameterized0_66_lib_work_renamed3390_your_instance_name
INFO: [VRFC 10-311] analyzing module ila_3_ltlib_v1_0_3_allx_typeA__parameterized0_69_lib_work_renamed2260_your_instance_name
INFO: [VRFC 10-311] analyzing module ila_3_ltlib_v1_0_3_allx_typeA__parameterized0_69_lib_work_renamed3390_your_instance_name
INFO: [VRFC 10-311] analyzing module ila_3_ltlib_v1_0_3_allx_typeA__parameterized0_72_lib_work_renamed2260_your_instance_name
INFO: [VRFC 10-311] analyzing module ila_3_ltlib_v1_0_3_allx_typeA__parameterized0_72_lib_work_renamed3390_your_instance_name
INFO: [VRFC 10-311] analyzing module ila_3_ltlib_v1_0_3_allx_typeA__parameterized0_75_lib_work_renamed2260_your_instance_name
INFO: [VRFC 10-311] analyzing module ila_3_ltlib_v1_0_3_allx_typeA__parameterized0_75_lib_work_renamed3390_your_instance_name
INFO: [VRFC 10-311] analyzing module ila_3_ltlib_v1_0_3_allx_typeA__parameterized0_78_lib_work_renamed2260_your_instance_name
INFO: [VRFC 10-311] analyzing module ila_3_ltlib_v1_0_3_allx_typeA__parameterized0_78_lib_work_renamed3390_your_instance_name
INFO: [VRFC 10-311] analyzing module ila_3_ltlib_v1_0_3_allx_typeA__parameterized0_81_lib_work_renamed2260_your_instance_name
INFO: [VRFC 10-311] analyzing module ila_3_ltlib_v1_0_3_allx_typeA__parameterized0_81_lib_work_renamed3390_your_instance_name
INFO: [VRFC 10-311] analyzing module ila_3_ltlib_v1_0_3_allx_typeA__parameterized0_84_lib_work_renamed2260_your_instance_name
INFO: [VRFC 10-311] analyzing module ila_3_ltlib_v1_0_3_allx_typeA__parameterized0_84_lib_work_renamed3390_your_instance_name
INFO: [VRFC 10-311] analyzing module ila_3_ltlib_v1_0_3_allx_typeA__parameterized0_87_lib_work_renamed2260_your_instance_name
INFO: [VRFC 10-311] analyzing module ila_3_ltlib_v1_0_3_allx_typeA__parameterized0_87_lib_work_renamed3390_your_instance_name
INFO: [VRFC 10-311] analyzing module ila_3_ltlib_v1_0_3_allx_typeA__parameterized0_9_lib_work_renamed2260_your_instance_name
INFO: [VRFC 10-311] analyzing module ila_3_ltlib_v1_0_3_allx_typeA__parameterized0_9_lib_work_renamed3390_your_instance_name
INFO: [VRFC 10-311] analyzing module ila_3_ltlib_v1_0_3_allx_typeA__parameterized0_90_lib_work_renamed2260_your_instance_name
INFO: [VRFC 10-311] analyzing module ila_3_ltlib_v1_0_3_allx_typeA__parameterized0_90_lib_work_renamed3390_your_instance_name
INFO: [VRFC 10-311] analyzing module ila_3_ltlib_v1_0_3_allx_typeA_nodelay_lib_work_renamed2260_your_instance_name
INFO: [VRFC 10-311] analyzing module ila_3_ltlib_v1_0_3_allx_typeA_nodelay_lib_work_renamed3390_your_instance_name
INFO: [VRFC 10-311] analyzing module ila_3_ltlib_v1_0_3_allx_typeA_nodelay_113_lib_work_renamed2260_your_instance_name
INFO: [VRFC 10-311] analyzing module ila_3_ltlib_v1_0_3_allx_typeA_nodelay_113_lib_work_renamed3390_your_instance_name
INFO: [VRFC 10-311] analyzing module ila_3_ltlib_v1_0_3_allx_typeA_nodelay_117_lib_work_renamed2260_your_instance_name
INFO: [VRFC 10-311] analyzing module ila_3_ltlib_v1_0_3_allx_typeA_nodelay_117_lib_work_renamed3390_your_instance_name
INFO: [VRFC 10-311] analyzing module ila_3_ltlib_v1_0_3_async_edge_xfer_lib_work_renamed2260_your_instance_name
INFO: [VRFC 10-311] analyzing module ila_3_ltlib_v1_0_3_async_edge_xfer_lib_work_renamed3390_your_instance_name
INFO: [VRFC 10-311] analyzing module ila_3_ltlib_v1_0_3_async_edge_xfer__1_lib_work_renamed2260_your_instance_name
INFO: [VRFC 10-311] analyzing module ila_3_ltlib_v1_0_3_async_edge_xfer__1_lib_work_renamed3390_your_instance_name
INFO: [VRFC 10-311] analyzing module ila_3_ltlib_v1_0_3_async_edge_xfer__2_lib_work_renamed2260_your_instance_name
INFO: [VRFC 10-311] analyzing module ila_3_ltlib_v1_0_3_async_edge_xfer__2_lib_work_renamed3390_your_instance_name
INFO: [VRFC 10-311] analyzing module ila_3_ltlib_v1_0_3_async_edge_xfer__3_lib_work_renamed2260_your_instance_name
INFO: [VRFC 10-311] analyzing module ila_3_ltlib_v1_0_3_async_edge_xfer__3_lib_work_renamed3390_your_instance_name
INFO: [VRFC 10-311] analyzing module ila_3_ltlib_v1_0_3_cfglut4_lib_work_renamed2260_your_instance_name
INFO: [VRFC 10-311] analyzing module ila_3_ltlib_v1_0_3_cfglut4_lib_work_renamed3390_your_instance_name
INFO: [VRFC 10-311] analyzing module ila_3_ltlib_v1_0_3_cfglut4__1_lib_work_renamed2260_your_instance_name
INFO: [VRFC 10-311] analyzing module ila_3_ltlib_v1_0_3_cfglut4__1_lib_work_renamed3390_your_instance_name
INFO: [VRFC 10-311] analyzing module ila_3_ltlib_v1_0_3_cfglut5_lib_work_renamed2260_your_instance_name
INFO: [VRFC 10-311] analyzing module ila_3_ltlib_v1_0_3_cfglut5_lib_work_renamed3390_your_instance_name
INFO: [VRFC 10-311] analyzing module ila_3_ltlib_v1_0_3_cfglut5__1_lib_work_renamed2260_your_instance_name
INFO: [VRFC 10-311] analyzing module ila_3_ltlib_v1_0_3_cfglut5__1_lib_work_renamed3390_your_instance_name
INFO: [VRFC 10-311] analyzing module ila_3_ltlib_v1_0_3_cfglut5__2_lib_work_renamed2260_your_instance_name
INFO: [VRFC 10-311] analyzing module ila_3_ltlib_v1_0_3_cfglut5__2_lib_work_renamed3390_your_instance_name
INFO: [VRFC 10-311] analyzing module ila_3_ltlib_v1_0_3_cfglut6_lib_work_renamed2260_your_instance_name
INFO: [VRFC 10-311] analyzing module ila_3_ltlib_v1_0_3_cfglut6_lib_work_renamed3390_your_instance_name
INFO: [VRFC 10-311] analyzing module ila_3_ltlib_v1_0_3_cfglut6__1_lib_work_renamed2260_your_instance_name
INFO: [VRFC 10-311] analyzing module ila_3_ltlib_v1_0_3_cfglut6__1_lib_work_renamed3390_your_instance_name
INFO: [VRFC 10-311] analyzing module ila_3_ltlib_v1_0_3_cfglut6__parameterized0_lib_work_renamed2260_your_instance_name
INFO: [VRFC 10-311] analyzing module ila_3_ltlib_v1_0_3_cfglut6__parameterized0_lib_work_renamed3390_your_instance_name
INFO: [VRFC 10-311] analyzing module ila_3_ltlib_v1_0_3_cfglut7_lib_work_renamed2260_your_instance_name
INFO: [VRFC 10-311] analyzing module ila_3_ltlib_v1_0_3_cfglut7_lib_work_renamed3390_your_instance_name
INFO: [VRFC 10-311] analyzing module ila_3_ltlib_v1_0_3_cfglut7__1_lib_work_renamed2260_your_instance_name
INFO: [VRFC 10-311] analyzing module ila_3_ltlib_v1_0_3_cfglut7__1_lib_work_renamed3390_your_instance_name
INFO: [VRFC 10-311] analyzing module ila_3_ltlib_v1_0_3_generic_memrd_lib_work_renamed2260_your_instance_name
INFO: [VRFC 10-311] analyzing module ila_3_ltlib_v1_0_3_generic_memrd_lib_work_renamed3390_your_instance_name
INFO: [VRFC 10-311] analyzing module ila_3_ltlib_v1_0_3_match_lib_work_renamed2260_your_instance_name
INFO: [VRFC 10-311] analyzing module ila_3_ltlib_v1_0_3_match_lib_work_renamed3390_your_instance_name
INFO: [VRFC 10-311] analyzing module ila_3_ltlib_v1_0_3_match__parameterized0_lib_work_renamed2260_your_instance_name
INFO: [VRFC 10-311] analyzing module ila_3_ltlib_v1_0_3_match__parameterized0_lib_work_renamed3390_your_instance_name
INFO: [VRFC 10-311] analyzing module ila_3_ltlib_v1_0_3_match__parameterized0__1_lib_work_renamed2260_your_instance_name
INFO: [VRFC 10-311] analyzing module ila_3_ltlib_v1_0_3_match__parameterized0__1_lib_work_renamed3390_your_instance_name
INFO: [VRFC 10-311] analyzing module ila_3_ltlib_v1_0_3_match__parameterized0__10_lib_work_renamed2260_your_instance_name
INFO: [VRFC 10-311] analyzing module ila_3_ltlib_v1_0_3_match__parameterized0__10_lib_work_renamed3390_your_instance_name
INFO: [VRFC 10-311] analyzing module ila_3_ltlib_v1_0_3_match__parameterized0__11_lib_work_renamed2260_your_instance_name
INFO: [VRFC 10-311] analyzing module ila_3_ltlib_v1_0_3_match__parameterized0__11_lib_work_renamed3390_your_instance_name
INFO: [VRFC 10-311] analyzing module ila_3_ltlib_v1_0_3_match__parameterized0__12_lib_work_renamed2260_your_instance_name
INFO: [VRFC 10-311] analyzing module ila_3_ltlib_v1_0_3_match__parameterized0__12_lib_work_renamed3390_your_instance_name
INFO: [VRFC 10-311] analyzing module ila_3_ltlib_v1_0_3_match__parameterized0__13_lib_work_renamed2260_your_instance_name
INFO: [VRFC 10-311] analyzing module ila_3_ltlib_v1_0_3_match__parameterized0__13_lib_work_renamed3390_your_instance_name
INFO: [VRFC 10-311] analyzing module ila_3_ltlib_v1_0_3_match__parameterized0__14_lib_work_renamed2260_your_instance_name
INFO: [VRFC 10-311] analyzing module ila_3_ltlib_v1_0_3_match__parameterized0__14_lib_work_renamed3390_your_instance_name
INFO: [VRFC 10-311] analyzing module ila_3_ltlib_v1_0_3_match__parameterized0__15_lib_work_renamed2260_your_instance_name
INFO: [VRFC 10-311] analyzing module ila_3_ltlib_v1_0_3_match__parameterized0__15_lib_work_renamed3390_your_instance_name
INFO: [VRFC 10-311] analyzing module ila_3_ltlib_v1_0_3_match__parameterized0__16_lib_work_renamed2260_your_instance_name
INFO: [VRFC 10-311] analyzing module ila_3_ltlib_v1_0_3_match__parameterized0__16_lib_work_renamed3390_your_instance_name
INFO: [VRFC 10-311] analyzing module ila_3_ltlib_v1_0_3_match__parameterized0__17_lib_work_renamed2260_your_instance_name
INFO: [VRFC 10-311] analyzing module ila_3_ltlib_v1_0_3_match__parameterized0__17_lib_work_renamed3390_your_instance_name
INFO: [VRFC 10-311] analyzing module ila_3_ltlib_v1_0_3_match__parameterized0__18_lib_work_renamed2260_your_instance_name
INFO: [VRFC 10-311] analyzing module ila_3_ltlib_v1_0_3_match__parameterized0__18_lib_work_renamed3390_your_instance_name
INFO: [VRFC 10-311] analyzing module ila_3_ltlib_v1_0_3_match__parameterized0__19_lib_work_renamed2260_your_instance_name
INFO: [VRFC 10-311] analyzing module ila_3_ltlib_v1_0_3_match__parameterized0__19_lib_work_renamed3390_your_instance_name
INFO: [VRFC 10-311] analyzing module ila_3_ltlib_v1_0_3_match__parameterized0__2_lib_work_renamed2260_your_instance_name
INFO: [VRFC 10-311] analyzing module ila_3_ltlib_v1_0_3_match__parameterized0__2_lib_work_renamed3390_your_instance_name
INFO: [VRFC 10-311] analyzing module ila_3_ltlib_v1_0_3_match__parameterized0__20_lib_work_renamed2260_your_instance_name
INFO: [VRFC 10-311] analyzing module ila_3_ltlib_v1_0_3_match__parameterized0__20_lib_work_renamed3390_your_instance_name
INFO: [VRFC 10-311] analyzing module ila_3_ltlib_v1_0_3_match__parameterized0__21_lib_work_renamed2260_your_instance_name
INFO: [VRFC 10-311] analyzing module ila_3_ltlib_v1_0_3_match__parameterized0__21_lib_work_renamed3390_your_instance_name
INFO: [VRFC 10-311] analyzing module ila_3_ltlib_v1_0_3_match__parameterized0__22_lib_work_renamed2260_your_instance_name
INFO: [VRFC 10-311] analyzing module ila_3_ltlib_v1_0_3_match__parameterized0__22_lib_work_renamed3390_your_instance_name
INFO: [VRFC 10-311] analyzing module ila_3_ltlib_v1_0_3_match__parameterized0__23_lib_work_renamed2260_your_instance_name
INFO: [VRFC 10-311] analyzing module ila_3_ltlib_v1_0_3_match__parameterized0__23_lib_work_renamed3390_your_instance_name
INFO: [VRFC 10-311] analyzing module ila_3_ltlib_v1_0_3_match__parameterized0__24_lib_work_renamed2260_your_instance_name
INFO: [VRFC 10-311] analyzing module ila_3_ltlib_v1_0_3_match__parameterized0__24_lib_work_renamed3390_your_instance_name
INFO: [VRFC 10-311] analyzing module ila_3_ltlib_v1_0_3_match__parameterized0__25_lib_work_renamed2260_your_instance_name
INFO: [VRFC 10-311] analyzing module ila_3_ltlib_v1_0_3_match__parameterized0__25_lib_work_renamed3390_your_instance_name
INFO: [VRFC 10-311] analyzing module ila_3_ltlib_v1_0_3_match__parameterized0__26_lib_work_renamed2260_your_instance_name
INFO: [VRFC 10-311] analyzing module ila_3_ltlib_v1_0_3_match__parameterized0__26_lib_work_renamed3390_your_instance_name
INFO: [VRFC 10-311] analyzing module ila_3_ltlib_v1_0_3_match__parameterized0__27_lib_work_renamed2260_your_instance_name
INFO: [VRFC 10-311] analyzing module ila_3_ltlib_v1_0_3_match__parameterized0__27_lib_work_renamed3390_your_instance_name
INFO: [VRFC 10-311] analyzing module ila_3_ltlib_v1_0_3_match__parameterized0__28_lib_work_renamed2260_your_instance_name
INFO: [VRFC 10-311] analyzing module ila_3_ltlib_v1_0_3_match__parameterized0__28_lib_work_renamed3390_your_instance_name
INFO: [VRFC 10-311] analyzing module ila_3_ltlib_v1_0_3_match__parameterized0__29_lib_work_renamed2260_your_instance_name
INFO: [VRFC 10-311] analyzing module ila_3_ltlib_v1_0_3_match__parameterized0__29_lib_work_renamed3390_your_instance_name
INFO: [VRFC 10-311] analyzing module ila_3_ltlib_v1_0_3_match__parameterized0__3_lib_work_renamed2260_your_instance_name
INFO: [VRFC 10-311] analyzing module ila_3_ltlib_v1_0_3_match__parameterized0__3_lib_work_renamed3390_your_instance_name
INFO: [VRFC 10-311] analyzing module ila_3_ltlib_v1_0_3_match__parameterized0__30_lib_work_renamed2260_your_instance_name
INFO: [VRFC 10-311] analyzing module ila_3_ltlib_v1_0_3_match__parameterized0__30_lib_work_renamed3390_your_instance_name
INFO: [VRFC 10-311] analyzing module ila_3_ltlib_v1_0_3_match__parameterized0__31_lib_work_renamed2260_your_instance_name
INFO: [VRFC 10-311] analyzing module ila_3_ltlib_v1_0_3_match__parameterized0__31_lib_work_renamed3390_your_instance_name
INFO: [VRFC 10-311] analyzing module ila_3_ltlib_v1_0_3_match__parameterized0__4_lib_work_renamed2260_your_instance_name
INFO: [VRFC 10-311] analyzing module ila_3_ltlib_v1_0_3_match__parameterized0__4_lib_work_renamed3390_your_instance_name
INFO: [VRFC 10-311] analyzing module ila_3_ltlib_v1_0_3_match__parameterized0__5_lib_work_renamed2260_your_instance_name
INFO: [VRFC 10-311] analyzing module ila_3_ltlib_v1_0_3_match__parameterized0__5_lib_work_renamed3390_your_instance_name
INFO: [VRFC 10-311] analyzing module ila_3_ltlib_v1_0_3_match__parameterized0__6_lib_work_renamed2260_your_instance_name
INFO: [VRFC 10-311] analyzing module ila_3_ltlib_v1_0_3_match__parameterized0__6_lib_work_renamed3390_your_instance_name
INFO: [VRFC 10-311] analyzing module ila_3_ltlib_v1_0_3_match__parameterized0__7_lib_work_renamed2260_your_instance_name
INFO: [VRFC 10-311] analyzing module ila_3_ltlib_v1_0_3_match__parameterized0__7_lib_work_renamed3390_your_instance_name
INFO: [VRFC 10-311] analyzing module ila_3_ltlib_v1_0_3_match__parameterized0__8_lib_work_renamed2260_your_instance_name
INFO: [VRFC 10-311] analyzing module ila_3_ltlib_v1_0_3_match__parameterized0__8_lib_work_renamed3390_your_instance_name
INFO: [VRFC 10-311] analyzing module ila_3_ltlib_v1_0_3_match__parameterized0__9_lib_work_renamed2260_your_instance_name
INFO: [VRFC 10-311] analyzing module ila_3_ltlib_v1_0_3_match__parameterized0__9_lib_work_renamed3390_your_instance_name
INFO: [VRFC 10-311] analyzing module ila_3_ltlib_v1_0_3_match_nodelay_lib_work_renamed2260_your_instance_name
INFO: [VRFC 10-311] analyzing module ila_3_ltlib_v1_0_3_match_nodelay_lib_work_renamed3390_your_instance_name
INFO: [VRFC 10-311] analyzing module ila_3_ltlib_v1_0_3_match_nodelay__1_lib_work_renamed2260_your_instance_name
INFO: [VRFC 10-311] analyzing module ila_3_ltlib_v1_0_3_match_nodelay__1_lib_work_renamed3390_your_instance_name
INFO: [VRFC 10-311] analyzing module ila_3_ltlib_v1_0_3_match_nodelay__2_lib_work_renamed2260_your_instance_name
INFO: [VRFC 10-311] analyzing module ila_3_ltlib_v1_0_3_match_nodelay__2_lib_work_renamed3390_your_instance_name
INFO: [VRFC 10-311] analyzing module ila_3_ltlib_v1_0_3_rising_edge_detection_lib_work_renamed2260_your_instance_name
INFO: [VRFC 10-311] analyzing module ila_3_ltlib_v1_0_3_rising_edge_detection_lib_work_renamed3390_your_instance_name
INFO: [VRFC 10-311] analyzing module ila_3_ltlib_v1_0_3_rising_edge_detection__1_lib_work_renamed2260_your_instance_name
INFO: [VRFC 10-311] analyzing module ila_3_ltlib_v1_0_3_rising_edge_detection__1_lib_work_renamed3390_your_instance_name
INFO: [VRFC 10-311] analyzing module ila_3_xsdbs_v1_0_5_reg__parameterized101_lib_work_renamed2260_your_instance_name
INFO: [VRFC 10-311] analyzing module ila_3_xsdbs_v1_0_5_reg__parameterized101_lib_work_renamed3390_your_instance_name
INFO: [VRFC 10-311] analyzing module ila_3_xsdbs_v1_0_5_reg__parameterized103_lib_work_renamed2260_your_instance_name
INFO: [VRFC 10-311] analyzing module ila_3_xsdbs_v1_0_5_reg__parameterized103_lib_work_renamed3390_your_instance_name
INFO: [VRFC 10-311] analyzing module ila_3_xsdbs_v1_0_5_reg__parameterized106_lib_work_renamed2260_your_instance_name
INFO: [VRFC 10-311] analyzing module ila_3_xsdbs_v1_0_5_reg__parameterized106_lib_work_renamed3390_your_instance_name
INFO: [VRFC 10-311] analyzing module ila_3_xsdbs_v1_0_5_reg__parameterized73_lib_work_renamed2260_your_instance_name
INFO: [VRFC 10-311] analyzing module ila_3_xsdbs_v1_0_5_reg__parameterized73_lib_work_renamed3390_your_instance_name
INFO: [VRFC 10-311] analyzing module ila_3_xsdbs_v1_0_5_reg__parameterized74_lib_work_renamed2260_your_instance_name
INFO: [VRFC 10-311] analyzing module ila_3_xsdbs_v1_0_5_reg__parameterized74_lib_work_renamed3390_your_instance_name
INFO: [VRFC 10-311] analyzing module ila_3_xsdbs_v1_0_5_reg__parameterized75_lib_work_renamed2260_your_instance_name
INFO: [VRFC 10-311] analyzing module ila_3_xsdbs_v1_0_5_reg__parameterized75_lib_work_renamed3390_your_instance_name
INFO: [VRFC 10-311] analyzing module ila_3_xsdbs_v1_0_5_reg__parameterized76_lib_work_renamed2260_your_instance_name
INFO: [VRFC 10-311] analyzing module ila_3_xsdbs_v1_0_5_reg__parameterized76_lib_work_renamed3390_your_instance_name
INFO: [VRFC 10-311] analyzing module ila_3_xsdbs_v1_0_5_reg__parameterized88_lib_work_renamed2260_your_instance_name
INFO: [VRFC 10-311] analyzing module ila_3_xsdbs_v1_0_5_reg__parameterized88_lib_work_renamed3390_your_instance_name
INFO: [VRFC 10-311] analyzing module ila_3_xsdbs_v1_0_5_reg__parameterized89_lib_work_renamed2260_your_instance_name
INFO: [VRFC 10-311] analyzing module ila_3_xsdbs_v1_0_5_reg__parameterized89_lib_work_renamed3390_your_instance_name
INFO: [VRFC 10-311] analyzing module ila_3_xsdbs_v1_0_5_reg__parameterized90_lib_work_renamed2260_your_instance_name
INFO: [VRFC 10-311] analyzing module ila_3_xsdbs_v1_0_5_reg__parameterized90_lib_work_renamed3390_your_instance_name
INFO: [VRFC 10-311] analyzing module ila_3_xsdbs_v1_0_5_reg__parameterized91_lib_work_renamed2260_your_instance_name
INFO: [VRFC 10-311] analyzing module ila_3_xsdbs_v1_0_5_reg__parameterized91_lib_work_renamed3390_your_instance_name
INFO: [VRFC 10-311] analyzing module ila_3_xsdbs_v1_0_5_reg__parameterized92_lib_work_renamed2260_your_instance_name
INFO: [VRFC 10-311] analyzing module ila_3_xsdbs_v1_0_5_reg__parameterized92_lib_work_renamed3390_your_instance_name
INFO: [VRFC 10-311] analyzing module ila_3_xsdbs_v1_0_5_reg__parameterized93_lib_work_renamed2260_your_instance_name
INFO: [VRFC 10-311] analyzing module ila_3_xsdbs_v1_0_5_reg__parameterized93_lib_work_renamed3390_your_instance_name
INFO: [VRFC 10-311] analyzing module ila_3_xsdbs_v1_0_5_reg__parameterized94_lib_work_renamed2260_your_instance_name
INFO: [VRFC 10-311] analyzing module ila_3_xsdbs_v1_0_5_reg__parameterized94_lib_work_renamed3390_your_instance_name
INFO: [VRFC 10-311] analyzing module ila_3_xsdbs_v1_0_5_reg__parameterized95_lib_work_renamed2260_your_instance_name
INFO: [VRFC 10-311] analyzing module ila_3_xsdbs_v1_0_5_reg__parameterized95_lib_work_renamed3390_your_instance_name
INFO: [VRFC 10-311] analyzing module ila_3_xsdbs_v1_0_5_reg__parameterized96_lib_work_renamed2260_your_instance_name
INFO: [VRFC 10-311] analyzing module ila_3_xsdbs_v1_0_5_reg__parameterized96_lib_work_renamed3390_your_instance_name
INFO: [VRFC 10-311] analyzing module ila_3_xsdbs_v1_0_5_reg__parameterized97_lib_work_renamed2260_your_instance_name
INFO: [VRFC 10-311] analyzing module ila_3_xsdbs_v1_0_5_reg__parameterized97_lib_work_renamed3390_your_instance_name
INFO: [VRFC 10-311] analyzing module ila_3_xsdbs_v1_0_5_reg__parameterized98_lib_work_renamed2260_your_instance_name
INFO: [VRFC 10-311] analyzing module ila_3_xsdbs_v1_0_5_reg__parameterized98_lib_work_renamed3390_your_instance_name
INFO: [VRFC 10-311] analyzing module ila_3_xsdbs_v1_0_5_reg__parameterized99_lib_work_renamed2260_your_instance_name
INFO: [VRFC 10-311] analyzing module ila_3_xsdbs_v1_0_5_reg__parameterized99_lib_work_renamed3390_your_instance_name
INFO: [VRFC 10-311] analyzing module ila_3_xsdbs_v1_0_5_reg_ctl_lib_work_renamed2260_your_instance_name
INFO: [VRFC 10-311] analyzing module ila_3_xsdbs_v1_0_5_reg_ctl_lib_work_renamed3390_your_instance_name
INFO: [VRFC 10-311] analyzing module ila_3_xsdbs_v1_0_5_reg_ctl_100_lib_work_renamed2260_your_instance_name
INFO: [VRFC 10-311] analyzing module ila_3_xsdbs_v1_0_5_reg_ctl_100_lib_work_renamed3390_your_instance_name
INFO: [VRFC 10-311] analyzing module ila_3_xsdbs_v1_0_5_reg_ctl_101_lib_work_renamed2260_your_instance_name
INFO: [VRFC 10-311] analyzing module ila_3_xsdbs_v1_0_5_reg_ctl_101_lib_work_renamed3390_your_instance_name
INFO: [VRFC 10-311] analyzing module ila_3_xsdbs_v1_0_5_reg_ctl_102_lib_work_renamed2260_your_instance_name
INFO: [VRFC 10-311] analyzing module ila_3_xsdbs_v1_0_5_reg_ctl_102_lib_work_renamed3390_your_instance_name
INFO: [VRFC 10-311] analyzing module ila_3_xsdbs_v1_0_5_reg_ctl_105_lib_work_renamed2260_your_instance_name
INFO: [VRFC 10-311] analyzing module ila_3_xsdbs_v1_0_5_reg_ctl_105_lib_work_renamed3390_your_instance_name
INFO: [VRFC 10-311] analyzing module ila_3_xsdbs_v1_0_5_reg_ctl_106_lib_work_renamed2260_your_instance_name
INFO: [VRFC 10-311] analyzing module ila_3_xsdbs_v1_0_5_reg_ctl_106_lib_work_renamed3390_your_instance_name
INFO: [VRFC 10-311] analyzing module ila_3_xsdbs_v1_0_5_reg_ctl_107_lib_work_renamed2260_your_instance_name
INFO: [VRFC 10-311] analyzing module ila_3_xsdbs_v1_0_5_reg_ctl_107_lib_work_renamed3390_your_instance_name
INFO: [VRFC 10-311] analyzing module ila_3_xsdbs_v1_0_5_reg_ctl_108_lib_work_renamed2260_your_instance_name
INFO: [VRFC 10-311] analyzing module ila_3_xsdbs_v1_0_5_reg_ctl_108_lib_work_renamed3390_your_instance_name
INFO: [VRFC 10-311] analyzing module ila_3_xsdbs_v1_0_5_reg_ctl_109_lib_work_renamed2260_your_instance_name
INFO: [VRFC 10-311] analyzing module ila_3_xsdbs_v1_0_5_reg_ctl_109_lib_work_renamed3390_your_instance_name
INFO: [VRFC 10-311] analyzing module ila_3_xsdbs_v1_0_5_reg_ctl_112_lib_work_renamed2260_your_instance_name
INFO: [VRFC 10-311] analyzing module ila_3_xsdbs_v1_0_5_reg_ctl_112_lib_work_renamed3390_your_instance_name
INFO: [VRFC 10-311] analyzing module ila_3_xsdbs_v1_0_5_reg_ctl_99_lib_work_renamed2260_your_instance_name
INFO: [VRFC 10-311] analyzing module ila_3_xsdbs_v1_0_5_reg_ctl_99_lib_work_renamed3390_your_instance_name
INFO: [VRFC 10-311] analyzing module ila_3_xsdbs_v1_0_5_reg_ctl__parameterized0_lib_work_renamed2260_your_instance_name
INFO: [VRFC 10-311] analyzing module ila_3_xsdbs_v1_0_5_reg_ctl__parameterized0_lib_work_renamed3390_your_instance_name
INFO: [VRFC 10-311] analyzing module ila_3_xsdbs_v1_0_5_reg_ctl__parameterized1_lib_work_renamed2260_your_instance_name
INFO: [VRFC 10-311] analyzing module ila_3_xsdbs_v1_0_5_reg_ctl__parameterized1_lib_work_renamed3390_your_instance_name
INFO: [VRFC 10-311] analyzing module ila_3_xsdbs_v1_0_5_reg_ctl__parameterized1_103_lib_work_renamed2260_your_instance_name
INFO: [VRFC 10-311] analyzing module ila_3_xsdbs_v1_0_5_reg_ctl__parameterized1_103_lib_work_renamed3390_your_instance_name
INFO: [VRFC 10-311] analyzing module ila_3_xsdbs_v1_0_5_reg_ctl__parameterized1_104_lib_work_renamed2260_your_instance_name
INFO: [VRFC 10-311] analyzing module ila_3_xsdbs_v1_0_5_reg_ctl__parameterized1_104_lib_work_renamed3390_your_instance_name
INFO: [VRFC 10-311] analyzing module ila_3_xsdbs_v1_0_5_reg_p2s_lib_work_renamed2260_your_instance_name
INFO: [VRFC 10-311] analyzing module ila_3_xsdbs_v1_0_5_reg_p2s_lib_work_renamed3390_your_instance_name
INFO: [VRFC 10-311] analyzing module ila_3_xsdbs_v1_0_5_reg_p2s__parameterized0_lib_work_renamed2260_your_instance_name
INFO: [VRFC 10-311] analyzing module ila_3_xsdbs_v1_0_5_reg_p2s__parameterized0_lib_work_renamed3390_your_instance_name
INFO: [VRFC 10-311] analyzing module ila_3_xsdbs_v1_0_5_reg_p2s__parameterized1_lib_work_renamed2260_your_instance_name
INFO: [VRFC 10-311] analyzing module ila_3_xsdbs_v1_0_5_reg_p2s__parameterized1_lib_work_renamed3390_your_instance_name
INFO: [VRFC 10-311] analyzing module ila_3_xsdbs_v1_0_5_reg_p2s__parameterized10_lib_work_renamed2260_your_instance_name
INFO: [VRFC 10-311] analyzing module ila_3_xsdbs_v1_0_5_reg_p2s__parameterized10_lib_work_renamed3390_your_instance_name
INFO: [VRFC 10-311] analyzing module ila_3_xsdbs_v1_0_5_reg_p2s__parameterized11_lib_work_renamed2260_your_instance_name
INFO: [VRFC 10-311] analyzing module ila_3_xsdbs_v1_0_5_reg_p2s__parameterized11_lib_work_renamed3390_your_instance_name
INFO: [VRFC 10-311] analyzing module ila_3_xsdbs_v1_0_5_reg_p2s__parameterized12_lib_work_renamed2260_your_instance_name
INFO: [VRFC 10-311] analyzing module ila_3_xsdbs_v1_0_5_reg_p2s__parameterized12_lib_work_renamed3390_your_instance_name
INFO: [VRFC 10-311] analyzing module ila_3_xsdbs_v1_0_5_reg_p2s__parameterized13_lib_work_renamed2260_your_instance_name
INFO: [VRFC 10-311] analyzing module ila_3_xsdbs_v1_0_5_reg_p2s__parameterized13_lib_work_renamed3390_your_instance_name
INFO: [VRFC 10-311] analyzing module ila_3_xsdbs_v1_0_5_reg_p2s__parameterized14_lib_work_renamed2260_your_instance_name
INFO: [VRFC 10-311] analyzing module ila_3_xsdbs_v1_0_5_reg_p2s__parameterized14_lib_work_renamed3390_your_instance_name
INFO: [VRFC 10-311] analyzing module ila_3_xsdbs_v1_0_5_reg_p2s__parameterized15_lib_work_renamed2260_your_instance_name
INFO: [VRFC 10-311] analyzing module ila_3_xsdbs_v1_0_5_reg_p2s__parameterized15_lib_work_renamed3390_your_instance_name
INFO: [VRFC 10-311] analyzing module ila_3_xsdbs_v1_0_5_reg_p2s__parameterized16_lib_work_renamed2260_your_instance_name
INFO: [VRFC 10-311] analyzing module ila_3_xsdbs_v1_0_5_reg_p2s__parameterized16_lib_work_renamed3390_your_instance_name
INFO: [VRFC 10-311] analyzing module ila_3_xsdbs_v1_0_5_reg_p2s__parameterized17_lib_work_renamed2260_your_instance_name
INFO: [VRFC 10-311] analyzing module ila_3_xsdbs_v1_0_5_reg_p2s__parameterized17_lib_work_renamed3390_your_instance_name
INFO: [VRFC 10-311] analyzing module ila_3_xsdbs_v1_0_5_reg_p2s__parameterized18_lib_work_renamed2260_your_instance_name
INFO: [VRFC 10-311] analyzing module ila_3_xsdbs_v1_0_5_reg_p2s__parameterized18_lib_work_renamed3390_your_instance_name
INFO: [VRFC 10-311] analyzing module ila_3_xsdbs_v1_0_5_reg_p2s__parameterized19_lib_work_renamed2260_your_instance_name
INFO: [VRFC 10-311] analyzing module ila_3_xsdbs_v1_0_5_reg_p2s__parameterized19_lib_work_renamed3390_your_instance_name
INFO: [VRFC 10-311] analyzing module ila_3_xsdbs_v1_0_5_reg_p2s__parameterized2_lib_work_renamed2260_your_instance_name
INFO: [VRFC 10-311] analyzing module ila_3_xsdbs_v1_0_5_reg_p2s__parameterized2_lib_work_renamed3390_your_instance_name
INFO: [VRFC 10-311] analyzing module ila_3_xsdbs_v1_0_5_reg_p2s__parameterized20_lib_work_renamed2260_your_instance_name
INFO: [VRFC 10-311] analyzing module ila_3_xsdbs_v1_0_5_reg_p2s__parameterized20_lib_work_renamed3390_your_instance_name
INFO: [VRFC 10-311] analyzing module ila_3_xsdbs_v1_0_5_reg_p2s__parameterized21_lib_work_renamed2260_your_instance_name
INFO: [VRFC 10-311] analyzing module ila_3_xsdbs_v1_0_5_reg_p2s__parameterized21_lib_work_renamed3390_your_instance_name
INFO: [VRFC 10-311] analyzing module ila_3_xsdbs_v1_0_5_reg_p2s__parameterized22_lib_work_renamed2260_your_instance_name
INFO: [VRFC 10-311] analyzing module ila_3_xsdbs_v1_0_5_reg_p2s__parameterized22_lib_work_renamed3390_your_instance_name
INFO: [VRFC 10-311] analyzing module ila_3_xsdbs_v1_0_5_reg_p2s__parameterized23_lib_work_renamed2260_your_instance_name
INFO: [VRFC 10-311] analyzing module ila_3_xsdbs_v1_0_5_reg_p2s__parameterized23_lib_work_renamed3390_your_instance_name
INFO: [VRFC 10-311] analyzing module ila_3_xsdbs_v1_0_5_reg_p2s__parameterized24_lib_work_renamed2260_your_instance_name
INFO: [VRFC 10-311] analyzing module ila_3_xsdbs_v1_0_5_reg_p2s__parameterized24_lib_work_renamed3390_your_instance_name
INFO: [VRFC 10-311] analyzing module ila_3_xsdbs_v1_0_5_reg_p2s__parameterized25_lib_work_renamed2260_your_instance_name
INFO: [VRFC 10-311] analyzing module ila_3_xsdbs_v1_0_5_reg_p2s__parameterized25_lib_work_renamed3390_your_instance_name
INFO: [VRFC 10-311] analyzing module ila_3_xsdbs_v1_0_5_reg_p2s__parameterized26_lib_work_renamed2260_your_instance_name
INFO: [VRFC 10-311] analyzing module ila_3_xsdbs_v1_0_5_reg_p2s__parameterized26_lib_work_renamed3390_your_instance_name
INFO: [VRFC 10-311] analyzing module ila_3_xsdbs_v1_0_5_reg_p2s__parameterized27_lib_work_renamed2260_your_instance_name
INFO: [VRFC 10-311] analyzing module ila_3_xsdbs_v1_0_5_reg_p2s__parameterized27_lib_work_renamed3390_your_instance_name
INFO: [VRFC 10-311] analyzing module ila_3_xsdbs_v1_0_5_reg_p2s__parameterized28_lib_work_renamed2260_your_instance_name
INFO: [VRFC 10-311] analyzing module ila_3_xsdbs_v1_0_5_reg_p2s__parameterized28_lib_work_renamed3390_your_instance_name
INFO: [VRFC 10-311] analyzing module ila_3_xsdbs_v1_0_5_reg_p2s__parameterized29_lib_work_renamed2260_your_instance_name
INFO: [VRFC 10-311] analyzing module ila_3_xsdbs_v1_0_5_reg_p2s__parameterized29_lib_work_renamed3390_your_instance_name
INFO: [VRFC 10-311] analyzing module ila_3_xsdbs_v1_0_5_reg_p2s__parameterized3_lib_work_renamed2260_your_instance_name
INFO: [VRFC 10-311] analyzing module ila_3_xsdbs_v1_0_5_reg_p2s__parameterized3_lib_work_renamed3390_your_instance_name
INFO: [VRFC 10-311] analyzing module ila_3_xsdbs_v1_0_5_reg_p2s__parameterized30_lib_work_renamed2260_your_instance_name
INFO: [VRFC 10-311] analyzing module ila_3_xsdbs_v1_0_5_reg_p2s__parameterized30_lib_work_renamed3390_your_instance_name
INFO: [VRFC 10-311] analyzing module ila_3_xsdbs_v1_0_5_reg_p2s__parameterized31_lib_work_renamed2260_your_instance_name
INFO: [VRFC 10-311] analyzing module ila_3_xsdbs_v1_0_5_reg_p2s__parameterized31_lib_work_renamed3390_your_instance_name
INFO: [VRFC 10-311] analyzing module ila_3_xsdbs_v1_0_5_reg_p2s__parameterized32_lib_work_renamed2260_your_instance_name
INFO: [VRFC 10-311] analyzing module ila_3_xsdbs_v1_0_5_reg_p2s__parameterized32_lib_work_renamed3390_your_instance_name
INFO: [VRFC 10-311] analyzing module ila_3_xsdbs_v1_0_5_reg_p2s__parameterized4_lib_work_renamed2260_your_instance_name
INFO: [VRFC 10-311] analyzing module ila_3_xsdbs_v1_0_5_reg_p2s__parameterized4_lib_work_renamed3390_your_instance_name
INFO: [VRFC 10-311] analyzing module ila_3_xsdbs_v1_0_5_reg_p2s__parameterized5_lib_work_renamed2260_your_instance_name
INFO: [VRFC 10-311] analyzing module ila_3_xsdbs_v1_0_5_reg_p2s__parameterized5_lib_work_renamed3390_your_instance_name
INFO: [VRFC 10-311] analyzing module ila_3_xsdbs_v1_0_5_reg_p2s__parameterized6_lib_work_renamed2260_your_instance_name
INFO: [VRFC 10-311] analyzing module ila_3_xsdbs_v1_0_5_reg_p2s__parameterized6_lib_work_renamed3390_your_instance_name
INFO: [VRFC 10-311] analyzing module ila_3_xsdbs_v1_0_5_reg_p2s__parameterized7_lib_work_renamed2260_your_instance_name
INFO: [VRFC 10-311] analyzing module ila_3_xsdbs_v1_0_5_reg_p2s__parameterized7_lib_work_renamed3390_your_instance_name
INFO: [VRFC 10-311] analyzing module ila_3_xsdbs_v1_0_5_reg_p2s__parameterized8_lib_work_renamed2260_your_instance_name
INFO: [VRFC 10-311] analyzing module ila_3_xsdbs_v1_0_5_reg_p2s__parameterized8_lib_work_renamed3390_your_instance_name
INFO: [VRFC 10-311] analyzing module ila_3_xsdbs_v1_0_5_reg_p2s__parameterized9_lib_work_renamed2260_your_instance_name
INFO: [VRFC 10-311] analyzing module ila_3_xsdbs_v1_0_5_reg_p2s__parameterized9_lib_work_renamed3390_your_instance_name
INFO: [VRFC 10-311] analyzing module ila_3_xsdbs_v1_0_5_reg_stat_lib_work_renamed2260_your_instance_name
INFO: [VRFC 10-311] analyzing module ila_3_xsdbs_v1_0_5_reg_stat_lib_work_renamed3390_your_instance_name
INFO: [VRFC 10-311] analyzing module ila_3_xsdbs_v1_0_5_reg_stat_110_lib_work_renamed2260_your_instance_name
INFO: [VRFC 10-311] analyzing module ila_3_xsdbs_v1_0_5_reg_stat_110_lib_work_renamed3390_your_instance_name
INFO: [VRFC 10-311] analyzing module ila_3_xsdbs_v1_0_5_reg_stat_111_lib_work_renamed2260_your_instance_name
INFO: [VRFC 10-311] analyzing module ila_3_xsdbs_v1_0_5_reg_stat_111_lib_work_renamed3390_your_instance_name
INFO: [VRFC 10-311] analyzing module ila_3_xsdbs_v1_0_5_reg_stat_96_lib_work_renamed2260_your_instance_name
INFO: [VRFC 10-311] analyzing module ila_3_xsdbs_v1_0_5_reg_stat_96_lib_work_renamed3390_your_instance_name
INFO: [VRFC 10-311] analyzing module ila_3_xsdbs_v1_0_5_reg_stat_97_lib_work_renamed2260_your_instance_name
INFO: [VRFC 10-311] analyzing module ila_3_xsdbs_v1_0_5_reg_stat_97_lib_work_renamed3390_your_instance_name
INFO: [VRFC 10-311] analyzing module ila_3_xsdbs_v1_0_5_reg_stat_98_lib_work_renamed2260_your_instance_name
INFO: [VRFC 10-311] analyzing module ila_3_xsdbs_v1_0_5_reg_stat_98_lib_work_renamed3390_your_instance_name
INFO: [VRFC 10-311] analyzing module ila_3_xsdbs_v1_0_5_reg_stream_lib_work_renamed2260_your_instance_name
INFO: [VRFC 10-311] analyzing module ila_3_xsdbs_v1_0_5_reg_stream_lib_work_renamed3390_your_instance_name
INFO: [VRFC 10-311] analyzing module ila_3_xsdbs_v1_0_5_reg_stream__parameterized0_lib_work_renamed2260_your_instance_name
INFO: [VRFC 10-311] analyzing module ila_3_xsdbs_v1_0_5_reg_stream__parameterized0_lib_work_renamed3390_your_instance_name
INFO: [VRFC 10-311] analyzing module ila_3_xsdbs_v1_0_5_xsdbs_lib_work_renamed2260_your_instance_name
INFO: [VRFC 10-311] analyzing module ila_3_xsdbs_v1_0_5_xsdbs_lib_work_renamed3390_your_instance_name
INFO: [VRFC 10-311] analyzing module ila_0_blk_mem_gen_v8_4_12_lib_work_renamed3235_your_instance_name
INFO: [VRFC 10-311] analyzing module ila_0_blk_mem_gen_v8_4_12_lib_work_renamed4365_your_instance_name
INFO: [VRFC 10-311] analyzing module ila_0_blk_mem_gen_v8_4_12_blk_mem_gen_generic_cstr_lib_work_renamed3235_your_instance_name
INFO: [VRFC 10-311] analyzing module ila_0_blk_mem_gen_v8_4_12_blk_mem_gen_generic_cstr_lib_work_renamed4365_your_instance_name
INFO: [VRFC 10-311] analyzing module ila_0_blk_mem_gen_v8_4_12_blk_mem_gen_prim_width_lib_work_renamed3235_your_instance_name
INFO: [VRFC 10-311] analyzing module ila_0_blk_mem_gen_v8_4_12_blk_mem_gen_prim_width_lib_work_renamed4365_your_instance_name
INFO: [VRFC 10-311] analyzing module ila_0_blk_mem_gen_v8_4_12_blk_mem_gen_prim_width__parameterized0_lib_work_renamed3235_your_instance_name
INFO: [VRFC 10-311] analyzing module ila_0_blk_mem_gen_v8_4_12_blk_mem_gen_prim_width__parameterized0_lib_work_renamed4365_your_instance_name
INFO: [VRFC 10-311] analyzing module ila_0_blk_mem_gen_v8_4_12_blk_mem_gen_prim_wrapper_lib_work_renamed3235_your_instance_name
INFO: [VRFC 10-311] analyzing module ila_0_blk_mem_gen_v8_4_12_blk_mem_gen_prim_wrapper_lib_work_renamed4365_your_instance_name
INFO: [VRFC 10-311] analyzing module ila_0_blk_mem_gen_v8_4_12_blk_mem_gen_prim_wrapper__parameterized0_lib_work_renamed3235_your_instance_name
INFO: [VRFC 10-311] analyzing module ila_0_blk_mem_gen_v8_4_12_blk_mem_gen_prim_wrapper__parameterized0_lib_work_renamed4365_your_instance_name
INFO: [VRFC 10-311] analyzing module ila_0_blk_mem_gen_v8_4_12_blk_mem_gen_top_lib_work_renamed3235_your_instance_name
INFO: [VRFC 10-311] analyzing module ila_0_blk_mem_gen_v8_4_12_blk_mem_gen_top_lib_work_renamed4365_your_instance_name
INFO: [VRFC 10-311] analyzing module ila_0_blk_mem_gen_v8_4_12_synth_lib_work_renamed3235_your_instance_name
INFO: [VRFC 10-311] analyzing module ila_0_blk_mem_gen_v8_4_12_synth_lib_work_renamed4365_your_instance_name
INFO: [VRFC 10-311] analyzing module ila_1_blk_mem_gen_v8_4_12_lib_work_renamed2536_your_instance_name
INFO: [VRFC 10-311] analyzing module ila_1_blk_mem_gen_v8_4_12_lib_work_renamed3666_your_instance_name
INFO: [VRFC 10-311] analyzing module ila_1_blk_mem_gen_v8_4_12_blk_mem_gen_generic_cstr_lib_work_renamed2536_your_instance_name
INFO: [VRFC 10-311] analyzing module ila_1_blk_mem_gen_v8_4_12_blk_mem_gen_generic_cstr_lib_work_renamed3666_your_instance_name
INFO: [VRFC 10-311] analyzing module ila_1_blk_mem_gen_v8_4_12_blk_mem_gen_prim_width_lib_work_renamed2536_your_instance_name
INFO: [VRFC 10-311] analyzing module ila_1_blk_mem_gen_v8_4_12_blk_mem_gen_prim_width_lib_work_renamed3666_your_instance_name
INFO: [VRFC 10-311] analyzing module ila_1_blk_mem_gen_v8_4_12_blk_mem_gen_prim_width__parameterized0_lib_work_renamed2536_your_instance_name
INFO: [VRFC 10-311] analyzing module ila_1_blk_mem_gen_v8_4_12_blk_mem_gen_prim_width__parameterized0_lib_work_renamed3666_your_instance_name
INFO: [VRFC 10-311] analyzing module ila_1_blk_mem_gen_v8_4_12_blk_mem_gen_prim_wrapper_lib_work_renamed2536_your_instance_name
INFO: [VRFC 10-311] analyzing module ila_1_blk_mem_gen_v8_4_12_blk_mem_gen_prim_wrapper_lib_work_renamed3666_your_instance_name
INFO: [VRFC 10-311] analyzing module ila_1_blk_mem_gen_v8_4_12_blk_mem_gen_prim_wrapper__parameterized0_lib_work_renamed2536_your_instance_name
INFO: [VRFC 10-311] analyzing module ila_1_blk_mem_gen_v8_4_12_blk_mem_gen_prim_wrapper__parameterized0_lib_work_renamed3666_your_instance_name
INFO: [VRFC 10-311] analyzing module ila_1_blk_mem_gen_v8_4_12_blk_mem_gen_top_lib_work_renamed2536_your_instance_name
INFO: [VRFC 10-311] analyzing module ila_1_blk_mem_gen_v8_4_12_blk_mem_gen_top_lib_work_renamed3666_your_instance_name
INFO: [VRFC 10-311] analyzing module ila_1_blk_mem_gen_v8_4_12_synth_lib_work_renamed2536_your_instance_name
INFO: [VRFC 10-311] analyzing module ila_1_blk_mem_gen_v8_4_12_synth_lib_work_renamed3666_your_instance_name
INFO: [VRFC 10-311] analyzing module ila_2_blk_mem_gen_v8_4_12_lib_work_renamed2684_your_instance_name1123
INFO: [VRFC 10-311] analyzing module ila_2_blk_mem_gen_v8_4_12_lib_work_renamed2963_your_instance_name1123
INFO: [VRFC 10-311] analyzing module ila_2_blk_mem_gen_v8_4_12_lib_work_renamed3814_your_instance_name1123
INFO: [VRFC 10-311] analyzing module ila_2_blk_mem_gen_v8_4_12_lib_work_renamed4093_your_instance_name1123
INFO: [VRFC 10-311] analyzing module ila_2_blk_mem_gen_v8_4_12_bindec_lib_work_renamed2684_your_instance_name1123
INFO: [VRFC 10-311] analyzing module ila_2_blk_mem_gen_v8_4_12_bindec_lib_work_renamed2963_your_instance_name1123
INFO: [VRFC 10-311] analyzing module ila_2_blk_mem_gen_v8_4_12_bindec_lib_work_renamed3814_your_instance_name1123
INFO: [VRFC 10-311] analyzing module ila_2_blk_mem_gen_v8_4_12_bindec_lib_work_renamed4093_your_instance_name1123
INFO: [VRFC 10-311] analyzing module ila_2_blk_mem_gen_v8_4_12_bindec_71_lib_work_renamed2684_your_instance_name1123
INFO: [VRFC 10-311] analyzing module ila_2_blk_mem_gen_v8_4_12_bindec_71_lib_work_renamed2963_your_instance_name1123
INFO: [VRFC 10-311] analyzing module ila_2_blk_mem_gen_v8_4_12_bindec_71_lib_work_renamed3814_your_instance_name1123
INFO: [VRFC 10-311] analyzing module ila_2_blk_mem_gen_v8_4_12_bindec_71_lib_work_renamed4093_your_instance_name1123
INFO: [VRFC 10-311] analyzing module ila_2_blk_mem_gen_v8_4_12_blk_mem_gen_generic_cstr_lib_work_renamed2684_your_instance_name1123
INFO: [VRFC 10-311] analyzing module ila_2_blk_mem_gen_v8_4_12_blk_mem_gen_generic_cstr_lib_work_renamed2963_your_instance_name1123
INFO: [VRFC 10-311] analyzing module ila_2_blk_mem_gen_v8_4_12_blk_mem_gen_generic_cstr_lib_work_renamed3814_your_instance_name1123
INFO: [VRFC 10-311] analyzing module ila_2_blk_mem_gen_v8_4_12_blk_mem_gen_generic_cstr_lib_work_renamed4093_your_instance_name1123
INFO: [VRFC 10-311] analyzing module ila_2_blk_mem_gen_v8_4_12_blk_mem_gen_mux__parameterized0_lib_work_renamed2684_your_instance_name1123
INFO: [VRFC 10-311] analyzing module ila_2_blk_mem_gen_v8_4_12_blk_mem_gen_mux__parameterized0_lib_work_renamed2963_your_instance_name1123
INFO: [VRFC 10-311] analyzing module ila_2_blk_mem_gen_v8_4_12_blk_mem_gen_mux__parameterized0_lib_work_renamed3814_your_instance_name1123
INFO: [VRFC 10-311] analyzing module ila_2_blk_mem_gen_v8_4_12_blk_mem_gen_mux__parameterized0_lib_work_renamed4093_your_instance_name1123
INFO: [VRFC 10-311] analyzing module ila_2_blk_mem_gen_v8_4_12_blk_mem_gen_prim_width_lib_work_renamed2684_your_instance_name1123
INFO: [VRFC 10-311] analyzing module ila_2_blk_mem_gen_v8_4_12_blk_mem_gen_prim_width_lib_work_renamed2963_your_instance_name1123
INFO: [VRFC 10-311] analyzing module ila_2_blk_mem_gen_v8_4_12_blk_mem_gen_prim_width_lib_work_renamed3814_your_instance_name1123
INFO: [VRFC 10-311] analyzing module ila_2_blk_mem_gen_v8_4_12_blk_mem_gen_prim_width_lib_work_renamed4093_your_instance_name1123
INFO: [VRFC 10-311] analyzing module ila_2_blk_mem_gen_v8_4_12_blk_mem_gen_prim_width__parameterized0_lib_work_renamed2684_your_instance_name1123
INFO: [VRFC 10-311] analyzing module ila_2_blk_mem_gen_v8_4_12_blk_mem_gen_prim_width__parameterized0_lib_work_renamed2963_your_instance_name1123
INFO: [VRFC 10-311] analyzing module ila_2_blk_mem_gen_v8_4_12_blk_mem_gen_prim_width__parameterized0_lib_work_renamed3814_your_instance_name1123
INFO: [VRFC 10-311] analyzing module ila_2_blk_mem_gen_v8_4_12_blk_mem_gen_prim_width__parameterized0_lib_work_renamed4093_your_instance_name1123
INFO: [VRFC 10-311] analyzing module ila_2_blk_mem_gen_v8_4_12_blk_mem_gen_prim_width__parameterized1_lib_work_renamed2684_your_instance_name1123
INFO: [VRFC 10-311] analyzing module ila_2_blk_mem_gen_v8_4_12_blk_mem_gen_prim_width__parameterized1_lib_work_renamed2963_your_instance_name1123
INFO: [VRFC 10-311] analyzing module ila_2_blk_mem_gen_v8_4_12_blk_mem_gen_prim_width__parameterized1_lib_work_renamed3814_your_instance_name1123
INFO: [VRFC 10-311] analyzing module ila_2_blk_mem_gen_v8_4_12_blk_mem_gen_prim_width__parameterized1_lib_work_renamed4093_your_instance_name1123
INFO: [VRFC 10-311] analyzing module ila_2_blk_mem_gen_v8_4_12_blk_mem_gen_prim_width__parameterized10_lib_work_renamed2684_your_instance_name1123
INFO: [VRFC 10-311] analyzing module ila_2_blk_mem_gen_v8_4_12_blk_mem_gen_prim_width__parameterized10_lib_work_renamed2963_your_instance_name1123
INFO: [VRFC 10-311] analyzing module ila_2_blk_mem_gen_v8_4_12_blk_mem_gen_prim_width__parameterized10_lib_work_renamed3814_your_instance_name1123
INFO: [VRFC 10-311] analyzing module ila_2_blk_mem_gen_v8_4_12_blk_mem_gen_prim_width__parameterized10_lib_work_renamed4093_your_instance_name1123
INFO: [VRFC 10-311] analyzing module ila_2_blk_mem_gen_v8_4_12_blk_mem_gen_prim_width__parameterized11_lib_work_renamed2684_your_instance_name1123
INFO: [VRFC 10-311] analyzing module ila_2_blk_mem_gen_v8_4_12_blk_mem_gen_prim_width__parameterized11_lib_work_renamed2963_your_instance_name1123
INFO: [VRFC 10-311] analyzing module ila_2_blk_mem_gen_v8_4_12_blk_mem_gen_prim_width__parameterized11_lib_work_renamed3814_your_instance_name1123
INFO: [VRFC 10-311] analyzing module ila_2_blk_mem_gen_v8_4_12_blk_mem_gen_prim_width__parameterized11_lib_work_renamed4093_your_instance_name1123
INFO: [VRFC 10-311] analyzing module ila_2_blk_mem_gen_v8_4_12_blk_mem_gen_prim_width__parameterized12_lib_work_renamed2684_your_instance_name1123
INFO: [VRFC 10-311] analyzing module ila_2_blk_mem_gen_v8_4_12_blk_mem_gen_prim_width__parameterized12_lib_work_renamed2963_your_instance_name1123
INFO: [VRFC 10-311] analyzing module ila_2_blk_mem_gen_v8_4_12_blk_mem_gen_prim_width__parameterized12_lib_work_renamed3814_your_instance_name1123
INFO: [VRFC 10-311] analyzing module ila_2_blk_mem_gen_v8_4_12_blk_mem_gen_prim_width__parameterized12_lib_work_renamed4093_your_instance_name1123
INFO: [VRFC 10-311] analyzing module ila_2_blk_mem_gen_v8_4_12_blk_mem_gen_prim_width__parameterized13_lib_work_renamed2684_your_instance_name1123
INFO: [VRFC 10-311] analyzing module ila_2_blk_mem_gen_v8_4_12_blk_mem_gen_prim_width__parameterized13_lib_work_renamed2963_your_instance_name1123
INFO: [VRFC 10-311] analyzing module ila_2_blk_mem_gen_v8_4_12_blk_mem_gen_prim_width__parameterized13_lib_work_renamed3814_your_instance_name1123
INFO: [VRFC 10-311] analyzing module ila_2_blk_mem_gen_v8_4_12_blk_mem_gen_prim_width__parameterized13_lib_work_renamed4093_your_instance_name1123
INFO: [VRFC 10-311] analyzing module ila_2_blk_mem_gen_v8_4_12_blk_mem_gen_prim_width__parameterized14_lib_work_renamed2684_your_instance_name1123
INFO: [VRFC 10-311] analyzing module ila_2_blk_mem_gen_v8_4_12_blk_mem_gen_prim_width__parameterized14_lib_work_renamed2963_your_instance_name1123
INFO: [VRFC 10-311] analyzing module ila_2_blk_mem_gen_v8_4_12_blk_mem_gen_prim_width__parameterized14_lib_work_renamed3814_your_instance_name1123
INFO: [VRFC 10-311] analyzing module ila_2_blk_mem_gen_v8_4_12_blk_mem_gen_prim_width__parameterized14_lib_work_renamed4093_your_instance_name1123
INFO: [VRFC 10-311] analyzing module ila_2_blk_mem_gen_v8_4_12_blk_mem_gen_prim_width__parameterized15_lib_work_renamed2684_your_instance_name1123
INFO: [VRFC 10-311] analyzing module ila_2_blk_mem_gen_v8_4_12_blk_mem_gen_prim_width__parameterized15_lib_work_renamed2963_your_instance_name1123
INFO: [VRFC 10-311] analyzing module ila_2_blk_mem_gen_v8_4_12_blk_mem_gen_prim_width__parameterized15_lib_work_renamed3814_your_instance_name1123
INFO: [VRFC 10-311] analyzing module ila_2_blk_mem_gen_v8_4_12_blk_mem_gen_prim_width__parameterized15_lib_work_renamed4093_your_instance_name1123
INFO: [VRFC 10-311] analyzing module ila_2_blk_mem_gen_v8_4_12_blk_mem_gen_prim_width__parameterized16_lib_work_renamed2684_your_instance_name1123
INFO: [VRFC 10-311] analyzing module ila_2_blk_mem_gen_v8_4_12_blk_mem_gen_prim_width__parameterized16_lib_work_renamed2963_your_instance_name1123
INFO: [VRFC 10-311] analyzing module ila_2_blk_mem_gen_v8_4_12_blk_mem_gen_prim_width__parameterized16_lib_work_renamed3814_your_instance_name1123
INFO: [VRFC 10-311] analyzing module ila_2_blk_mem_gen_v8_4_12_blk_mem_gen_prim_width__parameterized16_lib_work_renamed4093_your_instance_name1123
INFO: [VRFC 10-311] analyzing module ila_2_blk_mem_gen_v8_4_12_blk_mem_gen_prim_width__parameterized17_lib_work_renamed2684_your_instance_name1123
INFO: [VRFC 10-311] analyzing module ila_2_blk_mem_gen_v8_4_12_blk_mem_gen_prim_width__parameterized17_lib_work_renamed2963_your_instance_name1123
INFO: [VRFC 10-311] analyzing module ila_2_blk_mem_gen_v8_4_12_blk_mem_gen_prim_width__parameterized17_lib_work_renamed3814_your_instance_name1123
INFO: [VRFC 10-311] analyzing module ila_2_blk_mem_gen_v8_4_12_blk_mem_gen_prim_width__parameterized17_lib_work_renamed4093_your_instance_name1123
INFO: [VRFC 10-311] analyzing module ila_2_blk_mem_gen_v8_4_12_blk_mem_gen_prim_width__parameterized18_lib_work_renamed2684_your_instance_name1123
INFO: [VRFC 10-311] analyzing module ila_2_blk_mem_gen_v8_4_12_blk_mem_gen_prim_width__parameterized18_lib_work_renamed2963_your_instance_name1123
INFO: [VRFC 10-311] analyzing module ila_2_blk_mem_gen_v8_4_12_blk_mem_gen_prim_width__parameterized18_lib_work_renamed3814_your_instance_name1123
INFO: [VRFC 10-311] analyzing module ila_2_blk_mem_gen_v8_4_12_blk_mem_gen_prim_width__parameterized18_lib_work_renamed4093_your_instance_name1123
INFO: [VRFC 10-311] analyzing module ila_2_blk_mem_gen_v8_4_12_blk_mem_gen_prim_width__parameterized19_lib_work_renamed2684_your_instance_name1123
INFO: [VRFC 10-311] analyzing module ila_2_blk_mem_gen_v8_4_12_blk_mem_gen_prim_width__parameterized19_lib_work_renamed2963_your_instance_name1123
INFO: [VRFC 10-311] analyzing module ila_2_blk_mem_gen_v8_4_12_blk_mem_gen_prim_width__parameterized19_lib_work_renamed3814_your_instance_name1123
INFO: [VRFC 10-311] analyzing module ila_2_blk_mem_gen_v8_4_12_blk_mem_gen_prim_width__parameterized19_lib_work_renamed4093_your_instance_name1123
INFO: [VRFC 10-311] analyzing module ila_2_blk_mem_gen_v8_4_12_blk_mem_gen_prim_width__parameterized2_lib_work_renamed2684_your_instance_name1123
INFO: [VRFC 10-311] analyzing module ila_2_blk_mem_gen_v8_4_12_blk_mem_gen_prim_width__parameterized2_lib_work_renamed2963_your_instance_name1123
INFO: [VRFC 10-311] analyzing module ila_2_blk_mem_gen_v8_4_12_blk_mem_gen_prim_width__parameterized2_lib_work_renamed3814_your_instance_name1123
INFO: [VRFC 10-311] analyzing module ila_2_blk_mem_gen_v8_4_12_blk_mem_gen_prim_width__parameterized2_lib_work_renamed4093_your_instance_name1123
INFO: [VRFC 10-311] analyzing module ila_2_blk_mem_gen_v8_4_12_blk_mem_gen_prim_width__parameterized20_lib_work_renamed2684_your_instance_name1123
INFO: [VRFC 10-311] analyzing module ila_2_blk_mem_gen_v8_4_12_blk_mem_gen_prim_width__parameterized20_lib_work_renamed2963_your_instance_name1123
INFO: [VRFC 10-311] analyzing module ila_2_blk_mem_gen_v8_4_12_blk_mem_gen_prim_width__parameterized20_lib_work_renamed3814_your_instance_name1123
INFO: [VRFC 10-311] analyzing module ila_2_blk_mem_gen_v8_4_12_blk_mem_gen_prim_width__parameterized20_lib_work_renamed4093_your_instance_name1123
INFO: [VRFC 10-311] analyzing module ila_2_blk_mem_gen_v8_4_12_blk_mem_gen_prim_width__parameterized21_lib_work_renamed2684_your_instance_name1123
INFO: [VRFC 10-311] analyzing module ila_2_blk_mem_gen_v8_4_12_blk_mem_gen_prim_width__parameterized21_lib_work_renamed2963_your_instance_name1123
INFO: [VRFC 10-311] analyzing module ila_2_blk_mem_gen_v8_4_12_blk_mem_gen_prim_width__parameterized21_lib_work_renamed3814_your_instance_name1123
INFO: [VRFC 10-311] analyzing module ila_2_blk_mem_gen_v8_4_12_blk_mem_gen_prim_width__parameterized21_lib_work_renamed4093_your_instance_name1123
INFO: [VRFC 10-311] analyzing module ila_2_blk_mem_gen_v8_4_12_blk_mem_gen_prim_width__parameterized22_lib_work_renamed2684_your_instance_name1123
INFO: [VRFC 10-311] analyzing module ila_2_blk_mem_gen_v8_4_12_blk_mem_gen_prim_width__parameterized22_lib_work_renamed2963_your_instance_name1123
INFO: [VRFC 10-311] analyzing module ila_2_blk_mem_gen_v8_4_12_blk_mem_gen_prim_width__parameterized22_lib_work_renamed3814_your_instance_name1123
INFO: [VRFC 10-311] analyzing module ila_2_blk_mem_gen_v8_4_12_blk_mem_gen_prim_width__parameterized22_lib_work_renamed4093_your_instance_name1123
INFO: [VRFC 10-311] analyzing module ila_2_blk_mem_gen_v8_4_12_blk_mem_gen_prim_width__parameterized23_lib_work_renamed2684_your_instance_name1123
INFO: [VRFC 10-311] analyzing module ila_2_blk_mem_gen_v8_4_12_blk_mem_gen_prim_width__parameterized23_lib_work_renamed2963_your_instance_name1123
INFO: [VRFC 10-311] analyzing module ila_2_blk_mem_gen_v8_4_12_blk_mem_gen_prim_width__parameterized23_lib_work_renamed3814_your_instance_name1123
INFO: [VRFC 10-311] analyzing module ila_2_blk_mem_gen_v8_4_12_blk_mem_gen_prim_width__parameterized23_lib_work_renamed4093_your_instance_name1123
INFO: [VRFC 10-311] analyzing module ila_2_blk_mem_gen_v8_4_12_blk_mem_gen_prim_width__parameterized24_lib_work_renamed2684_your_instance_name1123
INFO: [VRFC 10-311] analyzing module ila_2_blk_mem_gen_v8_4_12_blk_mem_gen_prim_width__parameterized24_lib_work_renamed2963_your_instance_name1123
INFO: [VRFC 10-311] analyzing module ila_2_blk_mem_gen_v8_4_12_blk_mem_gen_prim_width__parameterized24_lib_work_renamed3814_your_instance_name1123
INFO: [VRFC 10-311] analyzing module ila_2_blk_mem_gen_v8_4_12_blk_mem_gen_prim_width__parameterized24_lib_work_renamed4093_your_instance_name1123
INFO: [VRFC 10-311] analyzing module ila_2_blk_mem_gen_v8_4_12_blk_mem_gen_prim_width__parameterized25_lib_work_renamed2684_your_instance_name1123
INFO: [VRFC 10-311] analyzing module ila_2_blk_mem_gen_v8_4_12_blk_mem_gen_prim_width__parameterized25_lib_work_renamed2963_your_instance_name1123
INFO: [VRFC 10-311] analyzing module ila_2_blk_mem_gen_v8_4_12_blk_mem_gen_prim_width__parameterized25_lib_work_renamed3814_your_instance_name1123
INFO: [VRFC 10-311] analyzing module ila_2_blk_mem_gen_v8_4_12_blk_mem_gen_prim_width__parameterized25_lib_work_renamed4093_your_instance_name1123
INFO: [VRFC 10-311] analyzing module ila_2_blk_mem_gen_v8_4_12_blk_mem_gen_prim_width__parameterized26_lib_work_renamed2684_your_instance_name1123
INFO: [VRFC 10-311] analyzing module ila_2_blk_mem_gen_v8_4_12_blk_mem_gen_prim_width__parameterized26_lib_work_renamed2963_your_instance_name1123
INFO: [VRFC 10-311] analyzing module ila_2_blk_mem_gen_v8_4_12_blk_mem_gen_prim_width__parameterized26_lib_work_renamed3814_your_instance_name1123
INFO: [VRFC 10-311] analyzing module ila_2_blk_mem_gen_v8_4_12_blk_mem_gen_prim_width__parameterized26_lib_work_renamed4093_your_instance_name1123
INFO: [VRFC 10-311] analyzing module ila_2_blk_mem_gen_v8_4_12_blk_mem_gen_prim_width__parameterized27_lib_work_renamed2684_your_instance_name1123
INFO: [VRFC 10-311] analyzing module ila_2_blk_mem_gen_v8_4_12_blk_mem_gen_prim_width__parameterized27_lib_work_renamed2963_your_instance_name1123
INFO: [VRFC 10-311] analyzing module ila_2_blk_mem_gen_v8_4_12_blk_mem_gen_prim_width__parameterized27_lib_work_renamed3814_your_instance_name1123
INFO: [VRFC 10-311] analyzing module ila_2_blk_mem_gen_v8_4_12_blk_mem_gen_prim_width__parameterized27_lib_work_renamed4093_your_instance_name1123
INFO: [VRFC 10-311] analyzing module ila_2_blk_mem_gen_v8_4_12_blk_mem_gen_prim_width__parameterized28_lib_work_renamed2684_your_instance_name1123
INFO: [VRFC 10-311] analyzing module ila_2_blk_mem_gen_v8_4_12_blk_mem_gen_prim_width__parameterized28_lib_work_renamed2963_your_instance_name1123
INFO: [VRFC 10-311] analyzing module ila_2_blk_mem_gen_v8_4_12_blk_mem_gen_prim_width__parameterized28_lib_work_renamed3814_your_instance_name1123
INFO: [VRFC 10-311] analyzing module ila_2_blk_mem_gen_v8_4_12_blk_mem_gen_prim_width__parameterized28_lib_work_renamed4093_your_instance_name1123
INFO: [VRFC 10-311] analyzing module ila_2_blk_mem_gen_v8_4_12_blk_mem_gen_prim_width__parameterized29_lib_work_renamed2684_your_instance_name1123
INFO: [VRFC 10-311] analyzing module ila_2_blk_mem_gen_v8_4_12_blk_mem_gen_prim_width__parameterized29_lib_work_renamed2963_your_instance_name1123
INFO: [VRFC 10-311] analyzing module ila_2_blk_mem_gen_v8_4_12_blk_mem_gen_prim_width__parameterized29_lib_work_renamed3814_your_instance_name1123
INFO: [VRFC 10-311] analyzing module ila_2_blk_mem_gen_v8_4_12_blk_mem_gen_prim_width__parameterized29_lib_work_renamed4093_your_instance_name1123
INFO: [VRFC 10-311] analyzing module ila_2_blk_mem_gen_v8_4_12_blk_mem_gen_prim_width__parameterized3_lib_work_renamed2684_your_instance_name1123
INFO: [VRFC 10-311] analyzing module ila_2_blk_mem_gen_v8_4_12_blk_mem_gen_prim_width__parameterized3_lib_work_renamed2963_your_instance_name1123
INFO: [VRFC 10-311] analyzing module ila_2_blk_mem_gen_v8_4_12_blk_mem_gen_prim_width__parameterized3_lib_work_renamed3814_your_instance_name1123
INFO: [VRFC 10-311] analyzing module ila_2_blk_mem_gen_v8_4_12_blk_mem_gen_prim_width__parameterized3_lib_work_renamed4093_your_instance_name1123
INFO: [VRFC 10-311] analyzing module ila_2_blk_mem_gen_v8_4_12_blk_mem_gen_prim_width__parameterized30_lib_work_renamed2684_your_instance_name1123
INFO: [VRFC 10-311] analyzing module ila_2_blk_mem_gen_v8_4_12_blk_mem_gen_prim_width__parameterized30_lib_work_renamed2963_your_instance_name1123
INFO: [VRFC 10-311] analyzing module ila_2_blk_mem_gen_v8_4_12_blk_mem_gen_prim_width__parameterized30_lib_work_renamed3814_your_instance_name1123
INFO: [VRFC 10-311] analyzing module ila_2_blk_mem_gen_v8_4_12_blk_mem_gen_prim_width__parameterized30_lib_work_renamed4093_your_instance_name1123
INFO: [VRFC 10-311] analyzing module ila_2_blk_mem_gen_v8_4_12_blk_mem_gen_prim_width__parameterized31_lib_work_renamed2684_your_instance_name1123
INFO: [VRFC 10-311] analyzing module ila_2_blk_mem_gen_v8_4_12_blk_mem_gen_prim_width__parameterized31_lib_work_renamed2963_your_instance_name1123
INFO: [VRFC 10-311] analyzing module ila_2_blk_mem_gen_v8_4_12_blk_mem_gen_prim_width__parameterized31_lib_work_renamed3814_your_instance_name1123
INFO: [VRFC 10-311] analyzing module ila_2_blk_mem_gen_v8_4_12_blk_mem_gen_prim_width__parameterized31_lib_work_renamed4093_your_instance_name1123
INFO: [VRFC 10-311] analyzing module ila_2_blk_mem_gen_v8_4_12_blk_mem_gen_prim_width__parameterized32_lib_work_renamed2684_your_instance_name1123
INFO: [VRFC 10-311] analyzing module ila_2_blk_mem_gen_v8_4_12_blk_mem_gen_prim_width__parameterized32_lib_work_renamed2963_your_instance_name1123
INFO: [VRFC 10-311] analyzing module ila_2_blk_mem_gen_v8_4_12_blk_mem_gen_prim_width__parameterized32_lib_work_renamed3814_your_instance_name1123
INFO: [VRFC 10-311] analyzing module ila_2_blk_mem_gen_v8_4_12_blk_mem_gen_prim_width__parameterized32_lib_work_renamed4093_your_instance_name1123
INFO: [VRFC 10-311] analyzing module ila_2_blk_mem_gen_v8_4_12_blk_mem_gen_prim_width__parameterized33_lib_work_renamed2684_your_instance_name1123
INFO: [VRFC 10-311] analyzing module ila_2_blk_mem_gen_v8_4_12_blk_mem_gen_prim_width__parameterized33_lib_work_renamed2963_your_instance_name1123
INFO: [VRFC 10-311] analyzing module ila_2_blk_mem_gen_v8_4_12_blk_mem_gen_prim_width__parameterized33_lib_work_renamed3814_your_instance_name1123
INFO: [VRFC 10-311] analyzing module ila_2_blk_mem_gen_v8_4_12_blk_mem_gen_prim_width__parameterized33_lib_work_renamed4093_your_instance_name1123
INFO: [VRFC 10-311] analyzing module ila_2_blk_mem_gen_v8_4_12_blk_mem_gen_prim_width__parameterized34_lib_work_renamed2684_your_instance_name1123
INFO: [VRFC 10-311] analyzing module ila_2_blk_mem_gen_v8_4_12_blk_mem_gen_prim_width__parameterized34_lib_work_renamed2963_your_instance_name1123
INFO: [VRFC 10-311] analyzing module ila_2_blk_mem_gen_v8_4_12_blk_mem_gen_prim_width__parameterized34_lib_work_renamed3814_your_instance_name1123
INFO: [VRFC 10-311] analyzing module ila_2_blk_mem_gen_v8_4_12_blk_mem_gen_prim_width__parameterized34_lib_work_renamed4093_your_instance_name1123
INFO: [VRFC 10-311] analyzing module ila_2_blk_mem_gen_v8_4_12_blk_mem_gen_prim_width__parameterized35_lib_work_renamed2684_your_instance_name1123
INFO: [VRFC 10-311] analyzing module ila_2_blk_mem_gen_v8_4_12_blk_mem_gen_prim_width__parameterized35_lib_work_renamed2963_your_instance_name1123
INFO: [VRFC 10-311] analyzing module ila_2_blk_mem_gen_v8_4_12_blk_mem_gen_prim_width__parameterized35_lib_work_renamed3814_your_instance_name1123
INFO: [VRFC 10-311] analyzing module ila_2_blk_mem_gen_v8_4_12_blk_mem_gen_prim_width__parameterized35_lib_work_renamed4093_your_instance_name1123
INFO: [VRFC 10-311] analyzing module ila_2_blk_mem_gen_v8_4_12_blk_mem_gen_prim_width__parameterized36_lib_work_renamed2684_your_instance_name1123
INFO: [VRFC 10-311] analyzing module ila_2_blk_mem_gen_v8_4_12_blk_mem_gen_prim_width__parameterized36_lib_work_renamed2963_your_instance_name1123
INFO: [VRFC 10-311] analyzing module ila_2_blk_mem_gen_v8_4_12_blk_mem_gen_prim_width__parameterized36_lib_work_renamed3814_your_instance_name1123
INFO: [VRFC 10-311] analyzing module ila_2_blk_mem_gen_v8_4_12_blk_mem_gen_prim_width__parameterized36_lib_work_renamed4093_your_instance_name1123
INFO: [VRFC 10-311] analyzing module ila_2_blk_mem_gen_v8_4_12_blk_mem_gen_prim_width__parameterized37_lib_work_renamed2684_your_instance_name1123
INFO: [VRFC 10-311] analyzing module ila_2_blk_mem_gen_v8_4_12_blk_mem_gen_prim_width__parameterized37_lib_work_renamed2963_your_instance_name1123
INFO: [VRFC 10-311] analyzing module ila_2_blk_mem_gen_v8_4_12_blk_mem_gen_prim_width__parameterized37_lib_work_renamed3814_your_instance_name1123
INFO: [VRFC 10-311] analyzing module ila_2_blk_mem_gen_v8_4_12_blk_mem_gen_prim_width__parameterized37_lib_work_renamed4093_your_instance_name1123
INFO: [VRFC 10-311] analyzing module ila_2_blk_mem_gen_v8_4_12_blk_mem_gen_prim_width__parameterized38_lib_work_renamed2684_your_instance_name1123
INFO: [VRFC 10-311] analyzing module ila_2_blk_mem_gen_v8_4_12_blk_mem_gen_prim_width__parameterized38_lib_work_renamed2963_your_instance_name1123
INFO: [VRFC 10-311] analyzing module ila_2_blk_mem_gen_v8_4_12_blk_mem_gen_prim_width__parameterized38_lib_work_renamed3814_your_instance_name1123
INFO: [VRFC 10-311] analyzing module ila_2_blk_mem_gen_v8_4_12_blk_mem_gen_prim_width__parameterized38_lib_work_renamed4093_your_instance_name1123
INFO: [VRFC 10-311] analyzing module ila_2_blk_mem_gen_v8_4_12_blk_mem_gen_prim_width__parameterized39_lib_work_renamed2684_your_instance_name1123
INFO: [VRFC 10-311] analyzing module ila_2_blk_mem_gen_v8_4_12_blk_mem_gen_prim_width__parameterized39_lib_work_renamed2963_your_instance_name1123
INFO: [VRFC 10-311] analyzing module ila_2_blk_mem_gen_v8_4_12_blk_mem_gen_prim_width__parameterized39_lib_work_renamed3814_your_instance_name1123
INFO: [VRFC 10-311] analyzing module ila_2_blk_mem_gen_v8_4_12_blk_mem_gen_prim_width__parameterized39_lib_work_renamed4093_your_instance_name1123
INFO: [VRFC 10-311] analyzing module ila_2_blk_mem_gen_v8_4_12_blk_mem_gen_prim_width__parameterized4_lib_work_renamed2684_your_instance_name1123
INFO: [VRFC 10-311] analyzing module ila_2_blk_mem_gen_v8_4_12_blk_mem_gen_prim_width__parameterized4_lib_work_renamed2963_your_instance_name1123
INFO: [VRFC 10-311] analyzing module ila_2_blk_mem_gen_v8_4_12_blk_mem_gen_prim_width__parameterized4_lib_work_renamed3814_your_instance_name1123
INFO: [VRFC 10-311] analyzing module ila_2_blk_mem_gen_v8_4_12_blk_mem_gen_prim_width__parameterized4_lib_work_renamed4093_your_instance_name1123
INFO: [VRFC 10-311] analyzing module ila_2_blk_mem_gen_v8_4_12_blk_mem_gen_prim_width__parameterized40_lib_work_renamed2684_your_instance_name1123
INFO: [VRFC 10-311] analyzing module ila_2_blk_mem_gen_v8_4_12_blk_mem_gen_prim_width__parameterized40_lib_work_renamed2963_your_instance_name1123
INFO: [VRFC 10-311] analyzing module ila_2_blk_mem_gen_v8_4_12_blk_mem_gen_prim_width__parameterized40_lib_work_renamed3814_your_instance_name1123
INFO: [VRFC 10-311] analyzing module ila_2_blk_mem_gen_v8_4_12_blk_mem_gen_prim_width__parameterized40_lib_work_renamed4093_your_instance_name1123
INFO: [VRFC 10-311] analyzing module ila_2_blk_mem_gen_v8_4_12_blk_mem_gen_prim_width__parameterized41_lib_work_renamed2684_your_instance_name1123
INFO: [VRFC 10-311] analyzing module ila_2_blk_mem_gen_v8_4_12_blk_mem_gen_prim_width__parameterized41_lib_work_renamed2963_your_instance_name1123
INFO: [VRFC 10-311] analyzing module ila_2_blk_mem_gen_v8_4_12_blk_mem_gen_prim_width__parameterized41_lib_work_renamed3814_your_instance_name1123
INFO: [VRFC 10-311] analyzing module ila_2_blk_mem_gen_v8_4_12_blk_mem_gen_prim_width__parameterized41_lib_work_renamed4093_your_instance_name1123
INFO: [VRFC 10-311] analyzing module ila_2_blk_mem_gen_v8_4_12_blk_mem_gen_prim_width__parameterized42_lib_work_renamed2684_your_instance_name1123
INFO: [VRFC 10-311] analyzing module ila_2_blk_mem_gen_v8_4_12_blk_mem_gen_prim_width__parameterized42_lib_work_renamed2963_your_instance_name1123
INFO: [VRFC 10-311] analyzing module ila_2_blk_mem_gen_v8_4_12_blk_mem_gen_prim_width__parameterized42_lib_work_renamed3814_your_instance_name1123
INFO: [VRFC 10-311] analyzing module ila_2_blk_mem_gen_v8_4_12_blk_mem_gen_prim_width__parameterized42_lib_work_renamed4093_your_instance_name1123
INFO: [VRFC 10-311] analyzing module ila_2_blk_mem_gen_v8_4_12_blk_mem_gen_prim_width__parameterized43_lib_work_renamed2684_your_instance_name1123
INFO: [VRFC 10-311] analyzing module ila_2_blk_mem_gen_v8_4_12_blk_mem_gen_prim_width__parameterized43_lib_work_renamed2963_your_instance_name1123
INFO: [VRFC 10-311] analyzing module ila_2_blk_mem_gen_v8_4_12_blk_mem_gen_prim_width__parameterized43_lib_work_renamed3814_your_instance_name1123
INFO: [VRFC 10-311] analyzing module ila_2_blk_mem_gen_v8_4_12_blk_mem_gen_prim_width__parameterized43_lib_work_renamed4093_your_instance_name1123
INFO: [VRFC 10-311] analyzing module ila_2_blk_mem_gen_v8_4_12_blk_mem_gen_prim_width__parameterized44_lib_work_renamed2684_your_instance_name1123
INFO: [VRFC 10-311] analyzing module ila_2_blk_mem_gen_v8_4_12_blk_mem_gen_prim_width__parameterized44_lib_work_renamed2963_your_instance_name1123
INFO: [VRFC 10-311] analyzing module ila_2_blk_mem_gen_v8_4_12_blk_mem_gen_prim_width__parameterized44_lib_work_renamed3814_your_instance_name1123
INFO: [VRFC 10-311] analyzing module ila_2_blk_mem_gen_v8_4_12_blk_mem_gen_prim_width__parameterized44_lib_work_renamed4093_your_instance_name1123
INFO: [VRFC 10-311] analyzing module ila_2_blk_mem_gen_v8_4_12_blk_mem_gen_prim_width__parameterized45_lib_work_renamed2684_your_instance_name1123
INFO: [VRFC 10-311] analyzing module ila_2_blk_mem_gen_v8_4_12_blk_mem_gen_prim_width__parameterized45_lib_work_renamed2963_your_instance_name1123
INFO: [VRFC 10-311] analyzing module ila_2_blk_mem_gen_v8_4_12_blk_mem_gen_prim_width__parameterized45_lib_work_renamed3814_your_instance_name1123
INFO: [VRFC 10-311] analyzing module ila_2_blk_mem_gen_v8_4_12_blk_mem_gen_prim_width__parameterized45_lib_work_renamed4093_your_instance_name1123
INFO: [VRFC 10-311] analyzing module ila_2_blk_mem_gen_v8_4_12_blk_mem_gen_prim_width__parameterized46_lib_work_renamed2684_your_instance_name1123
INFO: [VRFC 10-311] analyzing module ila_2_blk_mem_gen_v8_4_12_blk_mem_gen_prim_width__parameterized46_lib_work_renamed2963_your_instance_name1123
INFO: [VRFC 10-311] analyzing module ila_2_blk_mem_gen_v8_4_12_blk_mem_gen_prim_width__parameterized46_lib_work_renamed3814_your_instance_name1123
INFO: [VRFC 10-311] analyzing module ila_2_blk_mem_gen_v8_4_12_blk_mem_gen_prim_width__parameterized46_lib_work_renamed4093_your_instance_name1123
INFO: [VRFC 10-311] analyzing module ila_2_blk_mem_gen_v8_4_12_blk_mem_gen_prim_width__parameterized47_lib_work_renamed2684_your_instance_name1123
INFO: [VRFC 10-311] analyzing module ila_2_blk_mem_gen_v8_4_12_blk_mem_gen_prim_width__parameterized47_lib_work_renamed2963_your_instance_name1123
INFO: [VRFC 10-311] analyzing module ila_2_blk_mem_gen_v8_4_12_blk_mem_gen_prim_width__parameterized47_lib_work_renamed3814_your_instance_name1123
INFO: [VRFC 10-311] analyzing module ila_2_blk_mem_gen_v8_4_12_blk_mem_gen_prim_width__parameterized47_lib_work_renamed4093_your_instance_name1123
INFO: [VRFC 10-311] analyzing module ila_2_blk_mem_gen_v8_4_12_blk_mem_gen_prim_width__parameterized48_lib_work_renamed2684_your_instance_name1123
INFO: [VRFC 10-311] analyzing module ila_2_blk_mem_gen_v8_4_12_blk_mem_gen_prim_width__parameterized48_lib_work_renamed2963_your_instance_name1123
INFO: [VRFC 10-311] analyzing module ila_2_blk_mem_gen_v8_4_12_blk_mem_gen_prim_width__parameterized48_lib_work_renamed3814_your_instance_name1123
INFO: [VRFC 10-311] analyzing module ila_2_blk_mem_gen_v8_4_12_blk_mem_gen_prim_width__parameterized48_lib_work_renamed4093_your_instance_name1123
INFO: [VRFC 10-311] analyzing module ila_2_blk_mem_gen_v8_4_12_blk_mem_gen_prim_width__parameterized5_lib_work_renamed2684_your_instance_name1123
INFO: [VRFC 10-311] analyzing module ila_2_blk_mem_gen_v8_4_12_blk_mem_gen_prim_width__parameterized5_lib_work_renamed2963_your_instance_name1123
INFO: [VRFC 10-311] analyzing module ila_2_blk_mem_gen_v8_4_12_blk_mem_gen_prim_width__parameterized5_lib_work_renamed3814_your_instance_name1123
INFO: [VRFC 10-311] analyzing module ila_2_blk_mem_gen_v8_4_12_blk_mem_gen_prim_width__parameterized5_lib_work_renamed4093_your_instance_name1123
INFO: [VRFC 10-311] analyzing module ila_2_blk_mem_gen_v8_4_12_blk_mem_gen_prim_width__parameterized6_lib_work_renamed2684_your_instance_name1123
INFO: [VRFC 10-311] analyzing module ila_2_blk_mem_gen_v8_4_12_blk_mem_gen_prim_width__parameterized6_lib_work_renamed2963_your_instance_name1123
INFO: [VRFC 10-311] analyzing module ila_2_blk_mem_gen_v8_4_12_blk_mem_gen_prim_width__parameterized6_lib_work_renamed3814_your_instance_name1123
INFO: [VRFC 10-311] analyzing module ila_2_blk_mem_gen_v8_4_12_blk_mem_gen_prim_width__parameterized6_lib_work_renamed4093_your_instance_name1123
INFO: [VRFC 10-311] analyzing module ila_2_blk_mem_gen_v8_4_12_blk_mem_gen_prim_width__parameterized7_lib_work_renamed2684_your_instance_name1123
INFO: [VRFC 10-311] analyzing module ila_2_blk_mem_gen_v8_4_12_blk_mem_gen_prim_width__parameterized7_lib_work_renamed2963_your_instance_name1123
INFO: [VRFC 10-311] analyzing module ila_2_blk_mem_gen_v8_4_12_blk_mem_gen_prim_width__parameterized7_lib_work_renamed3814_your_instance_name1123
INFO: [VRFC 10-311] analyzing module ila_2_blk_mem_gen_v8_4_12_blk_mem_gen_prim_width__parameterized7_lib_work_renamed4093_your_instance_name1123
INFO: [VRFC 10-311] analyzing module ila_2_blk_mem_gen_v8_4_12_blk_mem_gen_prim_width__parameterized8_lib_work_renamed2684_your_instance_name1123
INFO: [VRFC 10-311] analyzing module ila_2_blk_mem_gen_v8_4_12_blk_mem_gen_prim_width__parameterized8_lib_work_renamed2963_your_instance_name1123
INFO: [VRFC 10-311] analyzing module ila_2_blk_mem_gen_v8_4_12_blk_mem_gen_prim_width__parameterized8_lib_work_renamed3814_your_instance_name1123
INFO: [VRFC 10-311] analyzing module ila_2_blk_mem_gen_v8_4_12_blk_mem_gen_prim_width__parameterized8_lib_work_renamed4093_your_instance_name1123
INFO: [VRFC 10-311] analyzing module ila_2_blk_mem_gen_v8_4_12_blk_mem_gen_prim_width__parameterized9_lib_work_renamed2684_your_instance_name1123
INFO: [VRFC 10-311] analyzing module ila_2_blk_mem_gen_v8_4_12_blk_mem_gen_prim_width__parameterized9_lib_work_renamed2963_your_instance_name1123
INFO: [VRFC 10-311] analyzing module ila_2_blk_mem_gen_v8_4_12_blk_mem_gen_prim_width__parameterized9_lib_work_renamed3814_your_instance_name1123
INFO: [VRFC 10-311] analyzing module ila_2_blk_mem_gen_v8_4_12_blk_mem_gen_prim_width__parameterized9_lib_work_renamed4093_your_instance_name1123
INFO: [VRFC 10-311] analyzing module ila_2_blk_mem_gen_v8_4_12_blk_mem_gen_prim_wrapper_lib_work_renamed2684_your_instance_name1123
INFO: [VRFC 10-311] analyzing module ila_2_blk_mem_gen_v8_4_12_blk_mem_gen_prim_wrapper_lib_work_renamed2963_your_instance_name1123
INFO: [VRFC 10-311] analyzing module ila_2_blk_mem_gen_v8_4_12_blk_mem_gen_prim_wrapper_lib_work_renamed3814_your_instance_name1123
INFO: [VRFC 10-311] analyzing module ila_2_blk_mem_gen_v8_4_12_blk_mem_gen_prim_wrapper_lib_work_renamed4093_your_instance_name1123
INFO: [VRFC 10-311] analyzing module ila_2_blk_mem_gen_v8_4_12_blk_mem_gen_prim_wrapper__parameterized0_lib_work_renamed2684_your_instance_name1123
INFO: [VRFC 10-311] analyzing module ila_2_blk_mem_gen_v8_4_12_blk_mem_gen_prim_wrapper__parameterized0_lib_work_renamed2963_your_instance_name1123
INFO: [VRFC 10-311] analyzing module ila_2_blk_mem_gen_v8_4_12_blk_mem_gen_prim_wrapper__parameterized0_lib_work_renamed3814_your_instance_name1123
INFO: [VRFC 10-311] analyzing module ila_2_blk_mem_gen_v8_4_12_blk_mem_gen_prim_wrapper__parameterized0_lib_work_renamed4093_your_instance_name1123
INFO: [VRFC 10-311] analyzing module ila_2_blk_mem_gen_v8_4_12_blk_mem_gen_prim_wrapper__parameterized1_lib_work_renamed2684_your_instance_name1123
INFO: [VRFC 10-311] analyzing module ila_2_blk_mem_gen_v8_4_12_blk_mem_gen_prim_wrapper__parameterized1_lib_work_renamed2963_your_instance_name1123
INFO: [VRFC 10-311] analyzing module ila_2_blk_mem_gen_v8_4_12_blk_mem_gen_prim_wrapper__parameterized1_lib_work_renamed3814_your_instance_name1123
INFO: [VRFC 10-311] analyzing module ila_2_blk_mem_gen_v8_4_12_blk_mem_gen_prim_wrapper__parameterized1_lib_work_renamed4093_your_instance_name1123
INFO: [VRFC 10-311] analyzing module ila_2_blk_mem_gen_v8_4_12_blk_mem_gen_prim_wrapper__parameterized10_lib_work_renamed2684_your_instance_name1123
INFO: [VRFC 10-311] analyzing module ila_2_blk_mem_gen_v8_4_12_blk_mem_gen_prim_wrapper__parameterized10_lib_work_renamed2963_your_instance_name1123
INFO: [VRFC 10-311] analyzing module ila_2_blk_mem_gen_v8_4_12_blk_mem_gen_prim_wrapper__parameterized10_lib_work_renamed3814_your_instance_name1123
INFO: [VRFC 10-311] analyzing module ila_2_blk_mem_gen_v8_4_12_blk_mem_gen_prim_wrapper__parameterized10_lib_work_renamed4093_your_instance_name1123
INFO: [VRFC 10-311] analyzing module ila_2_blk_mem_gen_v8_4_12_blk_mem_gen_prim_wrapper__parameterized11_lib_work_renamed2684_your_instance_name1123
INFO: [VRFC 10-311] analyzing module ila_2_blk_mem_gen_v8_4_12_blk_mem_gen_prim_wrapper__parameterized11_lib_work_renamed2963_your_instance_name1123
INFO: [VRFC 10-311] analyzing module ila_2_blk_mem_gen_v8_4_12_blk_mem_gen_prim_wrapper__parameterized11_lib_work_renamed3814_your_instance_name1123
INFO: [VRFC 10-311] analyzing module ila_2_blk_mem_gen_v8_4_12_blk_mem_gen_prim_wrapper__parameterized11_lib_work_renamed4093_your_instance_name1123
INFO: [VRFC 10-311] analyzing module ila_2_blk_mem_gen_v8_4_12_blk_mem_gen_prim_wrapper__parameterized12_lib_work_renamed2684_your_instance_name1123
INFO: [VRFC 10-311] analyzing module ila_2_blk_mem_gen_v8_4_12_blk_mem_gen_prim_wrapper__parameterized12_lib_work_renamed2963_your_instance_name1123
INFO: [VRFC 10-311] analyzing module ila_2_blk_mem_gen_v8_4_12_blk_mem_gen_prim_wrapper__parameterized12_lib_work_renamed3814_your_instance_name1123
INFO: [VRFC 10-311] analyzing module ila_2_blk_mem_gen_v8_4_12_blk_mem_gen_prim_wrapper__parameterized12_lib_work_renamed4093_your_instance_name1123
INFO: [VRFC 10-311] analyzing module ila_2_blk_mem_gen_v8_4_12_blk_mem_gen_prim_wrapper__parameterized13_lib_work_renamed2684_your_instance_name1123
INFO: [VRFC 10-311] analyzing module ila_2_blk_mem_gen_v8_4_12_blk_mem_gen_prim_wrapper__parameterized13_lib_work_renamed2963_your_instance_name1123
INFO: [VRFC 10-311] analyzing module ila_2_blk_mem_gen_v8_4_12_blk_mem_gen_prim_wrapper__parameterized13_lib_work_renamed3814_your_instance_name1123
INFO: [VRFC 10-311] analyzing module ila_2_blk_mem_gen_v8_4_12_blk_mem_gen_prim_wrapper__parameterized13_lib_work_renamed4093_your_instance_name1123
INFO: [VRFC 10-311] analyzing module ila_2_blk_mem_gen_v8_4_12_blk_mem_gen_prim_wrapper__parameterized14_lib_work_renamed2684_your_instance_name1123
INFO: [VRFC 10-311] analyzing module ila_2_blk_mem_gen_v8_4_12_blk_mem_gen_prim_wrapper__parameterized14_lib_work_renamed2963_your_instance_name1123
INFO: [VRFC 10-311] analyzing module ila_2_blk_mem_gen_v8_4_12_blk_mem_gen_prim_wrapper__parameterized14_lib_work_renamed3814_your_instance_name1123
INFO: [VRFC 10-311] analyzing module ila_2_blk_mem_gen_v8_4_12_blk_mem_gen_prim_wrapper__parameterized14_lib_work_renamed4093_your_instance_name1123
INFO: [VRFC 10-311] analyzing module ila_2_blk_mem_gen_v8_4_12_blk_mem_gen_prim_wrapper__parameterized15_lib_work_renamed2684_your_instance_name1123
INFO: [VRFC 10-311] analyzing module ila_2_blk_mem_gen_v8_4_12_blk_mem_gen_prim_wrapper__parameterized15_lib_work_renamed2963_your_instance_name1123
INFO: [VRFC 10-311] analyzing module ila_2_blk_mem_gen_v8_4_12_blk_mem_gen_prim_wrapper__parameterized15_lib_work_renamed3814_your_instance_name1123
INFO: [VRFC 10-311] analyzing module ila_2_blk_mem_gen_v8_4_12_blk_mem_gen_prim_wrapper__parameterized15_lib_work_renamed4093_your_instance_name1123
INFO: [VRFC 10-311] analyzing module ila_2_blk_mem_gen_v8_4_12_blk_mem_gen_prim_wrapper__parameterized16_lib_work_renamed2684_your_instance_name1123
INFO: [VRFC 10-311] analyzing module ila_2_blk_mem_gen_v8_4_12_blk_mem_gen_prim_wrapper__parameterized16_lib_work_renamed2963_your_instance_name1123
INFO: [VRFC 10-311] analyzing module ila_2_blk_mem_gen_v8_4_12_blk_mem_gen_prim_wrapper__parameterized16_lib_work_renamed3814_your_instance_name1123
INFO: [VRFC 10-311] analyzing module ila_2_blk_mem_gen_v8_4_12_blk_mem_gen_prim_wrapper__parameterized16_lib_work_renamed4093_your_instance_name1123
INFO: [VRFC 10-311] analyzing module ila_2_blk_mem_gen_v8_4_12_blk_mem_gen_prim_wrapper__parameterized17_lib_work_renamed2684_your_instance_name1123
INFO: [VRFC 10-311] analyzing module ila_2_blk_mem_gen_v8_4_12_blk_mem_gen_prim_wrapper__parameterized17_lib_work_renamed2963_your_instance_name1123
INFO: [VRFC 10-311] analyzing module ila_2_blk_mem_gen_v8_4_12_blk_mem_gen_prim_wrapper__parameterized17_lib_work_renamed3814_your_instance_name1123
INFO: [VRFC 10-311] analyzing module ila_2_blk_mem_gen_v8_4_12_blk_mem_gen_prim_wrapper__parameterized17_lib_work_renamed4093_your_instance_name1123
INFO: [VRFC 10-311] analyzing module ila_2_blk_mem_gen_v8_4_12_blk_mem_gen_prim_wrapper__parameterized18_lib_work_renamed2684_your_instance_name1123
INFO: [VRFC 10-311] analyzing module ila_2_blk_mem_gen_v8_4_12_blk_mem_gen_prim_wrapper__parameterized18_lib_work_renamed2963_your_instance_name1123
INFO: [VRFC 10-311] analyzing module ila_2_blk_mem_gen_v8_4_12_blk_mem_gen_prim_wrapper__parameterized18_lib_work_renamed3814_your_instance_name1123
INFO: [VRFC 10-311] analyzing module ila_2_blk_mem_gen_v8_4_12_blk_mem_gen_prim_wrapper__parameterized18_lib_work_renamed4093_your_instance_name1123
INFO: [VRFC 10-311] analyzing module ila_2_blk_mem_gen_v8_4_12_blk_mem_gen_prim_wrapper__parameterized19_lib_work_renamed2684_your_instance_name1123
INFO: [VRFC 10-311] analyzing module ila_2_blk_mem_gen_v8_4_12_blk_mem_gen_prim_wrapper__parameterized19_lib_work_renamed2963_your_instance_name1123
INFO: [VRFC 10-311] analyzing module ila_2_blk_mem_gen_v8_4_12_blk_mem_gen_prim_wrapper__parameterized19_lib_work_renamed3814_your_instance_name1123
INFO: [VRFC 10-311] analyzing module ila_2_blk_mem_gen_v8_4_12_blk_mem_gen_prim_wrapper__parameterized19_lib_work_renamed4093_your_instance_name1123
INFO: [VRFC 10-311] analyzing module ila_2_blk_mem_gen_v8_4_12_blk_mem_gen_prim_wrapper__parameterized2_lib_work_renamed2684_your_instance_name1123
INFO: [VRFC 10-311] analyzing module ila_2_blk_mem_gen_v8_4_12_blk_mem_gen_prim_wrapper__parameterized2_lib_work_renamed2963_your_instance_name1123
INFO: [VRFC 10-311] analyzing module ila_2_blk_mem_gen_v8_4_12_blk_mem_gen_prim_wrapper__parameterized2_lib_work_renamed3814_your_instance_name1123
INFO: [VRFC 10-311] analyzing module ila_2_blk_mem_gen_v8_4_12_blk_mem_gen_prim_wrapper__parameterized2_lib_work_renamed4093_your_instance_name1123
INFO: [VRFC 10-311] analyzing module ila_2_blk_mem_gen_v8_4_12_blk_mem_gen_prim_wrapper__parameterized20_lib_work_renamed2684_your_instance_name1123
INFO: [VRFC 10-311] analyzing module ila_2_blk_mem_gen_v8_4_12_blk_mem_gen_prim_wrapper__parameterized20_lib_work_renamed2963_your_instance_name1123
INFO: [VRFC 10-311] analyzing module ila_2_blk_mem_gen_v8_4_12_blk_mem_gen_prim_wrapper__parameterized20_lib_work_renamed3814_your_instance_name1123
INFO: [VRFC 10-311] analyzing module ila_2_blk_mem_gen_v8_4_12_blk_mem_gen_prim_wrapper__parameterized20_lib_work_renamed4093_your_instance_name1123
INFO: [VRFC 10-311] analyzing module ila_2_blk_mem_gen_v8_4_12_blk_mem_gen_prim_wrapper__parameterized21_lib_work_renamed2684_your_instance_name1123
INFO: [VRFC 10-311] analyzing module ila_2_blk_mem_gen_v8_4_12_blk_mem_gen_prim_wrapper__parameterized21_lib_work_renamed2963_your_instance_name1123
INFO: [VRFC 10-311] analyzing module ila_2_blk_mem_gen_v8_4_12_blk_mem_gen_prim_wrapper__parameterized21_lib_work_renamed3814_your_instance_name1123
INFO: [VRFC 10-311] analyzing module ila_2_blk_mem_gen_v8_4_12_blk_mem_gen_prim_wrapper__parameterized21_lib_work_renamed4093_your_instance_name1123
INFO: [VRFC 10-311] analyzing module ila_2_blk_mem_gen_v8_4_12_blk_mem_gen_prim_wrapper__parameterized22_lib_work_renamed2684_your_instance_name1123
INFO: [VRFC 10-311] analyzing module ila_2_blk_mem_gen_v8_4_12_blk_mem_gen_prim_wrapper__parameterized22_lib_work_renamed2963_your_instance_name1123
INFO: [VRFC 10-311] analyzing module ila_2_blk_mem_gen_v8_4_12_blk_mem_gen_prim_wrapper__parameterized22_lib_work_renamed3814_your_instance_name1123
INFO: [VRFC 10-311] analyzing module ila_2_blk_mem_gen_v8_4_12_blk_mem_gen_prim_wrapper__parameterized22_lib_work_renamed4093_your_instance_name1123
INFO: [VRFC 10-311] analyzing module ila_2_blk_mem_gen_v8_4_12_blk_mem_gen_prim_wrapper__parameterized23_lib_work_renamed2684_your_instance_name1123
INFO: [VRFC 10-311] analyzing module ila_2_blk_mem_gen_v8_4_12_blk_mem_gen_prim_wrapper__parameterized23_lib_work_renamed2963_your_instance_name1123
INFO: [VRFC 10-311] analyzing module ila_2_blk_mem_gen_v8_4_12_blk_mem_gen_prim_wrapper__parameterized23_lib_work_renamed3814_your_instance_name1123
INFO: [VRFC 10-311] analyzing module ila_2_blk_mem_gen_v8_4_12_blk_mem_gen_prim_wrapper__parameterized23_lib_work_renamed4093_your_instance_name1123
INFO: [VRFC 10-311] analyzing module ila_2_blk_mem_gen_v8_4_12_blk_mem_gen_prim_wrapper__parameterized24_lib_work_renamed2684_your_instance_name1123
INFO: [VRFC 10-311] analyzing module ila_2_blk_mem_gen_v8_4_12_blk_mem_gen_prim_wrapper__parameterized24_lib_work_renamed2963_your_instance_name1123
INFO: [VRFC 10-311] analyzing module ila_2_blk_mem_gen_v8_4_12_blk_mem_gen_prim_wrapper__parameterized24_lib_work_renamed3814_your_instance_name1123
INFO: [VRFC 10-311] analyzing module ila_2_blk_mem_gen_v8_4_12_blk_mem_gen_prim_wrapper__parameterized24_lib_work_renamed4093_your_instance_name1123
INFO: [VRFC 10-311] analyzing module ila_2_blk_mem_gen_v8_4_12_blk_mem_gen_prim_wrapper__parameterized25_lib_work_renamed2684_your_instance_name1123
INFO: [VRFC 10-311] analyzing module ila_2_blk_mem_gen_v8_4_12_blk_mem_gen_prim_wrapper__parameterized25_lib_work_renamed2963_your_instance_name1123
INFO: [VRFC 10-311] analyzing module ila_2_blk_mem_gen_v8_4_12_blk_mem_gen_prim_wrapper__parameterized25_lib_work_renamed3814_your_instance_name1123
INFO: [VRFC 10-311] analyzing module ila_2_blk_mem_gen_v8_4_12_blk_mem_gen_prim_wrapper__parameterized25_lib_work_renamed4093_your_instance_name1123
INFO: [VRFC 10-311] analyzing module ila_2_blk_mem_gen_v8_4_12_blk_mem_gen_prim_wrapper__parameterized26_lib_work_renamed2684_your_instance_name1123
INFO: [VRFC 10-311] analyzing module ila_2_blk_mem_gen_v8_4_12_blk_mem_gen_prim_wrapper__parameterized26_lib_work_renamed2963_your_instance_name1123
INFO: [VRFC 10-311] analyzing module ila_2_blk_mem_gen_v8_4_12_blk_mem_gen_prim_wrapper__parameterized26_lib_work_renamed3814_your_instance_name1123
INFO: [VRFC 10-311] analyzing module ila_2_blk_mem_gen_v8_4_12_blk_mem_gen_prim_wrapper__parameterized26_lib_work_renamed4093_your_instance_name1123
INFO: [VRFC 10-311] analyzing module ila_2_blk_mem_gen_v8_4_12_blk_mem_gen_prim_wrapper__parameterized27_lib_work_renamed2684_your_instance_name1123
INFO: [VRFC 10-311] analyzing module ila_2_blk_mem_gen_v8_4_12_blk_mem_gen_prim_wrapper__parameterized27_lib_work_renamed2963_your_instance_name1123
INFO: [VRFC 10-311] analyzing module ila_2_blk_mem_gen_v8_4_12_blk_mem_gen_prim_wrapper__parameterized27_lib_work_renamed3814_your_instance_name1123
INFO: [VRFC 10-311] analyzing module ila_2_blk_mem_gen_v8_4_12_blk_mem_gen_prim_wrapper__parameterized27_lib_work_renamed4093_your_instance_name1123
INFO: [VRFC 10-311] analyzing module ila_2_blk_mem_gen_v8_4_12_blk_mem_gen_prim_wrapper__parameterized28_lib_work_renamed2684_your_instance_name1123
INFO: [VRFC 10-311] analyzing module ila_2_blk_mem_gen_v8_4_12_blk_mem_gen_prim_wrapper__parameterized28_lib_work_renamed2963_your_instance_name1123
INFO: [VRFC 10-311] analyzing module ila_2_blk_mem_gen_v8_4_12_blk_mem_gen_prim_wrapper__parameterized28_lib_work_renamed3814_your_instance_name1123
INFO: [VRFC 10-311] analyzing module ila_2_blk_mem_gen_v8_4_12_blk_mem_gen_prim_wrapper__parameterized28_lib_work_renamed4093_your_instance_name1123
INFO: [VRFC 10-311] analyzing module ila_2_blk_mem_gen_v8_4_12_blk_mem_gen_prim_wrapper__parameterized29_lib_work_renamed2684_your_instance_name1123
INFO: [VRFC 10-311] analyzing module ila_2_blk_mem_gen_v8_4_12_blk_mem_gen_prim_wrapper__parameterized29_lib_work_renamed2963_your_instance_name1123
INFO: [VRFC 10-311] analyzing module ila_2_blk_mem_gen_v8_4_12_blk_mem_gen_prim_wrapper__parameterized29_lib_work_renamed3814_your_instance_name1123
INFO: [VRFC 10-311] analyzing module ila_2_blk_mem_gen_v8_4_12_blk_mem_gen_prim_wrapper__parameterized29_lib_work_renamed4093_your_instance_name1123
INFO: [VRFC 10-311] analyzing module ila_2_blk_mem_gen_v8_4_12_blk_mem_gen_prim_wrapper__parameterized3_lib_work_renamed2684_your_instance_name1123
INFO: [VRFC 10-311] analyzing module ila_2_blk_mem_gen_v8_4_12_blk_mem_gen_prim_wrapper__parameterized3_lib_work_renamed2963_your_instance_name1123
INFO: [VRFC 10-311] analyzing module ila_2_blk_mem_gen_v8_4_12_blk_mem_gen_prim_wrapper__parameterized3_lib_work_renamed3814_your_instance_name1123
INFO: [VRFC 10-311] analyzing module ila_2_blk_mem_gen_v8_4_12_blk_mem_gen_prim_wrapper__parameterized3_lib_work_renamed4093_your_instance_name1123
INFO: [VRFC 10-311] analyzing module ila_2_blk_mem_gen_v8_4_12_blk_mem_gen_prim_wrapper__parameterized30_lib_work_renamed2684_your_instance_name1123
INFO: [VRFC 10-311] analyzing module ila_2_blk_mem_gen_v8_4_12_blk_mem_gen_prim_wrapper__parameterized30_lib_work_renamed2963_your_instance_name1123
INFO: [VRFC 10-311] analyzing module ila_2_blk_mem_gen_v8_4_12_blk_mem_gen_prim_wrapper__parameterized30_lib_work_renamed3814_your_instance_name1123
INFO: [VRFC 10-311] analyzing module ila_2_blk_mem_gen_v8_4_12_blk_mem_gen_prim_wrapper__parameterized30_lib_work_renamed4093_your_instance_name1123
INFO: [VRFC 10-311] analyzing module ila_2_blk_mem_gen_v8_4_12_blk_mem_gen_prim_wrapper__parameterized31_lib_work_renamed2684_your_instance_name1123
INFO: [VRFC 10-311] analyzing module ila_2_blk_mem_gen_v8_4_12_blk_mem_gen_prim_wrapper__parameterized31_lib_work_renamed2963_your_instance_name1123
INFO: [VRFC 10-311] analyzing module ila_2_blk_mem_gen_v8_4_12_blk_mem_gen_prim_wrapper__parameterized31_lib_work_renamed3814_your_instance_name1123
INFO: [VRFC 10-311] analyzing module ila_2_blk_mem_gen_v8_4_12_blk_mem_gen_prim_wrapper__parameterized31_lib_work_renamed4093_your_instance_name1123
INFO: [VRFC 10-311] analyzing module ila_2_blk_mem_gen_v8_4_12_blk_mem_gen_prim_wrapper__parameterized32_lib_work_renamed2684_your_instance_name1123
INFO: [VRFC 10-311] analyzing module ila_2_blk_mem_gen_v8_4_12_blk_mem_gen_prim_wrapper__parameterized32_lib_work_renamed2963_your_instance_name1123
INFO: [VRFC 10-311] analyzing module ila_2_blk_mem_gen_v8_4_12_blk_mem_gen_prim_wrapper__parameterized32_lib_work_renamed3814_your_instance_name1123
INFO: [VRFC 10-311] analyzing module ila_2_blk_mem_gen_v8_4_12_blk_mem_gen_prim_wrapper__parameterized32_lib_work_renamed4093_your_instance_name1123
INFO: [VRFC 10-311] analyzing module ila_2_blk_mem_gen_v8_4_12_blk_mem_gen_prim_wrapper__parameterized33_lib_work_renamed2684_your_instance_name1123
INFO: [VRFC 10-311] analyzing module ila_2_blk_mem_gen_v8_4_12_blk_mem_gen_prim_wrapper__parameterized33_lib_work_renamed2963_your_instance_name1123
INFO: [VRFC 10-311] analyzing module ila_2_blk_mem_gen_v8_4_12_blk_mem_gen_prim_wrapper__parameterized33_lib_work_renamed3814_your_instance_name1123
INFO: [VRFC 10-311] analyzing module ila_2_blk_mem_gen_v8_4_12_blk_mem_gen_prim_wrapper__parameterized33_lib_work_renamed4093_your_instance_name1123
INFO: [VRFC 10-311] analyzing module ila_2_blk_mem_gen_v8_4_12_blk_mem_gen_prim_wrapper__parameterized34_lib_work_renamed2684_your_instance_name1123
INFO: [VRFC 10-311] analyzing module ila_2_blk_mem_gen_v8_4_12_blk_mem_gen_prim_wrapper__parameterized34_lib_work_renamed2963_your_instance_name1123
INFO: [VRFC 10-311] analyzing module ila_2_blk_mem_gen_v8_4_12_blk_mem_gen_prim_wrapper__parameterized34_lib_work_renamed3814_your_instance_name1123
INFO: [VRFC 10-311] analyzing module ila_2_blk_mem_gen_v8_4_12_blk_mem_gen_prim_wrapper__parameterized34_lib_work_renamed4093_your_instance_name1123
INFO: [VRFC 10-311] analyzing module ila_2_blk_mem_gen_v8_4_12_blk_mem_gen_prim_wrapper__parameterized35_lib_work_renamed2684_your_instance_name1123
INFO: [VRFC 10-311] analyzing module ila_2_blk_mem_gen_v8_4_12_blk_mem_gen_prim_wrapper__parameterized35_lib_work_renamed2963_your_instance_name1123
INFO: [VRFC 10-311] analyzing module ila_2_blk_mem_gen_v8_4_12_blk_mem_gen_prim_wrapper__parameterized35_lib_work_renamed3814_your_instance_name1123
INFO: [VRFC 10-311] analyzing module ila_2_blk_mem_gen_v8_4_12_blk_mem_gen_prim_wrapper__parameterized35_lib_work_renamed4093_your_instance_name1123
INFO: [VRFC 10-311] analyzing module ila_2_blk_mem_gen_v8_4_12_blk_mem_gen_prim_wrapper__parameterized36_lib_work_renamed2684_your_instance_name1123
INFO: [VRFC 10-311] analyzing module ila_2_blk_mem_gen_v8_4_12_blk_mem_gen_prim_wrapper__parameterized36_lib_work_renamed2963_your_instance_name1123
INFO: [VRFC 10-311] analyzing module ila_2_blk_mem_gen_v8_4_12_blk_mem_gen_prim_wrapper__parameterized36_lib_work_renamed3814_your_instance_name1123
INFO: [VRFC 10-311] analyzing module ila_2_blk_mem_gen_v8_4_12_blk_mem_gen_prim_wrapper__parameterized36_lib_work_renamed4093_your_instance_name1123
INFO: [VRFC 10-311] analyzing module ila_2_blk_mem_gen_v8_4_12_blk_mem_gen_prim_wrapper__parameterized37_lib_work_renamed2684_your_instance_name1123
INFO: [VRFC 10-311] analyzing module ila_2_blk_mem_gen_v8_4_12_blk_mem_gen_prim_wrapper__parameterized37_lib_work_renamed2963_your_instance_name1123
INFO: [VRFC 10-311] analyzing module ila_2_blk_mem_gen_v8_4_12_blk_mem_gen_prim_wrapper__parameterized37_lib_work_renamed3814_your_instance_name1123
INFO: [VRFC 10-311] analyzing module ila_2_blk_mem_gen_v8_4_12_blk_mem_gen_prim_wrapper__parameterized37_lib_work_renamed4093_your_instance_name1123
INFO: [VRFC 10-311] analyzing module ila_2_blk_mem_gen_v8_4_12_blk_mem_gen_prim_wrapper__parameterized38_lib_work_renamed2684_your_instance_name1123
INFO: [VRFC 10-311] analyzing module ila_2_blk_mem_gen_v8_4_12_blk_mem_gen_prim_wrapper__parameterized38_lib_work_renamed2963_your_instance_name1123
INFO: [VRFC 10-311] analyzing module ila_2_blk_mem_gen_v8_4_12_blk_mem_gen_prim_wrapper__parameterized38_lib_work_renamed3814_your_instance_name1123
INFO: [VRFC 10-311] analyzing module ila_2_blk_mem_gen_v8_4_12_blk_mem_gen_prim_wrapper__parameterized38_lib_work_renamed4093_your_instance_name1123
INFO: [VRFC 10-311] analyzing module ila_2_blk_mem_gen_v8_4_12_blk_mem_gen_prim_wrapper__parameterized39_lib_work_renamed2684_your_instance_name1123
INFO: [VRFC 10-311] analyzing module ila_2_blk_mem_gen_v8_4_12_blk_mem_gen_prim_wrapper__parameterized39_lib_work_renamed2963_your_instance_name1123
INFO: [VRFC 10-311] analyzing module ila_2_blk_mem_gen_v8_4_12_blk_mem_gen_prim_wrapper__parameterized39_lib_work_renamed3814_your_instance_name1123
INFO: [VRFC 10-311] analyzing module ila_2_blk_mem_gen_v8_4_12_blk_mem_gen_prim_wrapper__parameterized39_lib_work_renamed4093_your_instance_name1123
INFO: [VRFC 10-311] analyzing module ila_2_blk_mem_gen_v8_4_12_blk_mem_gen_prim_wrapper__parameterized4_lib_work_renamed2684_your_instance_name1123
INFO: [VRFC 10-311] analyzing module ila_2_blk_mem_gen_v8_4_12_blk_mem_gen_prim_wrapper__parameterized4_lib_work_renamed2963_your_instance_name1123
INFO: [VRFC 10-311] analyzing module ila_2_blk_mem_gen_v8_4_12_blk_mem_gen_prim_wrapper__parameterized4_lib_work_renamed3814_your_instance_name1123
INFO: [VRFC 10-311] analyzing module ila_2_blk_mem_gen_v8_4_12_blk_mem_gen_prim_wrapper__parameterized4_lib_work_renamed4093_your_instance_name1123
INFO: [VRFC 10-311] analyzing module ila_2_blk_mem_gen_v8_4_12_blk_mem_gen_prim_wrapper__parameterized40_lib_work_renamed2684_your_instance_name1123
INFO: [VRFC 10-311] analyzing module ila_2_blk_mem_gen_v8_4_12_blk_mem_gen_prim_wrapper__parameterized40_lib_work_renamed2963_your_instance_name1123
INFO: [VRFC 10-311] analyzing module ila_2_blk_mem_gen_v8_4_12_blk_mem_gen_prim_wrapper__parameterized40_lib_work_renamed3814_your_instance_name1123
INFO: [VRFC 10-311] analyzing module ila_2_blk_mem_gen_v8_4_12_blk_mem_gen_prim_wrapper__parameterized40_lib_work_renamed4093_your_instance_name1123
INFO: [VRFC 10-311] analyzing module ila_2_blk_mem_gen_v8_4_12_blk_mem_gen_prim_wrapper__parameterized41_lib_work_renamed2684_your_instance_name1123
INFO: [VRFC 10-311] analyzing module ila_2_blk_mem_gen_v8_4_12_blk_mem_gen_prim_wrapper__parameterized41_lib_work_renamed2963_your_instance_name1123
INFO: [VRFC 10-311] analyzing module ila_2_blk_mem_gen_v8_4_12_blk_mem_gen_prim_wrapper__parameterized41_lib_work_renamed3814_your_instance_name1123
INFO: [VRFC 10-311] analyzing module ila_2_blk_mem_gen_v8_4_12_blk_mem_gen_prim_wrapper__parameterized41_lib_work_renamed4093_your_instance_name1123
INFO: [VRFC 10-311] analyzing module ila_2_blk_mem_gen_v8_4_12_blk_mem_gen_prim_wrapper__parameterized42_lib_work_renamed2684_your_instance_name1123
INFO: [VRFC 10-311] analyzing module ila_2_blk_mem_gen_v8_4_12_blk_mem_gen_prim_wrapper__parameterized42_lib_work_renamed2963_your_instance_name1123
INFO: [VRFC 10-311] analyzing module ila_2_blk_mem_gen_v8_4_12_blk_mem_gen_prim_wrapper__parameterized42_lib_work_renamed3814_your_instance_name1123
INFO: [VRFC 10-311] analyzing module ila_2_blk_mem_gen_v8_4_12_blk_mem_gen_prim_wrapper__parameterized42_lib_work_renamed4093_your_instance_name1123
INFO: [VRFC 10-311] analyzing module ila_2_blk_mem_gen_v8_4_12_blk_mem_gen_prim_wrapper__parameterized43_lib_work_renamed2684_your_instance_name1123
INFO: [VRFC 10-311] analyzing module ila_2_blk_mem_gen_v8_4_12_blk_mem_gen_prim_wrapper__parameterized43_lib_work_renamed2963_your_instance_name1123
INFO: [VRFC 10-311] analyzing module ila_2_blk_mem_gen_v8_4_12_blk_mem_gen_prim_wrapper__parameterized43_lib_work_renamed3814_your_instance_name1123
INFO: [VRFC 10-311] analyzing module ila_2_blk_mem_gen_v8_4_12_blk_mem_gen_prim_wrapper__parameterized43_lib_work_renamed4093_your_instance_name1123
INFO: [VRFC 10-311] analyzing module ila_2_blk_mem_gen_v8_4_12_blk_mem_gen_prim_wrapper__parameterized44_lib_work_renamed2684_your_instance_name1123
INFO: [VRFC 10-311] analyzing module ila_2_blk_mem_gen_v8_4_12_blk_mem_gen_prim_wrapper__parameterized44_lib_work_renamed2963_your_instance_name1123
INFO: [VRFC 10-311] analyzing module ila_2_blk_mem_gen_v8_4_12_blk_mem_gen_prim_wrapper__parameterized44_lib_work_renamed3814_your_instance_name1123
INFO: [VRFC 10-311] analyzing module ila_2_blk_mem_gen_v8_4_12_blk_mem_gen_prim_wrapper__parameterized44_lib_work_renamed4093_your_instance_name1123
INFO: [VRFC 10-311] analyzing module ila_2_blk_mem_gen_v8_4_12_blk_mem_gen_prim_wrapper__parameterized45_lib_work_renamed2684_your_instance_name1123
INFO: [VRFC 10-311] analyzing module ila_2_blk_mem_gen_v8_4_12_blk_mem_gen_prim_wrapper__parameterized45_lib_work_renamed2963_your_instance_name1123
INFO: [VRFC 10-311] analyzing module ila_2_blk_mem_gen_v8_4_12_blk_mem_gen_prim_wrapper__parameterized45_lib_work_renamed3814_your_instance_name1123
INFO: [VRFC 10-311] analyzing module ila_2_blk_mem_gen_v8_4_12_blk_mem_gen_prim_wrapper__parameterized45_lib_work_renamed4093_your_instance_name1123
INFO: [VRFC 10-311] analyzing module ila_2_blk_mem_gen_v8_4_12_blk_mem_gen_prim_wrapper__parameterized46_lib_work_renamed2684_your_instance_name1123
INFO: [VRFC 10-311] analyzing module ila_2_blk_mem_gen_v8_4_12_blk_mem_gen_prim_wrapper__parameterized46_lib_work_renamed2963_your_instance_name1123
INFO: [VRFC 10-311] analyzing module ila_2_blk_mem_gen_v8_4_12_blk_mem_gen_prim_wrapper__parameterized46_lib_work_renamed3814_your_instance_name1123
INFO: [VRFC 10-311] analyzing module ila_2_blk_mem_gen_v8_4_12_blk_mem_gen_prim_wrapper__parameterized46_lib_work_renamed4093_your_instance_name1123
INFO: [VRFC 10-311] analyzing module ila_2_blk_mem_gen_v8_4_12_blk_mem_gen_prim_wrapper__parameterized47_lib_work_renamed2684_your_instance_name1123
INFO: [VRFC 10-311] analyzing module ila_2_blk_mem_gen_v8_4_12_blk_mem_gen_prim_wrapper__parameterized47_lib_work_renamed2963_your_instance_name1123
INFO: [VRFC 10-311] analyzing module ila_2_blk_mem_gen_v8_4_12_blk_mem_gen_prim_wrapper__parameterized47_lib_work_renamed3814_your_instance_name1123
INFO: [VRFC 10-311] analyzing module ila_2_blk_mem_gen_v8_4_12_blk_mem_gen_prim_wrapper__parameterized47_lib_work_renamed4093_your_instance_name1123
INFO: [VRFC 10-311] analyzing module ila_2_blk_mem_gen_v8_4_12_blk_mem_gen_prim_wrapper__parameterized48_lib_work_renamed2684_your_instance_name1123
INFO: [VRFC 10-311] analyzing module ila_2_blk_mem_gen_v8_4_12_blk_mem_gen_prim_wrapper__parameterized48_lib_work_renamed2963_your_instance_name1123
INFO: [VRFC 10-311] analyzing module ila_2_blk_mem_gen_v8_4_12_blk_mem_gen_prim_wrapper__parameterized48_lib_work_renamed3814_your_instance_name1123
INFO: [VRFC 10-311] analyzing module ila_2_blk_mem_gen_v8_4_12_blk_mem_gen_prim_wrapper__parameterized48_lib_work_renamed4093_your_instance_name1123
INFO: [VRFC 10-311] analyzing module ila_2_blk_mem_gen_v8_4_12_blk_mem_gen_prim_wrapper__parameterized5_lib_work_renamed2684_your_instance_name1123
INFO: [VRFC 10-311] analyzing module ila_2_blk_mem_gen_v8_4_12_blk_mem_gen_prim_wrapper__parameterized5_lib_work_renamed2963_your_instance_name1123
INFO: [VRFC 10-311] analyzing module ila_2_blk_mem_gen_v8_4_12_blk_mem_gen_prim_wrapper__parameterized5_lib_work_renamed3814_your_instance_name1123
INFO: [VRFC 10-311] analyzing module ila_2_blk_mem_gen_v8_4_12_blk_mem_gen_prim_wrapper__parameterized5_lib_work_renamed4093_your_instance_name1123
INFO: [VRFC 10-311] analyzing module ila_2_blk_mem_gen_v8_4_12_blk_mem_gen_prim_wrapper__parameterized6_lib_work_renamed2684_your_instance_name1123
INFO: [VRFC 10-311] analyzing module ila_2_blk_mem_gen_v8_4_12_blk_mem_gen_prim_wrapper__parameterized6_lib_work_renamed2963_your_instance_name1123
INFO: [VRFC 10-311] analyzing module ila_2_blk_mem_gen_v8_4_12_blk_mem_gen_prim_wrapper__parameterized6_lib_work_renamed3814_your_instance_name1123
INFO: [VRFC 10-311] analyzing module ila_2_blk_mem_gen_v8_4_12_blk_mem_gen_prim_wrapper__parameterized6_lib_work_renamed4093_your_instance_name1123
INFO: [VRFC 10-311] analyzing module ila_2_blk_mem_gen_v8_4_12_blk_mem_gen_prim_wrapper__parameterized7_lib_work_renamed2684_your_instance_name1123
INFO: [VRFC 10-311] analyzing module ila_2_blk_mem_gen_v8_4_12_blk_mem_gen_prim_wrapper__parameterized7_lib_work_renamed2963_your_instance_name1123
INFO: [VRFC 10-311] analyzing module ila_2_blk_mem_gen_v8_4_12_blk_mem_gen_prim_wrapper__parameterized7_lib_work_renamed3814_your_instance_name1123
INFO: [VRFC 10-311] analyzing module ila_2_blk_mem_gen_v8_4_12_blk_mem_gen_prim_wrapper__parameterized7_lib_work_renamed4093_your_instance_name1123
INFO: [VRFC 10-311] analyzing module ila_2_blk_mem_gen_v8_4_12_blk_mem_gen_prim_wrapper__parameterized8_lib_work_renamed2684_your_instance_name1123
INFO: [VRFC 10-311] analyzing module ila_2_blk_mem_gen_v8_4_12_blk_mem_gen_prim_wrapper__parameterized8_lib_work_renamed2963_your_instance_name1123
INFO: [VRFC 10-311] analyzing module ila_2_blk_mem_gen_v8_4_12_blk_mem_gen_prim_wrapper__parameterized8_lib_work_renamed3814_your_instance_name1123
INFO: [VRFC 10-311] analyzing module ila_2_blk_mem_gen_v8_4_12_blk_mem_gen_prim_wrapper__parameterized8_lib_work_renamed4093_your_instance_name1123
INFO: [VRFC 10-311] analyzing module ila_2_blk_mem_gen_v8_4_12_blk_mem_gen_prim_wrapper__parameterized9_lib_work_renamed2684_your_instance_name1123
INFO: [VRFC 10-311] analyzing module ila_2_blk_mem_gen_v8_4_12_blk_mem_gen_prim_wrapper__parameterized9_lib_work_renamed2963_your_instance_name1123
INFO: [VRFC 10-311] analyzing module ila_2_blk_mem_gen_v8_4_12_blk_mem_gen_prim_wrapper__parameterized9_lib_work_renamed3814_your_instance_name1123
INFO: [VRFC 10-311] analyzing module ila_2_blk_mem_gen_v8_4_12_blk_mem_gen_prim_wrapper__parameterized9_lib_work_renamed4093_your_instance_name1123
INFO: [VRFC 10-311] analyzing module ila_2_blk_mem_gen_v8_4_12_blk_mem_gen_top_lib_work_renamed2684_your_instance_name1123
INFO: [VRFC 10-311] analyzing module ila_2_blk_mem_gen_v8_4_12_blk_mem_gen_top_lib_work_renamed2963_your_instance_name1123
INFO: [VRFC 10-311] analyzing module ila_2_blk_mem_gen_v8_4_12_blk_mem_gen_top_lib_work_renamed3814_your_instance_name1123
INFO: [VRFC 10-311] analyzing module ila_2_blk_mem_gen_v8_4_12_blk_mem_gen_top_lib_work_renamed4093_your_instance_name1123
INFO: [VRFC 10-311] analyzing module ila_2_blk_mem_gen_v8_4_12_synth_lib_work_renamed2684_your_instance_name1123
INFO: [VRFC 10-311] analyzing module ila_2_blk_mem_gen_v8_4_12_synth_lib_work_renamed2963_your_instance_name1123
INFO: [VRFC 10-311] analyzing module ila_2_blk_mem_gen_v8_4_12_synth_lib_work_renamed3814_your_instance_name1123
INFO: [VRFC 10-311] analyzing module ila_2_blk_mem_gen_v8_4_12_synth_lib_work_renamed4093_your_instance_name1123
INFO: [VRFC 10-311] analyzing module ila_3_blk_mem_gen_v8_4_12_lib_work_renamed2260_your_instance_name
INFO: [VRFC 10-311] analyzing module ila_3_blk_mem_gen_v8_4_12_lib_work_renamed3390_your_instance_name
INFO: [VRFC 10-311] analyzing module ila_3_blk_mem_gen_v8_4_12_blk_mem_gen_generic_cstr_lib_work_renamed2260_your_instance_name
INFO: [VRFC 10-311] analyzing module ila_3_blk_mem_gen_v8_4_12_blk_mem_gen_generic_cstr_lib_work_renamed3390_your_instance_name
INFO: [VRFC 10-311] analyzing module ila_3_blk_mem_gen_v8_4_12_blk_mem_gen_prim_width_lib_work_renamed2260_your_instance_name
INFO: [VRFC 10-311] analyzing module ila_3_blk_mem_gen_v8_4_12_blk_mem_gen_prim_width_lib_work_renamed3390_your_instance_name
INFO: [VRFC 10-311] analyzing module ila_3_blk_mem_gen_v8_4_12_blk_mem_gen_prim_width__parameterized0_lib_work_renamed2260_your_instance_name
INFO: [VRFC 10-311] analyzing module ila_3_blk_mem_gen_v8_4_12_blk_mem_gen_prim_width__parameterized0_lib_work_renamed3390_your_instance_name
INFO: [VRFC 10-311] analyzing module ila_3_blk_mem_gen_v8_4_12_blk_mem_gen_prim_width__parameterized1_lib_work_renamed2260_your_instance_name
INFO: [VRFC 10-311] analyzing module ila_3_blk_mem_gen_v8_4_12_blk_mem_gen_prim_width__parameterized1_lib_work_renamed3390_your_instance_name
INFO: [VRFC 10-311] analyzing module ila_3_blk_mem_gen_v8_4_12_blk_mem_gen_prim_width__parameterized2_lib_work_renamed2260_your_instance_name
INFO: [VRFC 10-311] analyzing module ila_3_blk_mem_gen_v8_4_12_blk_mem_gen_prim_width__parameterized2_lib_work_renamed3390_your_instance_name
INFO: [VRFC 10-311] analyzing module ila_3_blk_mem_gen_v8_4_12_blk_mem_gen_prim_width__parameterized3_lib_work_renamed2260_your_instance_name
INFO: [VRFC 10-311] analyzing module ila_3_blk_mem_gen_v8_4_12_blk_mem_gen_prim_width__parameterized3_lib_work_renamed3390_your_instance_name
INFO: [VRFC 10-311] analyzing module ila_3_blk_mem_gen_v8_4_12_blk_mem_gen_prim_width__parameterized4_lib_work_renamed2260_your_instance_name
INFO: [VRFC 10-311] analyzing module ila_3_blk_mem_gen_v8_4_12_blk_mem_gen_prim_width__parameterized4_lib_work_renamed3390_your_instance_name
INFO: [VRFC 10-311] analyzing module ila_3_blk_mem_gen_v8_4_12_blk_mem_gen_prim_width__parameterized5_lib_work_renamed2260_your_instance_name
INFO: [VRFC 10-311] analyzing module ila_3_blk_mem_gen_v8_4_12_blk_mem_gen_prim_width__parameterized5_lib_work_renamed3390_your_instance_name
INFO: [VRFC 10-311] analyzing module ila_3_blk_mem_gen_v8_4_12_blk_mem_gen_prim_width__parameterized6_lib_work_renamed2260_your_instance_name
INFO: [VRFC 10-311] analyzing module ila_3_blk_mem_gen_v8_4_12_blk_mem_gen_prim_width__parameterized6_lib_work_renamed3390_your_instance_name
INFO: [VRFC 10-311] analyzing module ila_3_blk_mem_gen_v8_4_12_blk_mem_gen_prim_wrapper_lib_work_renamed2260_your_instance_name
INFO: [VRFC 10-311] analyzing module ila_3_blk_mem_gen_v8_4_12_blk_mem_gen_prim_wrapper_lib_work_renamed3390_your_instance_name
INFO: [VRFC 10-311] analyzing module ila_3_blk_mem_gen_v8_4_12_blk_mem_gen_prim_wrapper__parameterized0_lib_work_renamed2260_your_instance_name
INFO: [VRFC 10-311] analyzing module ila_3_blk_mem_gen_v8_4_12_blk_mem_gen_prim_wrapper__parameterized0_lib_work_renamed3390_your_instance_name
INFO: [VRFC 10-311] analyzing module ila_3_blk_mem_gen_v8_4_12_blk_mem_gen_prim_wrapper__parameterized1_lib_work_renamed2260_your_instance_name
INFO: [VRFC 10-311] analyzing module ila_3_blk_mem_gen_v8_4_12_blk_mem_gen_prim_wrapper__parameterized1_lib_work_renamed3390_your_instance_name
INFO: [VRFC 10-311] analyzing module ila_3_blk_mem_gen_v8_4_12_blk_mem_gen_prim_wrapper__parameterized2_lib_work_renamed2260_your_instance_name
INFO: [VRFC 10-311] analyzing module ila_3_blk_mem_gen_v8_4_12_blk_mem_gen_prim_wrapper__parameterized2_lib_work_renamed3390_your_instance_name
INFO: [VRFC 10-311] analyzing module ila_3_blk_mem_gen_v8_4_12_blk_mem_gen_prim_wrapper__parameterized3_lib_work_renamed2260_your_instance_name
INFO: [VRFC 10-311] analyzing module ila_3_blk_mem_gen_v8_4_12_blk_mem_gen_prim_wrapper__parameterized3_lib_work_renamed3390_your_instance_name
INFO: [VRFC 10-311] analyzing module ila_3_blk_mem_gen_v8_4_12_blk_mem_gen_prim_wrapper__parameterized4_lib_work_renamed2260_your_instance_name
INFO: [VRFC 10-311] analyzing module ila_3_blk_mem_gen_v8_4_12_blk_mem_gen_prim_wrapper__parameterized4_lib_work_renamed3390_your_instance_name
INFO: [VRFC 10-311] analyzing module ila_3_blk_mem_gen_v8_4_12_blk_mem_gen_prim_wrapper__parameterized5_lib_work_renamed2260_your_instance_name
INFO: [VRFC 10-311] analyzing module ila_3_blk_mem_gen_v8_4_12_blk_mem_gen_prim_wrapper__parameterized5_lib_work_renamed3390_your_instance_name
INFO: [VRFC 10-311] analyzing module ila_3_blk_mem_gen_v8_4_12_blk_mem_gen_prim_wrapper__parameterized6_lib_work_renamed2260_your_instance_name
INFO: [VRFC 10-311] analyzing module ila_3_blk_mem_gen_v8_4_12_blk_mem_gen_prim_wrapper__parameterized6_lib_work_renamed3390_your_instance_name
INFO: [VRFC 10-311] analyzing module ila_3_blk_mem_gen_v8_4_12_blk_mem_gen_top_lib_work_renamed2260_your_instance_name
INFO: [VRFC 10-311] analyzing module ila_3_blk_mem_gen_v8_4_12_blk_mem_gen_top_lib_work_renamed3390_your_instance_name
INFO: [VRFC 10-311] analyzing module ila_3_blk_mem_gen_v8_4_12_synth_lib_work_renamed2260_your_instance_name
INFO: [VRFC 10-311] analyzing module ila_3_blk_mem_gen_v8_4_12_synth_lib_work_renamed3390_your_instance_name
INFO: [VRFC 10-311] analyzing module ram_dual_port_blk_mem_gen_generic_cstr_lib_work_renamed2677_ram_0
INFO: [VRFC 10-311] analyzing module ram_dual_port_blk_mem_gen_generic_cstr_lib_work_renamed2956_ram_0
INFO: [VRFC 10-311] analyzing module ram_dual_port_blk_mem_gen_generic_cstr_lib_work_renamed3807_ram_0
INFO: [VRFC 10-311] analyzing module ram_dual_port_blk_mem_gen_generic_cstr_lib_work_renamed4086_ram_0
INFO: [VRFC 10-311] analyzing module ram_dual_port_blk_mem_gen_prim_width_lib_work_renamed2677_ram_0
INFO: [VRFC 10-311] analyzing module ram_dual_port_blk_mem_gen_prim_width_lib_work_renamed2956_ram_0
INFO: [VRFC 10-311] analyzing module ram_dual_port_blk_mem_gen_prim_width_lib_work_renamed3807_ram_0
INFO: [VRFC 10-311] analyzing module ram_dual_port_blk_mem_gen_prim_width_lib_work_renamed4086_ram_0
INFO: [VRFC 10-311] analyzing module ram_dual_port_blk_mem_gen_prim_wrapper_lib_work_renamed2677_ram_0
INFO: [VRFC 10-311] analyzing module ram_dual_port_blk_mem_gen_prim_wrapper_lib_work_renamed2956_ram_0
INFO: [VRFC 10-311] analyzing module ram_dual_port_blk_mem_gen_prim_wrapper_lib_work_renamed3807_ram_0
INFO: [VRFC 10-311] analyzing module ram_dual_port_blk_mem_gen_prim_wrapper_lib_work_renamed4086_ram_0
INFO: [VRFC 10-311] analyzing module ram_dual_port_blk_mem_gen_top_lib_work_renamed2677_ram_0
INFO: [VRFC 10-311] analyzing module ram_dual_port_blk_mem_gen_top_lib_work_renamed2956_ram_0
INFO: [VRFC 10-311] analyzing module ram_dual_port_blk_mem_gen_top_lib_work_renamed3807_ram_0
INFO: [VRFC 10-311] analyzing module ram_dual_port_blk_mem_gen_top_lib_work_renamed4086_ram_0
INFO: [VRFC 10-311] analyzing module ram_dual_port_blk_mem_gen_v8_4_12_lib_work_renamed2677_ram_0
INFO: [VRFC 10-311] analyzing module ram_dual_port_blk_mem_gen_v8_4_12_lib_work_renamed2956_ram_0
INFO: [VRFC 10-311] analyzing module ram_dual_port_blk_mem_gen_v8_4_12_lib_work_renamed3807_ram_0
INFO: [VRFC 10-311] analyzing module ram_dual_port_blk_mem_gen_v8_4_12_lib_work_renamed4086_ram_0
INFO: [VRFC 10-311] analyzing module ram_dual_port_blk_mem_gen_v8_4_12_synth_lib_work_renamed2677_ram_0
INFO: [VRFC 10-311] analyzing module ram_dual_port_blk_mem_gen_v8_4_12_synth_lib_work_renamed2956_ram_0
INFO: [VRFC 10-311] analyzing module ram_dual_port_blk_mem_gen_v8_4_12_synth_lib_work_renamed3807_ram_0
INFO: [VRFC 10-311] analyzing module ram_dual_port_blk_mem_gen_v8_4_12_synth_lib_work_renamed4086_ram_0
INFO: [VRFC 10-311] analyzing module glbl
INFO: [VRFC 10-2263] Analyzing Verilog file "/home/xmen/Videos/RustDesk/SystolicCore/SystolicCore/rtl/AXI_Stream_Systolic_Core.v" into library xil_defaultlib
INFO: [VRFC 10-311] analyzing module AXI_Stream_Systolic_Core
